date,ts_code,open,high,low,close,pre_close,change,pct_chg,volume,amount,returns,logReturns,ma5,ma20,ma60,volatility
2021-01-04,002594.SZ,189.0,211.16,187.09,206.76,194.3,12.46,6.4128,589501.61,11803190.657,,,,,,
2021-01-05,002594.SZ,206.0,221.23,202.01,219.9,206.76,13.14,6.3552,545305.97,11642247.812,0.06355194428322708,0.061614197232877074,,,,
2021-01-06,002594.SZ,219.72,222.18,212.0,216.3,219.9,-3.6,-1.6371,434652.14,9376648.611,-0.016371077762619368,-0.01650656460170241,,,,
2021-01-07,002594.SZ,216.6,228.32,214.2,225.04,216.3,8.74,4.0407,428602.54,9516502.256,0.04040684234858993,0.03961183122258834,,,,
2021-01-08,002594.SZ,233.0,234.32,220.7,227.51,225.04,2.47,1.0976,426758.36,9705879.745,0.010975826519729726,0.01091602928732105,219.102,,,
2021-01-11,002594.SZ,234.59,245.0,230.98,234.86,227.51,7.35,3.2306,534254.66,12681067.407,0.0323062722517693,0.031795398468012666,224.72200000000004,,,
2021-01-12,002594.SZ,231.8,239.75,220.0,236.99,234.86,2.13,0.9069,433124.58,9980651.742,0.009069232734394861,0.009028354215173222,228.14000000000001,,,
2021-01-13,002594.SZ,238.0,249.88,229.69,239.3,236.99,2.31,0.9747,480347.87,11590837.002,0.009747246719270963,0.00970004876221934,232.74,,,
2021-01-14,002594.SZ,232.0,235.45,222.34,223.95,239.3,-15.35,-6.4145,445955.02,10176085.741,-0.064145424153782,-0.0662951822610187,232.52200000000002,,,
2021-01-15,002594.SZ,222.0,228.92,216.5,225.2,223.95,1.25,0.5582,377050.46,8420560.824,0.005581603036391991,0.005566083612226173,232.06,,,
2021-01-18,002594.SZ,220.0,224.0,216.26,221.69,225.2,-3.51,-1.5586,263789.33,5826658.747,-0.015586145648312622,-0.015708886659673595,229.42600000000002,,,
2021-01-19,002594.SZ,222.06,225.2,213.56,216.2,221.69,-5.49,-2.4764,276250.13,6035553.036,-0.024764310523704314,-0.025076104400753873,225.26799999999997,,,
2021-01-20,002594.SZ,219.9,226.3,218.01,222.0,216.2,5.8,2.6827,381401.08,8483028.913,0.026827012025901986,0.026473476667171585,221.808,,,
2021-01-21,002594.SZ,220.0,239.6,216.81,235.52,222.0,13.52,6.0901,585709.87,13384594.647,0.060900900900900945,0.05911845366823201,224.12199999999999,,,
2021-01-22,002594.SZ,235.72,243.66,231.51,242.92,235.52,7.4,3.142,423886.78,10112061.191,0.03141983695652173,0.030936335488863168,227.666,,,
2021-01-25,002594.SZ,246.5,262.95,245.0,260.0,242.92,17.08,7.0311,559388.94,14213433.428,0.07031121356825287,0.0679494599861531,235.32799999999997,,,
2021-01-26,002594.SZ,257.0,262.59,250.99,254.22,260.0,-5.78,-2.2231,394555.44,10115831.947,-0.022230769230769276,-0.022481597149004925,242.93199999999996,,,
2021-01-27,002594.SZ,250.2,259.44,234.5,257.0,254.22,2.78,1.0935,521351.0,12813494.921,0.01093541027456535,0.01087605102869696,249.93199999999996,,,
2021-01-28,002594.SZ,245.97,252.5,242.98,244.36,257.0,-12.64,-4.9183,326461.75,8081858.717,-0.04918287937743182,-0.05043353711365351,251.7,,,
2021-01-29,002594.SZ,249.0,250.43,237.5,247.0,244.36,2.64,1.0804,335982.69,8182542.031,0.01080373219839581,0.010745788846411001,252.516,232.836,,
2021-02-01,002594.SZ,245.0,250.13,239.0,246.89,247.0,-0.11,-0.0445,263794.5,6500021.796,-0.00044534412955465896,-0.00044544332470326803,249.894,234.84249999999997,,0.5640187283463302
2021-02-02,002594.SZ,252.0,268.0,250.5,267.5,246.89,20.61,8.3478,471099.97,12220620.147,0.08347847219409466,0.08017667303278742,252.55,237.2225,,0.5930327662214784
2021-02-03,002594.SZ,268.1,273.37,260.3,263.0,267.5,-4.5,-1.6822,384029.52,10231620.474,-0.016822429906542036,-0.01696553415829667,253.75,239.55749999999998,,0.5933061358319746
2021-02-04,002594.SZ,258.0,264.89,255.34,259.9,263.0,-3.1,-1.1787,310350.9,8061146.636,-0.011787072243346075,-0.011857090530320044,256.858,241.3005,,0.5872836807362959
2021-02-05,002594.SZ,262.0,268.28,247.5,249.0,259.9,-10.9,-4.1939,480550.51,12356334.243,-0.0419392073874566,-0.042844045182736844,257.258,242.375,,0.6130433363830062
2021-02-08,002594.SZ,248.99,252.98,240.01,250.2,249.0,1.2,0.4819,372461.77,9210843.639,0.004819277108433662,0.004807701568103078,257.91999999999996,243.142,,0.6046447826032405
2021-02-09,002594.SZ,253.1,259.02,247.5,257.0,250.2,6.8,2.7178,374954.28,9540424.163,0.02717825739408486,0.026815486862409157,255.82,244.1425,,0.610110390468875
2021-02-10,002594.SZ,261.0,270.66,253.0,266.95,257.0,9.95,3.8716,418938.71,10995341.387,0.03871595330739286,0.0379852900509753,256.61,245.525,,0.6218075770841277
2021-02-18,002594.SZ,268.86,268.86,255.33,258.99,266.95,-7.96,-2.9818,472645.58,12353076.536,-0.029818318037085567,-0.030271924030654217,256.428,247.277,,0.5808908901944896
2021-02-19,002594.SZ,254.9,257.66,245.73,257.35,258.99,-1.64,-0.6332,382587.02,9607262.916,-0.006332290822039455,-0.006352424816777446,258.098,248.88449999999997,,0.5830622718543467
2021-02-22,002594.SZ,256.6,256.66,239.45,239.52,257.35,-17.83,-6.9283,427130.93,10558143.268,-0.06928307752088603,-0.07180010542744539,255.962,249.776,,0.6394723148055188
2021-02-23,002594.SZ,229.59,235.02,222.9,225.0,239.52,-14.52,-6.0621,476510.22,10877530.627,-0.06062124248497003,-0.06253651846689819,249.56199999999998,250.21600000000004,,0.6731211942125946
2021-02-24,002594.SZ,225.0,228.59,203.6,208.99,225.0,-16.01,-7.1156,676485.18,14532205.192,-0.07115555555555553,-0.0738139982742602,237.97000000000003,249.56550000000001,,0.7153537700110908
2021-02-25,002594.SZ,215.77,215.85,205.8,209.25,208.99,0.26,0.1244,369532.22,7788184.186,0.0012440786640508517,0.0012433054394247432,228.02200000000002,248.252,,0.6759814951355575
2021-02-26,002594.SZ,196.5,204.0,194.0,197.27,209.25,-11.98,-5.7252,503616.02,9978745.767,-0.057252090800477884,-0.05895636061380723,216.006,245.96949999999998,,0.6857644401963584
2021-03-01,002594.SZ,201.0,210.99,197.5,210.9,197.27,13.63,6.9093,444293.51,9087918.556,0.06909312110305676,0.06681073872895149,210.282,243.5145,,0.6838959991143074
2021-03-02,002594.SZ,214.65,215.8,205.22,211.4,210.9,0.5,0.2371,387928.35,8178911.875,0.0023707918444759724,0.002367985951408265,207.56199999999998,241.3735,,0.6834115936655433
2021-03-03,002594.SZ,205.0,210.3,201.97,209.75,211.4,-1.65,-0.7805,263061.8,5431739.316,-0.007805108798486282,-0.007835728088821702,207.71400000000003,239.01100000000002,,0.6796428156842949
2021-03-04,002594.SZ,205.0,205.1,197.3,198.5,209.75,-11.25,-5.3635,346849.91,6955695.359,-0.05363528009535157,-0.05512724522007041,205.56400000000002,236.718,,0.6832876200613758
2021-03-05,002594.SZ,187.37,199.51,186.18,196.37,198.5,-2.13,-1.073,325319.09,6313240.677,-0.010730478589420667,-0.010788465365106248,205.38400000000001,234.18649999999997,,0.6790802211723053
2021-03-08,002594.SZ,196.37,197.33,176.73,176.73,196.37,-19.64,-10.0015,591328.23,10922889.31,-0.10001527728268078,-0.10537749056043334,198.55,230.67850000000004,,0.7479410639310704
2021-03-09,002594.SZ,172.41,178.6,162.03,170.68,176.73,-6.05,-3.4233,599204.95,10247665.524,-0.03423301080744634,-0.0348326858819064,190.406,225.8375,,0.6518430649236424
2021-03-10,002594.SZ,180.0,181.88,175.78,177.19,170.68,6.51,3.8142,431507.17,7706833.381,0.0381415514412935,0.037432144850178616,183.894,221.54700000000003,,0.6853022612458339
2021-03-11,002594.SZ,176.95,185.0,174.1,182.97,177.19,5.78,3.262,367827.9,6671343.291,0.03262035103561156,0.032099601806496736,180.788,217.7005,,0.7089242356710915
2021-03-12,002594.SZ,186.17,187.99,178.9,181.68,182.97,-1.29,-0.705,301848.22,5517620.552,-0.0070503361206755155,-0.007075307179171615,177.85,214.3345,,0.7030678215029298
2021-03-15,002594.SZ,178.55,181.0,172.0,174.26,181.68,-7.42,-4.0841,295602.39,5187723.277,-0.04084103918978432,-0.041698460994162356,177.356,210.5375,,0.7049447680066577
2021-03-16,002594.SZ,177.58,179.1,173.37,176.47,174.26,2.21,1.2682,197056.4,3474844.999,0.012682199012969075,0.012602453452000947,178.514,206.51100000000002,,0.6947074671035053
2021-03-17,002594.SZ,174.02,179.97,171.48,176.88,176.47,0.41,0.2323,213705.28,3770679.57,0.002323341077803631,0.002320646294049132,178.452,202.0075,,0.6669699799981483
2021-03-18,002594.SZ,178.79,180.63,177.28,178.55,176.88,1.67,0.9441,201064.37,3593541.02,0.009441429217548647,0.009397137491266621,177.56799999999998,197.9855,,0.6734534265792087
2021-03-19,002594.SZ,173.0,175.37,169.66,171.15,178.55,-7.4,-4.1445,258227.22,4438615.91,-0.04144497339680764,-0.04232830906426314,175.462,193.6755,,0.6772178452471598
2021-03-22,002594.SZ,172.33,175.48,170.01,173.8,171.15,2.65,1.5483,185682.91,3221954.915,0.015483494011101495,0.015364847855097447,175.37,190.3895,,0.6608989588206938
2021-03-23,002594.SZ,175.8,176.18,166.3,168.97,173.8,-4.83,-2.7791,226648.97,3844462.853,-0.02779056386651335,-0.028184028458733405,173.87,187.58800000000002,,0.6408573672359302
2021-03-24,002594.SZ,167.99,169.24,162.0,162.74,168.97,-6.23,-3.687,248269.3,4082242.404,-0.036870450375806274,-0.03756734910404709,171.042,185.2755,,0.6107438132876449
2021-03-25,002594.SZ,157.0,163.45,155.6,161.2,162.74,-1.54,-0.9463,256190.64,4082120.997,-0.009462947032075841,-0.009508005195983429,167.572,182.873,,0.6089107606723979
2021-03-26,002594.SZ,163.01,172.0,162.9,170.99,161.2,9.79,6.0732,328530.32,5528686.167,0.06073200992555838,0.05895924518797374,167.54000000000002,181.559,,0.636648465976737
2021-03-29,002594.SZ,170.01,170.48,164.8,168.1,170.99,-2.89,-1.6902,234728.64,3941708.905,-0.01690157319141483,-0.0170460348459318,166.4,179.419,,0.5713189850058937
2021-03-30,002594.SZ,161.0,169.0,159.1,169.0,168.1,0.9,0.5354,338930.9,5574391.479,0.005353955978584235,0.005339674508503607,166.406,177.299,,0.5723179390983083
2021-03-31,002594.SZ,169.21,172.64,162.56,164.51,169.0,-4.49,-2.6568,270153.03,4488285.761,-0.026568047337278133,-0.026927356291744486,166.76,175.037,,0.5750150262523923
2021-04-01,002594.SZ,168.0,171.9,167.01,169.07,164.51,4.56,2.7719,299957.8,5089544.668,0.02771867971551889,0.027341471717546098,168.334,173.5655,,0.568307101495917
2021-04-02,002594.SZ,170.99,178.2,168.58,175.87,169.07,6.8,4.022,349532.0,6083577.384,0.0402200272076656,0.039432255399397896,169.31,172.5405,213.18766666666667,0.5925715039125278
2021-04-06,002594.SZ,176.8,179.24,172.8,176.09,175.87,0.22,0.1251,255909.85,4492985.632,0.0012509239779381343,0.0012501422244137474,170.908,172.5085,212.6765,0.4739671380434038
2021-04-07,002594.SZ,177.15,178.08,169.5,170.99,176.09,-5.1,-2.8962,281703.5,4848030.064,-0.028962462377193465,-0.029390152712185057,171.30599999999998,172.524,211.86133333333333,0.46922831705630474
2021-04-08,002594.SZ,169.0,171.5,167.12,170.48,170.99,-0.51,-0.2983,160043.06,2723993.028,-0.0029826305631909245,-0.002987087470139988,172.5,172.1885,211.09766666666667,0.4476899383918376
2021-04-09,002594.SZ,171.9,172.1,166.0,166.72,170.48,-3.76,-2.2055,204995.77,3436476.688,-0.022055373064289063,-0.0223022292253596,172.03000000000003,171.376,210.1256666666667,0.4342013572058863
2021-04-12,002594.SZ,166.73,169.39,162.6,163.46,166.72,-3.26,-1.9554,201268.0,3320602.667,-0.019553742802303153,-0.019747446477018336,169.548,170.465,209.05816666666666,0.4375127602745192
2021-04-13,002594.SZ,163.48,167.63,163.48,164.01,163.46,0.55,0.3365,158578.94,2617908.978,0.003364737550471064,0.0033590894870339444,167.132,169.95250000000001,207.87733333333333,0.4170227993723732
2021-04-14,002594.SZ,167.0,171.0,167.0,170.95,164.01,6.94,4.2314,298473.17,5057752.083,0.04231449301871826,0.04144371451029259,167.124,169.6765,206.77666666666664,0.4439184071978931
2021-04-15,002594.SZ,168.5,168.65,163.5,165.5,170.95,-5.45,-3.1881,249912.13,4136742.969,-0.03188066686165536,-0.032399921268192605,166.128,169.10750000000002,205.54666666666665,0.4567165898378206
2021-04-16,002594.SZ,165.4,166.4,160.33,165.3,165.5,-0.2,-0.1208,234599.44,3837152.368,-0.0012084592145014117,-0.0012091899901389978,165.844,168.445,204.56916666666666,0.4544494130307072
2021-04-19,002594.SZ,165.0,177.0,164.18,176.05,165.3,10.75,6.5033,507350.5,8764759.455,0.06503327283726557,0.063006040774083,168.362,168.69,203.75,0.49203329685663616
2021-04-20,002594.SZ,175.0,175.0,169.78,171.24,176.05,-4.81,-2.7322,375677.03,6460740.489,-0.027321783584209003,-0.02770196432431613,169.808,168.562,202.90916666666666,0.49971651167582937
2021-04-21,002594.SZ,169.0,170.59,167.17,168.59,171.24,-2.65,-1.5475,230488.88,3880491.43,-0.015475356225181036,-0.015596349449035547,169.336,168.54299999999998,202.11566666666664,0.4925850298563287
2021-04-22,002594.SZ,170.0,171.78,167.22,168.71,168.59,0.12,0.0712,197508.44,3336754.764,0.0007117859896790257,0.0007115327901735905,169.978,168.8415,201.2275,0.47259236503573027
2021-04-23,002594.SZ,167.18,171.38,166.27,169.25,168.71,0.54,0.3201,228827.99,3878511.212,0.0032007586983580083,0.003195647174500771,170.76800000000003,169.24399999999997,200.12300000000002,0.47057504673732425
2021-04-26,002594.SZ,170.0,173.0,167.25,167.5,169.25,-1.75,-1.034,319514.1,5432612.153,-0.010339734121122546,-0.010393560527263195,169.058,169.0695,198.866,0.4194778991755578
2021-04-27,002594.SZ,166.0,167.4,163.4,164.94,167.5,-2.56,-1.5284,255639.21,4211994.738,-0.015283582089552272,-0.015401579859911814,167.798,168.9115,197.2816666666667,0.41868783925647085
2021-04-28,002594.SZ,164.86,168.54,162.96,165.5,164.94,0.56,0.3395,218411.98,3621682.455,0.0033951740026676447,0.003389423411908254,167.18,168.7365,195.803,0.41837457400314054
2021-04-29,002594.SZ,163.0,164.93,162.2,162.95,165.5,-2.55,-1.5408,275854.04,4496785.166,-0.015407854984894276,-0.01552778953354706,166.02800000000002,168.6585,194.23549999999997,0.4110412554509109
2021-04-30,002594.SZ,161.49,162.2,156.71,158.57,162.95,-4.38,-2.6879,359899.14,5715463.804,-0.02687941086222767,-0.027247269082094402,163.892,168.1335,192.80566666666667,0.40759553596553194
2021-05-06,002594.SZ,157.0,157.0,150.0,150.0,158.57,-8.57,-5.4046,423158.08,6423783.465,-0.05404553194172912,-0.0555608421052203,160.392,166.83999999999997,191.189,0.412665458277722
2021-05-07,002594.SZ,148.12,149.96,143.39,143.95,150.0,-6.05,-4.0333,377980.38,5528741.179,-0.04033333333333344,-0.04116927703807099,156.19400000000002,165.233,189.47333333333333,0.4269791161627272
2021-05-10,002594.SZ,143.95,148.35,141.44,147.0,143.95,3.05,2.1188,260738.75,3802268.898,0.021187912469607495,0.020966569720551415,152.494,164.0335,187.465,0.43400077146939164
2021-05-11,002594.SZ,143.7,148.76,140.97,146.56,147.0,-0.44,-0.2993,269639.96,3893703.682,-0.0029931972789115635,-0.0029976858529161634,149.21599999999998,162.8375,185.52433333333332,0.43399941832554767
2021-05-12,002594.SZ,148.26,155.0,148.26,153.73,146.56,7.17,4.8922,384659.14,5872804.588,0.048921943231440945,0.047762915998687816,148.248,162.18800000000002,183.75483333333332,0.47309811289672926
2021-05-13,002594.SZ,150.75,151.0,148.56,148.99,153.73,-4.74,-3.0833,212696.09,3180710.318,-0.030833279125739854,-0.03131862732526014,148.046,161.4645,182.08800000000002,0.4797806412498707
2021-05-14,002594.SZ,147.9,154.1,146.31,153.53,148.99,4.54,3.0472,300278.66,4532481.587,0.03047184374790257,0.030016798071559866,149.962,160.9405,180.47683333333333,0.49485626447999975
2021-05-17,002594.SZ,155.43,160.88,154.45,159.78,153.53,6.25,4.0709,363002.56,5761021.601,0.04070865628867315,0.039901881383088124,152.51799999999997,160.382,178.8565,0.49294203098941286
2021-05-18,002594.SZ,160.0,161.8,156.88,158.7,159.78,-1.08,-0.6759,194952.12,3094498.22,-0.006759294029290319,-0.00678224152153252,154.946,160.042,177.05233333333334,0.48129386972746924
2021-05-19,002594.SZ,159.9,174.0,159.88,172.78,158.7,14.08,8.8721,596490.87,10150054.899,0.08872085696282306,0.08500348139837484,158.756,160.416,175.6155,0.5784691773314202
2021-05-20,002594.SZ,170.0,177.56,169.1,172.94,172.78,0.16,0.0926,499888.48,8686052.329,0.0009260331056835103,0.0009256046015460399,163.546,160.2605,174.2086666666667,0.5297524111412132
2021-05-21,002594.SZ,174.01,177.99,170.1,173.2,172.94,0.26,0.1503,334965.51,5822862.674,0.0015034115878338472,0.0015022825960505307,167.48,160.3585,173.10333333333332,0.520096011675418
2021-05-24,002594.SZ,171.91,175.5,169.98,173.47,173.2,0.27,0.1559,271722.87,4685927.113,0.0015588914549653499,0.0015576776449827698,170.21800000000002,160.60250000000002,172.2445,0.5164105748138625
2021-05-25,002594.SZ,175.0,178.0,172.7,176.52,173.47,3.05,1.7582,331522.87,5830353.651,0.017582290886032137,0.01742951062802887,173.78199999999998,160.993,171.70333333333335,0.5193501800841487
2021-05-26,002594.SZ,178.0,184.58,176.0,176.17,176.52,-0.35,-0.1983,345577.99,6206769.477,-0.0019827781554498936,-0.001984746462297662,174.45999999999998,161.339,171.152,0.5196183795066398
2021-05-27,002594.SZ,179.0,179.68,174.5,177.45,176.17,1.28,0.7266,234026.1,4146048.38,0.0072657092581029925,0.007239441153456614,175.362,161.8365,170.82166666666666,0.517599863840449
2021-05-28,002594.SZ,177.45,185.0,176.07,181.68,177.45,4.23,2.3838,371194.87,6754993.796,0.023837700760777736,0.023558018704797602,177.058,162.67350000000002,170.33466666666666,0.5175124463986477
2021-05-31,002594.SZ,175.26,179.11,170.18,178.7,181.68,-2.98,-1.6402,437553.16,7660152.24,-0.016402465874064354,-0.01653847563192074,178.10399999999998,163.33350000000002,169.78966666666665,0.5232400993665483
2021-06-01,002594.SZ,178.73,190.9,178.73,189.46,178.7,10.76,6.0213,513604.12,9530431.696,0.06021264689423633,0.05846949828200623,180.692,164.659,169.4515,0.5533489290003399
2021-06-02,002594.SZ,190.0,191.85,185.2,186.5,189.46,-2.96,-1.5623,294349.64,5527643.767,-0.015623350575319384,-0.015746681363518242,182.75799999999998,166.0555,169.2515,0.5452863887918931
2021-06-03,002594.SZ,186.6,187.5,180.18,183.9,186.5,-2.6,-1.3941,250800.57,4608194.8,-0.01394101876675602,-0.014039107473594811,184.048,167.75050000000002,169.04366666666664,0.500855743177652
2021-06-04,002594.SZ,181.61,192.0,180.52,189.4,183.9,5.5,2.9908,319848.39,6004827.146,0.029907558455682492,0.02946904914170252,185.592,170.023,169.25483333333332,0.46683238714150194
2021-06-07,002594.SZ,191.0,192.87,187.0,190.35,189.4,0.95,0.5016,254518.02,4842637.639,0.0050158394931361094,0.00500330207652838,187.922,172.1905,169.58266666666665,0.4671572649430859
2021-06-08,002594.SZ,194.0,205.6,193.25,202.81,190.35,12.46,6.5458,559238.56,11191285.973,0.06545836616758605,0.06340509733753448,190.592,175.003,170.00966666666667,0.497493258141039
2021-06-09,002594.SZ,202.9,203.5,197.02,202.0,202.81,-0.81,-0.3994,316555.82,6342951.329,-0.003993885903062044,-0.00400188276483613,193.692,177.41649999999998,170.32683333333333,0.48757648796900804
2021-06-10,002594.SZ,202.05,216.05,201.0,214.11,202.0,12.11,5.995,441000.32,9339300.343,0.059950495049505115,0.05822220424988109,199.73399999999998,180.6725,170.8673333333333,0.48287987525363435
2021-06-11,002594.SZ,214.3,229.95,212.08,227.02,214.11,12.91,6.0296,540085.11,11985830.243,0.060296109476437376,0.05854821767610767,207.25799999999998,184.347,171.74666666666664,0.5036636047878974
2021-06-15,002594.SZ,231.54,237.8,224.87,232.32,227.02,5.3,2.3346,518100.75,12090497.119,0.023345960708307523,0.023077612309237824,215.652,187.974,172.67749999999998,0.49803151789356603
2021-06-16,002594.SZ,226.0,231.66,210.66,211.0,232.32,-21.32,-9.177,618175.9,13579272.747,-0.09176997245179064,-0.09625759816036478,217.29000000000002,190.589,173.24616666666668,0.6308380268386202
2021-06-17,002594.SZ,210.96,232.1,210.83,232.1,211.0,21.1,10.0,519977.58,11627218.257,0.09999999999999987,0.09531017980432474,223.31,193.555,174.13866666666667,0.6492984459064437
2021-06-18,002594.SZ,236.0,252.32,234.65,245.0,232.1,12.9,5.5579,571896.01,13931101.474,0.05557949159844888,0.05408989726433557,229.488,197.158,175.3695,0.6617158305354518
2021-06-21,002594.SZ,243.88,249.56,232.13,242.58,245.0,-2.42,-0.9878,430526.35,10400538.802,-0.009877551020408104,-0.009926657663992422,232.6,200.627,176.51583333333335,0.6667817212008879
2021-06-22,002594.SZ,243.0,247.0,236.0,237.88,242.58,-4.7,-1.9375,316428.08,7571777.59,-0.01937505152939245,-0.019565208042341662,233.712,203.8475,177.6643333333333,0.677606019356237
2021-06-23,002594.SZ,233.0,249.8,232.5,243.3,237.88,5.42,2.2785,394500.6,9605891.907,0.022784597275937513,0.022528904951084065,240.17200000000003,207.18649999999997,179.007,0.6779398382279129
2021-06-24,002594.SZ,244.0,251.87,240.18,244.89,243.3,1.59,0.6535,312285.04,7696250.339,0.006535141800246613,0.006513880341897385,242.73000000000002,210.6225,180.40183333333334,0.6754403742619641
2021-06-25,002594.SZ,247.0,248.66,238.0,244.99,244.89,0.1,0.0408,296502.36,7205570.873,0.0004083466045980977,0.00040826325381325564,242.72799999999998,213.99949999999998,181.63516666666663,0.6772492887142011
2021-06-28,002594.SZ,244.99,255.0,243.52,253.63,244.99,8.64,3.5267,347271.98,8732379.669,0.03526674558145215,0.03465911871136898,244.93800000000002,217.59699999999998,183.0606666666667,0.6799631106058597
2021-06-29,002594.SZ,257.4,259.6,250.0,253.3,253.63,-0.33,-0.1301,306257.54,7778037.778,-0.0013011079131016734,-0.0013019550889269526,248.022,221.327,184.46566666666666,0.6719872316970164
2021-06-30,002594.SZ,250.0,256.5,246.0,251.0,253.3,-2.3,-0.908,285407.31,7146112.745,-0.009080142123963686,-0.009121617875845658,249.56199999999998,224.404,185.90716666666668,0.6597661310235008
2021-07-01,002594.SZ,251.0,252.5,235.6,236.6,251.0,-14.4,-5.7371,422602.87,10182009.938,-0.057370517928286846,-0.05908198758749748,247.904,226.90900000000002,187.03266666666667,0.7008140390945744
2021-07-02,002594.SZ,233.0,243.5,228.89,239.04,236.6,2.44,1.0313,374260.13,8897622.556,0.01031276415891802,0.010259950400166097,246.714,229.66600000000003,188.0855,0.6937498475453038
2021-07-05,002594.SZ,236.04,250.0,235.57,249.55,239.04,10.51,4.3968,324901.16,7984671.152,0.043967536813922514,0.04302839397116592,245.898,232.67349999999996,189.30983333333333,0.6997667445872674
2021-07-06,002594.SZ,255.0,261.02,241.0,250.5,249.55,0.95,0.3807,517916.7,13098186.044,0.003806852334201416,0.0037996246093010945,245.33800000000002,235.68100000000004,190.63500000000002,0.7000042407052623
2021-07-07,002594.SZ,244.0,258.6,240.88,255.09,250.5,4.59,1.8323,386386.56,9711793.849,0.01832335329341328,0.018157503540891445,246.156,238.295,192.0451666666667,0.6742361539279063
2021-07-08,002594.SZ,253.0,261.54,251.12,251.96,255.09,-3.13,-1.227,393909.95,10127585.813,-0.012270179152455984,-0.012346079312082555,249.228,240.79299999999998,193.4658333333333,0.6775355826022441
2021-07-09,002594.SZ,250.88,254.99,241.88,248.82,251.96,-3.14,-1.2462,364946.99,9057948.774,-0.012462295602476692,-0.012540601267383432,251.18400000000003,242.52850000000004,194.8885,0.6580073471480603
2021-07-12,002594.SZ,253.3,272.91,251.5,266.48,248.82,17.66,7.0975,560057.08,14759940.06,0.07097500200948481,0.06856945039907932,254.57,244.5015,196.59633333333335,0.6701669327709745
2021-07-13,002594.SZ,266.49,269.73,260.22,265.1,266.48,-1.38,-0.5179,277313.91,7330680.655,-0.005178625037526197,-0.0051920805904442854,257.49,246.14050000000003,198.1655,0.6696548066361376
2021-07-14,002594.SZ,261.0,261.0,245.0,245.29,265.1,-19.81,-7.4727,612716.86,15300069.25,-0.07472651829498311,-0.07766592926998836,255.53000000000003,247.85500000000002,199.49533333333335,0.6381489190047411
2021-07-15,002594.SZ,239.0,243.55,230.0,236.4,245.29,-8.89,-3.6243,551898.67,13026880.866,-0.03624281462758361,-0.03691589849304839,252.41800000000003,248.07,200.68033333333332,0.5565683852094756
2021-07-16,002594.SZ,235.75,235.75,221.03,222.92,236.4,-13.48,-5.7022,562741.48,12801309.443,-0.057021996615905346,-0.058712322830607636,247.238,246.96599999999998,201.4615,0.5549828785127546
2021-07-19,002594.SZ,220.0,231.99,214.3,223.97,222.92,1.05,0.471,372187.23,8367318.503,0.004710209940786081,0.004699151613043866,238.73600000000002,246.0355,202.34033333333335,0.5553933900514015
2021-07-20,002594.SZ,220.0,229.46,219.11,227.5,223.97,3.53,1.5761,246749.66,5582671.898,0.015761039424923018,0.015638124076625817,231.21599999999998,245.5165,203.32216666666667,0.5559900921920115
2021-07-21,002594.SZ,231.2,244.99,230.01,241.23,227.5,13.73,6.0352,471511.19,11232169.397,0.06035164835164841,0.05860059683716232,230.404,245.413,204.53083333333333,0.5926607556359229
2021-07-22,002594.SZ,246.3,249.44,240.17,248.96,241.23,7.73,3.2044,374773.27,9242619.143,0.032044107283505374,0.03154140576185942,232.916,245.6165,205.85933333333332,0.603080881857552
2021-07-23,002594.SZ,247.44,262.0,245.08,258.68,248.96,9.72,3.9042,460562.27,11846110.496,0.03904241645244211,0.038299535588365206,240.06799999999998,246.30100000000002,207.379,0.6175600729192892
2021-07-26,002594.SZ,250.58,259.74,241.01,248.55,258.68,-10.13,-3.916,404428.24,10130659.972,-0.039160352559146405,-0.0399477440377104,244.984,246.04700000000003,208.77249999999998,0.6231794298331097
2021-07-27,002594.SZ,246.0,257.88,237.2,238.71,248.55,-9.84,-3.959,377707.2,9406136.905,-0.039589619794809905,-0.04039460648312847,247.22599999999997,245.31750000000002,209.99266666666665,0.6386434865824898
2021-07-28,002594.SZ,229.99,241.1,223.99,236.5,238.71,-2.21,-0.9258,332198.63,7758094.419,-0.00925809559716817,-0.009301218125565553,246.28000000000003,244.59250000000003,211.2185,0.6386692607416425
2021-07-29,002594.SZ,246.94,257.3,242.82,257.2,236.5,20.7,8.7526,428851.05,10764228.893,0.08752642706131075,0.08390578443147663,247.92799999999997,245.6225,212.86233333333334,0.6785144840277316
2021-07-30,002594.SZ,257.19,268.3,252.13,264.71,257.2,7.51,2.9199,457993.99,11995907.836,0.029199066874028068,0.02878089477329995,249.13399999999996,246.906,214.77416666666667,0.6837507026271565
2021-08-02,002594.SZ,276.0,291.18,273.3,291.18,264.71,26.47,9.9996,622259.03,17648921.236,0.09999622228098692,0.09530674550841578,257.65999999999997,248.9875,217.228,0.750674932899606
2021-08-03,002594.SZ,299.0,299.0,275.01,280.08,291.18,-11.1,-3.8121,489348.53,13975748.744,-0.03812075005151461,-0.03886635599876967,265.93399999999997,250.4665,219.446,0.7688994172681645
2021-08-04,002594.SZ,283.01,308.09,282.0,308.09,280.08,28.01,10.0007,534306.39,16003136.931,0.10000714081690942,0.09531667143499002,280.25199999999995,253.1165,222.13816666666668,0.8369424763724637
2021-08-05,002594.SZ,301.0,306.25,294.87,299.46,308.09,-8.63,-2.8011,368822.91,11063466.319,-0.02801129540069458,-0.028411095371827386,288.704,255.4915,224.567,0.8445229935008087
2021-08-06,002594.SZ,313.0,317.3,298.5,303.48,299.31,4.17,1.3932,453626.27,13945125.845,0.013424163494289765,0.013334857760301258,296.45799999999997,258.2245,227.1418333333333,0.8403830559374961
2021-08-09,002594.SZ,295.0,297.4,283.0,293.55,303.48,-9.93,-3.272,341620.79,9914944.523,-0.03272044286279163,-0.03326772795967917,296.93199999999996,259.57800000000003,229.4755,0.8231313673531574
2021-08-10,002594.SZ,293.56,302.31,282.0,292.0,293.55,-1.55,-0.528,331035.16,9604456.927,-0.0052801907681826465,-0.005294180241913235,299.316,260.923,231.67916666666667,0.8231499065610188
2021-08-11,002594.SZ,289.0,298.83,286.16,294.99,292.0,2.99,1.024,263993.95,7742097.441,0.0102397260273972,0.010187655191892743,296.696,263.408,233.95066666666668,0.7657520291788856
2021-08-12,002594.SZ,293.0,313.38,289.37,308.98,294.99,13.99,4.7425,382778.98,11687505.016,0.04742533645208313,0.04633509242372911,298.6,267.037,236.22066666666666,0.7557669727784985
2021-08-13,002594.SZ,303.0,312.5,297.99,300.02,308.98,-8.96,-2.8999,246906.46,7475335.873,-0.028998640688717825,-0.029427410783159493,297.908,270.892,238.33866666666665,0.72656127057938
2021-08-16,002594.SZ,297.0,297.0,285.0,285.4,300.02,-14.62,-4.873,305067.01,8815872.752,-0.04873008466102258,-0.0499574340580082,296.27799999999996,273.96349999999995,240.2086666666667,0.7614323488471697
2021-08-17,002594.SZ,283.45,290.5,278.0,280.31,285.4,-5.09,-1.7835,272058.4,7713091.722,-0.017834618079887843,-0.01799557144700613,293.93999999999994,276.604,241.98933333333332,0.7692654076536678
2021-08-18,002594.SZ,285.41,288.09,278.19,283.66,280.31,3.35,1.1951,221723.02,6281190.851,0.011951054190004085,0.011880204270731776,291.67400000000004,278.7255,243.775,0.7474394776819901
2021-08-19,002594.SZ,283.66,298.68,278.57,293.72,283.66,10.06,3.5465,361671.79,10474777.9,0.035464993301840275,0.03485059471694828,288.62199999999996,280.9635,245.73416666666668,0.7489259159587759
2021-08-20,002594.SZ,289.0,293.6,282.0,285.09,293.72,-8.63,-2.9382,247173.2,7084185.439,-0.029381724090971173,-0.029822012692076353,285.636,282.284,247.52816666666666,0.7522963291385358
2021-08-23,002594.SZ,281.5,294.44,275.55,289.8,285.09,4.71,1.6521,295826.87,8526532.884,0.01652109860044204,0.016386109995248515,286.51599999999996,284.3465,249.33016666666666,0.7337908044772844
2021-08-24,002594.SZ,292.79,302.0,290.05,298.25,289.8,8.45,2.9158,274399.06,8152952.115,0.029158040027605248,0.028741031091443492,290.104,287.32349999999997,251.32266666666666,0.7141099918492714
2021-08-25,002594.SZ,297.8,299.8,291.0,296.2,298.25,-2.05,-0.6873,179145.38,5272706.497,-0.006873428331936382,-0.006897159144327174,292.61199999999997,290.3085,253.10166666666666,0.7132123588187079
2021-08-26,002594.SZ,297.0,298.77,282.5,282.5,296.2,-13.7,-4.6253,263681.59,7570972.707,-0.04625253207292368,-0.047356351247202756,290.368,291.5735,254.70166666666668,0.6833990654759877
2021-08-27,002594.SZ,280.99,296.03,280.0,288.15,282.5,5.65,2.0,262889.3,7628216.261,0.020000000000000018,0.01980262729617973,290.98,292.7455,256.43916666666667,0.6799499849832107
2021-08-30,002594.SZ,277.44,288.0,273.96,281.97,288.15,-6.18,-2.1447,419092.34,11735714.83,-0.02144716293597071,-0.02168049558235546,289.414,292.28499999999997,257.982,0.5851986386484439
2021-08-31,002594.SZ,286.88,286.88,266.55,277.0,281.97,-4.97,-1.7626,329668.34,9041075.46,-0.017625988580345475,-0.017783176112981296,285.16400000000004,292.131,259.4261666666667,0.5723237534764181
2021-09-01,002594.SZ,277.0,277.97,257.6,266.3,277.0,-10.7,-3.8628,287674.22,7678475.358,-0.03862815884476534,-0.03939401336745195,279.184,290.0415,260.4843333333334,0.4495987541737827
2021-09-02,002594.SZ,267.01,271.99,262.7,267.0,266.3,0.7,0.2629,165244.43,4421950.962,0.002628614344724056,0.0026251655803630437,276.084,288.41850000000005,261.5676666666667,0.44361380797200756
2021-09-03,002594.SZ,267.01,271.0,250.4,254.11,267.0,-12.89,-4.8277,287964.13,7420408.93,-0.0482771535580524,-0.04948141426369332,269.276,285.95,262.2343333333333,0.4626418864427676
2021-09-06,002594.SZ,259.99,279.0,259.0,277.6,254.11,23.49,9.244,397788.81,10725519.555,0.09244028176773833,0.08841398449609321,268.402,285.1525,263.07733333333334,0.5751380160393977
2021-09-07,002594.SZ,277.6,281.11,273.27,275.95,277.6,-1.65,-0.5944,207633.53,5743962.165,-0.0059438040345822785,-0.005961538747139295,268.192,284.35,263.8045,0.5751903573440351
2021-09-08,002594.SZ,277.9,279.28,268.61,269.59,275.95,-6.36,-2.3048,182578.06,4971116.497,-0.023047653560427706,-0.02331740352341378,268.85,283.08000000000004,264.781,0.57776634772405
2021-09-09,002594.SZ,272.0,279.58,265.8,271.71,269.59,2.12,0.7864,216256.41,5891876.583,0.007863793167402378,0.00783303469287024,269.79200000000003,281.2165,265.4411666666667,0.547449771690496
2021-09-10,002594.SZ,271.71,272.53,262.64,265.61,271.71,-6.1,-2.245,238757.36,6341377.79,-0.022450406683596325,-0.022706253559044372,272.092,279.496,265.7846666666667,0.544261623780549
2021-09-13,002594.SZ,268.33,271.98,259.18,261.36,265.61,-4.25,-1.6001,213491.79,5623333.361,-0.016000903580437487,-0.016130300203107566,268.844,278.294,266.09766666666667,0.5217339466851743
2021-09-14,002594.SZ,261.39,276.0,257.06,269.23,261.36,7.87,3.0112,354690.0,9581432.835,0.030111723293541504,0.029667265576214834,267.5,277.74,266.6201666666667,0.532383724573792
2021-09-15,002594.SZ,267.89,270.0,260.0,261.15,269.23,-8.08,-3.0012,218809.11,5742276.749,-0.030011514318612487,-0.03047107798672194,265.812,276.6145,266.91766666666666,0.5391274631860637
2021-09-16,002594.SZ,261.15,264.77,250.53,251.0,261.15,-10.15,-3.8867,220809.71,5613770.464,-0.038866551790158854,-0.03964201575052379,261.66999999999996,274.4785,267.0195,0.5322349511099923
2021-09-17,002594.SZ,253.0,257.0,250.49,255.12,251.0,4.12,1.6414,139421.07,3544731.219,0.016414342629482048,0.01628108357001827,259.572,272.97999999999996,267.18833333333333,0.5318645846886423
2021-09-22,002594.SZ,248.0,251.44,244.03,247.2,255.12,-7.92,-3.1044,163412.86,4037944.329,-0.031044214487300104,-0.031536297118266485,256.73999999999995,270.85,267.08116666666666,0.533118111895954
2021-09-23,002594.SZ,253.83,257.52,248.88,249.92,247.2,2.72,1.1003,149784.18,3773864.372,0.011003236245954673,0.010943141067785418,252.878,268.4335,267.02483333333333,0.520351579712401
2021-09-24,002594.SZ,250.96,257.5,247.0,251.77,249.92,1.85,0.7402,158267.0,4002973.166,0.007402368758002709,0.007375105684602497,251.002,266.212,267.03766666666667,0.5233297125890138
2021-09-27,002594.SZ,254.0,257.49,246.8,252.5,251.77,0.73,0.2899,179990.94,4548951.212,0.002899471740080095,0.002895276379490885,251.302,264.712,267.30266666666665,0.5038859756726042
2021-09-28,002594.SZ,251.9,253.82,246.29,246.86,252.5,-5.64,-2.2337,162444.38,4060118.403,-0.022336633663366245,-0.022589874399631803,249.65,262.6475,267.43300000000005,0.49826144843753
2021-09-29,002594.SZ,243.0,244.88,235.0,236.0,246.86,-10.86,-4.3993,245554.81,5859195.956,-0.04399254638256511,-0.04498956929017265,247.41,260.349,267.2071666666667,0.5129932141033173
2021-09-30,002594.SZ,238.2,249.7,237.2,249.51,236.0,13.51,5.7246,225038.01,5528259.622,0.05724576271186432,0.055667189523095684,247.32800000000003,258.9745,267.19066666666663,0.5616208013779065
2021-10-08,002594.SZ,257.98,259.98,250.0,253.0,249.51,3.49,1.3987,194103.95,4939109.186,0.013987415334054676,0.013890494178814331,247.574,258.3095,267.1558333333333,0.5503161874320706
2021-10-11,002594.SZ,253.1,263.1,248.0,255.75,253.0,2.75,1.087,211972.73,5448306.885,0.010869565217391353,0.010810916104215676,248.22400000000002,257.747,267.219,0.5520101067073211
2021-10-12,002594.SZ,255.0,262.9,253.01,257.01,255.75,1.26,0.4927,211651.34,5464868.602,0.004926686217008758,0.004914589812326377,250.254,257.892,267.3555,0.5239150363217612
2021-10-13,002594.SZ,257.01,273.6,254.33,271.2,257.01,14.19,5.5212,321978.1,8631470.872,0.05521185946072138,0.05374156142217823,257.294,257.572,267.43416666666667,0.44913508281213005
2021-10-14,002594.SZ,271.0,275.99,268.14,272.94,271.2,1.74,0.6416,177799.32,4844827.927,0.0064159292035399496,0.006395434743727341,261.97999999999996,257.4215,267.56483333333335,0.4493959625952552
2021-10-15,002594.SZ,275.0,287.5,271.0,283.33,272.94,10.39,3.8067,287845.05,8089636.933,0.038066974426613776,0.03736030523119755,268.046,258.1085,268.1988333333333,0.4603580649324019
2021-10-18,002594.SZ,284.25,288.63,280.04,285.92,283.33,2.59,0.9141,216213.78,6155818.958,0.009141284015106166,0.009099755369952616,274.08,258.819,269.0241666666667,0.46056356804094434
2021-10-19,002594.SZ,288.0,294.91,284.0,284.79,285.92,-1.13,-0.3952,193857.85,5581983.586,-0.0039521544487968185,-0.003959984849301049,279.63599999999997,259.77799999999996,270.05533333333335,0.4516267802163474
2021-10-20,002594.SZ,286.0,295.0,285.24,290.6,284.79,5.81,2.0401,217045.09,6300647.166,0.020400997226026174,0.020195684574365696,283.516,261.24,271.16583333333335,0.4488552459593033
2021-10-21,002594.SZ,291.0,292.6,284.01,287.01,290.6,-3.59,-1.2354,180625.75,5184267.795,-0.012353750860289114,-0.012430692777996952,286.33000000000004,262.129,272.15766666666667,0.4434954350571891
2021-10-22,002594.SZ,292.2,301.0,289.0,300.0,287.01,12.99,4.526,336548.68,10022899.338,0.0452597470471412,0.044265416298015406,289.66400000000004,264.0715,273.13716666666664,0.4483556480044327
2021-10-25,002594.SZ,303.11,318.65,302.23,317.35,300.0,17.35,5.7833,335189.76,10469605.348,0.0578333333333334,0.05622279109627812,295.95,267.389,274.277,0.44758522287018576
2021-10-26,002594.SZ,330.5,333.33,317.76,319.01,317.35,1.66,0.5231,313244.34,10148404.49,0.00523081770915379,0.005217184503410659,302.79400000000004,270.5835,275.2825,0.4479389549984782
2021-10-27,002594.SZ,313.0,326.73,311.28,321.74,319.01,2.73,0.8558,219067.77,7024365.486,0.0085577254631517,0.008521315706272,309.02200000000005,274.3105,276.5023333333333,0.41904800836907047
2021-10-28,002594.SZ,319.61,323.8,305.4,307.98,321.74,-13.76,-4.2767,298267.14,9334453.596,-0.04276745197985954,-0.043708920161895065,313.216,277.2135,277.65683333333334,0.4644591893253487
2021-10-29,002594.SZ,305.13,313.76,293.77,311.31,307.98,3.33,1.0812,347159.58,10585996.588,0.010812390414961959,0.010754354485029878,315.478,280.1905,278.9036666666667,0.46427606094373647
2021-11-01,002594.SZ,301.41,308.41,293.82,302.0,311.31,-9.31,-2.9906,284785.87,8570609.748,-0.02990588159712182,-0.030362182910427072,312.408,282.66549999999995,279.6503333333333,0.48602963315498926
2021-11-02,002594.SZ,310.0,319.8,307.64,313.88,302.0,11.88,3.9338,290087.4,9102548.555,0.03933774834437087,0.03858372988440284,311.382,286.0165,280.4698333333333,0.4818480145976667
2021-11-03,002594.SZ,313.13,313.85,299.86,303.01,313.88,-10.87,-3.4631,197248.14,6017080.222,-0.03463106919841974,-0.03524493899417019,307.636,289.367,280.66700000000003,0.4682404782297829
2021-11-04,002594.SZ,311.13,329.0,309.03,325.0,303.01,21.99,7.2572,349964.34,11223980.65,0.07257186231477508,0.07005937406463524,311.03999999999996,293.1415,281.4156666666667,0.49010507679602483
2021-11-05,002594.SZ,324.0,327.0,313.01,314.0,325.0,-11.0,-3.3846,194183.26,6178126.193,-0.03384615384615386,-0.03443219642148413,311.578,296.1915,281.5141666666667,0.5183937369237357
2021-11-08,002594.SZ,308.09,319.61,307.0,315.0,314.0,1.0,0.3185,169849.47,5344230.944,0.0031847133757962887,0.0031796529173798056,314.178,299.154,281.77316666666667,0.519207049617551
2021-11-09,002594.SZ,315.05,329.97,315.05,320.69,315.0,5.69,1.8063,203305.04,6580787.588,0.018063492063492115,0.01790228559747937,315.54,302.338,282.06,0.5192714396329138
2021-11-10,002594.SZ,314.0,315.6,301.58,310.26,320.69,-10.43,-3.2524,274878.5,8480095.668,-0.03252362094234307,-0.03306426878692727,316.99,304.291,282.3385,0.5149827784965102
2021-11-11,002594.SZ,313.0,316.99,308.05,311.99,310.26,1.73,0.5576,138851.5,4327235.823,0.005575968542512744,0.005560480377592659,314.38800000000003,306.24350000000004,282.6716666666667,0.5150093407260122
2021-11-12,002594.SZ,315.8,316.74,305.5,306.78,311.99,-5.21,-1.6699,148883.82,4590558.597,-0.01669925318119181,-0.01684025769381499,312.944,307.41600000000005,282.8681666666667,0.5081225817103773
2021-11-15,002594.SZ,306.78,306.78,290.44,294.94,306.78,-11.84,-3.8594,225372.24,6667949.87,-0.038594432492339736,-0.03935893249716805,308.932,307.867,282.63416666666666,0.530073784993789
2021-11-16,002594.SZ,294.0,297.69,288.0,293.51,294.94,-1.43,-0.4848,151808.48,4462067.584,-0.0048484437512714695,-0.004860235584810208,303.496,308.303,282.52566666666667,0.5302185418195493
2021-11-17,002594.SZ,300.0,303.24,294.0,296.85,293.51,3.34,1.138,163377.75,4875749.071,0.011379510067800247,0.011315250478700004,300.81399999999996,308.6155,282.71650000000005,0.5270309090919478
2021-11-18,002594.SZ,294.8,298.88,290.0,295.4,296.85,-1.45,-0.4885,129097.22,3802420.935,-0.004884621862893845,-0.004896590619405127,297.496,309.03499999999997,282.96799999999996,0.5250747229708665
2021-11-19,002594.SZ,295.72,300.0,288.0,296.82,295.4,1.42,0.4807,175158.64,5144668.932,0.004807041299932369,0.004795524370392873,295.504,308.876,283.1873333333333,0.49985404949151496
2021-11-22,002594.SZ,298.4,311.51,298.2,311.0,296.82,14.18,4.7773,287020.45,8785850.014,0.04777306111448021,0.04666701771156196,298.716,308.5585,283.47533333333337,0.4854666048724959
2021-11-23,002594.SZ,307.88,309.73,303.98,308.48,311.0,-2.52,-0.8103,150362.57,4609989.313,-0.0081028938906752,-0.0081359007570533,301.71,308.03200000000004,283.86516666666665,0.48566049769584496
2021-11-24,002594.SZ,305.43,309.6,301.0,303.2,308.48,-5.28,-1.7116,141938.17,4319711.029,-0.017116182572614158,-0.017264357653964252,302.98,307.105,284.08849999999995,0.4873405892294489
2021-11-25,002594.SZ,303.2,304.49,291.3,298.0,303.2,-5.2,-1.715,170971.44,5070667.609,-0.01715039577836408,-0.017299167262812106,303.5,306.606,284.0843333333333,0.4673549838827133
2021-11-26,002594.SZ,295.0,304.77,294.05,297.66,298.0,-0.34,-0.1141,122493.93,3671367.398,-0.0011409395973153158,-0.001141590964391805,303.668,305.9235,284.1086666666667,0.46518759106637975
2021-11-29,002594.SZ,291.8,307.07,289.93,304.46,297.66,6.8,2.2845,200156.75,6053231.132,0.022844856547738823,0.02258782009009529,302.36,306.04650000000004,284.47466666666674,0.4606356435856569
2021-11-30,002594.SZ,307.0,308.0,303.0,304.7,304.46,0.24,0.0788,131788.26,4023809.746,0.0007882808907573313,0.0007879703605552655,301.604,305.5875,284.7505,0.4376092223783865
2021-12-01,002594.SZ,305.2,307.5,300.38,305.32,304.7,0.62,0.2035,108278.64,3295906.128,0.002034788316376712,0.0020327209386062127,302.02799999999996,305.70300000000003,285.13966666666664,0.41935085033777125
2021-12-02,002594.SZ,305.0,314.06,303.1,308.8,305.32,3.48,1.1398,180072.11,5567674.844,0.01139787763657818,0.011333411220351643,304.188,304.893,285.66966666666667,0.32617340486284585
2021-12-03,002594.SZ,306.99,309.8,298.86,306.9,308.8,-1.9,-0.6153,210327.15,6367075.408,-0.006152849740932775,-0.006171856524930751,306.036,304.538,286.3463333333333,0.3048233266938967
2021-12-06,002594.SZ,301.0,311.51,300.86,301.75,306.9,-5.15,-1.6781,178800.86,5465317.712,-0.016780710329097337,-0.016923101648049516,305.494,303.8755,286.9255,0.3094195001721949
2021-12-07,002594.SZ,306.01,306.35,291.08,294.8,301.75,-6.95,-2.3032,227678.6,6727286.964,-0.0230323115161557,-0.023301699662459287,303.514,302.581,287.60366666666664,0.30852075421971664
2021-12-08,002594.SZ,296.01,301.0,294.5,300.79,294.8,5.99,2.0319,154381.76,4606774.78,0.02031886024423346,0.02011518652703559,302.608,302.1075,287.99016666666665,0.30069281024800876
2021-12-09,002594.SZ,300.0,300.63,297.03,299.5,300.79,-1.29,-0.4289,112957.11,3375316.207,-0.004288706406463061,-0.004297929286713086,300.74799999999993,301.483,288.38266666666664,0.2997037330737211
2021-12-10,002594.SZ,295.99,302.03,292.8,301.42,299.5,1.92,0.6411,144872.73,4325991.091,0.006410684474123629,0.006390223436026327,299.652,301.21500000000003,288.91316666666665,0.2957404327003547
2021-12-13,002594.SZ,302.99,303.0,298.0,298.4,301.42,-3.02,-1.0019,142941.24,4278869.484,-0.010019242253334393,-0.010069772661924667,298.982,301.38800000000003,289.358,0.26275434615581766
2021-12-14,002594.SZ,295.5,297.07,291.69,293.4,298.4,-5.0,-1.6756,157111.28,4609509.733,-0.016756032171581725,-0.016898002620724398,298.702,301.3825,289.82116666666667,0.26941180071715853
2021-12-15,002594.SZ,293.41,295.5,291.71,293.35,293.4,-0.05,-0.017,98150.36,2877855.925,-0.00017041581458743238,-0.00017043033701228714,297.214,301.2075,290.35433333333333,0.2661068251829617
2021-12-16,002594.SZ,293.0,293.49,279.0,286.2,293.35,-7.15,-2.4374,278665.16,7928142.188,-0.024373615135503734,-0.024675568249518432,294.554,300.7475,290.63716666666664,0.27907969135867533
2021-12-17,002594.SZ,284.0,285.88,278.61,278.98,286.2,-7.22,-2.5227,151118.15,4240478.259,-0.025227113906359122,-0.025550772458261317,290.066,299.8555,290.9343333333333,0.290306651170758
2021-12-20,002594.SZ,279.23,281.47,268.28,270.5,278.98,-8.48,-3.0396,217845.03,5964658.201,-0.030396444189547678,-0.030867996377552977,284.486,297.83050000000003,291.2593333333333,0.23689615172230893
2021-12-21,002594.SZ,270.5,276.78,269.41,276.21,270.5,5.71,2.1109,149653.05,4098708.738,0.021109057301293754,0.020889347681327834,281.048,296.217,291.6108333333333,0.2567052931019354
2021-12-22,002594.SZ,280.01,285.18,277.01,279.22,276.21,3.01,1.0898,144442.3,4061024.216,0.010897505521161532,0.010838555592637803,278.222,295.018,292.1445,0.2589753805709388
2021-12-23,002594.SZ,282.03,284.9,277.16,279.99,279.22,0.77,0.2758,123021.34,3451820.145,0.0027576821144617014,0.0027538866852631276,276.97999999999996,294.1175,292.64566666666667,0.2551650282783006
2021-12-24,002594.SZ,281.98,282.0,264.96,270.0,279.99,-9.99,-3.568,209968.81,5675961.283,-0.03567984570877536,-0.03633192924739032,275.184,292.7345,292.9495,0.2800840354081377
2021-12-27,002594.SZ,269.0,271.54,266.0,267.03,270.0,-2.97,-1.1,107189.95,2874395.592,-0.01100000000000012,-0.01106094735942506,274.49,290.863,293.19166666666666,0.26102984276711694
2021-12-28,002594.SZ,268.15,271.0,266.21,270.85,267.03,3.82,1.4306,118542.84,3183320.996,0.014305508744336004,0.014204150464958213,273.418,289.1705,293.59149999999994,0.2702205652804177
2021-12-29,002594.SZ,272.15,272.22,263.0,269.0,270.85,-1.85,-0.683,141603.04,3783958.091,-0.006830348901606165,-0.006853782502068879,271.374,287.3545,294.14149999999995,0.2686687553399484
2021-12-30,002594.SZ,268.0,272.98,266.0,267.13,269.0,-1.87,-0.6952,117326.73,3158736.176,-0.006951672862453573,-0.006975948308971959,268.802,285.271,294.4351666666667,0.2605218105655639
2021-12-31,002594.SZ,273.0,274.19,267.0,268.12,267.13,0.99,0.3706,116291.97,3136714.687,0.0037060607194998596,0.0036992101968897403,268.42600000000004,283.332,294.68716666666666,0.26332903145445047
2022-01-04,002594.SZ,276.0,279.45,265.22,271.0,268.12,2.88,1.0741,244660.89,6673692.547,0.010741459048187352,0.010684179389943935,269.22,281.79449999999997,294.9413333333333,0.26730841975647596
2022-01-05,002594.SZ,264.55,266.48,251.72,253.26,271.0,-17.74,-6.5461,301708.91,7725244.308,-0.06546125461254615,-0.06770219185723854,265.702,279.7175,294.8788333333333,0.33790460882448464
2022-01-06,002594.SZ,250.0,254.53,247.89,250.02,253.26,-3.24,-1.2793,175907.84,4396413.606,-0.012793176972281328,-0.012875714360045167,261.906,277.179,294.52583333333337,0.32201804659782923
2022-01-07,002594.SZ,251.8,252.96,245.0,246.5,250.02,-3.52,-1.4079,161933.55,4009535.493,-0.014078873690104854,-0.014178921179672354,257.78000000000003,274.529,294.0851666666667,0.3219930613945671
2022-01-10,002594.SZ,245.0,249.47,239.03,246.3,246.5,-0.2,-0.0811,162141.82,3964485.468,-0.0008113590263690851,-0.0008116883562524857,253.416,271.773,293.468,0.31826162780466905
2022-01-11,002594.SZ,246.28,246.28,237.8,239.09,246.3,-7.21,-2.9273,212441.47,5100240.704,-0.029273244011368327,-0.02971025504165013,247.03400000000002,268.8075,292.6875,0.3256487537228501
2022-01-12,002594.SZ,246.0,256.0,244.31,256.0,239.09,16.91,7.0727,323602.24,8103336.076,0.07072650466351571,0.06833739439472018,247.58199999999997,266.9375,292.2076666666666,0.4343835310149874
2022-01-13,002594.SZ,257.74,258.56,248.61,255.31,256.0,-0.69,-0.2695,217103.9,5516666.113,-0.002695312499999991,-0.0026989513948462505,248.64000000000001,265.0355,291.61949999999996,0.4339924576994396
2022-01-14,002594.SZ,250.8,257.3,250.0,253.14,255.31,-2.17,-0.8499,149548.15,3798549.606,-0.008499471231052547,-0.008535797720414013,249.968,263.38250000000005,291.05500000000006,0.42898276222973847
2022-01-17,002594.SZ,253.02,267.49,253.02,266.49,253.14,13.35,5.2738,241144.66,6349270.849,0.05273761554870826,0.05139402408541702,254.006,262.758,290.4965,0.46944789753752325
2022-01-18,002594.SZ,266.41,268.96,262.3,266.08,266.49,-0.41,-0.1539,125054.43,3325099.879,-0.0015385192690158256,-0.001539704005101847,259.404,262.537,289.642,0.4572099627624705
2022-01-19,002594.SZ,265.95,267.88,250.31,252.97,266.08,-13.11,-4.9271,231881.8,5960665.206,-0.04927089597113643,-0.05052611082301322,258.798,261.375,288.54133333333334,0.4808724710658365
2022-01-20,002594.SZ,252.1,253.71,247.0,251.07,252.97,-1.9,-0.7511,149986.47,3759819.343,-0.007510772028303747,-0.007539119908711868,257.95,259.96750000000003,287.3635,0.47776317475551644
2022-01-21,002594.SZ,251.08,255.74,246.33,250.4,251.07,-0.67,-0.2669,112394.32,2822719.636,-0.00266857848408808,-0.002672145486948893,257.402,258.48799999999994,286.40383333333335,0.47700166392356563
2022-01-24,002594.SZ,246.08,252.88,244.27,251.4,250.4,1.0,0.3994,108376.86,2706367.141,0.003993610223642197,0.003985656930203611,254.38400000000001,257.558,285.4053333333333,0.46392386997079427
2022-01-25,002594.SZ,248.0,251.0,240.0,240.31,251.4,-11.09,-4.4113,172772.23,4222848.972,-0.04411296738265713,-0.04511553963123307,249.23000000000002,256.222,284.3771666666666,0.48572465605017384
2022-01-26,002594.SZ,245.0,251.38,242.31,249.49,240.31,9.18,3.8201,174445.84,4321964.224,0.03820065748408319,0.03748907770310776,248.53400000000002,255.15400000000005,283.30400000000003,0.505214659184677
2022-01-27,002594.SZ,247.0,249.3,241.0,241.27,249.49,-8.22,-3.2947,132649.63,3242987.819,-0.0329472123131187,-0.03350219589066607,246.574,253.7675,282.275,0.5158106236219026
2022-01-28,002594.SZ,239.98,242.0,219.76,226.8,241.27,-14.47,-5.9974,324373.11,7392709.579,-0.059974302648485134,-0.061848066483758526,241.85399999999998,251.75100000000003,280.6383333333333,0.5516649480771159
2022-02-07,002594.SZ,240.79,249.28,238.01,244.4,226.8,17.6,7.7601,251124.53,6117950.238,0.07760141093474426,0.07473765544384325,240.454,250.565,279.47833333333335,0.6286911467291666
2022-02-08,002594.SZ,243.0,243.0,230.64,236.97,244.4,-7.43,-3.0401,199039.53,4669048.973,-0.030400981996726695,-0.03087267645300286,239.786,248.86350000000002,278.1778333333333,0.6329466437896893
2022-02-09,002594.SZ,239.05,246.4,235.03,245.18,236.97,8.21,3.4646,199928.64,4854528.826,0.03464573574714103,0.03405908382241079,238.92400000000004,248.45950000000002,276.9193333333333,0.60731482107827
2022-02-10,002594.SZ,246.77,248.0,238.1,240.12,245.18,-5.06,-2.0638,146284.6,3521519.984,-0.0206378986866792,-0.020853836283205848,238.69400000000002,247.9645,275.75033333333334,0.6099791709280867
2022-02-11,002594.SZ,236.05,240.12,228.5,230.19,240.12,-9.93,-4.1354,199439.26,4646313.004,-0.04135432283858076,-0.04223374352595884,239.372,247.14899999999997,274.387,0.6250403745926777
2022-02-14,002594.SZ,230.2,235.0,225.0,231.98,230.19,1.79,0.7776,133199.49,3079221.402,0.007776184890742499,0.007746106196046668,236.888,246.433,273.14033333333333,0.6261249912121918
2022-02-15,002594.SZ,232.18,239.96,232.18,238.31,231.98,6.33,2.7287,158524.28,3757722.229,0.027286835071989035,0.026921186081542575,237.156,246.394,272.19649999999996,0.6259487625449542
2022-02-16,002594.SZ,242.0,244.99,240.39,240.6,238.31,2.29,0.9609,128724.91,3117890.74,0.009609332382191305,0.009563456405305879,236.23999999999995,245.62400000000002,271.3146666666667,0.570205767695251
2022-02-17,002594.SZ,242.24,248.74,239.0,245.41,240.6,4.81,1.9992,191063.86,4670631.745,0.01999168744804658,0.019794477702233214,237.298,245.129,270.45733333333334,0.5757560867984225
2022-02-18,002594.SZ,241.0,245.39,240.0,242.96,245.41,-2.45,-0.9983,99104.66,2407158.413,-0.009983293264333115,-0.01003346050531832,239.852,244.61999999999998,269.5833333333333,0.576024370526078
2022-02-21,002594.SZ,241.0,245.8,239.64,241.89,242.96,-1.07,-0.4404,109538.04,2657589.017,-0.004404017122160098,-0.004413743372453039,241.834,243.39000000000001,268.6678333333333,0.5392990921553209
2022-02-22,002594.SZ,239.0,239.0,234.3,237.45,241.89,-4.44,-1.8355,125452.11,2966441.429,-0.018355450824755093,-0.018526002369909554,241.66199999999998,241.95850000000002,267.44199999999995,0.5414626148789612
2022-02-23,002594.SZ,241.9,252.52,239.01,252.0,237.45,14.55,6.1276,291148.9,7232161.935,0.06127605811749848,0.05947201251629251,243.942,241.91,266.50066666666663,0.5636580060627393
2022-02-24,002594.SZ,248.11,251.78,241.58,244.86,252.0,-7.14,-2.8333,238219.88,5865805.706,-0.02833333333333332,-0.02874246886565398,243.83200000000002,241.59949999999998,265.52833333333336,0.5723144256571984
2022-02-25,002594.SZ,249.9,252.38,247.83,247.84,244.86,2.98,1.217,146013.53,3646918.799,0.012170219717389408,0.012096758022789065,244.808,241.47150000000002,264.69233333333335,0.5740379155539219
2022-02-28,002594.SZ,246.9,250.19,246.0,249.6,247.84,1.76,0.7101,118290.9,2936223.651,0.007101355713363455,0.007076259826714094,246.35,241.38150000000002,263.8913333333333,0.5744231892712768
2022-03-01,002594.SZ,255.0,256.61,249.25,251.78,249.6,2.18,0.8734,176519.58,4476714.982,0.008733974358974494,0.00869605384284074,249.21599999999998,241.955,263.0133333333333,0.5504096768186907
2022-03-02,002594.SZ,249.0,249.36,243.96,248.6,251.78,-3.18,-1.263,121242.47,2998567.642,-0.012630073874017045,-0.012710511261502515,248.53599999999997,241.91049999999996,262.0783333333333,0.5365712384686225
2022-03-03,002594.SZ,249.52,250.86,244.0,245.21,248.6,-3.39,-1.3636,99633.4,2449485.385,-0.013636363636363558,-0.013730192811901907,248.606,242.1075,261.0765,0.5249253185150591
2022-03-04,002594.SZ,237.31,241.86,230.0,233.8,245.21,-11.41,-4.6532,291706.34,6857430.687,-0.04653154439052243,-0.04764893722674073,245.798,242.45749999999998,259.8265,0.5059301234675412
2022-03-07,002594.SZ,226.89,227.69,220.02,223.61,233.8,-10.19,-4.3584,236129.2,5286036.163,-0.043584260051325874,-0.04456258603791356,240.6,241.41800000000003,258.43833333333333,0.44493538351930145
2022-03-08,002594.SZ,221.08,225.49,210.0,216.19,223.61,-7.42,-3.3183,291499.34,6317187.685,-0.033182773578999236,-0.03374581233368148,233.48200000000003,240.379,257.01233333333334,0.44722309418748035
2022-03-09,002594.SZ,217.0,223.6,210.0,223.59,216.19,7.4,3.4229,251135.22,5484773.703,0.03422915028447204,0.03365636689533916,228.48000000000002,239.2995,255.82549999999998,0.4467453363096955
2022-03-10,002594.SZ,232.91,233.43,229.0,229.1,223.59,5.51,2.4643,248342.83,5744789.049,0.024643320363164634,0.024344571897737602,225.25799999999998,238.7485,254.63066666666666,0.45354112340962566
2022-03-11,002594.SZ,222.0,231.79,220.02,229.85,229.1,0.75,0.3274,186116.04,4186645.901,0.003273679615888314,0.003268332792787217,224.46800000000002,238.7315,253.46983333333336,0.4291357097882579
2022-03-14,002594.SZ,225.0,225.0,219.0,219.0,229.85,-10.85,-4.7205,150840.61,3336922.826,-0.047204698716554305,-0.04835519243573621,223.546,238.08249999999998,252.09616666666668,0.45967634326951284
2022-03-15,002594.SZ,211.13,222.0,209.43,212.8,219.0,-6.2,-2.8311,198203.62,4269341.883,-0.028310502283104944,-0.02871897234901142,222.868,236.80700000000002,250.6695,0.454263125698102
2022-03-16,002594.SZ,221.0,230.0,214.2,229.43,212.8,16.63,7.8148,333766.27,7432043.601,0.07814849624060138,0.07524521461458102,224.036,236.2485,249.60333333333332,0.5408994182408298
2022-03-17,002594.SZ,240.38,240.88,234.66,234.9,229.43,5.47,2.3842,315844.3,7518685.379,0.02384169463452901,0.02356191958279663,225.196,235.723,248.6291666666667,0.5431274787406738
2022-03-18,002594.SZ,234.9,238.87,232.05,234.5,234.9,-0.4,-0.1703,150548.56,3530653.259,-0.001702852277564948,-0.0017043037785330801,226.12600000000003,235.3,247.7675,0.5422343664107687
2022-03-21,002594.SZ,240.0,248.87,238.17,245.38,234.5,10.88,4.6397,279177.68,6829415.269,0.04639658848614081,0.04535244147670281,231.402,235.47449999999998,247.2075,0.5676691100039551
2022-03-22,002594.SZ,245.0,247.4,242.02,244.8,245.38,-0.58,-0.2364,115079.07,2815900.951,-0.002363680821582781,-0.002366478724865693,237.802,235.842,246.77916666666667,0.5631388252168856
2022-03-23,002594.SZ,250.0,251.0,246.27,247.17,244.8,2.37,0.9681,148500.96,3696654.258,0.009681372549019462,0.009634808357437186,241.35,235.6005,246.29516666666666,0.5193266937359046
2022-03-24,002594.SZ,243.7,250.0,242.4,247.08,247.17,-0.09,-0.0364,113681.27,2794432.827,-0.00036412185944889597,-0.00036418816790988884,243.786,235.71150000000003,245.7595,0.5088018764317237
2022-03-25,002594.SZ,247.1,248.96,234.01,235.31,247.08,-11.77,-4.7636,208023.73,4984988.435,-0.04763639307107015,-0.04880837705990934,243.948,235.08499999999998,245.01483333333334,0.5349056247561009
2022-03-28,002594.SZ,234.9,234.9,228.88,230.4,235.31,-4.91,-2.0866,143103.54,3306510.715,-0.02086609153882113,-0.021086864946052927,240.952,234.125,244.35483333333335,0.5377608233976504
2022-03-29,002594.SZ,232.92,236.5,228.8,231.0,230.4,0.6,0.2604,138587.31,3224438.27,0.0026041666666667407,0.0026007817000574403,238.192,233.086,243.75433333333334,0.5363566763683608
2022-03-30,002594.SZ,227.0,237.02,222.22,237.02,231.0,6.02,2.6061,251259.96,5807876.452,0.026060606060606117,0.025726815238509077,236.16199999999998,232.507,243.19050000000001,0.5453773765965826
2022-03-31,002594.SZ,234.21,235.0,226.89,229.8,237.02,-7.22,-3.0462,161731.43,3721363.312,-0.030461564424943077,-0.030935160345647292,232.706,231.73650000000004,242.53716666666665,0.5534210211836954
2022-04-01,002594.SZ,226.79,239.56,226.6,235.96,229.8,6.16,2.6806,182948.05,4301758.39,0.026805918189730216,0.026452933720219233,232.836,231.8445,242.01766666666668,0.5373160529016804
2022-04-06,002594.SZ,245.0,246.0,239.61,241.9,235.96,5.94,2.5174,205293.3,4976485.481,0.0251737582641125,0.024862118481106987,235.13600000000002,232.75899999999996,241.58066666666667,0.5166810352797621
2022-04-07,002594.SZ,240.0,245.3,239.01,240.0,241.9,-1.9,-0.7854,122699.53,2964659.964,-0.007854485324514271,-0.007885494273990276,236.936,233.9495,241.064,0.4997660878839121
2022-04-08,002594.SZ,240.01,246.5,239.1,243.98,240.0,3.98,1.6583,171718.97,4185742.781,0.016583333333333394,0.016447331378600275,238.32799999999997,234.969,240.90933333333334,0.49024258481350586
2022-04-11,002594.SZ,240.0,241.48,229.5,233.0,243.98,-10.98,-4.5004,193070.07,4519392.606,-0.04500368882695294,-0.046047801154890856,238.96800000000002,235.164,240.6256666666667,0.514624145396563
2022-04-12,002594.SZ,232.0,238.56,231.2,238.16,233.0,5.16,2.2146,128888.67,3034073.575,0.022145922746781066,0.02190426314182033,239.408,235.5795,240.48666666666668,0.519897710818705
2022-04-13,002594.SZ,235.02,241.95,233.01,237.0,238.16,-1.16,-0.4871,109672.51,2614119.776,-0.0048706751763519796,-0.004882575572389706,238.42800000000003,236.4795,240.33166666666665,0.48713571550950446
2022-04-14,002594.SZ,242.0,244.99,240.87,241.29,237.0,4.29,1.8101,131637.5,3198011.078,0.018101265822784818,0.017939388448956133,238.686,237.904,240.36833333333334,0.47346678567010153
2022-04-15,002594.SZ,238.5,240.0,232.75,236.2,241.29,-5.09,-2.1095,129239.31,3049510.858,-0.02109494798789835,-0.021320625820825348,237.13000000000002,238.24249999999998,240.03833333333333,0.400292458427476
2022-04-18,002594.SZ,234.79,241.0,230.0,239.1,236.2,2.9,1.2278,110592.38,2613800.696,0.012277730736663939,0.01220297070101721,238.35,238.45250000000001,239.76816666666667,0.39388460078054555
2022-04-19,002594.SZ,243.16,250.9,243.13,244.86,239.1,5.76,2.409,207781.54,5140377.761,0.02409033877038902,0.02380474418149033,239.69,238.9705,239.6301666666667,0.4019388730214406
2022-04-20,002594.SZ,247.66,248.33,240.86,241.78,244.86,-3.08,-1.2579,130780.93,3187144.24,-0.012578616352201255,-0.012658396871923465,240.64600000000002,238.79049999999998,239.21833333333333,0.36967619250106964
2022-04-21,002594.SZ,237.77,240.77,232.1,234.04,241.78,-7.74,-3.2013,154048.76,3625535.264,-0.032012573413847334,-0.03253618085381053,239.196,238.2525,238.68433333333334,0.3862890866373471
2022-04-22,002594.SZ,230.01,235.66,229.06,235.4,234.04,1.36,0.5811,108162.19,2522975.078,0.005810972483336174,0.0057941539061409815,239.036,237.664,238.3915,0.384984051752644
2022-04-25,002594.SZ,230.0,236.44,226.62,227.5,235.4,-7.9,-3.356,161889.17,3741670.659,-0.03355989804587933,-0.034135956435171214,236.71599999999998,236.685,237.99866666666668,0.4006506081992
2022-04-26,002594.SZ,228.99,235.85,228.43,231.81,227.5,4.31,1.8945,158176.2,3670084.739,0.01894505494505494,0.01876783222259709,234.106,236.51000000000005,237.68883333333332,0.37280140590290195
2022-04-27,002594.SZ,226.61,235.81,218.81,235.01,231.81,3.2,1.3804,254341.67,5794106.499,0.013804408783055111,0.013709995816684774,232.752,236.74049999999997,237.41566666666668,0.36794388417623575
2022-04-28,002594.SZ,234.6,235.5,230.0,231.98,235.01,-3.03,-1.2893,146372.13,3405250.082,-0.012893068380068984,-0.012976905376556847,232.34,236.7895,237.27683333333331,0.3712834729463614
2022-04-29,002594.SZ,233.8,243.83,230.75,243.0,231.98,11.02,4.7504,248163.1,5912448.351,0.047504095180619155,0.04641028228681843,233.85999999999999,237.0885,237.16866666666664,0.3977430963653127
2022-05-05,002594.SZ,246.2,252.39,241.77,248.8,243.0,5.8,2.3868,253258.79,6282897.504,0.023868312757201693,0.023587917524475966,238.11999999999998,238.03850000000003,237.29416666666665,0.3863463910448388
2022-05-06,002594.SZ,241.02,246.0,240.1,242.08,248.8,-6.72,-2.701,145488.66,3530097.27,-0.027009646302250778,-0.027381110824978565,240.17399999999998,238.3445,237.54883333333333,0.3918835526052179
2022-05-09,002594.SZ,231.0,236.89,231.0,232.73,242.08,-9.35,-3.8624,175116.35,4086613.976,-0.038623595505618113,-0.039389266683472327,239.718,237.88600000000002,237.35433333333333,0.4060954279005975
2022-05-10,002594.SZ,224.1,233.66,222.28,233.33,232.73,0.6,0.2578,209696.64,4792958.516,0.002578094787951901,0.0025747772023940753,239.988,237.5525,237.29366666666667,0.40565888087642604
2022-05-11,002594.SZ,232.0,256.66,231.5,252.7,233.33,19.37,8.3015,459525.71,11482476.078,0.083015471649595,0.07974925383518107,241.92799999999997,237.9885,237.419,0.5013201031464052
2022-05-12,002594.SZ,249.99,257.7,248.71,254.09,252.7,1.39,0.5501,241156.06,6107994.847,0.005500593589236269,0.005485520572748759,242.98600000000002,239.04299999999998,237.65183333333334,0.4692428595677843
2022-05-13,002594.SZ,259.8,271.5,255.91,270.08,254.09,15.99,6.293,367120.61,9733352.389,0.06293045771183436,0.06102967644069499,248.58599999999996,240.63899999999998,238.31666666666666,0.5098700636980937
2022-05-16,002594.SZ,271.11,273.0,265.3,267.12,270.08,-2.96,-1.096,202368.8,5441551.55,-0.010959715639810352,-0.011020215772193136,255.464,242.14499999999998,238.90233333333333,0.5121698387114014
2022-05-17,002594.SZ,268.98,285.0,268.5,282.5,267.12,15.38,5.7577,293489.03,8193618.911,0.057577118897873536,0.055980554951096474,265.298,244.20549999999997,239.63883333333334,0.5423258257841097
2022-05-18,002594.SZ,282.5,288.0,279.0,281.42,282.5,-1.08,-0.3823,205302.7,5812000.946,-0.003823008849557441,-0.0038303352263859033,271.04200000000003,246.4665,240.31916666666666,0.5332315478814513
2022-05-19,002594.SZ,275.31,285.35,274.3,284.51,281.42,3.09,1.098,173636.51,4879756.543,0.010980029848624673,0.010920186973436417,277.12600000000003,248.737,240.97083333333333,0.5331560381113392
2022-05-20,002594.SZ,287.01,291.61,281.2,287.7,284.51,3.19,1.1212,178683.36,5125699.547,0.011212259674528102,0.011149868223955972,280.65,250.879,241.71650000000002,0.5303563918183622
2022-05-23,002594.SZ,292.7,298.0,287.81,295.2,287.7,7.5,2.6069,255588.16,7496178.213,0.026068821689259725,0.02573482216881528,286.26599999999996,253.54999999999995,242.605,0.5276098251069683
2022-05-24,002594.SZ,290.0,292.96,281.0,281.0,295.2,-14.2,-4.8103,290496.53,8303003.901,-0.048102981029810254,-0.04929842339257162,285.966,255.89799999999997,243.33083333333335,0.5475390182399086
2022-05-25,002594.SZ,281.26,288.65,278.03,287.2,281.0,6.2,2.2064,230857.73,6563211.987,0.02206405693950164,0.02182416784032322,287.12199999999996,258.488,243.91750000000002,0.5490291208105836
2022-05-26,002594.SZ,287.37,291.22,282.5,286.64,287.2,-0.56,-0.195,143094.99,4106312.149,-0.001949860724233976,-0.001951764177370738,287.54799999999994,261.445,244.61383333333333,0.5263397660645716
2022-05-27,002594.SZ,292.95,297.61,286.65,288.88,286.64,2.24,0.7815,153186.85,4467796.259,0.007814680435389354,0.007784303972503952,287.784,264.2985,245.29783333333336,0.5259122132049134
2022-05-30,002594.SZ,292.0,299.7,291.08,298.12,288.88,9.24,3.1986,218523.5,6485731.977,0.03198559955690938,0.03148471304429071,288.36800000000005,267.454,246.10649999999998,0.5308695640376943
2022-05-31,002594.SZ,300.0,300.96,293.51,295.91,298.12,-2.21,-0.7413,177011.19,5242211.08,-0.007413122232657887,-0.0074407359772925025,291.35,270.65049999999997,246.842,0.5277419529236349
2022-06-01,002594.SZ,298.0,304.8,293.12,299.98,295.91,4.07,1.3754,216911.75,6501902.117,0.013754182014801719,0.013660451731012851,293.906,273.4995,247.69833333333332,0.5116243199919515
2022-06-02,002594.SZ,296.0,305.0,295.22,301.02,299.98,1.04,0.3467,177727.77,5355773.611,0.0034668977931859857,0.003460901957002981,296.782,276.11049999999994,248.62849999999997,0.5099799040420849
2022-06-06,002594.SZ,304.0,320.47,302.55,318.23,301.02,17.21,5.7172,294757.29,9260502.507,0.05717228091156756,0.05559768406219788,302.652,279.918,250.03566666666666,0.5163406609266529
2022-06-07,002594.SZ,318.0,319.87,311.11,314.89,318.23,-3.34,-1.0496,200220.89,6296538.086,-0.010495553530465496,-0.010551020296723215,306.006,284.026,251.557,0.48694621647885494
2022-06-08,002594.SZ,318.6,328.06,313.01,327.41,314.89,12.52,3.976,290513.4,9321932.807,0.03975991616119923,0.03898983665835359,312.30600000000004,288.73,253.41066666666666,0.49155328272110915
2022-06-09,002594.SZ,334.03,334.8,321.0,322.41,327.41,-5.0,-1.5271,307541.72,10050640.39,-0.015271372285513563,-0.015389180626873054,316.79200000000003,292.2155,255.05766666666668,0.43886908154659104
2022-06-10,002594.SZ,321.5,350.0,321.06,348.8,322.41,26.39,8.1852,438249.0,14790622.515,0.08185229986662934,0.07867466451365286,326.34800000000007,296.951,257.05266666666665,0.5016499860329724
2022-06-13,002594.SZ,346.0,358.86,340.6,348.8,348.8,0.0,0.0,360681.32,12573534.324,0.0,0.0,332.46200000000005,300.88700000000006,259.03516666666667,0.47321227281288436
2022-06-14,002594.SZ,342.0,344.79,327.23,343.59,348.8,-5.21,-1.4937,404789.34,13634616.448,-0.014936926605504719,-0.01504960595709013,338.202,304.7105,261.1116666666667,0.4761165413257573
2022-06-15,002594.SZ,343.97,346.23,332.52,335.0,343.59,-8.59,-2.5001,303947.87,10285857.695,-0.025000727611397267,-0.025318554252668095,339.71999999999997,307.3355,263.14833333333337,0.46384258414776586
2022-06-16,002594.SZ,335.5,342.7,333.41,336.0,335.0,1.0,0.2985,190172.45,6410739.474,0.0029850746268655914,0.00298062813813772,342.438,310.0645,264.9245,0.46198050912177285
2022-06-17,002594.SZ,330.1,341.2,327.07,338.0,336.0,2.0,0.5952,262147.59,8830738.834,0.005952380952380931,0.0059347355198145265,340.27799999999996,312.739,266.64283333333333,0.4620823129783007
2022-06-20,002594.SZ,338.08,348.66,335.02,342.18,338.0,4.18,1.2367,245415.57,8405361.56,0.012366863905325376,0.012291018913483637,338.954,315.463,268.4375,0.4621722744439527
2022-06-21,002594.SZ,339.76,341.8,332.2,341.0,342.18,-1.18,-0.3448,197827.39,6666969.509,-0.0034484774095505655,-0.003454437112985732,338.43600000000004,317.75300000000004,270.0311666666667,0.4596713257700002
2022-06-22,002594.SZ,342.42,347.63,338.0,339.88,341.0,-1.12,-0.3284,186787.83,6412052.153,-0.0032844574780058755,-0.0032898631481762166,339.412,320.697,271.61583333333334,0.4127356592344393
2022-06-23,002594.SZ,344.7,354.05,338.0,353.5,339.88,13.62,4.0073,323142.26,11251775.974,0.04007296692950457,0.0392908712012869,342.912,324.012,273.388,0.4245739248580665
2022-06-24,002594.SZ,352.99,356.28,346.01,351.05,353.5,-2.45,-0.6931,235983.55,8273168.197,-0.006930693069306937,-0.00695482187336961,345.52200000000005,327.2325,275.12083333333334,0.4269146054651741
2022-06-27,002594.SZ,352.07,357.0,348.33,349.69,351.05,-1.36,-0.3874,217155.24,7630684.845,-0.0038740920096852483,-0.00388161574217598,347.024,330.273,277.0271666666667,0.42990280912371426
2022-06-28,002594.SZ,347.0,358.8,342.71,352.9,349.69,3.21,0.918,269634.71,9447959.128,0.009179559038005047,0.00913768296014246,349.404,333.01200000000006,279.0688333333334,0.4219366528309001
2022-06-29,002594.SZ,349.99,350.0,331.49,331.61,352.9,-21.29,-6.0329,361146.02,12246017.195,-0.06032870501558507,-0.06222515105935172,347.75,334.797,280.7456666666667,0.48586252344513153
2022-06-30,002594.SZ,331.0,339.35,330.0,333.49,331.61,1.88,0.5669,220144.78,7372602.921,0.0056693103344289675,0.005653300276750221,343.748,336.47249999999997,282.35350000000005,0.4850310232673975
2022-07-01,002594.SZ,332.18,333.0,320.1,329.2,333.49,-4.29,-1.2864,234112.63,7658689.348,-0.012863953941647521,-0.012947411095708183,339.37800000000004,337.8815,284.01016666666663,0.489492065055397
2022-07-04,002594.SZ,332.0,338.21,330.2,336.16,329.2,6.96,2.1142,209512.06,7020823.754,0.0211421628189552,0.020921768293775695,336.672,338.778,285.68016666666665,0.45390295063983555
2022-07-05,002594.SZ,337.0,340.6,329.59,333.89,336.16,-2.27,-0.6753,173757.03,5819208.075,-0.006752736792003944,-0.006775639682117293,332.87,339.72799999999995,287.21333333333337,0.45260565659379765
2022-07-06,002594.SZ,333.8,340.6,331.99,336.1,333.89,2.21,0.6619,183434.2,6179119.713,0.006618946359579603,0.006597137316486947,333.76800000000003,340.1625,288.815,0.4320315264710254
2022-07-07,002594.SZ,337.7,351.95,333.37,349.38,336.1,13.28,3.9512,304648.74,10511816.689,0.039512049985123365,0.038751420346023496,336.946,341.511,290.5716666666667,0.4470634902070955
2022-07-08,002594.SZ,349.38,351.88,338.0,338.0,349.38,-11.38,-3.2572,190477.57,6547699.048,-0.032571984658537945,-0.03311425959406476,338.706,340.971,292.3216666666667,0.3601923990075175
2022-07-11,002594.SZ,335.88,335.88,318.88,324.3,338.0,-13.7,-4.0533,254317.44,8284856.773,-0.04053254437869824,-0.04137688216974651,336.334,339.746,293.7573333333333,0.38602419982239755
2022-07-12,002594.SZ,320.0,321.0,300.08,309.0,324.3,-15.3,-4.7179,450514.69,13935271.931,-0.04717853839037933,-0.04832773641552688,331.35600000000005,338.0165,294.95733333333334,0.4147544762776731
2022-07-13,002594.SZ,309.0,313.84,296.77,309.88,309.0,0.88,0.2848,341066.95,10439432.846,0.002847896440129505,0.002843848865956365,326.11199999999997,336.7605,296.10050000000007,0.40864548926375827
2022-07-14,002594.SZ,308.91,323.0,307.0,323.0,309.88,13.12,4.2339,272489.36,8631732.044,0.04233896992384145,0.04146719745895473,320.836,336.1105,297.54716666666667,0.43971473218808554
2022-07-15,002594.SZ,335.0,349.89,333.0,338.19,323.0,15.19,4.7028,444507.84,15284697.866,0.047027863777089784,0.045955544501893084,320.874,336.12,299.1986666666667,0.4720595133767639
2022-07-18,002594.SZ,345.0,346.0,328.0,337.1,338.19,-1.09,-0.3223,238911.56,8007559.907,-0.0032230403027883048,-0.003228245484534511,323.434,335.866,300.736,0.47007939268918353
2022-07-19,002594.SZ,337.1,337.1,327.62,331.1,337.1,-6.0,-1.7799,158180.25,5239778.187,-0.017798872738059912,-0.017959177686814442,327.85400000000004,335.371,302.2246666666667,0.4740853103052559
2022-07-20,002594.SZ,332.98,333.86,329.08,331.7,331.1,0.6,0.1812,103263.48,3425066.981,0.0018121413470248982,0.0018105013998059771,332.218,334.962,303.8523333333334,0.4741113912902577
2022-07-21,002594.SZ,329.0,331.0,322.94,324.5,331.7,-7.2,-2.1706,132003.28,4303073.903,-0.02170636116973168,-0.021945409808862046,332.51800000000003,333.512,305.33733333333333,0.4537662274736337
2022-07-22,002594.SZ,326.01,334.66,326.0,329.62,324.5,5.12,1.5778,141773.74,4687025.063,0.01577812018489988,0.015654939661889303,330.804,332.4405,307.03933333333333,0.4588727338599646
2022-07-25,002594.SZ,326.0,327.0,320.0,322.95,329.62,-6.67,-2.0235,115017.1,3705167.359,-0.020235422607851494,-0.020442963327552258,327.97400000000005,331.10350000000005,308.55833333333334,0.4630627055554006
2022-07-26,002594.SZ,322.48,327.68,320.0,325.0,322.95,2.05,0.6348,107656.16,3493834.391,0.006347731847035076,0.0063276698512556885,326.754,329.7085,310.0581666666667,0.4621373147094465
2022-07-27,002594.SZ,324.0,329.8,321.01,325.8,325.0,0.8,0.2462,91055.72,2961812.249,0.002461538461538515,0.0024585138382073233,325.574,329.418,311.62183333333337,0.4110176351933721
2022-07-28,002594.SZ,329.02,331.45,324.0,325.43,325.8,-0.37,-0.1136,109065.17,3572559.082,-0.0011356660527931384,-0.0011363114101380933,325.76,329.015,312.9956666666667,0.41035783351269794
2022-07-29,002594.SZ,323.0,327.8,317.96,320.36,325.33,-4.97,-1.5277,114853.64,3695131.506,-0.01557938727222441,-0.01570202130232513,323.908,328.573,314.1883333333334,0.41151892448764593
2022-08-01,002594.SZ,317.98,332.08,316.32,330.54,320.36,10.18,3.1777,187583.76,6141512.246,0.03177675115495071,0.03128231725719868,325.42600000000004,328.29200000000003,315.66266666666667,0.42075017240892304
2022-08-02,002594.SZ,324.9,330.48,321.3,326.6,330.54,-3.94,-1.192,156642.66,5110091.378,-0.011919888667029754,-0.011991500176315473,325.746,327.9275,317.2271666666667,0.42216446523335305
2022-08-03,002594.SZ,326.7,334.85,318.89,321.99,326.6,-4.61,-1.4115,188723.11,6197191.078,-0.014115125535823725,-0.014215691374822105,324.98400000000004,327.222,318.7048333333333,0.42376502478672345
2022-08-04,002594.SZ,328.0,331.47,322.1,326.8,321.99,4.81,1.4938,186636.77,6098858.889,0.014938352122736642,0.01482787382430501,325.258,326.09299999999996,319.9398333333334,0.40031639167160493
2022-08-05,002594.SZ,330.0,331.89,318.28,324.49,326.8,-2.31,-0.7069,157563.85,5115620.394,-0.00706854345165242,-0.0070936439575317355,326.084,325.41749999999996,321.1131666666667,0.3853120034196045
2022-08-08,002594.SZ,322.11,324.9,319.0,321.35,324.49,-3.14,-0.9677,129487.86,4158491.944,-0.009676723473758808,-0.00972384721102091,324.24600000000004,325.27,321.9676666666667,0.3587828154465025
2022-08-09,002594.SZ,321.18,323.8,318.15,319.72,321.35,-1.63,-0.5072,116106.61,3719885.52,-0.005072351019137944,-0.005085259059476835,322.87,325.806,322.84433333333334,0.314022112804755
2022-08-10,002594.SZ,319.7,319.7,305.0,308.35,319.72,-11.37,-3.5562,258499.01,7998810.821,-0.03556236707118732,-0.0362101113203165,320.142,325.72950000000003,323.2751666666667,0.34091522334589663
2022-08-11,002594.SZ,311.43,315.89,305.6,315.02,308.35,6.67,2.1631,165444.81,5159742.999,0.021631263174963333,0.021400627436087376,317.786,325.33050000000003,323.8351666666666,0.31361219232040227
2022-08-12,002594.SZ,315.02,316.28,310.0,311.93,315.02,-3.09,-0.9809,101337.63,3165436.406,-0.009808901022157257,-0.009857325210705764,315.274,324.01750000000004,324.2921666666667,0.257965498842195
2022-08-15,002594.SZ,312.2,319.23,311.22,315.21,311.93,3.28,1.0515,135119.26,4265356.112,0.010515179687750287,0.01046027970590987,314.046,322.92300000000006,324.7506666666667,0.26300924487136135
2022-08-16,002594.SZ,315.8,321.89,315.5,318.92,315.21,3.71,1.177,157243.31,5029761.317,0.01176993115700653,0.011701204265501202,313.88599999999997,322.314,325.14599999999996,0.2622136313406848
2022-08-17,002594.SZ,319.99,329.6,316.72,327.93,318.92,9.01,2.8252,210871.13,6808620.194,0.028251599147121498,0.02785988333955906,317.802,322.1255,325.92816666666664,0.2829433904434238
2022-08-18,002594.SZ,327.0,330.0,323.84,326.04,327.93,-1.89,-0.5763,142790.44,4659424.799,-0.00576342512121486,-0.005780097747597075,320.00600000000003,322.2025,326.57550000000003,0.27250257518976084
2022-08-19,002594.SZ,325.03,327.44,317.0,319.39,326.04,-6.65,-2.0396,124289.23,3993178.34,-0.020396270396270455,-0.020607146639292043,321.498,321.69100000000003,327.1213333333333,0.2756210951221111
2022-08-22,002594.SZ,316.0,326.09,312.22,323.09,319.39,3.7,1.1585,147667.65,4747212.897,0.011584583111556412,0.011517995594295543,323.07399999999996,321.698,327.6915,0.26991362212758074
2022-08-23,002594.SZ,324.0,325.55,318.98,321.61,323.09,-1.48,-0.4581,92999.75,2989844.195,-0.004580766968955929,-0.004591290832510451,323.61199999999997,321.5285,328.08299999999997,0.2693772705872911
2022-08-24,002594.SZ,321.68,322.96,309.3,309.5,321.61,-12.11,-3.7654,186782.83,5854016.197,-0.037654301794098455,-0.03838153922409891,319.92600000000004,320.7135,328.3095,0.29968200486367036
2022-08-25,002594.SZ,309.56,311.08,302.66,309.58,309.5,0.08,0.0258,140220.73,4308297.637,0.00025848142164774934,0.00025844802108057423,316.634,319.921,328.4695,0.2998004393127606
2022-08-26,002594.SZ,312.99,317.93,310.0,315.73,309.58,6.15,1.9866,122126.55,3849213.721,0.01986562439434092,0.019670877827737788,315.902,319.68950000000007,328.71466666666663,0.30536349581527783
2022-08-29,002594.SZ,313.67,316.87,311.49,313.55,315.73,-2.18,-0.6905,85911.66,2696123.151,-0.0069046337060146845,-0.006928580984439249,313.994,318.84,328.63666666666666,0.2809422884820083
2022-08-30,002594.SZ,315.5,318.5,310.0,310.85,313.55,-2.7,-0.8611,110247.37,3454778.56,-0.008611066815499835,-0.008648356273683211,311.842,318.0525,328.5693333333333,0.2797113622802611
2022-08-31,002594.SZ,291.0,296.6,284.0,287.98,310.85,-22.87,-7.3572,408059.74,11841919.126,-0.07357246260254147,-0.07641944743522218,307.538,316.35200000000003,327.9121666666667,0.3760116715941701
2022-09-01,002594.SZ,285.0,294.6,284.03,286.7,287.98,-1.28,-0.4445,192582.33,5566420.145,-0.00444475310785486,-0.004454660390800411,302.962,314.34700000000004,327.317,0.3683972578347646
2022-09-02,002594.SZ,288.7,289.6,278.1,282.0,286.7,-4.7,-1.6393,161661.92,4561284.362,-0.016393442622950727,-0.01652930195121047,296.216,312.2225,326.20366666666666,0.3701508620498587
2022-09-05,002594.SZ,269.0,270.88,261.1,268.76,282.0,-13.24,-4.695,351208.27,9364600.412,-0.046950354609929135,-0.04808828288616443,287.258,309.593,324.86966666666666,0.3967775168370818
2022-09-06,002594.SZ,268.77,274.45,267.21,272.94,268.76,4.18,1.5553,189902.84,5154529.158,0.015552909659175551,0.01543320275801858,279.676,307.254,323.6921666666667,0.4058547218309794
2022-09-07,002594.SZ,272.0,285.05,270.6,282.7,272.94,9.76,3.5759,190873.17,5345727.757,0.03575877482230516,0.035134273889576836,278.62,305.9715,322.82050000000004,0.4193262095675246
2022-09-08,002594.SZ,283.0,284.99,277.0,278.26,282.7,-4.44,-1.5706,116429.11,3267426.059,-0.015705695083127025,-0.015830336285813984,276.932,304.1335,321.8581666666667,0.4099015954249638
2022-09-09,002594.SZ,280.99,281.49,276.99,279.7,278.26,1.44,0.5175,76098.26,2125233.636,0.005175016171925506,0.0051616717941832995,276.472,302.522,320.8865,0.41143560342652474
2022-09-13,002594.SZ,282.0,286.69,279.37,284.8,279.7,5.1,1.8234,111524.11,3162351.107,0.018233821952091667,0.0180695793299068,279.67999999999995,301.00149999999996,319.9301666666667,0.416208606120563
2022-09-14,002594.SZ,282.0,283.8,276.26,278.33,284.8,-6.47,-2.2718,105151.06,2935617.133,-0.022717696629213524,-0.02297971947469258,280.758,298.97200000000004,318.8856666666667,0.41608260878060227
2022-09-15,002594.SZ,280.0,280.5,266.91,269.5,278.33,-8.83,-3.1725,152395.23,4126260.385,-0.03172493083749506,-0.03223906971407632,278.118,296.0505,317.7126666666666,0.40402897037145363
2022-09-16,002594.SZ,268.0,271.45,264.36,265.98,269.5,-3.52,-1.3061,104476.36,2797971.959,-0.013061224489795853,-0.01314727236403462,275.662,293.0475,316.254,0.40397634622235584
2022-09-19,002594.SZ,268.0,273.9,266.68,270.35,265.98,4.37,1.643,110949.99,3006108.121,0.016429806752387366,0.016296297842996667,273.79200000000003,290.5955,314.909,0.4122469104996665
2022-09-20,002594.SZ,273.8,277.49,272.01,274.21,270.35,3.86,1.4278,111245.02,3058894.059,0.014277788052524443,0.014176820365319654,271.674,288.1515,313.65099999999995,0.41404845754314124
2022-09-21,002594.SZ,271.8,272.61,267.0,270.0,274.21,-4.21,-1.5353,83753.63,2258898.398,-0.015353196455271445,-0.015472277194958752,270.008,285.571,312.26933333333335,0.4146895241039895
2022-09-22,002594.SZ,267.49,269.38,261.3,268.55,270.0,-1.45,-0.537,92799.5,2468839.436,-0.005370370370370359,-0.005384842646906392,269.81800000000004,283.5235,311.2183333333333,0.40003441378151855
2022-09-23,002594.SZ,267.09,269.77,264.28,266.4,268.55,-2.15,-0.8006,79644.12,2125444.095,-0.008005957922174733,-0.008038177685234375,269.902,281.3645,310.10016666666667,0.3991852519517259
2022-09-26,002594.SZ,266.4,276.0,263.58,272.95,266.4,6.55,2.4587,143606.4,3911414.127,0.024587087087087234,0.024289689561532685,270.42199999999997,279.22549999999995,309.1626666666667,0.4037530612419261
2022-09-27,002594.SZ,272.96,274.83,270.06,273.96,272.95,1.01,0.37,83095.93,2262822.665,0.003700311412346613,0.003693482101937888,270.372,277.246,308.12600000000003,0.4055163976653613
2022-09-28,002594.SZ,273.0,273.0,265.5,265.62,273.96,-8.34,-3.0442,85620.18,2293531.516,-0.03044240035041601,-0.0309153943575997,269.496,274.98449999999997,306.98816666666664,0.41439543116499417
2022-09-29,002594.SZ,270.0,271.8,264.0,264.57,265.62,-1.05,-0.3953,88356.68,2355802.796,-0.003953015586175779,-0.003960849403905587,268.7,273.81399999999996,305.796,0.33283245329274896
2022-09-30,002594.SZ,263.0,263.55,249.0,252.01,264.57,-12.56,-4.7473,214035.88,5421385.039,-0.04747325849491624,-0.04863709730442437,265.822,272.0795,304.17316666666665,0.3668652604674727
2022-10-10,002594.SZ,252.27,256.4,249.44,251.2,252.01,-0.81,-0.3214,117478.5,2967008.054,-0.0032141581683267084,-0.003219334669731141,261.472,270.5395,302.7265,0.3649728674945328
2022-10-11,002594.SZ,252.0,257.38,249.33,255.01,251.2,3.81,1.5167,132820.39,3370369.988,0.015167197452229386,0.015053325481742208,257.68199999999996,269.852,301.57166666666666,0.336964048937525
2022-10-12,002594.SZ,254.0,263.25,249.95,262.34,255.01,7.33,2.8744,144871.43,3708582.158,0.028743970824673504,0.028338612311213863,257.026,269.322,300.794,0.3493158517270594
2022-10-13,002594.SZ,260.0,263.0,258.08,258.18,262.34,-4.16,-1.5857,96186.6,2497932.932,-0.015857284440039532,-0.01598435630843625,255.748,268.096,299.9323333333333,0.32285886474976566
2022-10-14,002594.SZ,262.08,269.1,259.95,264.54,258.18,6.36,2.4634,145694.51,3854443.049,0.024633976295607818,0.02433545251933809,258.254,267.40999999999997,298.95799999999997,0.33551015515548166
2022-10-17,002594.SZ,263.0,263.0,256.69,260.66,264.54,-3.88,-1.4667,109678.36,2842978.645,-0.01466696907840026,-0.014775592495327559,260.146,266.45799999999997,297.66583333333335,0.3370274023229646
2022-10-18,002594.SZ,279.0,279.0,272.5,273.67,260.66,13.01,4.9912,244141.79,6717206.761,0.049911762449167396,0.04870612487553175,263.878,265.9015,296.6086666666667,0.3799067153297266
2022-10-19,002594.SZ,273.67,276.44,266.88,267.5,273.67,-6.17,-2.2545,134004.03,3642369.174,-0.022545401395841713,-0.022803434642044332,264.91,265.36,295.54866666666663,0.3797808799718277
2022-10-20,002594.SZ,264.0,265.58,257.4,263.51,267.5,-3.99,-1.4916,128416.78,3355270.263,-0.014915887850467269,-0.015028248410615813,265.976,265.0605,294.4121666666667,0.3666208069140534
2022-10-21,002594.SZ,263.52,270.88,262.01,266.3,263.51,2.79,1.0588,104785.54,2794657.482,0.01058783347880543,0.010532174894441214,266.32800000000003,265.0765,293.44216666666665,0.3658006516936888
2022-10-24,002594.SZ,264.9,266.31,253.57,255.57,266.3,-10.73,-4.0293,167412.56,4324097.663,-0.04029290274126929,-0.04112714809702779,265.31,264.3375,292.20799999999997,0.3874258046507875
2022-10-25,002594.SZ,253.0,260.59,250.03,257.91,255.57,2.34,0.9156,113242.67,2897739.554,0.00915600422584828,0.009114342131603774,262.158,263.5225,291.12399999999997,0.38489810903762006
2022-10-26,002594.SZ,260.0,264.04,255.29,257.87,257.91,-0.04,-0.0155,126415.27,3279130.696,-0.00015509286185111382,-0.00015510488999268107,260.23199999999997,262.916,290.00516666666664,0.3820838982183608
2022-10-27,002594.SZ,258.99,260.72,255.0,255.0,257.87,-2.87,-1.113,97765.82,2516238.985,-0.011129638965370114,-0.011192036806043621,258.53000000000003,262.2385,288.82516666666663,0.38329863742859654
2022-10-28,002594.SZ,253.0,253.0,235.81,239.89,255.0,-15.11,-5.9255,263163.93,6372054.067,-0.05925490196078431,-0.061083060216595375,253.248,260.913,287.39949999999993,0.43330932769847674
2022-10-31,002594.SZ,237.5,251.0,237.11,246.67,239.89,6.78,2.8263,187942.33,4625511.532,0.028262953853849693,0.0278709260104818,251.468,259.59900000000005,286.17133333333334,0.43680609546837706
2022-11-01,002594.SZ,247.11,262.2,247.0,261.82,246.67,15.15,6.1418,219282.71,5620272.304,0.06141808894474399,0.05960583379964041,252.25,258.992,285.026,0.4955961504170162
2022-11-02,002594.SZ,261.0,271.6,258.36,267.56,261.82,5.74,2.1923,187319.29,4980989.815,0.021923458864869128,0.02168659549825445,254.18800000000002,259.08900000000006,284.04200000000003,0.4902876573347111
2022-11-03,002594.SZ,265.02,271.76,264.1,267.98,267.56,0.42,0.157,102383.97,2747240.766,0.0015697413664226278,0.0015685106102548024,256.784,259.2595,283.14183333333335,0.48996678317430653
2022-11-04,002594.SZ,268.98,283.02,268.0,280.2,267.98,12.22,4.56,224886.89,6270505.264,0.04560041794163738,0.04459128304244463,264.846,260.669,282.36516666666665,0.478864379166653
2022-11-07,002594.SZ,275.0,282.03,272.99,278.88,280.2,-1.32,-0.4711,135842.06,3781158.42,-0.004710920770877869,-0.004722052131195763,271.288,262.053,281.60499999999996,0.47926518536117374
2022-11-08,002594.SZ,279.45,282.6,273.5,276.41,278.88,-2.47,-0.8857,105634.49,2925766.812,-0.008856855995410085,-0.008896311082583989,274.206,263.123,280.85599999999994,0.48053769453516104
2022-11-09,002594.SZ,278.15,278.88,268.64,269.63,276.41,-6.78,-2.4529,111946.36,3038705.77,-0.02452877971129852,-0.024834621877293978,274.62,263.4875,280.02116666666666,0.48205228610148976
2022-11-10,002594.SZ,264.63,264.97,255.8,260.26,269.63,-9.37,-3.4751,155496.77,4039239.83,-0.03475132589103591,-0.03536951746322157,273.07599999999996,263.5915,279.2196666666667,0.49570737959895816
2022-11-11,002594.SZ,270.5,272.97,265.16,268.8,260.26,8.54,3.2813,166099.59,4467701.122,0.032813340505648325,0.03228647730038334,270.796,263.8045,278.44933333333336,0.5017234000773453
2022-11-14,002594.SZ,269.23,272.54,262.76,263.79,268.8,-5.01,-1.8638,115236.97,3071390.41,-0.01863839285714286,-0.018814276589974036,267.778,263.961,277.647,0.5035913022259736
2022-11-15,002594.SZ,263.99,268.3,260.1,267.0,263.79,3.21,1.2169,112848.35,2985500.714,0.0121687706129876,0.01209532634122908,265.896,263.6275,276.8435,0.471865426676084
2022-11-16,002594.SZ,265.78,266.6,260.1,261.08,267.0,-5.92,-2.2172,103549.41,2719934.793,-0.02217228464419485,-0.022421784633232952,264.18600000000004,263.3065,275.8795,0.4716393220602926
2022-11-17,002594.SZ,259.91,259.91,253.58,257.0,261.08,-4.08,-1.5627,111260.57,2842104.513,-0.015627393902252096,-0.015750788871796786,263.534,262.981,274.69733333333335,0.47192852764479626
2022-11-18,002594.SZ,257.77,259.56,253.5,254.68,257.0,-2.32,-0.9027,101183.76,2595461.705,-0.009027237354085615,-0.00906822974639523,260.71,262.4,273.508,0.47076858032463903
2022-11-21,002594.SZ,252.84,254.6,248.51,254.2,254.68,-0.48,-0.1885,82515.07,2082807.825,-0.0018847180775876105,-0.0018864963934709553,258.79200000000003,262.3315,272.4215,0.4483354402543933
2022-11-22,002594.SZ,255.0,255.25,250.0,250.49,254.2,-3.71,-1.4595,80145.51,2013576.333,-0.014594807238394902,-0.014702359186945542,255.48999999999995,261.9605,271.2115,0.44990263680251735
2022-11-23,002594.SZ,250.49,251.5,247.2,251.5,250.49,1.01,0.4032,88468.81,2209509.306,0.00403209708970409,0.004023989971385738,253.57399999999998,261.642,270.043,0.4502620207509717
2022-11-24,002594.SZ,253.35,255.0,248.28,249.39,251.5,-2.11,-0.839,85314.06,2137710.348,-0.008389662027833089,-0.008425053328687556,252.052,261.36150000000004,269.04116666666664,0.4495383781362437
2022-11-25,002594.SZ,249.0,249.0,245.0,245.05,249.39,-4.34,-1.7402,87821.64,2160628.974,-0.01740246200729767,-0.017555664855549782,250.12599999999998,261.6195,267.96566666666666,0.39897884129543165
2022-11-28,002594.SZ,240.0,245.13,237.22,245.11,245.05,0.06,0.0245,99109.28,2387430.973,0.0002448479902061873,0.0002448180198290579,248.308,261.5415,266.78866666666664,0.3861097112869441
2022-11-29,002594.SZ,246.28,249.68,243.0,248.3,245.11,3.19,1.3015,123580.78,3051509.362,0.013014564889233471,0.012930603138735532,247.86999999999998,260.8655,265.70116666666667,0.31573753594228887
2022-11-30,002594.SZ,248.36,260.0,246.48,259.52,248.3,11.22,4.5187,212873.38,5434244.563,0.04518727345952467,0.04419607841292708,249.474,260.46349999999995,264.84566666666666,0.34865029945882026
2022-12-01,002594.SZ,268.0,270.95,264.92,266.66,259.52,7.14,2.7512,257985.85,6927128.718,0.02751233045622703,0.027140667760264442,252.92800000000003,260.3975,264.49033333333335,0.36333223374890133
2022-12-02,002594.SZ,264.92,267.57,260.48,262.08,266.66,-4.58,-1.7175,116075.38,3062453.852,-0.017175429385734797,-0.01732463802260795,256.334,259.4915,264.08,0.32516024845570984
2022-12-05,002594.SZ,265.95,267.59,261.9,263.36,262.08,1.28,0.4884,105233.09,2776465.999,0.004884004884005089,0.004872116824000592,259.98400000000004,258.7155,263.76933333333335,0.32632680458739294
2022-12-06,002594.SZ,260.55,271.63,260.01,267.6,263.36,4.24,1.61,123006.79,3283672.654,0.016099635479951413,0.01597141076536841,263.844,258.275,263.75,0.332015351998178
2022-12-07,002594.SZ,267.65,278.28,267.65,273.74,267.6,6.14,2.2945,192665.93,5284876.703,0.022944693572496178,0.02268542252904679,266.688,258.4805,263.7633333333334,0.33093813451435433
2022-12-08,002594.SZ,273.75,275.0,270.87,274.29,273.74,0.55,0.2009,94580.65,2587392.486,0.0020092058157377135,0.0020071900613247815,268.214,259.182,263.62316666666663,0.3028566745071054
2022-12-09,002594.SZ,275.48,277.7,271.45,274.7,274.29,0.41,0.1495,100992.32,2768392.889,0.001494768310911665,0.0014936522567831501,270.738,259.477,263.5638333333333,0.28133036151767893
2022-12-12,002594.SZ,271.96,273.47,268.0,269.88,274.7,-4.82,-1.7546,80128.21,2168695.196,-0.01754641427011283,-0.017702177342003536,272.04200000000003,259.7815,263.4001666666666,0.2803322492409559
2022-12-13,002594.SZ,272.0,275.0,269.5,269.8,269.88,-0.08,-0.0296,61384.33,1667300.818,-0.00029642804209273343,-0.0002964719855690699,272.482,259.92150000000004,263.1501666666667,0.27739210109647316
2022-12-14,002594.SZ,269.41,269.44,263.6,266.4,269.8,-3.4,-1.2602,94364.62,2507895.817,-0.012601927353595332,-0.012682005107421512,271.014,260.1875,262.9513333333333,0.2688916745972828
2022-12-15,002594.SZ,266.33,272.28,263.51,271.46,266.4,5.06,1.8994,97123.45,2610706.544,0.01899399399399404,0.018815860203585024,270.448,260.9105,262.98400000000004,0.26833424379038745
2022-12-16,002594.SZ,270.07,271.37,267.55,270.51,271.46,-0.95,-0.35,56196.64,1512400.641,-0.003499594783761828,-0.0035057326898939815,269.61,261.702,263.0595,0.2657876376968893
2022-12-19,002594.SZ,268.99,275.0,265.61,266.5,270.51,-4.01,-1.4824,84038.91,2264390.155,-0.014823851243946584,-0.014934822574025751,268.934,262.317,262.99533333333335,0.2729122105152452
2022-12-20,002594.SZ,265.9,265.9,258.68,261.6,266.5,-4.9,-1.8386,84908.21,2218820.935,-0.01838649155722316,-0.01855762402285549,267.294,262.8725,262.78516666666667,0.27637301902652356
2022-12-21,002594.SZ,261.58,262.85,259.6,260.8,261.6,-0.8,-0.3058,41966.3,1095313.222,-0.003058103975535187,-0.003062789530545767,266.17400000000004,263.3375,262.63183333333336,0.2769340494632993
2022-12-22,002594.SZ,263.0,263.5,258.51,259.19,260.8,-1.61,-0.6173,59209.95,1543323.319,-0.006173312883435589,-0.006192446565528713,263.71999999999997,263.8275,262.4758333333333,0.2759454185127213
2022-12-23,002594.SZ,256.1,256.4,250.5,252.18,259.19,-7.01,-2.7046,90818.68,2294101.018,-0.027045796519927445,-0.027418265241888833,260.054,264.18399999999997,262.23883333333333,0.28687796534786253
2022-12-26,002594.SZ,252.2,263.5,252.19,262.42,252.18,10.24,4.0606,93547.53,2430254.725,0.04060591640891431,0.039803155432489384,259.238,265.04949999999997,262.06333333333333,0.3184110320013118
2022-12-27,002594.SZ,263.46,263.98,259.8,262.12,262.42,-0.3,-0.1143,55536.54,1453871.979,-0.001143205548357673,-0.0011438595062736269,259.342,265.7405,261.86600000000004,0.31682502812055185
2022-12-28,002594.SZ,257.5,259.2,253.0,254.62,262.12,-7.5,-2.8613,102563.78,2612261.022,-0.028612849076758762,-0.029030176537796826,258.106,265.4955,261.68266666666665,0.29362927679694667
2022-12-29,002594.SZ,253.99,258.86,252.13,254.76,254.62,0.14,0.055,72255.77,1841122.254,0.0005498389757285782,0.000549687869665761,257.22,264.9005,261.51916666666665,0.27410783936646094
2022-12-30,002594.SZ,258.5,260.37,256.51,256.97,254.76,2.21,0.8675,74889.73,1931977.379,0.008674831213691503,0.008637421060891376,258.178,264.64500000000004,261.60183333333333,0.2706367756613005
2023-01-03,002594.SZ,256.41,261.92,250.0,260.48,256.97,3.51,1.3659,121374.3,3108609.041,0.013659182005681503,0.013566736250119154,257.79,264.50100000000003,261.7565,0.2748607493386747
2023-01-04,002594.SZ,260.0,260.48,256.5,259.1,260.48,-1.38,-0.5298,72674.59,1881537.612,-0.0052979115479114824,-0.005311995246111124,257.186,264.07599999999996,261.8246666666667,0.26823090517449566
2023-01-05,002594.SZ,262.52,267.59,261.06,265.08,259.1,5.98,2.308,118936.0,3143084.205,0.023079891933616148,0.022817579651961618,259.278,263.643,261.87033333333335,0.2683945511478649
2023-01-06,002594.SZ,267.91,271.2,265.1,266.2,265.08,1.12,0.4225,138855.23,3726792.589,0.004225139580503967,0.00421623874098511,261.566,263.2385,262.004,0.2688904404697234
2023-01-09,002594.SZ,268.0,268.0,262.29,263.38,266.2,-2.82,-1.0594,114168.82,3020383.48,-0.010593538692712179,-0.010650049678937132,262.848,262.6725,261.98466666666667,0.2706064097467396
2023-01-10,002594.SZ,262.05,269.58,257.31,266.59,263.38,3.21,1.2188,173512.54,4568518.535,0.012187713569747016,0.012114041381695499,264.07,262.508,262.0835,0.2684729316011608
2023-01-11,002594.SZ,264.9,271.0,261.41,268.99,266.59,2.4,0.9003,128363.75,3429408.754,0.009002588244120258,0.008962306525882842,266.048,262.4675,262.0055,0.27057716728619435
2023-01-12,002594.SZ,271.51,284.45,270.7,277.3,268.99,8.31,3.0893,223479.19,6213489.747,0.030893341759916648,0.030425748432079836,268.492,263.0125,262.16883333333334,0.2872704398139623
2023-01-13,002594.SZ,277.41,279.93,275.0,278.58,277.3,1.28,0.4616,128411.01,3556565.563,0.004615939415794967,0.004605318638152788,270.968,263.3685,262.42,0.280551907649037
2023-01-16,002594.SZ,278.58,278.77,272.0,273.8,278.58,-4.78,-1.7158,164999.89,4536354.778,-0.017158446406777106,-0.017307358405536703,273.052,263.533,262.545,0.2878382762413225
2023-01-17,002594.SZ,273.81,274.5,268.93,269.99,273.8,-3.81,-1.3915,111665.71,3020383.061,-0.01391526661796938,-0.014012991578898844,273.732,263.7075,262.78533333333337,0.2872032053575119
2023-01-18,002594.SZ,269.85,272.5,266.49,269.0,269.99,-0.99,-0.3667,86108.17,2315435.133,-0.0036668024741657312,-0.0036735416736106445,273.73400000000004,264.0775,262.97016666666667,0.2787867214564906
2023-01-19,002594.SZ,267.88,270.85,266.52,270.5,269.0,1.5,0.5576,81238.63,2185520.061,0.005576208178438735,0.005560718684697179,272.37399999999997,264.5625,263.1806666666667,0.2785819728775677
2023-01-20,002594.SZ,271.0,271.88,267.02,270.07,270.5,-0.43,-0.159,104649.35,2819530.181,-0.0015896487985213037,-0.0015909136307763914,270.67199999999997,265.1065,263.4318333333333,0.27727626774333936
2023-01-30,002594.SZ,285.0,288.0,281.0,281.99,270.07,11.92,4.4137,281854.41,8014418.508,0.044136705298626344,0.043190424660690105,272.31,266.59700000000004,264.1335,0.2924021887037685
2023-01-31,002594.SZ,285.0,288.8,280.39,285.8,281.99,3.81,1.3511,187110.17,5339962.478,0.013511117415511142,0.013420656179317073,275.47200000000004,267.766,264.78566666666666,0.2640179559869663
2023-02-01,002594.SZ,287.98,304.33,286.14,304.33,285.8,18.53,6.4836,272986.97,8144001.077,0.0648355493351993,0.06282037346858897,282.538,269.8765,265.4941666666667,0.3388840258255881
2023-02-02,002594.SZ,305.87,306.13,299.96,302.62,304.33,-1.71,-0.5619,148029.93,4485489.933,-0.005618900535602767,-0.0056347459409313945,288.962,272.2765,266.0785,0.31520149225630173
2023-02-03,002594.SZ,299.95,299.95,292.8,295.0,302.62,-7.62,-2.518,152948.28,4517779.88,-0.025180093847068985,-0.025502536683604936,293.948,274.2885,266.52883333333335,0.3366931094078125
2023-02-06,002594.SZ,291.69,291.69,287.61,289.98,295.0,-5.02,-1.7017,100446.6,2906251.55,-0.01701694915254226,-0.017163401254772007,295.546,275.93899999999996,266.69183333333336,0.34774327666946536
2023-02-07,002594.SZ,291.99,292.48,287.6,289.0,289.98,-0.98,-0.338,76834.74,2223584.358,-0.0033795434167874783,-0.0033852669726156565,296.186,277.36499999999995,266.8605,0.34820989619813963
2023-02-08,002594.SZ,289.0,289.0,282.8,285.66,289.0,-3.34,-1.1557,92901.44,2653105.085,-0.011557093425605403,-0.011624395677949628,292.452,278.69300000000004,267.01466666666664,0.351461726485674
2023-02-09,002594.SZ,284.0,288.82,282.3,288.33,285.66,2.67,0.9347,90648.89,2602093.564,0.00934677588741839,0.009303365068820063,289.594,279.8555,267.3263333333333,0.3454835382624661
2023-02-10,002594.SZ,285.88,285.9,280.0,281.86,288.33,-6.47,-2.244,129708.11,3659502.384,-0.022439565775326797,-0.022695163739937595,286.966,280.6385,267.6863333333333,0.3584193023158729
2023-02-13,002594.SZ,279.01,283.29,277.06,282.32,281.86,0.46,0.1632,93461.44,2628940.179,0.0016320158944156393,0.0016306856036496032,285.434,281.5855,267.9116666666667,0.35483377215513356
2023-02-14,002594.SZ,284.0,284.5,279.1,281.97,282.32,-0.35,-0.124,73643.68,2068766.543,-0.0012397279682628826,-0.0012404970666947996,284.028,282.35450000000003,268.2146666666667,0.3537787722615185
2023-02-15,002594.SZ,283.0,283.9,278.56,279.0,281.97,-2.97,-1.0533,90832.16,2549250.814,-0.010533035429301063,-0.010588900478954192,282.696,282.855,268.4146666666667,0.35619927546351793
2023-02-16,002594.SZ,280.0,281.79,274.85,277.02,279.0,-1.98,-0.7097,103348.15,2883947.589,-0.007096774193548483,-0.007122076074413176,280.434,282.841,268.68033333333335,0.3406010285674703
2023-02-17,002594.SZ,276.49,278.1,271.28,271.66,277.02,-5.36,-1.9349,100996.5,2764372.531,-0.01934878348133695,-0.01953842135260772,278.394,282.495,268.92466666666667,0.3470082191112991
2023-02-20,002594.SZ,271.59,273.3,267.0,272.8,271.66,1.14,0.4196,130701.48,3524868.435,0.0041964219980858974,0.0041876415749624,276.49,282.445,269.2266666666667,0.34209262971909815
2023-02-21,002594.SZ,272.0,276.56,270.28,274.75,272.8,1.95,0.7148,113690.06,3115649.014,0.007148093841642167,0.007122667314423648,275.046,282.683,269.5691666666667,0.3388574818113852
2023-02-22,002594.SZ,271.9,272.62,268.9,270.42,274.75,-4.33,-1.576,85087.96,2301668.445,-0.01575978161965419,-0.015885287353118793,273.33000000000004,282.754,269.90133333333335,0.3437900064134773
2023-02-23,002594.SZ,269.9,271.67,268.5,270.44,270.42,0.02,0.0074,100358.21,2705234.15,7.395902669915522e-05,7.395629186518302e-05,272.014,282.75100000000003,270.217,0.343262849843171
2023-02-24,002594.SZ,269.02,269.88,267.0,267.58,270.44,-2.86,-1.0575,66867.61,1790064.872,-0.010575358674752344,-0.010631675177003985,271.198,282.62649999999996,270.5201666666666,0.3453617832714999
2023-02-27,002594.SZ,265.0,265.89,258.0,259.81,267.58,-7.77,-2.9038,169703.81,4428436.083,-0.029038044696912957,-0.029467992402702977,268.6,281.51750000000004,270.76616666666666,0.31717190507779297
2023-02-28,002594.SZ,261.0,262.0,257.57,260.8,259.81,0.99,0.381,120330.03,3122819.224,0.0038104768869557937,0.0038032354097276757,265.81,280.2675,271.0276666666667,0.3119341740519683
2023-03-01,002594.SZ,260.75,266.54,257.76,265.5,260.8,4.7,1.8021,143657.61,3781045.101,0.01802147239263796,0.01786101062949556,264.82599999999996,278.32599999999996,271.31433333333337,0.1973718010181979
2023-03-02,002594.SZ,266.12,268.13,262.0,263.71,265.5,-1.79,-0.6742,114904.96,3043464.76,-0.006741996233521785,-0.006764826160843704,263.48,276.3805,271.38416666666666,0.19732837408924112
2023-03-03,002594.SZ,264.99,265.23,262.08,263.79,263.71,0.08,0.0303,63981.61,1686348.718,0.00030336354328630577,0.0003033175378706169,262.722,274.82,271.33633333333336,0.18624042063775673
2023-03-06,002594.SZ,264.0,264.63,258.0,264.27,263.79,0.48,0.182,112124.47,2932174.905,0.0018196292505401335,0.0018179757307934888,263.614,273.53450000000004,271.37283333333335,0.18277422254237968
2023-03-07,002594.SZ,264.18,266.99,260.5,260.68,264.27,-3.59,-1.3585,105932.88,2789608.646,-0.013584591516252242,-0.013677706325634302,263.59000000000003,272.11850000000004,271.3281666666667,0.18546410497836513
2023-03-08,002594.SZ,258.5,259.79,255.0,256.99,260.68,-3.69,-1.4155,120897.6,3104294.281,-0.014155286174620252,-0.014256427831829802,261.88800000000003,270.68500000000006,271.15133333333335,0.18689174763845312
2023-03-09,002594.SZ,256.5,259.83,254.01,256.07,256.99,-0.92,-0.358,96731.43,2481897.868,-0.0035799058329119005,-0.003586329030007294,260.36,269.072,270.8568333333333,0.1790060581692865
2023-03-10,002594.SZ,252.0,253.0,242.3,243.14,256.07,-12.93,-5.0494,283464.08,6951755.744,-0.05049400554535877,-0.05181343547469486,256.23,267.136,270.3376666666667,0.23302876346300738
2023-03-13,002594.SZ,241.72,242.95,237.0,240.49,243.14,-2.65,-1.0899,167343.41,4010230.472,-0.010899070494365337,-0.010958900487885908,251.47400000000002,265.0445,269.7675,0.230924636232732
2023-03-14,002594.SZ,240.0,242.5,233.03,239.98,240.49,-0.51,-0.2121,198568.16,4715842.057,-0.002120670298141336,-0.0021229221035191435,247.334,262.945,269.2691666666667,0.23060943136780174
2023-03-15,002594.SZ,241.5,242.48,237.41,238.62,239.98,-1.36,-0.5667,120714.59,2895736.124,-0.005667138928243998,-0.005683258088588553,243.66,260.92600000000004,268.7495,0.23052712811504242
2023-03-16,002594.SZ,235.0,239.62,234.0,234.79,238.62,-3.83,-1.6051,118370.25,2793057.411,-0.016050624423770032,-0.016180830838488175,239.404,258.8145,268.22266666666667,0.2324077201964208
2023-03-17,002594.SZ,236.78,240.98,235.53,237.91,234.79,3.12,1.3288,135002.62,3213067.916,0.013288470548149522,0.01320095328458647,238.358,257.127,267.6635,0.24025806934329635
2023-03-20,002594.SZ,237.91,239.36,234.6,235.57,237.91,-2.34,-0.9836,86323.33,2041533.811,-0.009835652137362927,-0.00988434168923741,237.37399999999997,255.26549999999997,267.08116666666666,0.23711467537373712
2023-03-21,002594.SZ,236.89,239.51,234.79,239.51,235.57,3.94,1.6725,108872.69,2585297.268,0.016725389480833686,0.01658706042823993,237.28000000000003,253.50349999999997,266.6313333333334,0.24703178611289925
2023-03-22,002594.SZ,242.2,247.58,242.08,243.2,239.51,3.69,1.5406,155339.32,3800940.796,0.015406454845309225,0.015288980459256916,238.196,252.1425,266.32466666666664,0.25650058882522364
2023-03-23,002594.SZ,242.99,245.5,239.5,245.49,243.2,2.29,0.9416,97461.04,2374450.293,0.00941611842105261,0.009372063115388077,240.336,250.89499999999998,266.0695,0.26113296675005604
2023-03-24,002594.SZ,245.5,247.63,243.49,246.02,245.49,0.53,0.2159,81018.26,1990565.427,0.0021589474112999607,0.002156620233239024,241.958,249.817,265.85,0.26124353415006446
2023-03-27,002594.SZ,245.99,245.99,240.3,243.65,246.02,-2.37,-0.9633,92495.36,2246213.086,-0.009633363141207996,-0.009680064151123728,243.574,249.00900000000001,265.7078333333333,0.24522636763308067
2023-03-28,002594.SZ,244.5,245.67,242.4,245.01,243.65,1.36,0.5582,81845.04,1998797.291,0.005581777139339161,0.005566256748778764,244.67400000000004,248.2195,265.41766666666666,0.2459669863590004
2023-03-29,002594.SZ,246.55,250.25,246.55,247.7,245.01,2.69,1.0979,144302.62,3588758.349,0.010979143708420125,0.010919310457019927,245.57399999999998,247.3295,265.1773333333333,0.23915958862809497
2023-03-30,002594.SZ,250.0,257.2,250.0,257.2,247.7,9.5,3.8353,209267.22,5317797.712,0.0383528461849012,0.037635655868150555,247.916,247.004,265.2203333333334,0.280655362190419
2023-03-31,002594.SZ,258.97,260.86,255.0,256.02,257.2,-1.18,-0.4588,167007.61,4304295.452,-0.004587869362363994,-0.004598425935500798,249.916,246.61550000000003,265.24133333333333,0.28086806892276417
2023-04-03,002594.SZ,256.0,258.24,252.26,255.92,256.02,-0.1,-0.0391,133691.25,3412119.593,-0.0003905944848058285,-0.00039067078670098867,252.36999999999998,246.198,265.2238333333333,0.28064736824852426
2023-04-04,002594.SZ,255.81,255.81,247.99,250.92,255.92,-5.0,-1.9537,137744.33,3448255.051,-0.019537355423569824,-0.019730732412720005,253.552,245.71000000000004,265.0645,0.2848242179225033
2023-04-06,002594.SZ,248.0,250.88,245.68,250.0,250.92,-0.92,-0.3667,81942.27,2036216.982,-0.003666507253307749,-0.003673245366296006,254.012,245.3605,264.9128333333333,0.2811762812118403
2023-04-07,002594.SZ,250.05,252.13,248.33,249.28,250.0,-0.72,-0.288,68722.91,1718631.441,-0.0028799999999999937,-0.002884155179862984,252.42799999999997,245.02100000000002,264.6495,0.28110959112059014
2023-04-10,002594.SZ,249.28,251.2,246.0,251.0,249.28,1.72,0.69,98057.91,2436804.939,0.006899871630295262,0.0068761764494004556,251.42399999999998,245.414,264.39616666666666,0.2132346597843788
2023-04-11,002594.SZ,252.15,254.49,248.6,249.83,251.0,-1.17,-0.4661,87455.12,2194591.845,-0.0046613545816732715,-0.004672252574401567,250.206,245.881,264.1703333333333,0.20947169541570895
2023-04-12,002594.SZ,248.8,248.8,243.33,243.4,249.83,-6.43,-2.5738,112329.7,2751446.164,-0.02573750150102072,-0.026074506003955514,248.702,246.052,263.7838333333333,0.23125875001673726
2023-04-13,002594.SZ,240.58,243.0,237.77,242.82,243.4,-0.58,-0.2383,80964.64,1952037.226,-0.002382908792111782,-0.0023857524375976245,247.266,246.262,263.34766666666667,0.2303310791111734
2023-04-14,002594.SZ,243.4,247.47,242.99,246.06,242.82,3.24,1.3343,105506.44,2589957.803,0.013343217197924417,0.013254980516193707,246.62199999999999,246.82549999999998,262.827,0.22509077651757692
2023-04-17,002594.SZ,245.0,249.68,244.21,249.44,246.06,3.38,1.3736,90393.85,2244153.587,0.013736487035682421,0.013642996677443571,246.31,247.402,262.34133333333335,0.22538253961459534
2023-04-18,002594.SZ,250.4,252.18,248.44,249.0,249.44,-0.44,-0.1764,78432.2,1961474.846,-0.001763951250801754,-0.0017655088447587322,246.144,248.07350000000002,261.928,0.22132470089862882
2023-04-19,002594.SZ,249.0,253.2,246.09,250.85,249.0,1.85,0.743,111927.47,2793037.791,0.007429718875501923,0.007402254465554281,247.63400000000001,248.64049999999997,261.609,0.21600096061451807
2023-04-20,002594.SZ,249.93,249.93,245.0,245.02,250.85,-5.83,-2.3241,100308.3,2470721.41,-0.023240980665736433,-0.02351531106423741,248.074,248.7315,261.20933333333335,0.22835375800983826
2023-04-21,002594.SZ,244.5,248.95,243.0,243.0,245.02,-2.02,-0.8244,104052.48,2553937.672,-0.008244224961227675,-0.00827839652547607,247.462,248.60700000000003,260.751,0.22778204460587317
2023-04-24,002594.SZ,244.1,258.6,243.18,253.49,243.0,10.49,4.3169,267017.34,6747607.047,0.043168724279835535,0.04226293118085188,248.27200000000002,248.98049999999998,260.4746666666667,0.275449428886735
2023-04-25,002594.SZ,251.0,251.8,242.2,244.3,253.49,-9.19,-3.6254,187418.73,4589549.733,-0.03625389561718406,-0.036927396257705365,247.33200000000002,249.013,259.8465,0.30456659043345347
2023-04-26,002594.SZ,243.0,254.54,241.0,251.0,244.3,6.7,2.7425,174492.04,4353221.18,0.027425296766270923,0.02705596086808905,247.362,249.3125,259.2665,0.3191065392906895
2023-04-27,002594.SZ,250.0,258.99,249.55,258.92,251.0,7.92,3.1554,242464.38,6228404.693,0.03155378486055782,0.031066194545525602,250.142,249.8735,258.50966666666665,0.33524780397388854
2023-04-28,002594.SZ,261.47,262.97,254.0,255.86,258.92,-3.06,-1.1818,191944.8,4933612.984,-0.01181832226170243,-0.011888713788420501,252.71400000000003,249.8065,257.7303333333333,0.31031679238579774
2023-05-04,002594.SZ,255.0,257.61,251.4,252.52,255.86,-3.34,-1.3054,118124.27,3002183.827,-0.013054013913859186,-0.01313996638946408,252.52000000000004,249.63150000000002,257.02233333333334,0.31338775962305054
2023-05-05,002594.SZ,252.55,253.8,247.95,250.07,252.52,-2.45,-0.9702,102439.59,2560075.787,-0.009702201805797617,-0.009749574829862702,253.67399999999998,249.339,256.35716666666667,0.31508164054915366
2023-05-08,002594.SZ,253.0,259.1,252.52,254.03,250.07,3.96,1.5836,121626.2,3104234.524,0.015835566041508375,0.015711491610730037,254.28000000000003,249.49449999999996,255.77433333333335,0.3124411331015857
2023-05-09,002594.SZ,250.04,253.36,249.0,250.11,254.03,-3.92,-1.5431,89884.83,2253697.879,-0.015431248277762433,-0.0155515491896605,252.51800000000003,249.5,255.18183333333334,0.317422584430473
2023-05-10,002594.SZ,251.0,262.18,249.2,259.79,250.11,9.68,3.8703,253690.89,6542224.183,0.03870297069289519,0.0379727912580281,253.304,250.02550000000002,254.7061666666667,0.34515892696676437
2023-05-11,002594.SZ,260.77,269.8,258.68,263.75,259.79,3.96,1.5243,214236.87,5669565.808,0.015243080949997934,0.01512807244161634,255.55,250.663,254.40433333333334,0.3478964447479553
2023-05-12,002594.SZ,266.0,268.25,259.52,260.1,263.75,-3.65,-1.3839,104573.53,2750523.184,-0.013838862559241605,-0.013935512335670289,257.55600000000004,251.17649999999998,254.03400000000002,0.3519759722031725
2023-05-15,002594.SZ,260.1,266.55,258.7,264.9,260.1,4.8,1.8454,136926.27,3615695.776,0.018454440599769084,0.018286223823417932,259.72999999999996,252.25150000000002,253.74949999999998,0.3401284430036963
2023-05-16,002594.SZ,264.39,267.42,263.2,265.13,264.9,0.23,0.0868,81639.31,2162966.661,0.000868252170630468,0.0008678754577533114,262.73400000000004,253.36700000000002,253.51833333333335,0.3394562707849079
2023-05-17,002594.SZ,264.99,265.8,259.01,261.0,265.13,-4.13,-1.5577,89556.05,2336687.603,-0.015577263983706069,-0.015699864413083842,262.976,254.11400000000003,253.25133333333332,0.34507623582168306
2023-05-18,002594.SZ,262.3,263.88,256.56,259.08,261.0,-1.92,-0.7356,100696.65,2610927.791,-0.007356321839080526,-0.007383513007977182,262.04200000000003,254.596,253.04166666666666,0.3446359534897288
2023-05-19,002594.SZ,258.18,260.92,256.3,259.18,259.08,0.1,0.0386,60105.82,1557739.695,0.00038598116411936445,0.00038590669255230217,261.858,255.10499999999996,252.81466666666665,0.3443990095860661
2023-05-22,002594.SZ,260.92,266.0,257.08,265.1,259.18,5.92,2.2841,120165.21,3160916.357,0.022841268616405674,0.022584312287711517,261.898,255.81750000000002,252.65383333333332,0.35175288981246167
2023-05-23,002594.SZ,265.04,266.88,262.93,262.93,265.1,-2.17,-0.8186,90619.4,2401159.869,-0.008185590343266713,-0.008219276239810915,261.45799999999997,256.713,252.529,0.3407449572308375
2023-05-24,002594.SZ,261.6,265.0,259.52,261.91,262.93,-1.02,-0.3879,68092.95,1787131.273,-0.003879359525348902,-0.003886903758026955,261.64,257.6585,252.38683333333336,0.3390550750680593
2023-05-25,002594.SZ,261.96,263.85,255.14,255.6,261.91,-6.31,-2.4092,132078.95,3413072.494,-0.024092245427818848,-0.024387210793762354,260.944,257.764,252.18716666666668,0.31940857666364125
2023-05-26,002594.SZ,253.0,253.0,242.8,246.99,255.6,-8.61,-3.3685,185813.4,4583193.89,-0.03368544600938961,-0.03426587252493533,258.506,257.8985,251.9735,0.31558459332819194
2023-05-29,002594.SZ,250.0,250.55,242.0,244.93,246.99,-2.06,-0.834,124722.91,3051361.333,-0.00834041864043078,-0.008375394543534377,254.47200000000004,257.59499999999997,251.709,0.3006475385148247
2023-05-30,002594.SZ,245.95,255.0,245.83,252.2,244.93,7.27,2.9682,166880.58,4201064.907,0.029681949944882158,0.029249968095909167,252.32600000000002,257.259,251.48733333333334,0.2980168273105235
2023-05-31,002594.SZ,252.2,254.9,249.65,253.66,252.2,1.46,0.5789,118381.17,2995495.154,0.0057890563045202015,0.005772364108464307,250.676,257.149,251.31983333333332,0.29620318112674815
2023-06-01,002594.SZ,253.66,257.88,253.23,255.45,253.66,1.79,0.7057,86735.71,2217698.926,0.007056690057557269,0.007031908137523376,250.64600000000002,257.2955,251.18083333333334,0.29327612795777763
2023-06-02,002594.SZ,257.88,259.59,255.6,259.06,255.45,3.61,1.4132,110679.75,2854069.098,0.014131924055588163,0.014032999325302931,253.06,257.745,251.094,0.2942236610620302
2023-06-05,002594.SZ,259.0,259.06,251.67,258.32,259.06,-0.74,-0.2856,104794.52,2682476.684,-0.002856481124064003,-0.0028605686520902277,255.738,257.95950000000005,251.05466666666663,0.28995724989270866
2023-06-06,002594.SZ,257.95,265.0,256.18,260.88,258.32,2.56,0.991,128981.11,3371155.485,0.009910188912976237,0.009861405031044001,257.474,258.498,251.1195,0.28482344563251716
2023-06-07,002594.SZ,262.0,263.44,255.5,256.55,260.88,-4.33,-1.6598,100490.28,2598158.541,-0.01659766942655616,-0.016736954093089777,258.052,258.33599999999996,251.1275,0.257297811814212
2023-06-08,002594.SZ,256.19,258.84,254.47,255.0,256.55,-1.55,-0.6042,64454.26,1650438.582,-0.006041707269538121,-0.006060032229547678,257.962,257.89849999999996,251.32516666666666,0.2510388813786909
2023-06-09,002594.SZ,258.8,259.1,252.5,258.0,255.0,3.0,1.1765,107484.01,2753073.835,0.0117647058823529,0.011696039763191236,257.75,257.7935,251.61700000000002,0.25088924426449133
2023-06-12,002594.SZ,256.5,263.0,255.5,260.51,258.0,2.51,0.9729,102891.21,2682484.32,0.00972868217054268,0.009681663250945619,258.188,257.57399999999996,251.95916666666665,0.24406344535268615
2023-06-13,002594.SZ,260.5,262.0,257.13,261.22,260.51,0.71,0.2725,81511.47,2117925.896,0.002725423208322253,0.002721715976812269,258.256,257.3785,252.33583333333334,0.24431291381009707
2023-06-14,002594.SZ,262.68,265.39,261.5,263.0,261.22,1.78,0.6814,125776.0,3318766.726,0.006814179618712002,0.006791068028389204,259.546,257.4785,252.80599999999998,0.23901450276629774
2023-06-15,002594.SZ,263.5,275.01,263.29,271.88,263.0,8.88,3.3764,243961.07,6622887.119,0.03376425855513299,0.03320676030067283,262.922,258.1185,253.37216666666666,0.2643387809355115
2023-06-16,002594.SZ,273.86,275.86,270.0,271.08,271.88,-0.8,-0.2942,152296.82,4146755.899,-0.002942474621156488,-0.0029468122105253515,265.538,258.7135,253.964,0.26496277665513623
2023-06-19,002594.SZ,271.08,274.99,267.88,269.21,271.08,-1.87,-0.6898,123564.75,3342857.529,-0.0068983325955437325,-0.006922236084749977,267.278,258.919,254.45899999999997,0.2553570499655233
2023-06-20,002594.SZ,269.01,269.2,264.9,268.25,269.21,-0.96,-0.3566,102366.16,2734002.025,-0.003565989376323242,-0.003572362672354288,268.684,259.185,254.8765,0.2537000080282518
2023-06-21,002594.SZ,267.01,273.28,266.25,267.78,268.25,-0.47,-0.1752,107811.76,2906861.071,-0.0017520969245108375,-0.0017536336415744326,269.64,259.4785,255.248,0.25325563620124303
2023-06-26,002594.SZ,262.43,268.69,262.3,262.89,267.78,-4.89,-1.8261,101512.22,2681452.522,-0.018261259242661865,-0.01843005413336454,267.842,259.843,255.52916666666667,0.24627253091562717
2023-06-27,002594.SZ,262.02,263.85,257.08,260.05,262.89,-2.84,-1.0803,99028.65,2570404.964,-0.01080299745140545,-0.01086177351678742,265.63599999999997,260.496,255.80249999999998,0.21419053767865012
2023-06-28,002594.SZ,260.0,262.5,258.1,260.25,260.05,0.2,0.0769,57269.51,1489543.301,0.0007690828686790496,0.0007687872759967379,263.84399999999994,261.262,256.0565,0.21038943467873908
2023-06-29,002594.SZ,260.25,260.78,255.23,255.7,260.25,-4.55,-1.7483,83485.05,2148587.117,-0.01748318924111436,-0.017637825197937378,261.33399999999995,261.437,256.1898333333333,0.1976410973703378
2023-06-30,002594.SZ,254.13,260.0,253.7,258.27,255.7,2.57,1.0051,75724.36,1952424.866,0.010050840829096463,0.010000667040831886,259.43199999999996,261.66749999999996,256.2076666666666,0.1996474213585661
2023-07-03,002594.SZ,258.88,269.27,258.88,267.48,258.27,9.21,3.566,162565.06,4313305.226,0.03566035544197943,0.03503924784780495,260.35,262.269,256.39866666666666,0.23405552650601522
2023-07-04,002594.SZ,268.5,275.0,266.51,271.5,267.48,4.02,1.5029,157120.02,4271284.305,0.015029161058770724,0.014917342188212305,262.64,262.891,256.65833333333336,0.23467257519973192
2023-07-05,002594.SZ,271.51,272.48,265.69,267.0,271.5,-4.5,-1.6575,93033.13,2493339.683,-0.016574585635359074,-0.016713480973740556,263.98999999999995,263.325,256.92633333333333,0.24366701195633225
2023-07-06,002594.SZ,267.0,272.0,266.8,268.1,267.0,1.1,0.412,83711.85,2249759.123,0.0041198501872659055,0.004111386841664069,266.47,263.686,257.228,0.24196067489156625
2023-07-07,002594.SZ,267.0,267.66,264.11,264.4,268.1,-3.7,-1.3801,62191.5,1650354.364,-0.013800820589332519,-0.013896937264382573,267.696,264.0785,257.47999999999996,0.23937981068344613
2023-07-10,002594.SZ,267.0,269.5,262.75,263.55,264.4,-0.85,-0.3215,68877.62,1824432.454,-0.0032148260211799506,-0.0032200046763152515,266.91,264.50600000000003,257.68916666666667,0.23838880108252217
2023-07-11,002594.SZ,265.0,270.69,263.8,269.33,263.55,5.78,2.1931,102405.2,2744333.129,0.02193132232972861,0.021694290237559682,266.476,265.07250000000005,258.01416666666665,0.24663860163235568
2023-07-12,002594.SZ,270.5,271.15,264.66,265.61,269.33,-3.72,-1.3812,87031.95,2328017.076,-0.013812052129357877,-0.013908326042853218,266.198,265.3275,258.3843333333333,0.25130121055680427
2023-07-13,002594.SZ,267.5,269.5,265.01,267.83,265.61,2.22,0.8358,82753.01,2213414.441,0.008358119046722567,0.008323383385373103,266.14399999999995,265.658,258.8011666666667,0.2525801812912887
2023-07-14,002594.SZ,267.8,267.8,263.5,264.41,267.83,-3.42,-1.2769,102722.03,2718639.361,-0.012769293955120609,-0.012851522136376178,266.146,265.7285,259.107,0.25651623514203226
2023-07-17,002594.SZ,267.0,267.0,262.35,264.49,264.41,0.08,0.0303,78926.63,2086663.751,0.000302560417533293,0.0003025146553604794,266.33399999999995,265.359,259.35783333333336,0.2242438995402728
2023-07-18,002594.SZ,265.25,267.57,260.5,265.48,264.49,0.99,0.3743,98456.48,2603934.532,0.003743052667397606,0.0037360648774445284,265.56399999999996,265.079,259.6325,0.22484255469322942
2023-07-19,002594.SZ,265.49,265.9,262.74,264.83,265.48,-0.65,-0.2448,50250.0,1328126.187,-0.0024483953593492647,-0.0024513975806847842,265.408,264.86,259.8655,0.22383334087052933
2023-07-20,002594.SZ,265.5,269.5,264.0,264.95,264.83,0.12,0.0453,91270.51,2434017.185,0.0004531208699920519,0.00045301824173147486,264.832,264.695,260.1976666666667,0.22361154735110225
2023-07-21,002594.SZ,264.0,264.8,261.55,264.32,264.95,-0.63,-0.2378,75287.03,1979318.622,-0.0023778071334213946,-0.002380638606157838,264.814,264.52200000000005,260.553,0.22366810806822618
2023-07-24,002594.SZ,261.01,262.77,257.49,257.5,264.32,-6.82,-2.5802,95950.37,2491708.306,-0.025802058111380144,-0.026140770228822406,263.416,264.25249999999994,260.61983333333336,0.23299228107983327
2023-07-25,002594.SZ,262.68,266.99,262.65,264.59,257.5,7.09,2.7534,173882.84,4604657.752,0.027533980582524098,0.027161737967959104,263.238,264.47950000000003,260.958,0.25053378217845773
2023-07-26,002594.SZ,263.76,263.76,260.6,262.09,264.59,-2.5,-0.9449,65864.88,1723363.551,-0.009448580823160357,-0.00949350184682186,262.69,264.5715,261.1428333333334,0.25326017798365547
2023-07-27,002594.SZ,264.5,265.77,260.8,261.63,262.09,-0.46,-0.1755,112650.69,2962230.532,-0.0017551222862374205,-0.0017566643179241755,262.026,264.868,261.188,0.2444715506236783
2023-07-28,002594.SZ,260.0,267.65,258.22,267.0,260.49,6.51,2.4991,173308.25,4584230.666,0.020525169131980325,0.02031736649324564,262.562,265.3045,261.3736666666667,0.2521735375040118
2023-07-31,002594.SZ,270.0,276.58,269.88,272.0,267.0,5.0,1.8727,215060.16,5874722.583,0.01872659176029967,0.018553407895747834,265.462,265.53049999999996,261.6983333333333,0.22800666046696597
2023-08-01,002594.SZ,271.76,272.76,266.5,268.5,272.0,-3.5,-1.2868,120339.93,3239067.594,-0.012867647058823484,-0.012951152347077893,266.24399999999997,265.3805,262.0055,0.22663583952120125
2023-08-02,002594.SZ,270.7,272.0,266.36,268.0,268.5,-0.5,-0.1862,87393.51,2346829.431,-0.0018621973929237035,-0.0018639334380627533,267.42600000000004,265.4305,262.23833333333334,0.2186360494092749
2023-08-03,002594.SZ,267.28,268.48,265.51,268.23,268.0,0.23,0.0858,66169.88,1766952.896,0.000858208955224038,0.000857840904479868,268.746,265.437,262.5403333333333,0.2181817181706793
2023-08-04,002594.SZ,268.99,270.07,266.65,268.3,268.23,0.07,0.0261,88053.15,2358257.628,0.00026097006300562775,0.0002609360162420637,269.006,265.63199999999995,262.68216666666666,0.2119068239917299
2023-08-07,002594.SZ,267.93,267.93,265.19,266.99,268.3,-1.31,-0.4883,64203.8,1710317.723,-0.004882594111069727,-0.004894552916237544,268.004,265.80400000000003,262.7361666666667,0.21240975606608128
2023-08-08,002594.SZ,265.2,266.5,262.51,263.3,266.99,-3.69,-1.3821,91711.88,2419517.105,-0.013820742349900716,-0.013917138013077193,266.964,265.50249999999994,262.7895,0.20278026464354976
2023-08-09,002594.SZ,262.0,263.5,260.23,262.9,263.3,-0.4,-0.1519,72499.37,1897124.688,-0.0015191796429928628,-0.0015203347664282702,265.9440000000001,265.367,262.7561666666667,0.1971389192584546
2023-08-10,002594.SZ,263.0,264.87,260.74,262.7,262.9,-0.2,-0.0761,60016.1,1575799.641,-0.0007607455306199995,-0.0007610350443413372,264.838,265.1105,262.71566666666666,0.1943795582261561
2023-08-11,002594.SZ,262.69,262.7,259.01,259.25,262.7,-3.45,-1.3133,86125.28,2242256.361,-0.013132851161020143,-0.013219849581857438,263.02799999999996,264.8525,262.6865,0.1946781615732618
2023-08-14,002594.SZ,255.0,256.99,243.49,245.82,259.25,-13.43,-5.1803,252890.35,6237439.722,-0.051803278688524634,-0.05319328632280205,258.794,263.919,262.4655,0.26538220549770514
2023-08-15,002594.SZ,245.82,246.13,241.9,244.54,245.82,-1.28,-0.5207,115021.29,2804377.793,-0.005207062077943192,-0.0052206660707906785,255.042,262.87199999999996,262.2215,0.26403204591670465
2023-08-16,002594.SZ,243.28,245.5,242.21,244.2,244.54,-0.34,-0.139,79979.36,1953463.842,-0.0013903655843624518,-0.0013913330394396814,251.302,261.84049999999996,261.87316666666663,0.264139419486232
2023-08-17,002594.SZ,243.37,246.34,240.4,246.01,244.2,1.81,0.7412,86835.55,2118628.433,0.007411957411957326,0.007384623836057095,247.964,260.8935,261.59116666666665,0.2668067799573745
2023-08-18,002594.SZ,245.56,245.56,240.0,240.29,246.01,-5.72,-2.3251,98466.5,2385483.843,-0.023251087354172584,-0.02352565828450797,244.17199999999997,259.69199999999995,261.23083333333335,0.27571342383496666
2023-08-21,002594.SZ,239.8,239.88,234.05,234.41,240.29,-5.88,-2.447,127879.2,3022536.162,-0.024470431561862682,-0.024774808319257123,241.89000000000001,258.5375,260.87766666666664,0.27439322330392124
2023-08-22,002594.SZ,237.97,238.5,230.9,234.54,234.41,0.13,0.0555,112115.89,2620973.083,0.000554583848811907,0.0005544301240221234,239.89000000000001,257.03499999999997,260.67016666666666,0.2480057788995429
2023-08-23,002594.SZ,234.54,234.54,230.03,230.09,234.54,-4.45,-1.8973,81237.55,1882331.986,-0.018973309456808973,-0.019155612301476995,237.06799999999998,255.435,260.4228333333333,0.2520884887007544
2023-08-24,002594.SZ,231.01,237.0,231.01,234.9,230.09,4.81,2.0905,106810.59,2501734.161,0.02090486331435537,0.020689354933425882,234.846,254.0985,260.1345,0.2697982585685514
2023-08-25,002594.SZ,233.28,234.33,231.5,232.6,234.9,-2.3,-0.9791,66775.26,1554437.027,-0.009791400595998367,-0.00983965158030313,233.308,252.37849999999997,259.7835,0.25230087877510093
2023-08-28,002594.SZ,248.0,248.0,234.25,235.53,232.6,2.93,1.2597,133527.36,3189524.811,0.012596732588134207,0.012518053793709892,233.532,250.555,259.4515,0.244921402249574
2023-08-29,002594.SZ,236.81,247.5,236.81,246.71,235.53,11.18,4.7467,213223.46,5201525.92,0.04746741391754772,0.04637526389834309,235.96600000000004,249.46550000000002,259.24566666666664,0.31073335529724555
2023-08-30,002594.SZ,249.33,251.47,247.84,249.8,246.71,3.09,1.2525,152187.35,3798606.951,0.012524826719630289,0.012447039914860352,239.908,248.5555,259.1036666666667,0.3162191855665655
2023-08-31,002594.SZ,250.51,250.99,248.0,249.4,249.8,-0.4,-0.1601,88733.96,2214559.039,-0.0016012810248199338,-0.001602564445541303,242.808,247.61399999999998,258.9123333333333,0.3159084105202192
2023-09-01,002594.SZ,253.0,254.47,248.0,249.12,249.4,-0.28,-0.1123,77771.83,1949444.069,-0.0011226944667200867,-0.001123325160247835,246.112,246.65500000000003,258.7885,0.31573130342419914
2023-09-04,002594.SZ,251.6,253.0,248.88,252.45,249.12,3.33,1.3367,96511.6,2427791.469,0.013367052023121273,0.013278501219236393,249.496,245.92799999999997,258.746,0.3212784255431668
2023-09-05,002594.SZ,252.2,252.2,248.69,249.03,252.45,-3.42,-1.3547,74570.5,1864915.96,-0.013547237076648844,-0.013639838169870787,249.95999999999998,245.2145,258.5965,0.32115318458043685
2023-09-06,002594.SZ,250.0,252.3,249.3,250.45,249.03,1.42,0.5702,65928.56,1653726.027,0.005702124242059181,0.005685928668571877,250.09,244.592,258.42883333333333,0.32249186411103187
2023-09-07,002594.SZ,250.42,250.42,248.11,248.4,250.45,-2.05,-0.8185,60913.02,1517662.852,-0.008185266520263412,-0.008218949744301993,249.89000000000001,243.877,258.2151666666667,0.32312066210635654
2023-09-08,002594.SZ,247.01,247.01,242.69,244.05,248.4,-4.35,-1.7512,67634.4,1651599.178,-0.017512077294685957,-0.01766722772616717,248.87600000000003,243.11700000000002,257.89933333333335,0.32538047834953815
2023-09-11,002594.SZ,243.7,248.5,242.2,247.01,244.05,2.96,1.2129,76513.44,1876707.032,0.012128662159393455,0.01205569930525101,247.788,243.17650000000003,257.4848333333333,0.27257358967212103
2023-09-12,002594.SZ,248.7,253.37,247.1,251.99,247.01,4.98,2.0161,119532.4,3004363.229,0.020161127079875385,0.019960582545960417,248.38000000000002,243.54900000000004,257.1666666666667,0.2804374361114581
2023-09-13,002594.SZ,252.0,254.28,250.4,251.55,251.99,-0.44,-0.1746,91478.97,2305291.96,-0.001746101035755343,-0.001747627247040366,248.6,243.91650000000004,256.87233333333336,0.28049140424266267
2023-09-14,002594.SZ,246.8,246.95,242.0,243.63,251.55,-7.92,-3.1485,152580.25,3722930.909,-0.031484794275492,-0.0319910959748984,247.64600000000002,243.79749999999999,256.46200000000005,0.30294205786278033
2023-09-15,002594.SZ,244.0,246.84,241.51,244.29,243.63,0.66,0.2709,82255.95,2010812.284,0.0027090259820219398,0.002705363184720462,247.69400000000002,243.9975,256.0705,0.29063764299903394
2023-09-18,002594.SZ,244.5,251.2,244.29,247.38,244.29,3.09,1.2649,96405.22,2395846.503,0.012648900896475412,0.012569571799713918,247.76799999999997,244.64600000000002,255.812,0.2770696041442392
2023-09-19,002594.SZ,246.0,248.28,243.8,247.17,247.38,-0.21,-0.0849,62396.93,1533948.927,-0.0008488964346350381,-0.0008492569512553615,246.804,245.2775,255.59733333333332,0.2772678682187195
2023-09-20,002594.SZ,245.0,246.28,244.0,244.0,247.17,-3.17,-1.2825,54497.1,1332673.933,-0.01282518104948005,-0.012908133702406413,245.294,245.973,255.3265,0.27167574028881925
2023-09-21,002594.SZ,243.0,243.87,238.55,239.68,244.0,-4.32,-1.7705,92964.62,2232606.21,-0.017704918032786843,-0.017863524964347167,244.504,246.212,255.05949999999999,0.27263924906969333
2023-09-22,002594.SZ,239.52,245.66,238.5,245.05,239.68,5.37,2.2405,96763.96,2356419.361,0.02240487316421902,0.02215757102670191,244.656,246.83450000000002,254.83916666666667,0.27937710329021054
2023-09-25,002594.SZ,246.83,246.98,244.35,245.8,245.05,0.75,0.3061,64786.8,1592828.38,0.003060599877575898,0.003055925776377834,244.34,247.348,254.47783333333334,0.2769625268700269
2023-09-26,002594.SZ,245.0,245.0,238.3,238.5,245.8,-7.3,-2.9699,118462.63,2846103.7,-0.029698942229454905,-0.030148886803538603,242.606,246.9375,253.92783333333333,0.24339373148628884
2023-09-27,002594.SZ,239.11,242.22,237.79,237.83,238.5,-0.67,-0.2809,75733.67,1808518.866,-0.0028092243186582655,-0.0028131775947900046,241.372,246.33900000000003,253.44166666666666,0.2376269571591433
2023-09-28,002594.SZ,238.8,239.5,236.05,236.7,237.83,-1.13,-0.4751,85257.68,2022931.184,-0.004751292940335605,-0.004762616213667709,240.77599999999998,245.704,252.91833333333335,0.23775919254256803
2023-10-09,002594.SZ,236.7,238.51,229.66,237.97,236.7,1.27,0.5365,91790.71,2162900.147,0.005365441487114486,0.005351098786346505,239.35999999999999,245.1465,252.47783333333334,0.2393686529742595
2023-10-10,002594.SZ,237.96,240.02,237.0,237.91,237.97,-0.06,-0.0252,63936.61,1524841.111,-0.00025213262175904916,-0.00025216441253229964,237.782,244.41950000000003,252.05049999999997,0.2324186006193981
2023-10-11,002594.SZ,241.96,242.5,238.0,238.59,237.91,0.68,0.2858,76683.73,1838352.974,0.00285822369803701,0.0028541467434010283,237.8,243.89750000000004,251.53816666666665,0.22969198015357206
2023-10-12,002594.SZ,240.4,245.5,239.0,244.45,238.59,5.86,2.4561,139340.94,3391600.251,0.024560962320298252,0.024264191387500845,239.12399999999997,243.5975,251.18550000000002,0.24720882798003863
2023-10-13,002594.SZ,241.9,242.77,239.8,240.36,244.45,-4.09,-1.6731,66445.23,1598611.952,-0.016731437921865266,-0.01687298955892722,239.856,243.19549999999998,250.72766666666666,0.2522688756616941
2023-10-16,002594.SZ,240.4,241.08,236.5,237.51,240.36,-2.85,-1.1857,66022.21,1573224.653,-0.011857214178731978,-0.01192807161427519,239.76399999999998,242.86849999999998,250.2793333333333,0.2482824020690009
2023-10-17,002594.SZ,237.52,239.99,236.5,238.0,237.51,0.49,0.2063,49163.59,1169236.112,0.0020630710285882703,0.002060945820022612,239.78199999999998,242.41800000000003,249.83783333333332,0.24362080440875297
2023-10-18,002594.SZ,245.6,251.0,244.0,249.07,238.0,11.07,4.6513,307862.84,7646061.771,0.04651260504201682,0.0454633077831375,241.87800000000001,242.272,249.56433333333334,0.2888119095141196
2023-10-19,002594.SZ,246.95,247.97,240.34,240.6,249.07,-8.47,-3.4007,147753.28,3595894.522,-0.03400650419560769,-0.03459817791403371,241.108,241.72449999999998,249.16049999999998,0.3124979414135525
2023-10-20,002594.SZ,240.0,241.8,238.21,239.2,240.6,-1.4,-0.5819,85658.61,2050294.971,-0.005818786367414841,-0.005835781464101877,240.87599999999998,241.50300000000001,248.7313333333333,0.2931005765140268
2023-10-23,002594.SZ,240.0,240.0,236.2,238.65,239.2,-0.55,-0.2299,73536.83,1747793.907,-0.002299331103678859,-0.0023019786245710343,241.10399999999998,241.221,248.30349999999999,0.2928543261250323
2023-10-24,002594.SZ,239.3,240.5,234.67,235.55,238.65,-3.1,-1.299,110778.92,2614866.694,-0.012989733919966495,-0.013074838305855466,240.61399999999998,240.6295,247.93766666666667,0.2911342387872003
2023-10-25,002594.SZ,237.97,240.01,236.22,237.4,235.55,1.85,0.7854,83675.73,1993861.828,0.007853958819783458,0.007823277029517519,238.28000000000003,240.14100000000002,247.4845,0.2933356083649251
2023-10-26,002594.SZ,236.06,238.8,235.7,238.61,237.4,1.21,0.5097,73199.35,1738279.51,0.005096882898062427,0.005083937758365986,237.882,239.87150000000003,247.09316666666663,0.2913361933493593
2023-10-27,002594.SZ,238.0,243.5,237.52,241.95,238.61,3.34,1.3998,103205.56,2490630.305,0.013997736892837676,0.013900673305393987,238.43200000000002,239.98499999999999,246.76516666666666,0.2888882052115537
2023-10-30,002594.SZ,239.51,244.99,238.7,244.6,241.95,2.65,1.0953,117295.47,2849732.929,0.010952676172762965,0.010893130013744418,239.622,239.9625,246.39183333333332,0.2801668044328815
2023-10-31,002594.SZ,243.5,243.99,237.5,238.54,244.6,-6.06,-2.4775,127204.75,3044814.889,-0.024775143090760454,-0.025087212102549047,240.22000000000003,239.59949999999998,245.83416666666665,0.29332112707167257
2023-11-01,002594.SZ,238.0,238.0,235.42,236.2,238.54,-2.34,-0.981,93390.42,2206820.551,-0.009809675526117223,-0.009858107387261042,239.97999999999996,239.48449999999997,245.29583333333332,0.2757859114387319
2023-11-02,002594.SZ,237.86,237.88,234.8,234.8,236.2,-1.4,-0.5927,85414.16,2015702.321,-0.005927180355630779,-0.005944815809320505,239.218,239.333,244.74249999999998,0.2763773238169279
2023-11-03,002594.SZ,235.51,239.15,234.88,238.65,234.8,3.85,1.6397,90679.42,2154652.391,0.016396933560477,0.01626395549796418,238.558,239.4305,244.2495,0.2821943021644266
2023-11-06,002594.SZ,240.51,243.43,240.0,242.9,238.65,4.25,1.7809,143547.86,3472633.48,0.01780850618059926,0.0176517925562213,238.218,239.677,243.82616666666667,0.28839339236037725
2023-11-07,002594.SZ,243.0,244.3,240.51,240.97,242.9,-1.93,-0.7946,94512.93,2287202.177,-0.007945656648826738,-0.007977391593716226,238.704,239.82999999999998,243.39249999999998,0.2901881608946061
2023-11-08,002594.SZ,240.36,240.86,239.18,240.0,240.97,-0.97,-0.4025,80128.14,1921682.141,-0.00402539735236751,-0.0040335210724193405,239.464,239.90049999999997,243.00416666666666,0.2905681414160929
2023-11-09,002594.SZ,240.0,240.75,238.34,239.3,240.0,-0.7,-0.2917,73182.74,1750698.708,-0.0029166666666665675,-0.002920928427663565,240.36400000000003,239.64299999999997,242.61083333333335,0.27635336194375054
2023-11-10,002594.SZ,239.0,239.0,235.66,236.96,239.3,-2.34,-0.9779,81901.9,1940054.003,-0.009778520685332248,-0.009826644394839016,240.02599999999998,239.473,242.18183333333334,0.2721475775412925
2023-11-13,002594.SZ,237.88,238.18,235.1,237.12,236.96,0.16,0.0675,69738.46,1649215.951,0.0006752194463199857,0.000674991588233346,238.86999999999998,239.4535,241.81300000000002,0.2688718863979509
2023-11-14,002594.SZ,237.3,238.2,236.6,237.63,237.12,0.51,0.2151,55216.55,1310694.854,0.0021508097165992,0.0021485000365759435,238.202,239.435,241.6765,0.26888076524223
2023-11-15,002594.SZ,239.9,240.0,238.3,238.64,237.63,1.01,0.425,78691.67,1881360.641,0.004250305096157758,0.004241298062194944,237.92999999999998,238.91350000000003,241.57816666666665,0.20669494314774303
2023-11-16,002594.SZ,239.8,239.8,237.22,238.3,238.64,-0.34,-0.1425,61690.07,1471253.077,-0.001424740194435059,-0.0014257561017965653,237.73000000000002,238.79850000000002,241.47983333333335,0.16877248718039514
2023-11-17,002594.SZ,237.0,238.59,236.0,236.76,238.3,-1.54,-0.6462,59462.29,1408060.178,-0.006462442299622451,-0.006483414282172278,237.69,238.67649999999998,241.32566666666668,0.1690604664769602
2023-11-20,002594.SZ,235.8,236.5,234.58,235.0,236.76,-1.76,-0.7434,76770.94,1804923.944,-0.00743368812299372,-0.007461455678365298,237.266,238.494,241.2375,0.17077558630738954
2023-11-21,002594.SZ,235.69,236.68,233.66,234.2,235.0,-0.8,-0.3404,82386.34,1937039.109,-0.0034042553191490077,-0.003410062980542066,236.57999999999998,238.42649999999998,241.23399999999998,0.16492730333082709
2023-11-22,002594.SZ,233.5,233.5,229.88,230.0,234.2,-4.2,-1.7933,105571.08,2440478.827,-0.017933390264730953,-0.018096142240421546,234.852,238.05649999999997,241.15833333333333,0.17333771108309148
2023-11-23,002594.SZ,230.5,231.28,227.12,228.83,230.0,-1.17,-0.5087,105763.94,2425947.586,-0.005086956521739072,-0.0050999391317627625,232.958,237.56750000000002,241.13733333333332,0.17194120480362737
2023-11-24,002594.SZ,228.8,228.8,215.4,216.85,228.83,-11.98,-5.2353,280659.48,6162803.841,-0.052353275357252205,-0.053773499510057415,228.97600000000003,236.3125,240.8365,0.23836336693477536
2023-11-27,002594.SZ,212.0,212.0,205.0,208.9,216.85,-7.95,-3.6661,215480.87,4487132.027,-0.036661286603642984,-0.03735020171885505,223.756,234.5275,240.4415,0.2545369919502737
2023-11-28,002594.SZ,208.92,211.77,207.01,209.91,208.9,1.01,0.4835,122211.43,2562912.238,0.004834849210148429,0.004823198863394984,218.898,233.096,240.01449999999997,0.2499007091387899
2023-11-29,002594.SZ,209.88,209.9,201.39,201.98,209.91,-7.93,-3.7778,219246.3,4464902.232,-0.037778095374208065,-0.03851018482750427,213.294,231.385,239.26900000000003,0.27376210293121805
2023-11-30,002594.SZ,201.6,202.73,198.45,199.15,201.98,-2.83,-1.4011,187242.15,3745049.006,-0.014011288246360998,-0.014110372970757599,207.358,229.60250000000002,238.42483333333334,0.2745897485742902
2023-12-01,002594.SZ,200.48,200.82,192.81,197.05,199.15,-2.1,-1.0545,194189.85,3799477.664,-0.010544815465729274,-0.010600805986640462,203.398,227.52249999999998,237.55233333333334,0.2589795817616745
2023-12-04,002594.SZ,197.05,199.29,193.6,196.39,197.05,-0.66,-0.3349,117613.15,2317283.54,-0.0033494037046436498,-0.0033550255138811817,200.896,225.19699999999997,236.67350000000002,0.23966480606976193
2023-12-05,002594.SZ,197.0,199.96,195.61,196.34,196.39,-0.05,-0.0255,152372.47,3021632.365,-0.0002545954478333501,-0.00025462786275629013,198.182,222.96550000000002,235.73833333333332,0.24227565198336495
2023-12-06,002594.SZ,196.35,201.24,196.0,201.19,196.34,4.85,2.4702,176347.37,3523669.818,0.02470204746867677,0.02440188493676952,198.02400000000003,221.025,234.94099999999997,0.2714887356923028
2023-12-07,002594.SZ,201.19,201.2,197.3,199.45,201.19,-1.74,-0.8649,103169.24,2051259.486,-0.008648541179979152,-0.00868615684972927,198.084,219.03249999999997,234.091,0.27064745022883513
2023-12-08,002594.SZ,199.03,200.36,198.32,198.55,199.45,-0.9,-0.4512,77700.19,1547061.882,-0.004512409125093875,-0.004522620774155026,198.38400000000001,217.112,233.26016666666666,0.27107253667955084
2023-12-11,002594.SZ,196.75,199.58,194.64,199.19,198.55,0.64,0.3223,101086.35,1989856.428,0.003223369428355438,0.003218185509921904,198.94400000000002,215.21550000000002,232.5125,0.2723844413397469
2023-12-12,002594.SZ,198.18,198.73,196.12,196.33,199.19,-2.86,-1.4358,79797.21,1572793.711,-0.014358150509563683,-0.01446222617652481,198.942,213.15050000000002,231.66783333333333,0.27008861261903555
2023-12-13,002594.SZ,195.82,195.82,191.72,191.8,196.33,-4.53,-2.3073,117534.92,2270646.821,-0.023073396831864712,-0.0233437544613198,197.064,210.8085,230.66466666666665,0.26923942943375845
2023-12-14,002594.SZ,193.0,196.18,191.11,191.18,191.8,-0.62,-0.3233,92496.7,1787086.925,-0.003232533889468203,-0.003237769813721329,195.41000000000003,208.45250000000001,229.6585,0.26848648002415526
2023-12-15,002594.SZ,193.08,194.39,191.08,193.28,191.18,2.1,1.0984,101841.34,1966549.057,0.01098441259545968,0.010924522110833508,194.356,206.27849999999998,228.81933333333333,0.2791694663761187
2023-12-18,002594.SZ,191.06,192.5,188.31,189.06,193.28,-4.22,-2.1834,100511.47,1906643.036,-0.021833609271523224,-0.022075489749211936,192.33,203.98149999999998,227.89883333333333,0.28211557829443545
2023-12-19,002594.SZ,188.53,188.68,186.16,188.0,189.06,-1.06,-0.5607,79369.72,1487629.709,-0.005606685708240744,-0.005622462167289007,190.664,201.67149999999998,226.90916666666666,0.28147140850418395
2023-12-20,002594.SZ,188.33,189.33,184.87,184.88,188.0,-3.12,-1.6596,84924.82,1585187.697,-0.01659574468085112,-0.016734996863823976,189.28000000000003,199.4155,225.871,0.281059936767307
2023-12-21,002594.SZ,183.33,189.98,182.85,189.68,184.88,4.8,2.5963,133149.43,2494208.947,0.025962786672436344,0.02563147579102492,188.98,197.458,224.96566666666664,0.3094700440750947
2023-12-22,002594.SZ,189.9,195.38,188.04,192.25,189.68,2.57,1.3549,117997.66,2267509.852,0.01354913538591318,0.013458166628603378,188.774,196.228,224.17516666666668,0.27382236694677664
2023-12-25,002594.SZ,193.0,194.2,190.21,192.18,192.25,-0.07,-0.0364,53769.86,1032287.275,-0.00036410923276974927,-0.00036417553663149727,189.398,195.392,223.29399999999998,0.2488428748366221
2023-12-26,002594.SZ,192.16,192.16,190.0,191.75,192.18,-0.43,-0.2237,41380.33,790091.023,-0.0022374856904985307,-0.0022399926017562487,190.148,194.484,222.39316666666667,0.2467530188871307
2023-12-27,002594.SZ,193.0,193.5,190.7,191.45,191.75,-0.3,-0.1565,61364.02,1174486.108,-0.0015645371577575062,-0.00156576232406206,191.46200000000002,193.9575,221.609,0.21294730670353768
2023-12-28,002594.SZ,191.03,198.66,190.66,198.05,191.45,6.6,3.4474,138777.8,2722971.14,0.03447375293810406,0.03389284614462225,193.13600000000002,193.9025,220.946,0.24550998885675646
2023-12-29,002594.SZ,198.97,199.8,197.15,198.0,198.05,-0.05,-0.0252,80367.29,1591969.846,-0.0002524614996213259,-0.00025249337339043403,194.286,193.95,220.301,0.2424371256403786
2024-01-02,002594.SZ,199.61,199.62,192.37,192.6,198.0,-5.4,-2.7273,113928.32,2212162.4,-0.027272727272727337,-0.027651531330510123,194.36999999999998,193.7605,219.54483333333334,0.26140977144251454
2024-01-03,002594.SZ,192.5,193.87,190.7,193.17,192.6,0.57,0.296,84485.96,1624093.056,0.0029595015576324712,0.002955130854176716,194.654,193.602,218.79916666666668,0.26175488084127874
2024-01-04,002594.SZ,194.34,194.65,191.1,193.02,193.17,-0.15,-0.0777,89870.36,1731882.12,-0.0007765180928714921,-0.0007768197392117734,194.96800000000002,193.1935,218.03966666666668,0.24400243668464563
2024-01-05,002594.SZ,192.47,197.5,191.13,192.68,193.02,-0.34,-0.1761,112401.88,2187835.615,-0.0017614754947673505,-0.0017630287169699077,193.89399999999998,192.855,217.17683333333335,0.24271936287056708
2024-01-08,002594.SZ,192.8,193.66,189.15,189.4,192.68,-3.28,-1.7023,81078.39,1543893.919,-0.01702304338800087,-0.01716960101004221,192.17400000000004,192.39749999999998,216.3275,0.2486895895263663
2024-01-09,002594.SZ,191.0,196.0,190.2,192.86,189.4,3.46,1.8268,112186.51,2167747.852,0.01826821541710677,0.018103356330260605,192.22600000000003,192.08100000000002,215.58333333333334,0.2586094055656529
2024-01-10,002594.SZ,191.7,193.3,189.6,190.29,192.86,-2.57,-1.3326,71416.23,1364589.162,-0.013325728507725954,-0.01341531276832304,191.65,191.779,214.78816666666668,0.2579530599951523
2024-01-11,002594.SZ,190.2,198.7,188.81,196.78,190.29,6.49,3.4106,159861.74,3120354.836,0.03410583845709181,0.03353712912370395,192.402,192.02800000000002,213.91666666666666,0.27370895552559643
2024-01-12,002594.SZ,196.78,198.25,195.29,195.87,196.78,-0.91,-0.4624,87022.64,1711086.656,-0.004624453704644815,-0.004635179570967642,193.04000000000002,192.2625,213.17116666666666,0.2740673137943412
2024-01-15,002594.SZ,194.72,197.0,192.42,194.61,195.87,-1.26,-0.6433,70219.93,1364639.692,-0.006432838106907646,-0.006453617973578081,194.082,192.329,212.428,0.27292030240105414
2024-01-16,002594.SZ,193.9,196.55,193.07,195.3,194.61,0.69,0.3546,83808.6,1633959.523,0.003545552643749117,0.0035392819895596053,194.57,192.64100000000002,211.7055,0.2599571007167253
2024-01-17,002594.SZ,194.2,194.55,186.8,186.8,195.3,-8.5,-4.3523,160794.71,3050944.39,-0.043522785458269375,-0.044498312087891054,193.872,192.58100000000002,210.893,0.3051104110945483
2024-01-18,002594.SZ,185.65,191.0,184.91,190.48,186.8,3.68,1.97,114591.65,2150839.668,0.01970021413276224,0.019508676383865022,192.61200000000002,192.86100000000002,210.111,0.3063532140922831
2024-01-19,002594.SZ,189.49,192.96,188.7,189.34,190.48,-1.14,-0.5985,80905.16,1540978.199,-0.005984880302393858,-0.006002861477862086,191.30599999999998,192.844,209.28983333333335,0.29347197075904236
2024-01-22,002594.SZ,188.87,191.3,184.56,185.34,189.34,-4.0,-2.1126,132239.73,2487370.789,-0.021126016689553162,-0.021352364542199798,189.452,192.4985,208.34633333333335,0.2981277735530106
2024-01-23,002594.SZ,185.0,188.96,184.3,187.85,185.34,2.51,1.3543,110725.62,2072060.504,0.013542678320923596,0.013451795861432454,187.96200000000002,192.28199999999998,207.40050000000002,0.3029774530351921
2024-01-24,002594.SZ,189.28,189.85,184.08,188.7,187.85,0.85,0.4525,96641.21,1805379.382,0.004524886877828038,0.004514680354526613,188.342,192.1295,206.56983333333335,0.3035512378612356
2024-01-25,002594.SZ,188.88,190.9,185.66,189.9,188.7,1.2,0.6359,130769.08,2470818.453,0.006359300476947549,0.006339165443735676,188.226,192.052,205.79816666666665,0.30452829647369445
2024-01-26,002594.SZ,189.0,189.0,185.5,185.86,189.9,-4.04,-2.1274,115854.64,2160578.276,-0.021274354923643934,-0.02150391568904685,187.53,191.4425,204.98250000000002,0.2838575059933225
2024-01-29,002594.SZ,185.9,186.0,178.31,178.44,185.86,-7.42,-3.9923,146042.52,2647388.166,-0.03992252232863458,-0.04074129186912937,186.15,190.4645,203.97899999999998,0.312238875142567
2024-01-30,002594.SZ,173.08,175.48,170.3,171.97,178.44,-6.47,-3.6259,190761.18,3296016.841,-0.03625868639318541,-0.036932367263955934,182.974,189.433,202.79683333333332,0.32220966417293995
2024-01-31,002594.SZ,171.09,175.28,170.32,170.73,171.97,-1.24,-0.7211,125368.41,2155163.736,-0.007210559981392195,-0.007236681712965984,179.38000000000002,188.31099999999998,201.62616666666665,0.32070742858794565
2024-02-01,002594.SZ,170.0,173.0,168.36,170.89,170.73,0.16,0.0937,116650.74,1996429.637,0.0009371522286651945,0.0009367133756753184,175.578,187.2045,200.47433333333336,0.3211321810877716
2024-02-02,002594.SZ,170.96,171.88,163.01,167.0,170.89,-3.89,-2.2763,147991.71,2485326.236,-0.022763180993621512,-0.02302626224206226,171.80599999999998,185.9205,199.26933333333332,0.32617817828029816
2024-02-05,002594.SZ,165.0,171.78,162.77,168.0,167.0,1.0,0.5988,186216.2,3122618.403,0.0059880239520957446,0.005970166986503754,169.71800000000002,184.8505,198.12,0.32695524904554985
2024-02-06,002594.SZ,166.0,176.11,165.5,175.87,168.0,7.87,4.6845,176189.75,3054635.573,0.04684523809523822,0.04578110634501399,170.498,184.001,197.09916666666666,0.3679868089615944
2024-02-07,002594.SZ,177.25,183.0,176.1,179.56,175.87,3.69,2.0981,160093.7,2880398.922,0.02098140672087334,0.020764328165458538,172.26399999999998,183.4645,196.13133333333334,0.37692341849644184
2024-02-08,002594.SZ,181.49,183.35,180.7,181.17,179.56,1.61,0.8966,119245.66,2168509.15,0.008966362218756796,0.008926403074187964,174.32,182.68400000000003,195.1735,0.3543122016135674
2024-02-19,002594.SZ,183.88,185.35,181.84,183.5,181.17,2.33,1.2861,119687.07,2192419.553,0.012860848926422808,0.012778850506705573,177.61999999999998,182.0655,194.26016666666663,0.35923128590353154
2024-02-20,002594.SZ,183.5,183.68,177.0,179.02,183.5,-4.48,-2.4414,113357.36,2023820.072,-0.024414168937329617,-0.02471713605183198,179.824,181.286,193.29783333333333,0.3670866651005018
2024-02-21,002594.SZ,177.1,185.6,176.66,183.0,179.02,3.98,2.2232,147692.98,2700340.931,0.022232152832085683,0.02198862139862793,181.25,180.671,192.43116666666666,0.37795323942014564
2024-02-22,002594.SZ,182.9,183.64,181.26,182.99,183.0,-0.01,-0.0055,80906.13,1476863.326,-5.46448087430651e-05,-5.4646301825019416e-05,181.936,180.48049999999998,191.57766666666666,0.3462726138311401
2024-02-23,002594.SZ,182.99,183.99,180.83,182.68,182.99,-0.31,-0.1694,91174.9,1660682.308,-0.0016940816438056894,-0.0016955182227976172,182.238,180.0905,190.78900000000002,0.33769190303182983
2024-02-26,002594.SZ,186.0,190.13,185.55,186.0,182.68,3.32,1.8174,155460.76,2912982.36,0.018173855922925197,0.018010685396402895,182.738,179.92350000000002,190.07516666666666,0.3446082377591053
2024-02-27,002594.SZ,187.45,193.93,187.2,193.7,186.0,7.7,4.1398,206342.65,3958101.887,0.041397849462365466,0.04056389669974882,185.674,180.3415,189.68933333333334,0.3661646375757902
2024-02-28,002594.SZ,196.0,196.52,188.0,188.0,193.7,-5.7,-2.9427,168291.53,3223632.043,-0.029426948890036053,-0.0298686075830009,186.674,180.349,189.341,0.3804073056883377
2024-02-29,002594.SZ,187.01,191.61,186.19,191.2,188.0,3.2,1.7021,122362.89,2323915.657,0.017021276595744705,0.01687803778735173,188.31599999999997,180.474,189.02916666666667,0.3848034574581875
2024-03-01,002594.SZ,190.9,192.98,188.77,192.18,191.2,0.98,0.5126,122158.28,2336111.334,0.005125523012552424,0.005112432231820988,190.216,180.58800000000002,188.8658333333333,0.3845977496329715
2024-03-04,002594.SZ,190.0,191.7,188.1,189.27,192.18,-2.91,-1.5142,126865.1,2401200.046,-0.01514205432407112,-0.015257865798293914,190.87,180.7585,188.70116666666667,0.38050780673353046
2024-03-05,002594.SZ,187.5,191.65,185.5,190.82,189.27,1.55,0.8189,149624.43,2826124.074,0.008189359116605788,0.008156008272871945,190.294,181.3775,188.59733333333332,0.34855851038260216
2024-03-06,002594.SZ,190.0,192.98,189.0,191.65,190.82,0.83,0.435,100100.4,1914828.109,0.004349648883764878,0.004340216502864308,191.024,182.36149999999998,188.51833333333332,0.3151963690086001
2024-03-07,002594.SZ,192.06,193.96,188.8,188.89,191.65,-2.76,-1.4401,101326.88,1935953.172,-0.014401252282807309,-0.014505956782835934,190.562,183.26950000000002,188.39416666666668,0.32007378691195887
2024-03-08,002594.SZ,188.3,190.15,187.25,188.09,188.89,-0.8,-0.4235,67149.68,1263993.368,-0.0042352692042987305,-0.0042442633610150415,189.744,184.12949999999998,188.17583333333334,0.32152333778069836
2024-03-11,002594.SZ,188.0,199.9,188.0,198.74,188.09,10.65,5.6622,278080.46,5440726.383,0.056621829975012083,0.055076866120504255,191.638,185.7165,188.16400000000002,0.3525886120163758
2024-03-12,002594.SZ,201.0,206.66,197.77,205.1,198.74,6.36,3.2002,245028.92,4958824.423,0.032001610143906456,0.031500227275117476,194.494,187.5715,188.2731666666667,0.3616463132830898
2024-03-13,002594.SZ,206.92,210.4,205.83,206.36,205.1,1.26,0.6143,177812.91,3691839.469,0.006143344709897747,0.006124551298114367,197.43599999999998,189.096,188.39266666666666,0.33492157162998565
2024-03-14,002594.SZ,208.42,215.36,208.42,212.08,206.36,5.72,2.7719,211352.19,4497086.17,0.02771855010660973,0.027341345604320864,202.074,190.722,188.65516666666664,0.3391494101626002
2024-03-15,002594.SZ,210.0,211.38,206.18,209.47,212.08,-2.61,-1.2307,146628.02,3057950.744,-0.01230667672576391,-0.012383030963095336,206.35,192.137,188.9496666666667,0.3471334642873506
2024-03-18,002594.SZ,211.85,218.25,211.61,218.03,209.47,8.56,4.0865,196981.82,4250885.884,0.04086504033990557,0.04005213698228206,210.208,193.8635,189.39716666666666,0.3665505763190005
2024-03-19,002594.SZ,218.03,219.85,214.39,216.8,218.03,-1.23,-0.5641,146972.68,3194716.173,-0.005641425491904717,-0.005657398434465573,212.548,195.7525,189.78916666666666,0.34957995420334304
2024-03-20,002594.SZ,217.01,220.78,217.01,218.48,216.8,1.68,0.7749,96805.23,2118610.339,0.007749077490774914,0.007719207599958431,214.97200000000004,197.5265,190.2795,0.34654135209772924
2024-03-21,002594.SZ,218.92,219.8,217.0,218.95,218.48,0.47,0.2151,88667.09,1938901.108,0.00215122665690215,0.0021489160819577104,216.346,199.3245,190.79533333333333,0.3458543291500864
2024-03-22,002594.SZ,218.95,218.97,215.2,216.95,218.95,-2.0,-0.9135,104671.61,2266796.544,-0.009134505594884712,-0.009176481003047689,217.842,201.03799999999998,191.3298333333333,0.3499562863038673
2024-03-25,002594.SZ,216.37,217.79,212.85,214.2,216.95,-2.75,-1.2676,99109.4,2133902.462,-0.012675731735422913,-0.01275675423071132,217.07599999999996,202.448,191.73850000000002,0.3561458078797095
2024-03-26,002594.SZ,216.0,219.99,215.27,219.6,214.2,5.4,2.521,131346.27,2864082.717,0.025210084033613578,0.024897551621727302,217.63600000000002,203.743,192.19433333333333,0.33986447977461093
2024-03-27,002594.SZ,219.61,219.7,210.01,211.98,219.6,-7.62,-3.4699,188848.98,4058093.22,-0.03469945355191262,-0.035315779036266766,216.336,204.942,192.52433333333335,0.34768399595767274
2024-03-28,002594.SZ,209.85,211.84,206.01,208.38,211.98,-3.6,-1.6983,159435.31,3327175.192,-0.01698273422020946,-0.017128594615071206,214.22199999999998,205.801,192.8015,0.3545891202176303
2024-03-29,002594.SZ,208.43,208.52,201.17,203.06,208.38,-5.32,-2.553,141381.08,2873380.486,-0.0255302812170074,-0.02586183411096102,211.44400000000002,206.34499999999997,192.99499999999998,0.3702739931263418
2024-04-01,002594.SZ,203.06,212.98,203.06,212.01,203.06,8.95,4.4076,142909.27,2995671.851,0.044075642667191994,0.04313194149779603,211.006,207.48200000000003,193.22766666666666,0.39085802857050916
2024-04-02,002594.SZ,212.01,217.3,211.8,212.34,212.01,0.33,0.1557,107584.79,2301699.126,0.0015565303523419338,0.0015553202145544356,209.554,208.558,193.46666666666667,0.39106833553168674
2024-04-03,002594.SZ,210.5,211.11,207.55,208.16,212.34,-4.18,-1.9685,83633.79,1747159.207,-0.019685410191202846,-0.019881748821231927,208.79000000000002,209.3835,193.726,0.40129423671823006
2024-04-08,002594.SZ,207.0,215.0,206.39,212.0,208.16,3.84,1.8447,128227.18,2722271.578,0.01844734819369709,0.01827925990781724,209.51399999999998,210.539,194.03983333333332,0.3977630845113527
2024-04-09,002594.SZ,211.75,214.99,211.35,212.08,212.0,0.08,0.0377,84208.46,1791256.313,0.0003773584905661931,0.00037728730875780206,211.31799999999998,211.73850000000002,194.3575,0.3965111844697333
2024-04-10,002594.SZ,214.3,214.5,210.0,211.84,212.08,-0.24,-0.1132,72410.85,1537375.543,-0.0011316484345530453,-0.001132289232126757,211.28400000000002,212.3935,194.67683333333332,0.34953627062376436
2024-04-11,002594.SZ,209.0,215.44,207.8,212.98,211.84,1.14,0.5381,100853.95,2130444.828,0.00538141993957697,0.0053669918385942485,211.41199999999998,212.7875,195.06983333333332,0.33305512925320907
2024-04-12,002594.SZ,212.0,217.19,209.54,210.6,212.98,-2.38,-1.1175,114917.89,2453371.047,-0.011174758193257528,-0.011237664887362523,211.9,212.99949999999998,195.3655,0.3359235589084822
2024-04-15,002594.SZ,210.0,215.5,209.09,213.62,210.6,3.02,1.434,113331.92,2418635.357,0.014339981006647795,0.01423813596167439,212.224,213.07649999999998,195.75433333333334,0.3251137606885148
2024-04-16,002594.SZ,212.4,215.35,210.71,211.63,213.62,-1.99,-0.9316,98323.04,2090984.65,-0.009315607152888372,-0.009359268789187181,212.13400000000001,213.1845,196.0018333333333,0.3237141486547026
2024-04-17,002594.SZ,211.0,213.18,209.6,213.0,211.63,1.37,0.6474,96921.62,2046775.945,0.006473562349383455,0.006452698837062928,212.36599999999999,212.933,196.28733333333332,0.2882019726445614
2024-04-18,002594.SZ,212.0,216.5,209.4,213.6,213.0,0.6,0.2817,133997.56,2863779.538,0.0028169014084507005,0.0028129413766146577,212.49,212.773,196.6038333333333,0.287963161381357
2024-04-19,002594.SZ,212.19,212.87,207.06,210.13,213.6,-3.47,-1.6245,111770.43,2342512.356,-0.01624531835205989,-0.016378720280460324,212.39600000000002,212.35549999999998,196.85100000000003,0.29132605851207916
2024-04-22,002594.SZ,210.0,211.53,208.1,208.56,210.13,-1.57,-0.7472,64694.78,1353615.963,-0.007471565221529475,-0.007499617180333068,211.38400000000001,211.836,197.21366666666665,0.29160294771261147
2024-04-23,002594.SZ,208.55,208.56,203.99,205.04,208.56,-3.52,-1.6878,87299.94,1793533.843,-0.016877637130801704,-0.017021687569430635,210.06599999999997,211.24050000000003,197.45633333333333,0.2952930742230139
2024-04-24,002594.SZ,206.89,208.8,204.5,207.42,205.04,2.38,1.1607,74978.92,1546983.916,0.011607491221225175,0.011540641105772544,208.95,210.9015,197.75766666666667,0.29694017830311986
2024-04-25,002594.SZ,207.4,211.51,206.62,208.94,207.42,1.52,0.7328,94683.84,1980120.669,0.0073281265066049706,0.00730140624777376,208.01800000000003,210.36849999999998,198.15099999999998,0.2820648302613609
2024-04-26,002594.SZ,210.0,219.76,210.0,219.37,208.94,10.43,4.9919,253453.78,5502292.294,0.04991863692926213,0.04871267252823436,209.86599999999999,210.738,198.67633333333333,0.31166493446167337
2024-04-29,002594.SZ,221.08,225.4,218.73,221.38,219.37,2.01,0.9163,191675.93,4256800.048,0.009162601996626663,0.009120880019881735,212.43,211.388,199.221,0.30439347845920894
2024-04-30,002594.SZ,223.5,224.38,218.5,218.5,221.38,-2.88,-1.3009,115559.66,2542063.035,-0.013009305266961757,-0.013094667421833042,215.122,212.16,199.69766666666666,0.2916976584650318
2024-05-06,002594.SZ,225.0,228.39,223.5,226.3,218.5,7.8,3.5698,186778.87,4226418.539,0.03569794050343256,0.035075538103846914,218.898,212.87449999999998,200.37166666666664,0.2775388427285732
2024-05-07,002594.SZ,226.3,231.99,224.04,229.88,226.3,3.58,1.582,144190.48,3301364.34,0.01581970835174551,0.015695881000049126,223.086,213.7515,201.22899999999998,0.2808735215207784
2024-05-08,002594.SZ,228.54,228.88,226.0,226.23,229.88,-3.65,-1.5878,91131.78,2070673.827,-0.015877849312684877,-0.01600525275687543,224.458,214.65500000000003,202.13333333333333,0.2768897648880888
2024-05-09,002594.SZ,226.3,228.4,226.15,228.15,226.23,1.92,0.8487,79007.35,1796491.173,0.008486938071873729,0.008451126490746181,225.81199999999998,215.4625,203.09033333333335,0.2723666724841577
2024-05-10,002594.SZ,227.0,229.52,226.0,227.8,228.15,-0.35,-0.1534,80613.3,1833828.036,-0.0015340784571553634,-0.0015352563603297706,227.67200000000003,216.2485,204.03883333333334,0.2727708878583051
2024-05-13,002594.SZ,225.2,227.36,222.58,225.7,227.8,-2.1,-0.9219,82481.16,1857506.899,-0.009218612818261751,-0.009261367189591875,227.552,216.9415,205.01716666666664,0.2761678830208176
2024-05-14,002594.SZ,225.71,227.57,224.11,224.91,225.7,-0.79,-0.35,62618.53,1414943.425,-0.0035002215330083297,-0.0035063616404095235,226.558,217.538,205.96566666666664,0.2770846271998352
2024-05-15,002594.SZ,224.5,226.0,218.3,219.14,224.91,-5.77,-2.5655,99733.51,2204936.673,-0.025654706326975307,-0.025989527205833238,225.14000000000001,217.965,206.68683333333334,0.2912264121127427
2024-05-16,002594.SZ,219.15,219.96,216.61,218.31,219.14,-0.83,-0.3788,87157.22,1901165.662,-0.0037875330838732513,-0.0037947239501423874,223.17199999999997,218.1995,207.33266666666665,0.28825399614547037
2024-05-17,002594.SZ,219.39,220.33,217.66,219.59,218.31,1.28,0.5863,71486.66,1564639.158,0.005863222023727799,0.0058461002307953844,221.53000000000003,218.5975,207.973,0.28590712076125424
2024-05-20,002594.SZ,218.48,224.0,218.48,222.87,219.59,3.28,1.4937,75958.57,1688534.368,0.014936927911107123,0.014826470573924527,220.964,219.09099999999998,208.62916666666666,0.2892226544692519
2024-05-21,002594.SZ,221.98,221.99,217.42,218.78,222.87,-4.09,-1.8352,84080.43,1838619.341,-0.018351505361870135,-0.018521983140179794,219.738,219.35,209.29183333333333,0.29845382461151565
2024-05-22,002594.SZ,218.19,219.5,215.16,216.92,218.78,-1.86,-0.8502,88398.17,1916325.81,-0.008501691196635908,-0.008538036718784864,219.294,219.6895,209.85716666666667,0.29362044260895587
2024-05-23,002594.SZ,215.85,215.85,213.51,214.95,216.92,-1.97,-0.9082,62287.23,1336506.237,-0.009081689101973045,-0.009123179030569322,218.622,220.00900000000001,210.38983333333334,0.29434599991423466
2024-05-24,002594.SZ,213.98,214.0,208.8,209.3,214.95,-5.65,-2.6285,102875.52,2166851.356,-0.02628518260060464,-0.026636813490336343,216.564,220.22200000000004,210.83350000000002,0.3039466113992504
2024-05-27,002594.SZ,210.0,210.8,206.6,208.35,209.3,-0.95,-0.4539,76045.51,1580461.907,-0.004538939321548141,-0.004549271583491709,213.66,220.2685,211.20600000000002,0.30201205489467137
2024-05-28,002594.SZ,208.8,208.91,206.58,207.38,208.35,-0.97,-0.4656,60946.46,1265112.511,-0.004655627549795982,-0.00466649873833033,211.38000000000002,220.19050000000001,211.434,0.30135760069611695
2024-05-29,002594.SZ,211.0,226.0,210.99,224.7,207.38,17.32,8.3518,302647.77,6633165.251,0.083518179187964,0.08021332006115127,212.93599999999998,220.45699999999997,212.04566666666668,0.38693048234869315
2024-05-30,002594.SZ,224.42,229.38,223.9,227.86,224.7,3.16,1.4063,223791.81,5070762.671,0.014063195371606607,0.01396522607868623,215.51799999999997,220.78100000000003,212.6566666666667,0.38860933997493324
2024-05-31,002594.SZ,228.8,231.6,226.99,229.02,227.86,1.16,0.5091,185429.84,4264400.522,0.0050908452558589,0.005077930715223712,219.462,221.30700000000002,213.27066666666667,0.384803128745001
2024-06-03,002594.SZ,229.01,240.48,225.99,237.1,229.02,8.08,3.5281,270145.89,6370453.739,0.035280761505545266,0.03467265708616633,225.212,221.84700000000004,214.06783333333334,0.3843301215997813
2024-06-04,002594.SZ,236.9,239.8,235.95,238.15,237.1,1.05,0.4429,157429.16,3744672.01,0.00442851117671883,0.004418734175509746,231.36599999999999,222.2605,214.85666666666665,0.38124945571377844
2024-06-05,002594.SZ,238.48,246.3,238.48,240.79,238.15,2.64,1.1085,194433.95,4732184.009,0.011085450346420167,0.011024457086272563,234.584,222.9885,215.67566666666667,0.3764310592848844
2024-06-06,002594.SZ,241.2,243.8,237.5,238.5,240.79,-2.29,-0.951,175865.42,4227834.836,-0.009510361725985295,-0.009555874004746204,236.712,223.506,216.5025,0.37860865154780143
2024-06-07,002594.SZ,239.03,241.39,232.13,235.5,238.5,-3.0,-1.2579,182593.98,4304211.409,-0.012578616352201255,-0.012658396871923465,238.00799999999998,223.891,217.29266666666666,0.3821755849868082
2024-06-11,002594.SZ,234.63,246.0,234.33,244.63,235.5,9.13,3.8769,221596.93,5386278.076,0.0387685774946922,0.03803595149902014,239.51399999999998,224.8375,218.05749999999998,0.4011004891247968
2024-06-12,002594.SZ,241.63,247.55,241.63,242.9,244.63,-1.73,-0.7072,187331.97,4573251.957,-0.007071904508850091,-0.007097028947365707,240.464,225.737,218.68749999999997,0.4022240091996104
2024-06-13,002594.SZ,248.8,258.28,248.11,252.99,242.9,10.09,4.154,292519.28,7423395.27,0.04153972828324415,0.040700126246533096,242.904,227.42950000000002,219.4646666666667,0.4068761342541171
2024-06-14,002594.SZ,251.48,253.93,246.53,253.05,252.99,0.06,0.0237,202609.76,5066109.117,0.00023716352424996145,0.00023713540542709568,245.81400000000002,229.16649999999998,220.1475,0.40564281205028824
2024-06-17,002594.SZ,252.0,259.87,250.87,257.21,253.05,4.16,1.6439,208648.8,5371512.6,0.016439438846077792,0.016305774196393574,250.156,231.04749999999999,220.94316666666663,0.406739291813016
2024-06-18,002594.SZ,255.6,257.3,253.0,255.64,257.21,-1.57,-0.6104,128789.11,3282495.367,-0.006103961743322506,-0.006122667074399536,252.358,232.686,221.57000000000002,0.4089959367800836
2024-06-19,002594.SZ,256.0,258.0,253.41,254.0,255.64,-1.64,-0.6415,99108.11,2529117.364,-0.006415271475512352,-0.006435937763544353,254.57799999999997,234.44699999999997,222.19,0.40123088186079664
2024-06-20,002594.SZ,252.88,253.77,249.3,251.5,254.0,-2.5,-0.9843,116199.94,2921098.948,-0.009842519685039353,-0.009891277478742667,254.27999999999997,236.176,222.74033333333333,0.40198029934363405
2024-06-21,002594.SZ,251.99,254.37,247.81,250.67,251.5,-0.83,-0.33,116330.12,2916085.594,-0.003300198807157151,-0.0033056564741393525,253.804,237.962,223.26900000000003,0.3992904162861122
2024-06-24,002594.SZ,250.0,253.98,247.78,249.94,250.67,-0.73,-0.2912,108423.02,2719528.81,-0.0029121953165516246,-0.0029164440080170174,252.35,239.99399999999997,223.81883333333332,0.3808605497863347
2024-06-25,002594.SZ,252.0,258.74,250.36,254.01,249.94,4.07,1.6284,195746.43,4998561.939,0.016283908137953107,0.016152747264657926,252.02400000000003,242.277,224.48233333333332,0.378077305165061
2024-06-26,002594.SZ,252.0,254.3,249.38,252.72,254.01,-1.29,-0.5079,111916.76,2814435.214,-0.005078540214952132,-0.005091479828465742,251.76800000000003,244.544,225.03433333333336,0.3783008735603738
2024-06-27,002594.SZ,251.02,252.36,248.42,249.5,252.72,-3.22,-1.2741,82910.84,2074271.452,-0.012741373852484972,-0.012823241302256407,251.36800000000002,245.78400000000002,225.65966666666665,0.2695190327066838
2024-06-28,002594.SZ,248.0,252.13,246.88,250.25,249.5,0.75,0.3006,92982.07,2324520.984,0.0030060120240480437,0.003001503003756558,251.28400000000002,246.90349999999998,226.35750000000002,0.26764731227320665
2024-07-01,002594.SZ,250.25,251.85,242.5,246.8,250.25,-3.45,-1.3786,129273.32,3179627.87,-0.013786213786213697,-0.013882126164097126,250.656,247.79250000000002,227.0865,0.2756710562519324
2024-07-02,002594.SZ,246.87,247.7,243.05,243.97,246.8,-2.83,-1.1467,102627.37,2515326.295,-0.011466774716369588,-0.011533025116774702,248.648,248.13599999999997,227.61916666666667,0.2541642766321382
2024-07-03,002594.SZ,243.96,245.38,240.0,243.1,243.97,-0.87,-0.3566,96574.03,2340645.421,-0.0035660122146166096,-0.003572385592380487,246.724,248.3835,228.13183333333333,0.25454693209682705
2024-07-04,002594.SZ,245.0,249.69,244.5,244.63,243.1,1.53,0.6294,99196.34,2449191.851,0.0062937062937062915,0.00627398363341485,245.75,248.5755,228.7396666666667,0.2526271790257703
2024-07-05,002594.SZ,243.17,244.5,238.88,242.03,244.63,-2.6,-1.0628,95664.78,2308221.433,-0.010628295793647546,-0.010685179539923767,244.106,248.752,229.24016666666665,0.25326911212462316
2024-07-08,002594.SZ,241.8,248.22,241.18,244.99,242.03,2.96,1.223,105374.66,2591239.967,0.012229888856753357,0.012155707969618752,243.744,249.2265,229.78866666666667,0.2511184201439535
2024-07-09,002594.SZ,245.2,253.51,241.51,252.6,244.99,7.61,3.1062,140762.55,3506898.661,0.03106249234662628,0.030589816531203174,245.46999999999997,249.625,230.468,0.23730139078274726
2024-07-10,002594.SZ,252.49,256.53,251.5,252.5,252.6,-0.1,-0.0396,109282.56,2767913.672,-0.00039588281868563335,-0.0003959612009761826,247.35,250.10500000000002,231.12666666666664,0.23519889101600996
2024-07-11,002594.SZ,255.0,256.26,251.68,253.06,252.5,0.56,0.2218,100359.45,2546645.362,0.00221782178217822,0.0022153660457030957,249.036,250.1085,231.83433333333335,0.1833108587627209
2024-07-12,002594.SZ,253.52,264.0,251.89,262.62,253.06,9.56,3.7778,188863.22,4891988.725,0.03777760214968784,0.037081505669741374,253.154,250.58700000000005,232.65099999999998,0.22697948676871704
2024-07-15,002594.SZ,262.3,264.8,260.61,261.71,262.62,-0.91,-0.3465,98715.52,2590423.502,-0.0034650826288935566,-0.0034710999320290404,256.498,250.81200000000004,233.48566666666667,0.22105043227350765
2024-07-16,002594.SZ,260.61,262.2,256.35,258.99,261.71,-2.72,-1.0393,117587.68,3043326.156,-0.01039318329448613,-0.01044756958328891,257.77599999999995,250.9795,234.25216666666668,0.22338004273117495
2024-07-17,002594.SZ,259.0,261.52,256.62,259.51,258.99,0.52,0.2008,105191.71,2726321.475,0.002007799528939369,0.002005786593395523,259.178,251.25500000000002,235.01733333333334,0.22179489022545837
2024-07-18,002594.SZ,257.9,262.9,257.51,261.43,259.51,1.92,0.7399,95322.04,2487441.704,0.007398558822396151,0.007371323737161032,260.852,251.7515,235.8723333333333,0.21887007955869914
2024-07-19,002594.SZ,260.5,266.0,259.74,264.06,261.43,2.63,1.006,136213.79,3593320.512,0.010060054316643141,0.010009788804957688,261.14,252.421,236.79733333333334,0.21969329578830768
2024-07-22,002594.SZ,264.1,270.1,264.1,265.61,264.06,1.55,0.587,100749.55,2688874.276,0.005869878058017086,0.005852717444867213,261.91999999999996,253.2045,237.80683333333334,0.2189306666704804
2024-07-23,002594.SZ,264.99,265.41,253.0,253.23,265.61,-12.38,-4.661,167410.49,4318283.785,-0.04660969090019207,-0.04773090083218406,260.768,253.1655,238.57033333333337,0.27537852114044403
2024-07-24,002594.SZ,253.23,255.15,248.49,249.99,253.23,-3.24,-1.2795,118640.05,2976544.505,-0.012794692571970079,-0.01287724960151312,258.864,253.029,239.2545,0.2786052434876768
2024-07-25,002594.SZ,249.97,254.54,247.5,250.39,249.99,0.4,0.16,101104.2,2533958.369,0.0016000640025599644,0.0015987852640144394,256.656,253.07350000000002,239.77149999999997,0.27480170886396244
2024-07-26,002594.SZ,252.97,257.63,251.15,254.95,250.39,4.56,1.8212,124841.65,3180235.007,0.01821158991972527,0.018047745174925106,254.834,253.3085,240.33100000000002,0.2819791722917569
2024-07-29,002594.SZ,252.93,253.0,246.58,249.1,251.85,-2.75,-1.0919,78859.32,1960649.994,-0.022945675622671136,-0.02321302523303003,251.53199999999998,253.42349999999996,240.84099999999998,0.2901406952317284
2024-07-30,002594.SZ,247.59,247.8,241.62,243.91,249.1,-5.19,-2.0835,110393.39,2686057.414,-0.020835006021677982,-0.021055117476749815,249.66799999999998,253.42050000000003,241.13450000000003,0.29713946812006237
2024-07-31,002594.SZ,242.61,248.02,242.57,247.05,243.91,3.14,1.2874,87490.03,2153504.528,0.012873600918371642,0.012791440500374267,249.07999999999998,253.618,241.42066666666668,0.30012425998235676
2024-08-01,002594.SZ,248.0,248.74,240.0,244.2,247.05,-2.85,-1.1536,103634.88,2519341.335,-0.011536126290224713,-0.011603183615154779,247.842,253.59650000000002,241.72016666666667,0.30259784346149093
2024-08-02,002594.SZ,241.99,242.26,234.6,234.78,244.2,-9.42,-3.8575,145671.17,3453944.603,-0.038574938574938544,-0.039338656226228175,243.808,253.234,241.83066666666667,0.3306787714898449
2024-08-05,002594.SZ,230.84,236.67,230.01,231.18,234.78,-3.6,-1.5334,105268.35,2457359.662,-0.015333503705596718,-0.015452277584254867,240.224,252.54350000000005,241.887,0.3301816537348691
2024-08-06,002594.SZ,234.0,234.62,225.98,228.94,231.18,-2.24,-0.9689,129101.51,2955783.827,-0.00968941949995683,-0.009736667375791049,237.23000000000002,251.3605,241.941,0.3057096044374441
2024-08-07,002594.SZ,229.04,231.0,226.47,228.95,228.94,0.01,0.0044,82021.86,1882919.963,4.367956669870665e-05,4.367861277421106e-05,233.60999999999999,250.183,242.00833333333333,0.3057961852576211
2024-08-08,002594.SZ,227.8,227.8,223.5,226.45,228.95,-2.5,-1.0919,85357.41,1925911.439,-0.010919414719371079,-0.010979469100881623,230.06,248.85249999999996,242.13016666666667,0.3054065001116626
2024-08-09,002594.SZ,228.06,235.88,228.04,231.62,226.45,5.17,2.2831,119852.18,2790790.707,0.022830646941929933,0.02257392775400887,229.42800000000003,247.30249999999995,242.35199999999998,0.2810400674203496
2024-08-12,002594.SZ,232.01,233.49,229.5,230.4,231.62,-1.22,-0.5267,53779.01,1242071.532,-0.005267248078749676,-0.005281168934495427,229.272,245.737,242.53216666666668,0.280887877893986
2024-08-13,002594.SZ,230.36,230.39,226.0,228.73,230.4,-1.67,-0.7248,60436.5,1378452.593,-0.007248263888888995,-0.0072746601824680126,229.22999999999996,244.224,242.62983333333335,0.2804867637644652
2024-08-14,002594.SZ,228.6,228.6,225.2,226.6,228.73,-2.13,-0.9312,56329.85,1276584.732,-0.009312289599090584,-0.009355920045362282,228.76,242.5785,242.76016666666666,0.2790519244768
2024-08-15,002594.SZ,226.57,232.5,224.88,231.49,226.6,4.89,2.158,88545.38,2039684.342,0.021579876434245415,0.021350327455108828,229.76799999999997,241.0815,243.00300000000001,0.29269995340941585
2024-08-16,002594.SZ,232.11,238.32,230.5,235.11,231.49,3.62,1.5638,102218.58,2406276.094,0.015637824528057287,0.015516813683868123,230.46600000000004,239.63400000000001,243.339,0.2973662012256467
2024-08-19,002594.SZ,235.25,238.98,235.01,235.42,235.11,0.31,0.1319,70182.42,1662452.527,0.0013185317510950867,0.0013176632514515095,231.46999999999997,238.12449999999998,243.77433333333332,0.2954663602301932
2024-08-20,002594.SZ,236.0,237.33,233.43,236.48,235.42,1.06,0.4503,62484.22,1475807.676,0.004502591113754173,0.004492484775502408,233.01999999999998,237.28699999999998,244.24316666666667,0.25485800950112913
2024-08-21,002594.SZ,234.66,243.13,232.0,241.0,236.48,4.52,1.9114,111043.38,2658947.674,0.019113667117726774,0.018933295730818155,235.9,236.8375,244.8035,0.26408103967944924
2024-08-22,002594.SZ,241.0,242.77,239.62,240.52,241.0,-0.48,-0.1992,62488.45,1506260.848,-0.001991701244813182,-0.0019936873192869724,237.706,236.34399999999997,245.06716666666665,0.2637937954326994
2024-08-23,002594.SZ,239.8,241.3,238.15,239.34,240.52,-1.18,-0.4906,49786.02,1193437.03,-0.0049060369200066845,-0.004918111025997702,238.552,235.56349999999998,245.25849999999997,0.25298623273736465
2024-08-26,002594.SZ,239.5,243.0,237.71,239.41,239.34,0.07,0.0292,56513.42,1354660.288,0.0002924709618117305,0.0002924282005174004,239.35,235.079,245.43166666666667,0.24193291268616368
2024-08-27,002594.SZ,237.51,241.28,236.5,240.8,239.41,1.39,0.5806,50926.46,1219258.016,0.005805939601520427,0.0057891500887784185,240.21400000000003,234.92349999999996,245.49333333333334,0.23253536357559262
2024-08-28,002594.SZ,240.27,240.28,232.8,236.85,240.8,-3.95,-1.6404,89040.7,2098577.19,-0.01640365448504988,-0.01653968406490523,239.38400000000001,234.41350000000003,245.4716666666667,0.2333589812828131
2024-08-29,002594.SZ,233.33,236.5,231.3,234.85,236.85,-2.0,-0.8444,79384.87,1858678.051,-0.008444162972345404,-0.008480016896756723,238.25,233.94599999999997,245.37266666666665,0.2319374282489156
2024-08-30,002594.SZ,237.98,251.79,237.26,249.42,234.85,14.57,6.204,193027.92,4764660.206,0.06203959974451778,0.06019121001959697,240.266,234.67799999999997,245.55466666666663,0.2886647676500632
2024-09-02,002594.SZ,248.02,250.42,241.0,241.1,249.42,-8.32,-3.3357,101134.82,2468600.915,-0.03335738914281128,-0.03392643730547566,240.60399999999998,235.17399999999998,245.648,0.31027923727009865
2024-09-03,002594.SZ,240.4,247.45,240.4,247.08,241.1,5.98,2.4803,101819.9,2497421.913,0.024802986312733477,0.02450038564057319,241.85999999999999,236.081,245.68883333333332,0.31671927768111957
2024-09-04,002594.SZ,245.5,251.9,245.44,250.32,247.08,3.24,1.3113,100605.96,2506778.351,0.013113161728994571,0.013027928532928222,244.554,237.1495,245.8125,0.31794604389519904
2024-09-05,002594.SZ,250.0,255.6,249.6,252.85,250.32,2.53,1.0107,100125.55,2542189.363,0.010107062959411994,0.01005632816536538,248.154,238.4695,245.81016666666665,0.31300346670364665
2024-09-06,002594.SZ,252.86,255.1,251.42,251.6,252.85,-1.25,-0.4944,78141.52,1982245.013,-0.0049436424757761666,-0.004955902699706591,248.59,239.46850000000003,245.786,0.3083469196377449
2024-09-09,002594.SZ,249.48,253.96,248.58,249.98,251.6,-1.62,-0.6439,70851.26,1774845.244,-0.006438791732909399,-0.006459610164209722,250.36599999999999,240.4475,245.6655,0.3088577634152466
2024-09-10,002594.SZ,250.0,252.8,248.62,249.65,249.98,-0.33,-0.132,61248.29,1533462.724,-0.0013201056084486407,-0.0013209777154574315,250.88000000000002,241.49349999999998,245.56566666666666,0.30663608375527834
2024-09-11,002594.SZ,250.0,260.6,249.44,258.1,249.65,8.45,3.3847,155361.48,4001603.969,0.03384738634087725,0.03328716977794991,252.43599999999998,243.0685,245.634,0.31877066556333056
2024-09-12,002594.SZ,258.7,260.0,257.0,257.01,258.1,-1.09,-0.4223,77251.08,1995755.899,-0.004223169314219399,-0.004232112080506008,253.26800000000003,244.3445,245.72583333333333,0.31596087635161285
2024-09-13,002594.SZ,257.2,258.0,254.85,254.99,257.01,-2.02,-0.786,56991.61,1458587.906,-0.007859616357340116,-0.007890665940865705,253.946,245.33849999999998,245.79783333333333,0.3168976005537537
2024-09-18,002594.SZ,255.02,259.33,254.1,258.43,254.99,3.44,1.3491,66819.81,1715595.538,0.013490725126475533,0.013400535537482113,255.63600000000002,246.48900000000003,245.93933333333334,0.31834497256358607
2024-09-19,002594.SZ,259.01,259.38,253.3,255.36,258.43,-3.07,-1.1879,91043.23,2326365.319,-0.01187942576326273,-0.011950549979234639,256.77799999999996,247.433,245.96183333333335,0.32385320261328077
2024-09-20,002594.SZ,255.38,258.8,252.88,256.1,255.36,0.74,0.2898,89897.93,2292829.765,0.0028978696741854826,0.002893678944035633,256.37800000000004,248.18800000000002,246.01816666666667,0.3189219331947487
2024-09-23,002594.SZ,255.95,256.96,248.79,250.0,256.1,-6.1,-2.3819,107582.73,2712153.56,-0.023818820773135574,-0.024107075343233208,254.97600000000003,248.66200000000003,246.0265,0.33277366803118646
2024-09-24,002594.SZ,253.0,255.5,246.76,254.29,250.0,4.29,1.716,156494.54,3949080.823,0.017160000000000064,0.017014430159129502,254.836,249.40950000000004,246.09383333333332,0.3357812511563023
2024-09-25,002594.SZ,258.0,269.66,257.66,262.8,254.29,8.51,3.3466,205710.34,5442651.982,0.03346572810570625,0.03291793858907974,255.70999999999998,250.579,246.36050000000003,0.3521621454084604
2024-09-26,002594.SZ,264.0,269.7,262.1,269.61,262.8,6.81,2.5913,149066.41,3960197.854,0.025913242009132365,0.02558318372793625,258.56000000000006,252.01950000000002,246.78783333333334,0.35999235266969637
2024-09-27,002594.SZ,273.0,291.99,271.5,283.99,269.61,14.38,5.3336,309922.4,8683447.958,0.05333630058232264,0.05196255593527744,264.13800000000003,254.3765,247.46933333333334,0.3867846078195701
2024-09-30,002594.SZ,290.0,308.08,290.0,307.31,283.99,23.32,8.2116,388804.59,11640545.413,0.08211556744955795,0.07891798382370713,275.6,257.9995,248.514,0.45834872615582245
2024-10-08,002594.SZ,338.04,338.04,307.31,327.38,307.31,20.07,6.5309,443439.39,14484952.068,0.06530864599264574,0.06326456561883201,290.21799999999996,261.89750000000004,249.9365,0.46302345841263987
2024-10-09,002594.SZ,315.0,320.71,300.5,305.69,327.38,-21.69,-6.6253,325918.58,10166970.123,-0.0662532836459161,-0.06855005916342569,298.796,265.127,250.94816666666668,0.5190616666901664
2024-10-10,002594.SZ,310.0,322.0,309.98,315.89,305.69,10.2,3.3367,250166.87,7918647.496,0.03336713664169588,0.03282253516699684,308.05199999999996,268.5675,252.00300000000001,0.5226446925423677
2024-10-11,002594.SZ,314.02,314.02,296.01,300.05,315.89,-15.84,-5.0144,186418.49,5671879.377,-0.050144037481401726,-0.05144492428425781,311.264,271.054,252.7955,0.5684776512469375
2024-10-14,002594.SZ,300.99,309.98,300.2,307.0,300.05,6.95,2.3163,172364.82,5268100.405,0.023162806198966823,0.022898620151675285,311.202,273.76149999999996,253.69449999999998,0.5704851313970698
2024-10-15,002594.SZ,305.5,308.38,298.0,298.0,307.0,-9.0,-2.9316,122149.02,3695577.335,-0.02931596091205213,-0.029754261081792716,305.326,276.08149999999995,254.28416666666666,0.5855179193369273
2024-10-16,002594.SZ,293.0,295.98,287.0,289.79,298.0,-8.21,-2.755,150321.87,4362898.827,-0.02755033557046971,-0.02793696377043295,302.146,278.072,254.75216666666665,0.5976384051721392
2024-10-17,002594.SZ,292.51,297.85,289.12,289.42,289.79,-0.37,-0.1277,102456.54,3005198.74,-0.0012767866386004245,-0.0012776024251248343,296.85200000000003,280.0605,255.25933333333333,0.5976293831510995
2024-10-18,002594.SZ,289.45,306.2,288.08,300.3,289.42,10.88,3.7592,191092.42,5674148.205,0.037592426231773945,0.03690305467943801,296.902,282.1705,255.93916666666664,0.5999138855797874
2024-10-21,002594.SZ,303.0,308.6,300.9,306.45,300.3,6.15,2.048,157816.02,4819617.233,0.020479520479520508,0.02027263494245619,296.79200000000003,284.6425,256.6895,0.599496577284146
2024-10-22,002594.SZ,305.0,310.12,303.0,304.75,306.45,-1.7,-0.5547,103732.66,3174859.559,-0.005547397617882144,-0.005562841570359794,298.142,287.1305,257.36766666666665,0.5986636588776684
2024-10-23,002594.SZ,304.75,311.8,302.68,308.88,304.75,4.13,1.3552,126695.0,3911383.612,0.013552091878588968,0.013461083594599969,301.96,289.65299999999996,258.08883333333335,0.5986689538885402
2024-10-24,002594.SZ,308.88,309.97,302.58,303.68,308.88,-5.2,-1.6835,96885.14,2959755.261,-0.01683501683501676,-0.01697833653441779,304.812,292.069,258.92966666666666,0.6012829686598405
2024-10-25,002594.SZ,304.0,311.8,304.0,308.14,303.68,4.46,1.4687,139820.37,4306245.201,0.014686512118018857,0.014579709732065762,306.38,294.671,259.89883333333336,0.6010533112945635
2024-10-28,002594.SZ,309.0,309.0,301.75,305.1,308.14,-3.04,-0.9866,109324.39,3323177.977,-0.009865645485818031,-0.00991463343100485,306.11,297.426,260.81066666666663,0.5926314953480165
2024-10-29,002594.SZ,309.0,310.28,303.8,305.4,305.1,0.3,0.0983,118545.61,3635542.203,0.000983284169124632,0.000982801061907856,306.23999999999995,299.9815,261.6515,0.5930627108464355
2024-10-30,002594.SZ,303.0,307.51,301.5,305.55,305.4,0.15,0.0491,108448.2,3301164.357,0.000491159135560082,0.0004910385563926174,305.574,302.11899999999997,262.59233333333333,0.5871752308888504
2024-10-31,002594.SZ,302.01,302.99,293.0,293.19,305.55,-12.36,-4.0452,240851.99,7127704.551,-0.040451644575355994,-0.041292568322070525,303.476,303.298,263.41366666666664,0.6075391834741183
2024-11-01,002594.SZ,293.2,295.6,290.1,290.31,293.19,-2.88,-0.9823,143040.86,4174457.395,-0.009822981684232013,-0.009871545457893177,299.91,303.614,264.13466666666665,0.5815524951431286
2024-11-04,002594.SZ,296.0,308.92,295.61,306.98,290.31,16.67,5.7421,217318.89,6600399.617,0.05742137714856543,0.05583328132430126,300.286,303.59749999999997,265.181,0.5415099984281472
2024-11-05,002594.SZ,304.06,308.44,300.5,307.5,306.98,0.52,0.1694,167819.98,5124245.709,0.0016939214281059822,0.001692488361310481,300.706,302.6035,266.393,0.4846229174183057
2024-11-06,002594.SZ,308.0,309.75,298.0,300.36,307.5,-7.14,-2.322,184861.2,5611830.834,-0.02321951219512186,-0.02349333201488931,299.668,302.337,267.546,0.43084174652673723
2024-11-07,002594.SZ,295.03,301.88,294.0,301.78,300.36,1.42,0.4728,150675.92,4484370.172,0.004727660141163881,0.004716519853822096,301.386,301.6315,268.76,0.4125624372757712
2024-11-08,002594.SZ,307.12,307.52,297.0,297.9,301.78,-3.88,-1.2857,166715.72,5022195.686,-0.012857048180793917,-0.01294041536626867,302.904,301.524,269.9091666666667,0.37425862646547103
2024-11-11,002594.SZ,295.0,299.47,292.6,299.29,297.9,1.39,0.4666,180859.3,5349190.917,0.004665995300436432,0.00465514328822997,301.366,301.1385,271.12316666666663,0.364647258066767
2024-11-12,002594.SZ,300.15,310.0,299.31,300.81,299.29,1.52,0.5079,246557.46,7520312.654,0.005078686224063489,0.005065833196477014,300.02799999999996,301.27900000000005,272.27633333333335,0.3493699049768761
2024-11-13,002594.SZ,298.0,301.33,295.3,300.57,300.81,-0.24,-0.0798,145115.79,4326957.544,-0.00079784581629605,-0.0007981642646624049,300.07,301.81800000000004,273.4458333333333,0.3332135860145514
2024-11-14,002594.SZ,300.0,300.3,294.0,294.75,300.57,-5.82,-1.9363,124582.9,3690676.831,-0.019363209901187672,-0.019553132521800933,298.66400000000004,302.08450000000005,274.5461666666667,0.341675054625903
2024-11-15,002594.SZ,294.79,295.79,288.02,290.0,294.75,-4.75,-1.6115,153235.94,4471450.174,-0.016115351993214566,-0.016246616436960574,297.084,301.5695,275.6028333333333,0.31802647051506994
2024-11-18,002594.SZ,290.01,292.95,286.66,288.68,290.0,-1.32,-0.4552,116205.95,3364288.894,-0.004551724137931035,-0.00456211477644723,294.962,300.68100000000004,276.556,0.3072540561398128
2024-11-19,002594.SZ,288.68,291.48,282.02,287.99,288.68,-0.69,-0.239,131946.69,3785016.71,-0.002390189829569067,-0.00239305089317908,292.398,299.843,277.4373333333333,0.30708482506128376
2024-11-20,002594.SZ,288.01,290.4,285.5,288.46,287.99,0.47,0.1632,106016.93,3049973.686,0.0016320011111496946,0.0016306708444707638,289.976,298.822,278.32133333333337,0.30161042757384354
2024-11-21,002594.SZ,288.47,288.49,284.0,286.0,288.46,-2.46,-0.8528,95532.94,2727230.001,-0.008528045482909197,-0.008564617335511521,288.226,297.938,279.1466666666667,0.29806643926657744
2024-11-22,002594.SZ,285.5,285.86,278.0,278.49,286.0,-7.51,-2.6259,125141.78,3529973.029,-0.02625874125874128,-0.02660965873990173,285.92400000000004,296.4555,279.7715,0.3015683482926118
2024-11-25,002594.SZ,283.0,289.36,280.89,283.0,278.49,4.51,1.6194,174533.15,4981714.332,0.016194477360048865,0.016064745563286773,284.788,295.3505,280.47950000000003,0.30992183026521863
2024-11-26,002594.SZ,280.0,286.0,277.88,281.01,283.0,-1.99,-0.7032,95206.45,2686423.189,-0.007031802120141428,-0.00705664175408882,283.392,294.131,281.17400000000004,0.3096646381492976
2024-11-27,002594.SZ,279.28,281.0,277.0,281.0,281.01,-0.01,-0.0036,110002.81,3068303.752,-3.5585922209091514e-05,-3.558655540304316e-05,281.9,292.9035,281.8671666666667,0.3095695273161945
2024-11-28,002594.SZ,281.2,281.56,273.0,274.58,281.0,-6.42,-2.2847,158589.22,4365779.157,-0.022846975088968047,-0.023112011864286987,279.616,291.973,282.4301666666667,0.28760409923538915
2024-11-29,002594.SZ,273.0,277.88,272.05,274.83,274.58,0.25,0.091,128004.6,3516186.179,0.0009104814625973123,0.0009100672257680136,278.884,291.199,283.0631666666667,0.2868088751924317
2024-12-02,002594.SZ,276.61,284.0,274.08,282.4,274.83,7.57,2.7544,151357.21,4255616.768,0.02754430011279707,0.027171780923860103,278.764,289.96999999999997,283.85566666666665,0.21436170992053188
2024-12-03,002594.SZ,284.8,285.88,280.58,282.65,282.4,0.25,0.0885,91449.71,2585320.048,0.0008852691218130815,0.0008848775022128473,279.092,288.7275,284.4095,0.21409199750197003
2024-12-04,002594.SZ,281.34,283.33,278.8,279.98,282.65,-2.67,-0.9446,85012.86,2389151.937,-0.009446311692906328,-0.00949121107462057,278.88800000000003,287.7085,285.0575,0.20309304278295084
2024-12-05,002594.SZ,277.19,278.48,274.31,275.26,279.98,-4.72,-1.6858,90267.71,2486214.937,-0.016858347024787612,-0.01700206649529281,279.024,286.3825,285.52716666666663,0.2060272589166176
2024-12-06,002594.SZ,275.67,281.98,274.01,280.28,275.26,5.02,1.8237,124698.4,3469413.045,0.01823730291360892,0.018072997950946648,280.11400000000003,285.50149999999996,286.0265,0.21850311600351704
2024-12-09,002594.SZ,279.23,283.99,277.68,280.49,280.28,0.21,0.0749,92152.68,2590143.544,0.0007492507492508071,0.0007489702010334093,279.73199999999997,284.56149999999997,286.48716666666667,0.2171295385523519
2024-12-10,002594.SZ,293.0,294.0,282.0,282.55,280.49,2.06,0.7344,175929.15,5057037.511,0.007344290349032168,0.007317452372485956,279.712,283.64849999999996,287.00299999999993,0.21841340970342335
2024-12-11,002594.SZ,282.03,283.87,279.4,280.77,282.55,-1.78,-0.63,93359.88,2623997.226,-0.006299769952220924,-0.006319697238577605,279.87,282.6585,287.5161666666666,0.2185386368818399
2024-12-12,002594.SZ,280.1,283.68,278.4,283.68,280.77,2.91,1.0364,100133.95,2816818.035,0.010364355166150307,0.01031101348862303,281.554,282.10499999999996,288.0833333333333,0.21502622450479275
2024-12-13,002594.SZ,281.33,281.62,276.42,276.51,283.68,-7.17,-2.5275,112358.63,3130392.699,-0.025274957698815603,-0.025599855652215238,280.8,281.4305,288.3901666666667,0.22531204698321625
2024-12-16,002594.SZ,276.52,278.18,273.58,274.95,276.51,-1.56,-0.5642,71490.26,1967314.539,-0.005641748942172065,-0.005657723719858837,279.692,280.74399999999997,288.68916666666667,0.22549076894523792
2024-12-17,002594.SZ,274.92,285.66,273.98,282.8,274.95,7.85,2.8551,175682.07,4960329.886,0.028550645571922217,0.02815067106859403,279.742,280.48449999999997,289.1526666666667,0.2507295300830126
2024-12-18,002594.SZ,283.25,286.88,282.63,284.65,282.8,1.85,0.6542,84106.38,2397657.885,0.006541725601131532,0.006520421374673188,280.518,280.294,289.58966666666663,0.25196135356401933
2024-12-19,002594.SZ,281.81,286.94,280.0,285.4,284.65,0.75,0.2635,86728.52,2465377.214,0.002634814684700615,0.002631349645645259,280.86199999999997,280.264,290.0903333333334,0.2503812082644791
2024-12-20,002594.SZ,285.01,286.75,280.2,280.2,285.4,-5.2,-1.822,96707.11,2730666.917,-0.01822004204625083,-0.018388071139829366,281.6,280.3495,290.492,0.24063007365902273
2024-12-23,002594.SZ,280.5,283.29,278.88,280.7,280.2,0.5,0.1784,81515.96,2291275.853,0.0017844396859385547,0.0017828494649301183,282.75,280.23449999999997,291.0036666666666,0.23342580981566946
2024-12-24,002594.SZ,279.89,288.51,279.13,288.42,280.7,7.72,2.7503,142287.38,4072070.488,0.027502671891699526,0.027131267766087718,283.87399999999997,280.60499999999996,291.5725,0.2517000292902365
2024-12-25,002594.SZ,288.73,291.36,285.7,285.92,288.42,-2.5,-0.8668,83391.03,2405517.152,-0.0086679148464045,-0.00870569972280637,284.128,280.851,291.95783333333327,0.2542153052951868
2024-12-26,002594.SZ,285.92,286.8,284.0,284.86,285.92,-1.06,-0.3707,67604.55,1928774.414,-0.003707330721880231,-0.003714219904677767,284.02,281.36499999999995,292.21199999999993,0.23903799031472847
2024-12-27,002594.SZ,286.8,287.55,283.0,286.28,284.86,1.42,0.4985,78683.19,2249658.028,0.004984904865547923,0.004972521363956556,285.236,281.9375,292.2501666666667,0.2392411822675739
2024-12-30,002594.SZ,287.2,289.5,283.33,284.99,286.28,-1.29,-0.4506,82946.81,2371257.354,-0.004506077965627964,-0.004516260936632798,286.094,282.067,291.87816666666663,0.2204314730045998
2024-12-31,002594.SZ,285.0,286.5,282.0,282.66,284.99,-2.33,-0.8176,77619.76,2201903.44,-0.00817572546405132,-0.008209329993759064,284.942,282.0675,291.1328333333333,0.2225835044922501
