date,ts_code,open,high,low,close,pre_close,change,pct_chg,volume,amount,returns,logReturns,ma5,ma20,ma60,volatility
2020-01-02,002594.SZ,47.69,48.47,47.51,48.17,47.67,0.5,1.0489,159345.7,765516.493,,,,,,
2020-01-03,002594.SZ,48.2,48.99,47.68,48.04,48.17,-0.13,-0.2699,129936.07,628361.961,-0.002698775171268486,-0.0027024234303466925,,,,
2020-01-06,002594.SZ,47.39,49.19,47.19,48.28,48.04,0.24,0.4996,169871.38,822172.472,0.004995836802664577,0.004983399017548091,,,,
2020-01-07,002594.SZ,48.31,48.5,47.77,48.05,48.28,-0.23,-0.4764,93400.58,449013.435,-0.00476387738193873,-0.004775260813029293,,,,
2020-01-08,002594.SZ,47.55,48.35,47.15,47.28,48.05,-0.77,-1.6025,110974.45,529249.404,-0.01602497398543179,-0.016154762318458686,47.964,,,
2020-01-09,002594.SZ,47.75,48.2,47.38,47.65,47.28,0.37,0.7826,89217.0,425352.462,0.00782571912013541,0.007795257002368407,47.86,,,
2020-01-10,002594.SZ,47.66,47.66,46.61,46.92,47.65,-0.73,-1.532,109294.63,512929.719,-0.015320041972717635,-0.015438606314936305,47.636,,,
2020-01-13,002594.SZ,51.61,51.61,50.51,51.61,46.92,4.69,9.9957,518827.59,2662873.914,0.09995737425404938,0.09527142837536101,48.302,,,
2020-01-14,002594.SZ,55.0,55.99,53.0,53.44,51.61,1.83,3.5458,614975.96,3356918.724,0.03545824452625457,0.03484407706775447,49.38,,,
2020-01-15,002594.SZ,54.01,54.75,52.28,53.31,53.44,-0.13,-0.2433,298705.23,1594534.514,-0.002432634730538785,-0.0024355983937204926,50.586,,,
2020-01-16,002594.SZ,53.49,54.54,51.78,54.09,53.31,0.78,1.4631,335737.07,1778235.678,0.014631401238041741,0.014525395048666035,51.874,,,
2020-01-17,002594.SZ,53.86,59.5,53.2,57.95,54.09,3.86,7.1363,530600.38,3022542.423,0.07136254390830099,0.06893124390242514,54.08,,,
2020-01-20,002594.SZ,57.3,59.9,56.5,58.76,57.95,0.81,1.3978,300775.62,1742179.866,0.013977566867989566,0.013880781519915762,55.510000000000005,,,
2020-01-21,002594.SZ,57.72,57.73,56.55,56.72,58.76,-2.04,-3.4717,203836.57,1161444.87,-0.034717494894486056,-0.03533446908180451,56.166,,,
2020-01-22,002594.SZ,56.5,60.5,56.1,59.27,56.72,2.55,4.4958,327979.95,1927419.433,0.04495768688293378,0.0439763935758748,57.358000000000004,,,
2020-01-23,002594.SZ,57.99,61.88,57.51,59.83,59.27,0.56,0.9448,291584.96,1735366.427,0.00944828749789095,0.00940393160219358,58.50599999999999,,,
2020-02-03,002594.SZ,53.85,54.48,53.85,53.85,59.83,-5.98,-9.995,100398.0,540735.185,-0.09994985793080391,-0.10530480379954282,57.686,,,
2020-02-04,002594.SZ,54.0,57.5,54.0,56.36,53.85,2.51,4.6611,367775.3,2057907.669,0.046610956360259914,0.04555728342808183,57.205999999999996,,,
2020-02-05,002594.SZ,57.7,62.0,56.99,60.81,56.36,4.45,7.8957,446230.25,2698234.964,0.07895670688431511,0.07599456210153889,58.024,,,
2020-02-06,002594.SZ,58.45,60.85,58.4,60.75,60.81,-0.06,-0.0987,301131.81,1792085.752,-0.0009866798223976403,-0.0009871669113605294,58.32000000000001,53.557,,
2020-02-07,002594.SZ,60.74,60.74,56.66,57.9,60.75,-2.85,-4.6914,321281.59,1868897.083,-0.04691358024691361,-0.048049697641708314,57.934000000000005,54.04350000000001,,0.7209628650274933
2020-02-10,002594.SZ,59.2,63.36,58.85,60.93,57.9,3.03,5.2332,352796.46,2143782.477,0.05233160621761668,0.05100827968145354,59.35,54.688,,0.7342262706463126
2020-02-11,002594.SZ,60.0,60.12,58.28,59.04,60.93,-1.89,-3.1019,196175.74,1162310.506,-0.03101920236336786,-0.031510483968186016,59.886,55.22600000000001,,0.7503664298177054
2020-02-12,002594.SZ,59.04,60.6,58.35,59.19,59.04,0.15,0.2541,197455.56,1171671.704,0.0025406504065039748,0.0025374284104165232,59.562,55.782999999999994,,0.7487554889136573
2020-02-13,002594.SZ,58.5,60.13,57.5,57.55,59.19,-1.64,-2.7707,236947.03,1387055.829,-0.027707383003885755,-0.028098473534741982,58.922000000000004,56.296499999999995,,0.7555758864981692
2020-02-14,002594.SZ,57.56,57.9,56.44,56.9,57.55,-0.65,-1.1295,211173.83,1205977.325,-0.011294526498696777,-0.011358794035606405,58.722,56.759,,0.7596618853402403
2020-02-17,002594.SZ,56.91,58.56,56.91,58.48,56.9,1.58,2.7768,209889.0,1215249.654,0.02776801405975382,0.0273894743092377,58.23199999999999,57.337,,0.7560061552180719
2020-02-18,002594.SZ,57.8,60.0,57.77,59.47,58.48,0.99,1.6929,228365.32,1350970.758,0.01692886456908349,0.01678716827697929,58.318,57.730000000000004,,0.6819190536329862
2020-02-19,002594.SZ,64.47,64.48,61.66,61.91,59.47,2.44,4.1029,437476.53,2773613.068,0.04102909029762891,0.040209733812638315,58.86199999999999,58.15350000000001,,0.6851734116108181
2020-02-20,002594.SZ,63.17,68.1,63.11,68.1,61.91,6.19,9.9984,649390.94,4366081.68,0.0999838475205943,0.09529549562432582,60.972,58.89300000000001,,0.7566590722373915
2020-02-21,002594.SZ,67.0,68.27,65.68,67.5,68.1,-0.6,-0.8811,455189.16,3046190.98,-0.008810572687224627,-0.0088496152769825,63.092,59.5635,,0.7607163384226575
2020-02-24,002594.SZ,65.42,67.14,64.96,66.2,67.5,-1.3,-1.9259,357968.79,2351741.646,-0.019259259259259198,-0.01944713493552155,64.636,59.976,,0.7348506806243623
2020-02-25,002594.SZ,64.4,72.19,64.17,70.85,66.2,4.65,7.0242,407434.09,2786635.361,0.07024169184290008,0.06788450319372671,66.912,60.580499999999994,,0.7676400370452718
2020-02-26,002594.SZ,69.78,75.8,69.0,71.7,70.85,0.85,1.1997,522768.32,3774510.844,0.011997177134791981,0.011925781468885397,68.86999999999999,61.329499999999996,,0.7488170858133234
2020-02-27,002594.SZ,71.68,73.15,68.08,70.05,71.7,-1.65,-2.3013,272699.96,1912686.987,-0.023012552301255318,-0.023281474822558754,69.26,61.8685,,0.7490227468438574
2020-02-28,002594.SZ,66.66,68.99,64.95,65.37,70.05,-4.68,-6.6809,338253.52,2251947.903,-0.0668094218415417,-0.06914583515837776,68.834,62.145500000000006,,0.7964287386452357
2020-03-02,002594.SZ,65.6,67.23,64.0,66.85,65.37,1.48,2.264,225643.21,1492112.197,0.022640354902860427,0.02238786592331378,68.964,62.795500000000004,,0.6930514366754219
2020-03-03,002594.SZ,69.8,70.2,67.46,67.87,66.85,1.02,1.5258,274252.92,1880749.812,0.015258040388930638,0.015142807167715,68.368,63.370999999999995,,0.6809714138013216
2020-03-04,002594.SZ,66.95,67.8,64.72,66.58,67.87,-1.29,-1.9007,180932.53,1198529.239,-0.019006925003683617,-0.01918987856878821,67.34400000000001,63.6595,,0.6371441698809107
2020-03-05,002594.SZ,67.02,67.62,65.5,66.81,66.58,0.23,0.3454,170003.67,1128290.419,0.0034544908380895745,0.0034485377905071214,66.696,63.9625,,0.6367583439610488
2020-03-06,002594.SZ,65.5,67.55,65.33,65.36,66.81,-1.45,-2.1703,147209.6,972613.004,-0.02170333782367917,-0.021942319385638585,66.69399999999999,64.3355,,0.6151479727919864
2020-03-09,002594.SZ,63.29,63.29,59.18,59.45,65.36,-5.91,-9.0422,292478.82,1789143.869,-0.09042227662178692,-0.09477482741495649,65.21400000000001,64.2615,,0.6802037175171569
2020-03-10,002594.SZ,57.6,61.5,57.33,60.17,59.45,0.72,1.2111,266805.23,1578089.168,0.012111017661900814,0.0120382660954696,63.674,64.318,,0.6715945527661097
2020-03-11,002594.SZ,60.77,61.15,58.6,58.75,60.17,-1.42,-2.36,222212.47,1327803.13,-0.02359980056506572,-0.023882736207992115,62.108000000000004,64.296,,0.6775935430344835
2020-03-12,002594.SZ,57.31,57.66,55.9,57.03,58.75,-1.72,-2.9277,232382.54,1319050.413,-0.029276595744680778,-0.02971370785582078,60.152,64.27,,0.6784819352083962
2020-03-13,002594.SZ,53.8,56.5,52.35,55.66,57.03,-1.37,-2.4022,213198.07,1162290.579,-0.024022444327546966,-0.024315689070702827,58.212,64.208,,0.6828842987535493
2020-03-16,002594.SZ,56.59,57.33,53.88,53.88,55.66,-1.78,-3.198,238773.48,1326361.268,-0.03197987782968015,-0.03250240455558143,57.098,63.977999999999994,,0.6833328987536685
2020-03-17,002594.SZ,53.88,54.96,51.88,53.04,53.88,-0.84,-1.559,180918.52,961588.993,-0.015590200445434355,-0.015713005664556225,55.672000000000004,63.656499999999994,,0.6803629111227464
2020-03-18,002594.SZ,53.59,54.67,52.02,52.09,53.04,-0.95,-1.7911,172684.32,925695.049,-0.017911010558069318,-0.01807335412050683,54.339999999999996,63.165499999999994,,0.6595091915677925
2020-03-19,002594.SZ,52.11,52.52,49.88,51.36,52.09,-0.73,-1.4014,194450.0,993678.521,-0.014014206181608868,-0.014113332375394553,53.206,62.3285,,0.5223086081403815
2020-03-20,002594.SZ,52.3,52.79,51.4,52.52,51.36,1.16,2.2586,148296.2,772921.084,0.02258566978193155,0.02233439005288979,52.577999999999996,61.579499999999996,,0.5376988439449856
2020-03-23,002594.SZ,50.25,50.8,47.89,48.15,52.52,-4.37,-8.3206,242739.76,1190535.685,-0.08320639756283332,-0.086872911190461,51.431999999999995,60.677,,0.5942227783654142
2020-03-24,002594.SZ,49.26,49.88,47.39,49.73,48.15,1.58,3.2814,205027.11,1002130.021,0.0328141225337486,0.032287234482512514,50.769999999999996,59.621,,0.5347983625517829
2020-03-25,002594.SZ,51.55,52.8,51.04,52.25,49.73,2.52,5.0674,289787.42,1504804.536,0.050673637643273706,0.04943151811827323,50.802,58.6485,,0.5784384365872708
2020-03-26,002594.SZ,52.5,55.18,51.61,54.27,52.25,2.02,3.866,296620.84,1588496.992,0.03866028708133973,0.03793169723039309,51.38399999999999,57.859500000000004,,0.6078574698620052
2020-03-27,002594.SZ,55.4,56.05,54.44,54.78,54.27,0.51,0.9397,229972.49,1269534.018,0.009397457158651257,0.009353575759618711,51.836,57.33,,0.5760228007121869
2020-03-30,002594.SZ,55.0,57.78,54.87,56.23,54.78,1.45,2.647,328937.4,1855914.322,0.026469514421321616,0.0261252584691782,53.452,56.799,,0.5788913531455273
2020-03-31,002594.SZ,56.76,59.99,55.45,59.97,56.23,3.74,6.6513,350174.44,2037070.401,0.0665125377912148,0.06439401487630819,55.5,56.40400000000001,,0.6322896316410841
2020-04-01,002594.SZ,59.9,60.66,57.02,57.12,59.97,-2.85,-4.7524,365565.47,2139092.105,-0.04752376188094054,-0.048690119149089515,56.474000000000004,55.931,,0.648326677956011
2020-04-02,002594.SZ,56.7,56.7,54.8,56.59,57.12,-0.53,-0.9279,233841.69,1300691.383,-0.009278711484593694,-0.009322026876896336,56.938,55.42,57.646499999999996,0.6472226213832712
2020-04-03,002594.SZ,56.59,56.59,54.91,55.0,56.59,-1.59,-2.8097,169189.66,940495.658,-0.028096836896978283,-0.028499105921961566,56.98199999999999,54.90200000000001,57.76033333333333,0.6494820223602332
2020-04-07,002594.SZ,56.44,56.92,55.6,56.31,55.0,1.31,2.3818,189115.89,1061432.559,0.02381818181818196,0.023538954034056363,56.998000000000005,54.745000000000005,57.89816666666666,0.5795217585701095
2020-04-08,002594.SZ,55.8,55.8,55.04,55.32,56.31,-0.99,-1.7581,129543.27,717031.923,-0.01758124667021843,-0.017737632469969677,56.068000000000005,54.5025,58.0155,0.579467349328986
2020-04-09,002594.SZ,55.81,56.54,55.55,55.65,55.32,0.33,0.5965,133338.32,746729.511,0.005965292841648484,0.0059475709249962715,55.774,54.347500000000004,58.14216666666667,0.5753935660623276
2020-04-10,002594.SZ,56.28,56.28,54.15,54.57,55.65,-1.08,-1.9407,131854.72,727755.054,-0.019407008086253286,-0.019597796523413175,55.370000000000005,54.2245,58.26366666666666,0.5702497105876771
2020-04-13,002594.SZ,54.73,55.94,54.73,55.8,54.57,1.23,2.254,102559.56,569833.086,0.022539857064320934,0.02228958818912456,55.529999999999994,54.2315,58.3995,0.5699034871523996
2020-04-14,002594.SZ,55.8,58.0,55.38,57.92,55.8,2.12,3.7993,233863.05,1338857.701,0.0379928315412188,0.03728887869019582,55.852,54.4335,58.58283333333334,0.5707411877104168
2020-04-15,002594.SZ,59.36,62.39,58.38,60.14,57.92,2.22,3.8329,306227.36,1847393.286,0.038328729281768004,0.03761242948292213,56.815999999999995,54.7885,58.725,0.5779384767591834
2020-04-16,002594.SZ,60.1,61.3,59.05,60.01,60.14,-0.13,-0.2162,165258.91,992639.139,-0.002161622879946812,-0.002163962558961551,57.688,55.1845,58.8345,0.5716269901663836
2020-04-17,002594.SZ,60.6,60.98,58.68,58.8,60.01,-1.21,-2.0163,156490.05,931863.464,-0.020163306115647428,-0.02036936009684028,58.534000000000006,55.55650000000001,58.926,0.5751344982868909
2020-04-20,002594.SZ,59.4,59.4,58.16,58.86,58.8,0.06,0.102,107473.6,630616.732,0.0010204081632654294,0.0010198879007456026,59.146,55.8735,59.0055,0.572679875935162
2020-04-21,002594.SZ,58.5,59.68,57.8,59.37,58.86,0.51,0.8665,147148.34,864113.083,0.008664627930683011,0.008627305477257369,59.436,56.4345,59.02916666666667,0.46485315064204247
2020-04-22,002594.SZ,58.4,60.0,57.88,59.43,59.37,0.06,0.1011,121458.02,715492.487,0.001010611419909102,0.0010101010959852597,59.294,56.91949999999999,59.04033333333333,0.45866402240415594
2020-04-23,002594.SZ,59.99,60.55,58.04,58.25,59.43,-1.18,-1.9855,116027.98,686078.406,-0.019855291940097608,-0.020055056932759323,58.94199999999999,57.2195,59.06583333333333,0.4424060916785065
2020-04-24,002594.SZ,58.67,60.49,58.5,58.73,58.25,0.48,0.824,135948.93,806969.227,0.008240343347639456,0.008206577088618138,58.928,57.442499999999995,59.05683333333333,0.42529935347147013
2020-04-27,002594.SZ,59.02,59.09,56.88,56.98,58.73,-1.75,-2.9797,138265.32,799777.332,-0.02979737783075087,-0.030250340464665855,58.552,57.552499999999995,59.00933333333333,0.44150959316912913
2020-04-28,002594.SZ,57.0,57.59,54.76,56.98,56.98,0.0,0.0,128657.94,725365.013,0.0,0.0,58.074,57.589999999999996,59.0615,0.43221854372096224
2020-04-29,002594.SZ,58.2,59.45,57.56,58.0,56.98,1.02,1.7901,165125.56,964564.485,0.017901017901017946,0.017742681476657148,57.788,57.491499999999995,59.08883333333333,0.36349001186008595
2020-04-30,002594.SZ,58.82,60.58,58.51,59.96,58.0,1.96,3.3793,218876.25,1303496.245,0.03379310344827591,0.03323466268797766,58.129999999999995,57.633500000000005,59.074666666666666,0.3405764538288648
2020-05-06,002594.SZ,59.4,62.5,59.1,62.18,59.96,2.22,3.7025,231906.23,1420097.901,0.03702468312208129,0.036355731396210705,58.81999999999999,57.913,59.09850000000001,0.3582726789683275
2020-05-07,002594.SZ,62.17,62.17,59.98,60.09,62.18,-2.09,-3.3612,225118.02,1362997.62,-0.03361209392087483,-0.034189966284771126,59.44199999999999,58.1675,59.135,0.3654846750911585
2020-05-08,002594.SZ,60.11,60.5,59.3,59.78,60.09,-0.31,-0.5159,171471.73,1025569.471,-0.005158928274255348,-0.005172281490044841,60.001999999999995,58.340999999999994,59.115833333333335,0.3597956745751229
2020-05-11,002594.SZ,59.29,59.66,58.11,58.88,59.78,-0.9,-1.5055,190716.21,1121805.579,-0.015055202408832402,-0.01516968243517102,60.178,58.519000000000005,59.113166666666665,0.35796417466407143
2020-05-12,002594.SZ,58.89,59.14,58.2,59.13,58.88,0.25,0.4246,104019.66,610124.974,0.004245923913043459,0.00423693541211771,60.012,58.693,59.11216666666667,0.35785043865294314
2020-05-13,002594.SZ,59.13,59.75,58.5,58.99,59.13,-0.14,-0.2368,111115.16,657743.992,-0.002367664468121089,-0.002370471817754622,59.374,58.914,59.13616666666667,0.34851397035507686
2020-05-14,002594.SZ,58.9,58.9,57.55,57.69,58.99,-1.3,-2.2038,118363.13,688315.256,-0.022037633497203002,-0.02228408974618594,58.894000000000005,59.008500000000005,59.14933333333333,0.3531718182745826
2020-05-15,002594.SZ,57.79,58.58,57.3,57.96,57.69,0.27,0.468,102771.06,595823.315,0.004680187207488418,0.004669269183683693,58.529999999999994,59.0105,59.14066666666667,0.32683281280961923
2020-05-18,002594.SZ,57.4,58.4,56.4,57.18,57.96,-0.78,-1.3458,104743.39,601110.774,-0.01345755693581785,-0.013548930558315929,58.19,58.8625,59.1025,0.2971217182291708
2020-05-19,002594.SZ,58.0,58.6,57.75,58.22,57.18,1.04,1.8188,94041.9,547143.039,0.01818817768450498,0.018024751423311332,58.008,58.77299999999999,59.04099999999999,0.30594633292294426
2020-05-20,002594.SZ,58.7,60.3,58.67,59.01,58.22,0.79,1.3569,164707.85,981282.457,0.013569220199244336,0.013477982751600316,58.012,58.78349999999999,58.8895,0.30181871433751467
2020-05-21,002594.SZ,59.11,59.37,57.01,57.15,59.01,-1.86,-3.152,120967.88,697047.198,-0.031520081342145345,-0.032027530828257676,57.903999999999996,58.698,58.717,0.32226950950449673
2020-05-22,002594.SZ,57.16,57.67,55.51,56.03,57.15,-1.12,-1.9598,92349.61,522767.76,-0.019597550306211686,-0.01979212866362647,57.517999999999994,58.53099999999999,58.5475,0.3262952569757931
2020-05-25,002594.SZ,56.03,56.55,55.31,56.52,56.03,0.49,0.8745,59697.03,334368.698,0.008745315009816235,0.0087072962391336,57.386,58.3855,58.30866666666667,0.32860573145018523
2020-05-26,002594.SZ,56.8,58.38,56.8,58.3,56.52,1.78,3.1493,98543.68,570419.227,0.03149327671620661,0.031007535540119962,57.402,58.388,58.08533333333333,0.34248626653646086
2020-05-27,002594.SZ,59.6,59.95,57.07,57.3,58.3,-1.0,-1.7153,113617.42,662802.627,-0.01715265866209259,-0.01730146963575278,57.06,58.316500000000005,57.87283333333334,0.3464802401852017
2020-05-28,002594.SZ,57.35,58.23,56.4,57.48,57.3,0.18,0.3141,86300.23,494679.18,0.003141361256544517,0.0031364374901303115,57.126,58.341499999999996,57.74133333333332,0.32948839389803813
2020-05-29,002594.SZ,57.12,58.02,56.81,57.41,57.48,-0.07,-0.1218,68036.39,390882.856,-0.0012178148921363485,-0.0012185570312786896,57.402,58.363,57.583999999999996,0.32954817564154604
2020-06-01,002594.SZ,57.75,59.69,57.44,59.33,57.41,1.92,3.3444,161067.81,949983.296,0.03344365093189339,0.03289657609100642,57.964,58.4295,57.44166666666667,0.3446548740708042
2020-06-02,002594.SZ,59.57,62.18,58.88,61.0,59.33,1.67,2.8148,204796.1,1235513.478,0.028147648744311526,0.02775878390275942,58.504,58.4815,57.34866666666667,0.3381289829071968
2020-06-03,002594.SZ,60.79,61.05,59.48,59.93,61.0,-1.07,-1.7541,146356.95,882603.748,-0.017540983606557425,-0.017696649703217413,59.029999999999994,58.36899999999999,57.234,0.3159307737123578
2020-06-04,002594.SZ,60.48,61.2,59.71,60.11,59.93,0.18,0.3004,105743.32,637797.409,0.003003504088102682,0.0029990025809766866,59.556,58.370000000000005,57.146499999999996,0.29268435979860286
2020-06-05,002594.SZ,61.0,63.28,60.33,63.2,60.11,3.09,5.1406,265451.22,1643855.456,0.0514057561137915,0.050128084101741174,60.714,58.541,57.208999999999996,0.34346966723610906
2020-06-08,002594.SZ,63.0,63.83,62.45,62.79,63.2,-0.41,-0.6487,172441.11,1087013.121,-0.006487341772151933,-0.006508476026793718,61.40599999999999,58.7365,57.25266666666666,0.3388090227546135
2020-06-09,002594.SZ,63.0,64.41,61.69,61.98,62.79,-0.81,-1.29,204430.53,1285542.235,-0.012900143334925951,-0.012984072766415883,61.602,58.879,57.3065,0.34369554084274084
2020-06-10,002594.SZ,62.26,62.42,60.68,61.05,61.98,-0.93,-1.5005,186194.03,1140629.413,-0.015004840271055198,-0.015118551802888512,61.826,58.982000000000006,57.3735,0.34899332241881426
2020-06-11,002594.SZ,61.87,64.2,61.51,62.84,61.05,1.79,2.932,280232.52,1764678.741,0.029320229320229485,0.028898612830706882,62.372,59.2395,57.49316666666667,0.3497970811625474
2020-06-12,002594.SZ,61.4,61.93,60.63,61.48,62.84,-1.36,-2.1642,175497.1,1075893.063,-0.021642266072565364,-0.02187989471702542,62.028,59.415499999999994,57.61983333333333,0.36189973830798605
2020-06-15,002594.SZ,62.5,63.88,61.25,62.5,61.48,1.02,1.6591,195740.28,1225432.62,0.016590761223162165,0.01645463807196086,61.970000000000006,59.68150000000001,57.7775,0.3592676365525806
2020-06-16,002594.SZ,63.8,64.46,63.13,64.1,62.5,1.6,2.56,214115.72,1367780.377,0.025599999999999845,0.02527780718426839,62.394000000000005,59.9755,57.977666666666664,0.36389208641978954
2020-06-17,002594.SZ,64.0,64.11,62.36,64.11,64.1,0.01,0.0156,144378.18,912074.334,0.00015600624024969534,0.0001559940725416727,63.00599999999999,60.230500000000006,58.19016666666667,0.36285020178640015
2020-06-18,002594.SZ,63.8,66.76,62.94,66.74,64.11,2.63,4.1023,279033.36,1829902.632,0.041023241304008584,0.04020411532406186,63.78599999999999,60.71,58.42716666666667,0.3589547073139609
2020-06-19,002594.SZ,66.69,68.68,66.3,66.99,66.74,0.25,0.3746,220618.87,1487253.014,0.0037458795325142624,0.0037388811969482783,64.88799999999999,61.258,58.74116666666667,0.34439697517119816
2020-06-22,002594.SZ,66.6,68.78,66.29,68.0,66.99,1.01,1.5077,196254.8,1325805.162,0.015076877145842715,0.01496435065593055,65.98799999999999,61.83200000000001,59.04566666666667,0.34502045585160535
2020-06-23,002594.SZ,67.57,72.09,67.0,71.03,68.0,3.03,4.4559,260374.91,1812606.801,0.04455882352941187,0.043594617833612,67.374,62.468500000000006,59.358666666666664,0.35889968955066925
2020-06-24,002594.SZ,71.1,73.06,70.76,71.7,71.03,0.67,0.9433,196680.98,1414432.114,0.009432634098268444,0.009388424595856183,68.892,63.1885,59.649166666666666,0.3441668839697986
2020-06-29,002594.SZ,71.5,72.43,70.3,70.6,71.7,-1.1,-1.5342,173376.3,1233307.83,-0.015341701534170249,-0.015460603106378378,69.66400000000002,63.844500000000004,59.91283333333333,0.3561598434555196
2020-06-30,002594.SZ,71.41,72.85,70.87,71.8,70.6,1.2,1.6997,169831.01,1223207.515,0.016997167138810276,0.016854331554982182,70.626,64.564,60.17233333333333,0.35402749243405857
2020-07-01,002594.SZ,73.21,75.45,71.03,72.47,71.8,0.67,0.9331,235093.22,1726221.255,0.009331476323119814,0.009288207067011587,71.52000000000001,65.221,60.38066666666667,0.3444016201821427
2020-07-02,002594.SZ,72.63,74.61,71.8,72.14,72.47,-0.33,-0.4554,214074.18,1559734.669,-0.004553608389678443,-0.00456400764579707,71.74199999999999,65.77799999999999,60.631,0.3414408637521166
2020-07-03,002594.SZ,73.3,79.35,73.23,79.35,72.14,7.21,9.9945,455388.12,3497719.615,0.09994455225949528,0.09525977149702501,73.272,66.749,61.01033333333333,0.4570670479239912
2020-07-06,002594.SZ,79.33,81.59,77.41,80.9,79.35,1.55,1.9534,461224.16,3661516.239,0.01953371140516702,0.019345377092027962,75.332,67.7885,61.442,0.4553092647377066
2020-07-07,002594.SZ,84.76,88.5,83.0,83.0,80.9,2.1,2.5958,466705.87,3978641.289,0.02595797280593315,0.02562678373215182,77.572,68.77850000000001,61.886833333333335,0.4371727844697458
2020-07-08,002594.SZ,81.94,84.28,81.86,82.75,83.0,-0.25,-0.3012,319155.88,2647763.129,-0.003012048192771122,-0.003016593539425679,79.628,69.77650000000001,62.344,0.43517512225749183
2020-07-09,002594.SZ,82.75,86.3,81.46,84.46,82.75,1.71,2.0665,327973.52,2764110.59,0.020664652567975672,0.020454035248625078,82.092,70.9005,62.82416666666666,0.42356534126920786
2020-07-10,002594.SZ,84.47,92.36,83.05,89.0,84.46,4.54,5.3753,396029.31,3495161.21,0.05375325597916181,0.05235832022634239,84.022,72.29799999999999,63.398,0.42728725301454756
2020-07-13,002594.SZ,92.6,97.9,92.29,97.9,89.0,8.9,10.0,579871.28,5536512.876,0.10000000000000009,0.09531017980432493,87.422,74.051,64.09966666666666,0.5140032651463214
2020-07-14,002594.SZ,97.9,97.91,90.58,96.55,97.9,-1.35,-1.379,536388.69,5075817.585,-0.013789581205311596,-0.013885540661941304,90.13199999999999,75.80449999999999,64.7435,0.505667830250567
2020-07-15,002594.SZ,97.0,97.29,92.69,94.5,96.55,-2.05,-2.1233,388695.86,3699030.985,-0.021232522009321575,-0.021461174374826357,92.482,77.4045,65.31616666666666,0.5295662708154703
2020-07-16,002594.SZ,94.4,95.5,85.05,85.05,94.5,-9.45,-10.0,560466.63,4984540.817,-0.09999999999999998,-0.10536051565782628,92.6,78.452,65.7335,0.6820493284104688
2020-07-17,002594.SZ,83.02,85.36,80.07,81.59,85.05,-3.46,-4.0682,430968.74,3549101.616,-0.04068195179306289,-0.04153261340116192,91.11800000000001,79.326,66.11333333333333,0.7088065325956202
2020-07-20,002594.SZ,83.7,89.3,81.61,87.17,81.59,5.58,6.8391,431730.31,3684539.642,0.06839073415859787,0.06615352958277584,88.97200000000001,80.3475,66.58516666666667,0.7294768154091867
2020-07-21,002594.SZ,89.9,91.33,87.68,88.09,87.17,0.92,1.0554,317222.34,2834375.732,0.01055408970976246,0.01049878409821957,87.28,81.4025,67.06383333333333,0.7285529126541317
2020-07-22,002594.SZ,86.0,89.48,85.5,87.19,88.09,-0.9,-1.0217,269544.83,2367987.141,-0.010216823703031008,-0.010269373681980668,85.818,82.362,67.5265,0.7339283049258496
2020-07-23,002594.SZ,86.06,89.0,85.58,88.99,87.19,1.8,2.0645,327286.56,2869841.089,0.020644569331345286,0.02043435842904715,86.60600000000001,83.25999999999999,68.03883333333333,0.725371236685883
2020-07-24,002594.SZ,87.78,88.14,82.5,83.0,88.99,-5.99,-6.7311,388173.74,3298033.865,-0.06731093381278785,-0.06968339607217283,86.888,83.825,68.44333333333334,0.7786190179997344
2020-07-27,002594.SZ,83.5,85.2,82.3,83.52,83.0,0.52,0.6265,208828.46,1753284.47,0.006265060240963738,0.006245516337730549,86.15799999999999,84.471,68.88566666666667,0.7736120544771145
2020-07-28,002594.SZ,85.98,86.66,83.0,83.91,83.52,0.39,0.467,216440.67,1829407.614,0.004669540229885083,0.004658671747649485,85.322,85.0765,69.33449999999999,0.7732781425900553
2020-07-29,002594.SZ,83.31,87.5,82.52,86.93,83.91,3.02,3.5991,287975.5,2464892.396,0.03599094267667757,0.03535840120899509,85.27000000000001,85.7995,69.81666666666666,0.7792221286098027
2020-07-30,002594.SZ,87.02,87.63,84.3,85.0,86.93,-1.93,-2.2202,224492.69,1917850.499,-0.02220177154031988,-0.022451940600656597,84.47200000000001,86.4425,70.234,0.7861647691994631
2020-07-31,002594.SZ,84.96,86.66,83.46,85.39,85.0,0.39,0.4588,258122.89,2201963.263,0.00458823529411756,0.004577741429198239,84.95,86.74449999999999,70.62083333333334,0.7096385747149192
2020-08-03,002594.SZ,85.41,86.5,84.4,86.17,85.39,0.78,0.9135,280303.6,2394349.093,0.009134559081859672,0.009093091332160637,85.47999999999999,87.008,71.0555,0.7076989759697981
2020-08-04,002594.SZ,86.95,91.0,86.88,89.0,86.17,2.83,3.2842,383955.87,3414415.346,0.03284205640013926,0.03231428048046439,86.498,87.30799999999999,71.5425,0.7109324153967524
2020-08-05,002594.SZ,89.0,89.0,86.58,88.15,89.0,-0.85,-0.9551,190226.84,1667411.299,-0.00955056179775271,-0.009596460888260504,86.74199999999999,87.578,72.03033333333333,0.7122206579374591
2020-08-06,002594.SZ,88.81,89.6,87.0,88.73,88.15,0.58,0.658,205332.66,1815887.526,0.006579693703913758,0.0065581420033671445,87.48800000000001,87.79150000000001,72.52366666666667,0.7096327247085541
2020-08-07,002594.SZ,87.6,88.76,83.81,85.38,88.73,-3.35,-3.7755,245974.16,2120266.841,-0.03775498703933289,-0.03848616951743049,87.486,87.6105,72.9635,0.6977919935790207
2020-08-10,002594.SZ,83.79,84.35,80.0,81.98,85.38,-3.4,-3.9822,336538.84,2752165.156,-0.0398219723588662,-0.040636566253624454,86.648,86.8145,73.36833333333334,0.5983892775030863
2020-08-11,002594.SZ,81.9,83.2,80.95,81.0,81.98,-0.98,-1.1954,194172.6,1596334.584,-0.011954135154915835,-0.012026160403752737,85.048,86.037,73.75233333333334,0.5981950834095893
2020-08-12,002594.SZ,81.18,81.98,78.45,81.98,81.0,0.98,1.2099,220971.73,1768144.489,0.012098765432098757,0.012026160403752728,83.814,85.411,74.16566666666667,0.6001526102680678
2020-08-13,002594.SZ,83.5,83.8,81.65,81.8,81.98,-0.18,-0.2196,135827.79,1119875.379,-0.0021956574774335547,-0.0021980714674901653,82.428,85.2485,74.55866666666665,0.4876901205945119
2020-08-14,002594.SZ,82.1,82.59,80.0,81.93,81.8,0.13,0.1589,120620.31,981262.741,0.0015892420537897411,0.0015879805450219708,81.738,85.2655,74.94066666666667,0.4652068715846638
2020-08-17,002594.SZ,82.2,83.23,81.33,82.92,81.93,0.99,1.2083,151031.94,1246372.799,0.012083485902599778,0.012011063413855504,81.92600000000002,85.05300000000001,75.37016666666666,0.39387484576848114
2020-08-18,002594.SZ,84.01,84.51,81.8,82.18,82.86,-0.68,-0.8207,161552.5,1335564.954,-0.008924264351181765,-0.008964324112315047,82.162,84.7575,75.806,0.39157231583613683
2020-08-19,002594.SZ,81.4,81.64,79.52,79.65,82.18,-2.53,-3.0786,187358.26,1504274.09,-0.030786079338038452,-0.03126992709920616,81.696,84.38050000000001,76.19149999999999,0.40311732062863403
2020-08-20,002594.SZ,79.64,80.0,78.1,78.55,79.65,-1.1,-1.381,122724.3,967851.099,-0.013810420590081751,-0.013906671654427515,81.046,83.8585,76.52900000000001,0.39338775770933804
2020-08-21,002594.SZ,80.0,80.64,78.9,79.58,78.55,1.03,1.3113,111905.48,893244.022,0.013112667091024877,0.013027440297152467,80.576,83.68750000000001,76.90033333333334,0.32448374768948485
2020-08-24,002594.SZ,79.9,82.28,79.69,81.44,79.58,1.86,2.3373,171280.61,1384872.483,0.02337270671022873,0.023103747803430063,80.28,83.58349999999999,77.29966666666665,0.3356839681001289
2020-08-25,002594.SZ,81.0,82.88,80.5,81.24,81.44,-0.2,-0.2456,145106.34,1182125.999,-0.0024557956777996326,-0.0024588160900287028,80.092,83.45,77.69683333333333,0.3350268286473626
2020-08-26,002594.SZ,82.0,85.31,81.68,83.42,81.24,2.18,2.6834,320471.53,2691953.337,0.026834071885770694,0.026480352056615385,80.846,83.2745,78.09833333333333,0.3228258178789064
2020-08-27,002594.SZ,86.5,87.55,84.7,85.42,83.42,2.0,2.3975,252034.89,2168640.349,0.023975065931431283,0.023692176644521223,82.22,83.2955,78.50533333333333,0.325834411363447
2020-08-28,002594.SZ,85.0,86.06,83.02,85.39,85.42,-0.03,-0.0351,186470.43,1572760.241,-0.0003512058066026391,-0.00035126749380562686,83.382,83.2955,78.92966666666666,0.3254734744740114
2020-08-31,002594.SZ,87.02,88.22,84.88,85.0,85.39,-0.39,-0.4567,215346.9,1864842.718,-0.004567279540929836,-0.004577741429198311,84.09400000000001,83.237,79.3445,0.3241164544188532
2020-09-01,002594.SZ,86.99,93.5,86.31,93.5,85.0,8.5,10.0,394612.65,3573272.701,0.10000000000000009,0.09531017980432493,86.546,83.462,79.8495,0.47037120400475807
2020-09-02,002594.SZ,95.88,96.0,91.63,94.3,93.5,0.8,0.8556,397047.08,3719378.787,0.00855614973262031,0.008519753344770486,88.72200000000001,83.7695,80.37466666666667,0.4684149936607104
2020-09-03,002594.SZ,92.88,95.16,92.15,92.59,94.3,-1.71,-1.8134,227794.95,2129704.437,-0.018133616118769846,-0.018300045179456048,90.156,83.9625,80.88483333333333,0.4746283023906404
2020-09-04,002594.SZ,88.8,90.59,88.02,90.0,92.59,-2.59,-2.7973,222021.32,1979126.649,-0.027972783237930732,-0.02837147412969073,91.078,84.1935,81.36733333333333,0.4647804799134634
2020-09-07,002594.SZ,89.48,97.5,89.4,94.74,90.0,4.74,5.2667,409986.53,3862436.332,0.05266666666666664,0.05132662716534063,93.026,84.8315,81.89900000000002,0.46761615215968744
2020-09-08,002594.SZ,95.88,95.88,90.7,91.0,94.74,-3.74,-3.9476,279084.09,2590896.624,-0.03947646189571452,-0.04027679097875561,92.526,85.3315,82.391,0.49246972284381946
2020-09-09,002594.SZ,88.01,88.7,84.85,85.99,91.0,-5.01,-5.5055,263291.56,2281813.618,-0.055054945054945126,-0.05662849609404497,90.864,85.53200000000001,82.7825,0.5375721408597582
2020-09-10,002594.SZ,87.84,90.17,86.9,87.09,85.99,1.1,1.2792,217062.71,1923920.285,0.012792185137806777,0.012711056281843122,89.764,85.79650000000001,83.16566666666668,0.5383113839578177
2020-09-11,002594.SZ,87.85,91.2,87.22,91.2,87.09,4.11,4.7193,205763.7,1843068.555,0.047192559421288305,0.04611283037563747,90.00399999999999,86.26,83.61716666666666,0.5598775215018071
2020-09-14,002594.SZ,91.3,94.5,91.3,92.5,91.2,1.3,1.4254,223839.09,2078549.015,0.014254385964912242,0.014153747438093766,89.556,86.739,84.0465,0.5602457242082161
2020-09-15,002594.SZ,94.01,101.75,93.5,101.3,92.5,8.8,9.5135,579221.28,5761285.366,0.09513513513513505,0.09087776673625811,91.616,87.69500000000001,84.61833333333334,0.6394904846298977
2020-09-16,002594.SZ,100.28,107.87,99.0,105.4,101.3,4.1,4.0474,493789.34,5154280.712,0.04047384007897348,0.039676224852624384,95.498,88.9825,85.24166666666666,0.6272516085579859
2020-09-17,002594.SZ,105.51,115.94,105.15,115.94,105.4,10.54,10.0,602351.1,6707262.639,0.09999999999999987,0.09531017980432474,101.268,90.852,85.99016666666667,0.6857069499020921
2020-09-18,002594.SZ,113.99,115.5,111.5,115.5,115.94,-0.44,-0.3795,473753.77,5363840.116,-0.003795066413662229,-0.0038022859497385706,106.128,92.648,86.72016666666667,0.6907366670042071
2020-09-21,002594.SZ,116.0,119.32,104.34,105.77,115.5,-9.73,-8.4242,588770.87,6535043.671,-0.08424242424242423,-0.08800360462188671,108.782,93.86449999999999,87.30633333333334,0.7826075592192058
2020-09-22,002594.SZ,106.5,110.65,104.01,106.77,105.77,1.0,0.9454,462881.94,4971987.39,0.009454476694714886,0.009410062850249432,109.876,95.141,87.88916666666667,0.7803658656437484
2020-09-23,002594.SZ,109.0,111.01,106.3,110.4,106.77,3.63,3.3998,381409.14,4146613.365,0.03399831413318366,0.033433145652784116,110.876,96.49,88.52133333333333,0.78223271616306
2020-09-24,002594.SZ,107.88,110.03,106.01,106.4,110.4,-4.0,-3.6232,266125.7,2864183.119,-0.036231884057971064,-0.03690455693545098,108.96799999999999,97.539,89.09233333333333,0.8022589079305977
2020-09-25,002594.SZ,108.2,109.79,103.8,105.09,106.4,-1.31,-1.2312,324363.17,3457966.85,-0.012312030075187996,-0.012388451030038898,106.886,98.524,89.52133333333333,0.8058630191093569
2020-09-28,002594.SZ,106.19,108.1,105.65,106.4,105.09,1.31,1.2466,211882.87,2260356.21,0.012465505756970252,0.012388451030038907,107.01199999999999,99.59400000000001,89.94633333333333,0.8035853143505444
2020-09-29,002594.SZ,108.59,109.51,104.25,107.89,106.4,1.49,1.4004,270045.76,2884125.029,0.014003759398496296,0.013906612655704774,107.23600000000002,100.3135,90.36116666666666,0.7343723695685794
2020-09-30,002594.SZ,108.58,118.23,107.1,116.24,107.89,8.35,7.7394,444201.02,5073415.251,0.0773936416720733,0.07454482969877864,108.404,101.4105,90.91933333333334,0.774390164748847
2020-10-09,002594.SZ,123.1,126.14,119.2,120.35,116.24,4.11,3.5358,559678.07,6870685.597,0.03535788024776321,0.03474714496705345,111.194,102.79849999999999,91.5175,0.7703892897599682
2020-10-12,002594.SZ,123.8,129.03,120.45,128.5,120.35,8.15,6.7719,528088.92,6521180.717,0.06771915247195692,0.06552474010619365,115.876,104.72349999999999,92.17583333333333,0.7756035283453987
2020-10-13,002594.SZ,128.0,131.88,125.0,129.29,128.5,0.79,0.6148,460527.46,5958597.982,0.006147859922178922,0.006129038931187344,120.454,106.451,92.699,0.766416474624043
2020-10-14,002594.SZ,129.15,132.32,128.1,130.5,129.29,1.21,0.9359,310471.58,4041272.251,0.00935880578544368,0.009315283496286304,124.976,108.426,93.26483333333333,0.7379627399284338
2020-10-15,002594.SZ,134.6,137.73,131.33,131.55,130.5,1.05,0.8046,402893.07,5425288.384,0.008045977011494232,0.008013780723553616,128.038,110.704,93.88233333333332,0.6859000877378202
2020-10-16,002594.SZ,132.56,133.85,125.0,127.8,131.55,-3.75,-2.8506,413535.51,5301212.698,-0.02850627137970363,-0.028920465542867407,129.528,112.73949999999999,94.59483333333334,0.7088238013025655
2020-10-19,002594.SZ,128.0,129.81,126.3,128.08,127.8,0.28,0.2191,222006.11,2832538.854,0.0021909233176840015,0.002188526745024937,129.44400000000002,114.5835,95.36966666666667,0.7041594209534109
2020-10-20,002594.SZ,126.18,140.33,126.18,140.0,128.08,11.92,9.3067,541679.01,7240427.47,0.0930668332292317,0.08898735392084503,131.586,116.9585,96.25016666666667,0.7524481567384717
2020-10-21,002594.SZ,137.99,139.7,134.17,137.5,140.0,-2.5,-1.7857,380567.07,5212917.457,-0.017857142857142905,-0.018018505502678365,132.98600000000002,118.76849999999999,97.07366666666667,0.7125999437663095
2020-10-22,002594.SZ,137.23,145.0,132.07,143.79,137.5,6.29,4.5745,434389.39,6061013.977,0.045745454545454534,0.04472998473302361,135.43400000000003,120.68799999999999,98.017,0.7152091296940012
2020-10-23,002594.SZ,142.02,145.78,136.5,138.67,143.79,-5.12,-3.5607,400994.12,5645291.379,-0.03560748313512763,-0.03625689207387675,137.608,121.82449999999999,98.845,0.6657532295477256
2020-10-26,002594.SZ,136.5,142.85,133.1,139.96,138.67,1.29,0.9303,309796.04,4319369.738,0.009302660993726342,0.009259657733714637,139.984,123.04749999999999,99.79433333333333,0.6638212258742041
2020-10-27,002594.SZ,137.42,141.5,135.83,140.28,139.96,0.32,0.2286,296545.4,4122784.516,0.002286367533580913,0.0022837577724899674,140.04000000000002,124.773,100.74033333333334,0.5635552024732562
2020-10-28,002594.SZ,139.51,153.48,139.02,151.6,140.28,11.32,8.0696,517973.65,7669731.453,0.08069575135443396,0.0776050479362939,142.86,127.0145,101.86850000000001,0.6094583924071605
2020-10-29,002594.SZ,147.91,166.76,147.91,158.38,151.6,6.78,4.4723,634704.95,10022998.772,0.044722955145118704,0.043751735573995115,145.778,129.4135,103.05933333333334,0.6142773930747113
2020-10-30,002594.SZ,160.0,170.3,154.2,159.81,158.38,1.43,0.9029,673291.83,10882457.196,0.009028917792650581,0.008988400814751035,150.006,132.084,104.30616666666667,0.5804804313938088
2020-11-02,002594.SZ,160.91,168.75,160.5,167.98,159.81,8.17,5.1123,524910.93,8660252.633,0.051123208810462284,0.049859315100463465,155.60999999999999,135.2285,105.68266666666666,0.5756150151478049
2020-11-03,002594.SZ,172.0,172.45,159.58,164.08,167.98,-3.9,-2.3217,661616.64,10960743.413,-0.023217049648767585,-0.02349081093335576,160.37,138.1125,106.98116666666667,0.5988402139833878
2020-11-04,002594.SZ,167.0,170.33,163.0,168.03,164.08,3.95,2.4074,460948.23,7689440.146,0.024073622623110635,0.023788421125725417,163.656,141.1195,108.29833333333333,0.5980003333782097
2020-11-05,002594.SZ,175.0,184.83,171.0,184.83,168.03,16.8,9.9982,674092.11,11951954.71,0.09998214604534916,0.0952939488047385,168.946,144.549,109.90966666666667,0.6297566404168192
2020-11-06,002594.SZ,189.5,198.85,179.89,190.44,184.83,5.61,3.0352,807666.85,15261972.051,0.0303522155494238,0.029900700631728998,175.072,148.05349999999999,111.60483333333333,0.6288285321922943
2020-11-09,002594.SZ,191.6,193.67,184.12,190.95,190.44,0.51,0.2678,525016.12,9934097.169,0.0026780088216760145,0.002674429345207099,179.666,151.176,113.36433333333335,0.6108870315140987
2020-11-10,002594.SZ,186.86,186.88,176.88,182.58,190.95,-8.37,-4.3833,635349.5,11543486.452,-0.043833464257658994,-0.044823180534590425,183.36599999999999,153.8405,115.041,0.6510970419240776
2020-11-11,002594.SZ,176.9,181.89,164.32,164.35,182.58,-18.23,-9.9847,805675.15,13840949.837,-0.09984664256764164,-0.10519013302670636,182.63,155.533,116.43016666666666,0.7744358654161505
2020-11-12,002594.SZ,168.0,173.3,165.78,169.33,164.35,4.98,3.0301,586639.61,9953360.351,0.030301186492242227,0.029851173567020838,179.53,157.42199999999997,117.88600000000001,0.776679804252203
2020-11-13,002594.SZ,180.0,182.02,173.29,175.9,169.33,6.57,3.88,609193.92,10790305.828,0.03879997637748778,0.03806617806626333,176.622,159.827,119.45433333333334,0.7646680401503664
2020-11-16,002594.SZ,171.03,171.5,163.5,170.02,175.9,-5.88,-3.3428,542565.39,9094656.059,-0.03342808413871512,-0.033999574554299625,172.436,161.924,120.9225,0.7841451714717098
2020-11-17,002594.SZ,173.5,175.18,164.46,167.0,170.02,-3.02,-1.7763,568409.34,9641027.028,-0.01776261616280439,-0.017922264772457706,169.32000000000002,163.274,122.32383333333334,0.7357807893194102
2020-11-18,002594.SZ,165.88,169.18,162.25,167.0,167.0,0.0,0.0,417033.16,6941378.987,0.0,0.0,169.85,164.749,123.7375,0.7295574012807102
2020-11-19,002594.SZ,168.0,168.7,159.52,161.62,167.0,-5.38,-3.2216,470054.4,7652210.663,-0.03221556886227539,-0.03274591161145347,168.308,165.64050000000003,125.10366666666667,0.7324654374252813
2020-11-20,002594.SZ,164.65,177.24,163.22,176.06,161.62,14.44,8.9345,707526.94,12067220.425,0.08934537804727127,0.0855769452274584,168.34,167.51000000000002,126.72883333333333,0.7696966264446128
2020-11-23,002594.SZ,176.9,185.02,172.07,184.2,176.06,8.14,4.6234,604026.64,10841291.967,0.04623423832784268,0.0451972777884463,171.17600000000002,169.722,128.4725,0.7783825598228856
2020-11-24,002594.SZ,191.77,194.99,180.71,184.19,184.2,-0.01,-0.0054,646752.09,12193378.658,-5.4288816503711423e-05,-5.4290290194846984e-05,174.614,171.9175,130.185,0.778932415535233
2020-11-25,002594.SZ,183.0,191.7,180.6,183.53,184.19,-0.66,-0.3583,473857.64,8798105.734,-0.003583256420001013,-0.0035896916606307865,177.92,173.51399999999998,131.88983333333334,0.7409622937823352
2020-11-26,002594.SZ,183.61,184.8,171.23,175.82,183.53,-7.71,-4.2009,496538.19,8751195.066,-0.04200948073884381,-0.04291739744734816,180.76000000000002,174.386,133.42983333333333,0.7519195646739254
2020-11-27,002594.SZ,175.31,177.9,169.33,174.1,175.82,-1.72,-0.9783,397476.15,6868605.93,-0.009782732339893019,-0.009830897648889121,180.368,175.10049999999998,134.90783333333334,0.7539757086923069
2020-11-30,002594.SZ,171.5,176.74,166.01,172.15,174.1,-1.95,-1.12,379212.83,6493585.105,-0.01120045950603099,-0.011263656989610564,177.958,175.309,136.3538333333333,0.7360439447853887
2020-12-01,002594.SZ,168.7,177.0,167.0,176.81,172.15,4.66,2.7069,401564.31,6983133.536,0.02706941620679637,0.026709519905465207,176.482,175.94549999999998,137.884,0.7346175385929574
2020-12-02,002594.SZ,171.1,172.5,168.0,169.75,176.81,-7.06,-3.993,492401.38,8354836.225,-0.039929868220123343,-0.04074894325119254,173.726,176.0315,139.15483333333333,0.7473159385949543
2020-12-03,002594.SZ,169.75,173.66,166.96,171.09,169.75,1.34,0.7894,365580.81,6251135.998,0.007893961708394626,0.007862967397751596,172.78,175.34449999999998,140.43466666666666,0.6518436183866764
2020-12-04,002594.SZ,171.6,178.8,170.4,171.86,171.09,0.77,0.4501,394489.88,6888910.896,0.004500555263311723,0.004490458048519803,172.332,174.4155,141.75583333333333,0.6406373382180919
2020-12-07,002594.SZ,171.3,176.66,169.11,175.29,171.86,3.43,1.9958,322185.89,5617848.45,0.019958105434656037,0.019761553349378316,172.95999999999998,173.6325,143.17733333333337,0.646061932847221
2020-12-08,002594.SZ,178.1,182.0,176.7,177.97,175.29,2.68,1.5289,445743.24,7995315.241,0.015288949740430269,0.015173251527439025,173.192,173.402,144.5645,0.630989750302849
2020-12-09,002594.SZ,179.0,181.03,173.0,173.24,177.97,-4.73,-2.6578,315714.47,5563503.434,-0.02657751306399947,-0.026937080415468252,173.89000000000001,173.84650000000002,145.93516666666667,0.522249208029742
2020-12-10,002594.SZ,168.0,171.66,166.02,169.52,173.24,-3.72,-2.1473,370436.28,6243808.669,-0.02147310090048482,-0.021707002386382235,173.576,173.85600000000002,147.3273333333333,0.5188642717570167
2020-12-11,002594.SZ,169.35,169.35,162.8,167.0,169.52,-2.52,-1.4866,354878.18,5902635.219,-0.014865502595563962,-0.01497710154328854,172.60399999999998,173.411,148.6591666666667,0.5010613832191002
2020-12-14,002594.SZ,166.8,170.88,163.0,170.2,167.0,3.2,1.9162,302132.25,5064250.844,0.019161676646706427,0.018980403722518496,171.586,173.42000000000002,149.97583333333333,0.492187287242347
2020-12-15,002594.SZ,170.25,175.05,168.5,174.7,170.2,4.5,2.6439,362218.02,6234488.461,0.026439482961222005,0.026096001000737036,170.932,173.805,151.34583333333333,0.49543252803042476
2020-12-16,002594.SZ,176.0,176.7,170.9,171.87,174.7,-2.83,-1.6199,238153.85,4110951.042,-0.016199198626216327,-0.016331840051414706,170.658,174.04850000000002,152.52200000000002,0.4999243015104679
2020-12-17,002594.SZ,171.18,172.93,169.01,171.79,171.87,-0.08,-0.0465,189772.6,3245175.544,-0.0004654680863444005,-0.0004655764502420318,171.112,174.55700000000002,153.62849999999997,0.48362522630663657
2020-12-18,002594.SZ,172.5,180.09,171.22,176.0,171.79,4.21,2.4507,488485.1,8625943.227,0.02450666511438393,0.0242111943997977,172.91199999999998,174.554,154.6295,0.37308825918750727
2020-12-21,002594.SZ,176.5,193.6,175.5,193.6,176.0,17.6,10.0,667797.63,12342923.957,0.09999999999999987,0.09531017980432474,177.59199999999998,175.024,155.93116666666668,0.4911290260397131
2020-12-22,002594.SZ,192.98,192.98,183.66,184.0,193.6,-9.6,-4.9587,586810.41,11044848.425,-0.04958677685950408,-0.050858417233490966,179.452,175.0145,157.235,0.5254023503778832
2020-12-23,002594.SZ,183.89,190.8,182.96,186.79,184.0,2.79,1.5163,427079.45,7982526.892,0.015163043478260807,0.01504923356222602,182.436,175.1775,158.56866666666664,0.5276990942799417
2020-12-24,002594.SZ,185.0,185.0,180.0,183.0,186.79,-3.79,-2.029,260453.54,4739171.492,-0.020290165426414597,-0.020498838329790665,184.67800000000003,175.5365,159.77866666666665,0.509316778532606
2020-12-25,002594.SZ,183.32,186.15,181.1,185.22,183.0,2.22,1.2131,211330.69,3892733.282,0.012131147540983545,0.01205815490070193,186.522,176.0925,161.09233333333336,0.50825756141848
2020-12-28,002594.SZ,184.3,190.37,182.6,187.93,185.22,2.71,1.4631,303384.31,5674752.366,0.014631249325126827,0.014525245326386493,185.388,176.88150000000002,162.473,0.5065650452272648
2020-12-29,002594.SZ,186.0,186.0,178.46,178.6,187.93,-9.33,-4.9646,361177.82,6530622.526,-0.049646144841164364,-0.050920884626110906,184.308,176.971,163.67633333333333,0.5343995084931717
2020-12-30,002594.SZ,180.66,191.95,180.66,186.0,178.6,7.4,4.1433,510431.08,9559070.846,0.04143337066069441,0.04059800527080269,184.15,177.7835,164.97816666666665,0.5297053659045894
2020-12-31,002594.SZ,188.86,195.83,184.26,194.3,186.0,8.3,4.4624,505119.42,9665582.055,0.044623655913978544,0.0436566826701932,186.41000000000003,178.94400000000002,166.27916666666667,0.548003665541126
2021-01-04,002594.SZ,189.0,211.16,187.09,206.76,194.3,12.46,6.4128,589501.61,11803190.657,0.06412763767370033,0.06215534394444404,190.71800000000002,180.689,167.71933333333334,0.5841683813598957
2021-01-05,002594.SZ,206.0,221.23,202.01,219.9,206.76,13.14,6.3552,545305.97,11642247.812,0.06355194428322708,0.061614197232877074,197.112,182.9195,169.24266666666665,0.6138470307013959
2021-01-06,002594.SZ,219.72,222.18,212.0,216.3,219.9,-3.6,-1.6371,434652.14,9376648.611,-0.016371077762619368,-0.01650656460170241,204.65200000000002,184.836,170.69283333333334,0.6218985703922795
2021-01-07,002594.SZ,216.6,228.32,214.2,225.04,216.3,8.74,4.0407,428602.54,9516502.256,0.04040684234858993,0.03961183122258834,212.45999999999998,187.426,172.26850000000002,0.614317106790721
2021-01-08,002594.SZ,233.0,234.32,220.7,227.51,225.04,2.47,1.0976,426758.36,9705879.745,0.010975826519729726,0.01091602928732105,219.102,190.32549999999998,173.86783333333332,0.600196689385955
2021-01-11,002594.SZ,234.59,245.0,230.98,234.86,227.51,7.35,3.2306,534254.66,12681067.407,0.0323062722517693,0.031795398468012666,224.72200000000004,193.7185,175.65216666666666,0.5918565194027651
2021-01-12,002594.SZ,231.8,239.75,220.0,236.99,234.86,2.13,0.9069,433124.58,9980651.742,0.009069232734394861,0.009028354215173222,228.14000000000001,197.058,177.46733333333336,0.5926424287228553
2021-01-13,002594.SZ,238.0,249.88,229.69,239.3,236.99,2.31,0.9747,480347.87,11590837.002,0.009747246719270963,0.00970004876221934,232.74,200.288,179.12233333333333,0.5922050839945785
2021-01-14,002594.SZ,232.0,235.45,222.34,223.95,239.3,-15.35,-6.4145,445955.02,10176085.741,-0.064145424153782,-0.0662951822610187,232.52200000000002,202.892,180.5631666666667,0.6490513278413852
2021-01-15,002594.SZ,222.0,228.92,216.5,225.2,223.95,1.25,0.5582,377050.46,8420560.824,0.005581603036391991,0.005566083612226173,232.06,205.5625,181.92,0.647603751661669
2021-01-18,002594.SZ,220.0,224.0,216.26,221.69,225.2,-3.51,-1.5586,263789.33,5826658.747,-0.015586145648312622,-0.015708886659673595,229.42600000000002,207.84699999999998,183.3036666666667,0.6549100620027114
2021-01-19,002594.SZ,222.06,225.2,213.56,216.2,221.69,-5.49,-2.4764,276250.13,6035553.036,-0.024764310523704314,-0.025076104400753873,225.26799999999997,208.977,184.57433333333333,0.578917431004379
2021-01-20,002594.SZ,219.9,226.3,218.01,222.0,216.2,5.8,2.6827,381401.08,8483028.913,0.026827012025901986,0.026473476667171585,221.808,210.877,185.9363333333333,0.5437868381629412
2021-01-21,002594.SZ,220.0,239.6,216.81,235.52,222.0,13.52,6.0901,585709.87,13384594.647,0.060900900900900945,0.05911845366823201,224.12199999999999,213.31350000000003,187.335,0.5730101177306797
2021-01-22,002594.SZ,235.72,243.66,231.51,242.92,235.52,7.4,3.142,423886.78,10112061.191,0.03141983695652173,0.030936335488863168,227.666,216.30949999999999,188.744,0.5633493220891701
2021-01-25,002594.SZ,246.5,262.95,245.0,260.0,242.92,17.08,7.0311,559388.94,14213433.428,0.07031121356825287,0.0679494599861531,235.32799999999997,220.04849999999996,190.41383333333334,0.5964892376463389
2021-01-26,002594.SZ,257.0,262.59,250.99,254.22,260.0,-5.78,-2.2231,394555.44,10115831.947,-0.022230769230769276,-0.022481597149004925,242.93199999999996,223.363,191.8511666666667,0.6131798641666589
2021-01-27,002594.SZ,250.2,259.44,234.5,257.0,254.22,2.78,1.0935,521351.0,12813494.921,0.01093541027456535,0.01087605102869696,249.93199999999996,227.283,193.39983333333336,0.5629003634797002
2021-01-28,002594.SZ,245.97,252.5,242.98,244.36,257.0,-12.64,-4.9183,326461.75,8081858.717,-0.04918287937743182,-0.05043353711365351,251.7,230.20100000000002,194.672,0.6052190461658621
2021-01-29,002594.SZ,249.0,250.43,237.5,247.0,244.36,2.64,1.0804,335982.69,8182542.031,0.01080373219839581,0.010745788846411001,252.516,232.83599999999996,195.70816666666667,0.5946513572546238
2021-02-01,002594.SZ,245.0,250.13,239.0,246.89,247.0,-0.11,-0.0445,263794.5,6500021.796,-0.00044534412955465896,-0.00044544332470326803,249.894,234.84249999999997,196.64899999999997,0.5640187283463298
2021-02-02,002594.SZ,252.0,268.0,250.5,267.5,246.89,20.61,8.3478,471099.97,12220620.147,0.08347847219409466,0.08017667303278742,252.55,237.2225,197.92483333333337,0.593032766221478
2021-02-03,002594.SZ,268.1,273.37,260.3,263.0,267.5,-4.5,-1.6822,384029.52,10231620.474,-0.016822429906542036,-0.01696553415829667,253.75,239.55749999999998,199.26516666666666,0.5933061358319741
2021-02-04,002594.SZ,258.0,264.89,255.34,259.9,263.0,-3.1,-1.1787,310350.9,8061146.636,-0.011787072243346075,-0.011857090530320044,256.858,241.3005,200.8576666666667,0.5872836807362956
2021-02-05,002594.SZ,262.0,268.28,247.5,249.0,259.9,-10.9,-4.1939,480550.51,12356334.243,-0.0419392073874566,-0.042844045182736844,257.258,242.375,202.18550000000002,0.6130433363830059
2021-02-08,002594.SZ,248.99,252.98,240.01,250.2,249.0,1.2,0.4819,372461.77,9210843.639,0.004819277108433662,0.004807701568103078,257.91999999999996,243.142,203.42383333333333,0.6046447826032401
2021-02-09,002594.SZ,253.1,259.02,247.5,257.0,250.2,6.8,2.7178,374954.28,9540424.163,0.02717825739408486,0.026815486862409157,255.82,244.1425,204.8735,0.6101103904688747
2021-02-10,002594.SZ,261.0,270.66,253.0,266.95,257.0,9.95,3.8716,418938.71,10995341.387,0.03871595330739286,0.0379852900509753,256.61,245.525,206.53933333333333,0.6218075770841274
2021-02-18,002594.SZ,268.86,268.86,255.33,258.99,266.95,-7.96,-2.9818,472645.58,12353076.536,-0.029818318037085567,-0.030271924030654217,256.428,247.277,208.07250000000002,0.5808908901944893
2021-02-19,002594.SZ,254.9,257.66,245.73,257.35,258.99,-1.64,-0.6332,382587.02,9607262.916,-0.006332290822039455,-0.006352424816777446,258.098,248.88450000000003,209.668,0.5830622718543463
2021-02-22,002594.SZ,256.6,256.66,239.45,239.52,257.35,-17.83,-6.9283,427130.93,10558143.268,-0.06928307752088603,-0.07180010542744539,255.962,249.77599999999998,210.72566666666668,0.6394723148055185
2021-02-23,002594.SZ,229.59,235.02,222.9,225.0,239.52,-14.52,-6.0621,476510.22,10877530.627,-0.06062124248497003,-0.06253651846689819,249.56199999999998,250.21599999999998,211.40566666666666,0.6731211942125944
2021-02-24,002594.SZ,225.0,228.59,203.6,208.99,225.0,-16.01,-7.1156,676485.18,14532205.192,-0.07115555555555553,-0.0738139982742602,237.97000000000003,249.56550000000001,211.81900000000002,0.7153537700110906
2021-02-25,002594.SZ,215.77,215.85,205.8,209.25,208.99,0.26,0.1244,369532.22,7788184.186,0.0012440786640508517,0.0012433054394247432,228.02200000000002,248.252,212.24766666666667,0.6759814951355573
2021-02-26,002594.SZ,196.5,204.0,194.0,197.27,209.25,-11.98,-5.7252,503616.02,9978745.767,-0.057252090800477884,-0.05895636061380723,216.006,245.9695,212.60516666666666,0.6857644401963582
2021-03-01,002594.SZ,201.0,210.99,197.5,210.9,197.27,13.63,6.9093,444293.51,9087918.556,0.06909312110305676,0.06681073872895149,210.282,243.5145,213.2185,0.6838959991143071
2021-03-02,002594.SZ,214.65,215.8,205.22,211.4,210.9,0.5,0.2371,387928.35,8178911.875,0.0023707918444759724,0.002367985951408265,207.56199999999998,241.3735,213.87266666666667,0.6834115936655429
2021-03-03,002594.SZ,205.0,210.3,201.97,209.75,211.4,-1.65,-0.7805,263061.8,5431739.316,-0.007805108798486282,-0.007835728088821702,207.71400000000003,239.01100000000002,214.42166666666668,0.6796428156842945
2021-03-04,002594.SZ,205.0,205.1,197.3,198.5,209.75,-11.25,-5.3635,346849.91,6955695.359,-0.05363528009535157,-0.05512724522007041,205.56400000000002,236.71800000000002,214.90083333333334,0.6832876200613756
2021-03-05,002594.SZ,187.37,199.51,186.18,196.37,198.5,-2.13,-1.073,325319.09,6313240.677,-0.010730478589420667,-0.010788465365106248,205.38400000000001,234.18650000000002,215.32216666666667,0.679080221172305
2021-03-08,002594.SZ,196.37,197.33,176.73,176.73,196.37,-19.64,-10.0015,591328.23,10922889.31,-0.10001527728268078,-0.10537749056043334,198.55,230.67849999999999,215.40333333333334,0.7479410639310702
2021-03-09,002594.SZ,172.41,178.6,162.03,170.68,176.73,-6.05,-3.4233,599204.95,10247665.524,-0.03423301080744634,-0.0348326858819064,190.406,225.8375,215.3265,0.6518430649236421
2021-03-10,002594.SZ,180.0,181.88,175.78,177.19,170.68,6.51,3.8142,431507.17,7706833.381,0.0381415514412935,0.037432144850178616,183.894,221.54700000000003,215.3135,0.6853022612458336
2021-03-11,002594.SZ,176.95,185.0,174.1,182.97,177.19,5.78,3.262,367827.9,6671343.291,0.03262035103561156,0.032099601806496736,180.788,217.7005,215.47566666666668,0.7089242356710913
2021-03-12,002594.SZ,186.17,187.99,178.9,181.68,182.97,-1.29,-0.705,301848.22,5517620.552,-0.0070503361206755155,-0.007075307179171615,177.85,214.33450000000002,215.6783333333333,0.7030678215029295
2021-03-15,002594.SZ,178.55,181.0,172.0,174.26,181.68,-7.42,-4.0841,295602.39,5187723.277,-0.04084103918978432,-0.041698460994162356,177.356,210.5375,215.79933333333332,0.7049447680066575
2021-03-16,002594.SZ,177.58,179.1,173.37,176.47,174.26,2.21,1.2682,197056.4,3474844.999,0.012682199012969075,0.012602453452000947,178.514,206.51100000000002,215.90383333333335,0.694707467103505
2021-03-17,002594.SZ,174.02,179.97,171.48,176.88,176.47,0.41,0.2323,213705.28,3770679.57,0.002323341077803631,0.002320646294049132,178.452,202.0075,215.94016666666667,0.666969979998148
2021-03-18,002594.SZ,178.79,180.63,177.28,178.55,176.88,1.67,0.9441,201064.37,3593541.02,0.009441429217548647,0.009397137491266621,177.56799999999998,197.9855,216.0515,0.6734534265792084
2021-03-19,002594.SZ,173.0,175.37,169.66,171.15,178.55,-7.4,-4.1445,258227.22,4438615.91,-0.04144497339680764,-0.04232830906426314,175.462,193.6755,216.04083333333335,0.6772178452471594
2021-03-22,002594.SZ,172.33,175.48,170.01,173.8,171.15,2.65,1.5483,185682.91,3221954.915,0.015483494011101495,0.015364847855097447,175.37,190.3895,216.00416666666666,0.6608989588206935
2021-03-23,002594.SZ,175.8,176.18,166.3,168.97,173.8,-4.83,-2.7791,226648.97,3844462.853,-0.02779056386651335,-0.028184028458733405,173.87,187.588,215.59366666666665,0.6408573672359299
2021-03-24,002594.SZ,167.99,169.24,162.0,162.74,168.97,-6.23,-3.687,248269.3,4082242.404,-0.036870450375806274,-0.03756734910404709,171.042,185.27550000000002,215.23933333333335,0.6107438132876445
2021-03-25,002594.SZ,157.0,163.45,155.6,161.2,162.74,-1.54,-0.9463,256190.64,4082120.997,-0.009462947032075841,-0.009508005195983429,167.572,182.873,214.81283333333334,0.6089107606723975
2021-03-26,002594.SZ,163.01,172.0,162.9,170.99,161.2,9.79,6.0732,328530.32,5528686.167,0.06073200992555838,0.05895924518797374,167.54000000000002,181.55900000000003,214.61266666666668,0.6366484659767365
2021-03-29,002594.SZ,170.01,170.48,164.8,168.1,170.99,-2.89,-1.6902,234728.64,3941708.905,-0.01690157319141483,-0.0170460348459318,166.4,179.419,214.3273333333333,0.5713189850058934
2021-03-30,002594.SZ,161.0,169.0,159.1,169.0,168.1,0.9,0.5354,338930.9,5574391.479,0.005353955978584235,0.005339674508503607,166.406,177.299,214.01183333333333,0.572317939098308
2021-03-31,002594.SZ,169.21,172.64,162.56,164.51,169.0,-4.49,-2.6568,270153.03,4488285.761,-0.026568047337278133,-0.026927356291744486,166.76,175.03699999999998,213.77700000000002,0.575015026252392
2021-04-01,002594.SZ,168.0,171.9,167.01,169.07,164.51,4.56,2.7719,299957.8,5089544.668,0.02771867971551889,0.027341471717546098,168.334,173.5655,213.49483333333333,0.5683071014959166
2021-04-02,002594.SZ,170.99,178.2,168.58,175.87,169.07,6.8,4.022,349532.0,6083577.384,0.0402200272076656,0.039432255399397896,169.31,172.5405,213.18766666666667,0.5925715039125274
2021-04-06,002594.SZ,176.8,179.24,172.8,176.09,175.87,0.22,0.1251,255909.85,4492985.632,0.0012509239779381343,0.0012501422244137474,170.908,172.5085,212.6765,0.47396713804340335
2021-04-07,002594.SZ,177.15,178.08,169.5,170.99,176.09,-5.1,-2.8962,281703.5,4848030.064,-0.028962462377193465,-0.029390152712185057,171.30599999999998,172.524,211.86133333333333,0.4692283170563043
2021-04-08,002594.SZ,169.0,171.5,167.12,170.48,170.99,-0.51,-0.2983,160043.06,2723993.028,-0.0029826305631909245,-0.002987087470139988,172.5,172.1885,211.09766666666667,0.4476899383918372
2021-04-09,002594.SZ,171.9,172.1,166.0,166.72,170.48,-3.76,-2.2055,204995.77,3436476.688,-0.022055373064289063,-0.0223022292253596,172.03000000000003,171.376,210.12566666666666,0.4342013572058858
2021-04-12,002594.SZ,166.73,169.39,162.6,163.46,166.72,-3.26,-1.9554,201268.0,3320602.667,-0.019553742802303153,-0.019747446477018336,169.548,170.465,209.05816666666666,0.4375127602745187
2021-04-13,002594.SZ,163.48,167.63,163.48,164.01,163.46,0.55,0.3365,158578.94,2617908.978,0.003364737550471064,0.0033590894870339444,167.132,169.9525,207.87733333333335,0.4170227993723727
2021-04-14,002594.SZ,167.0,171.0,167.0,170.95,164.01,6.94,4.2314,298473.17,5057752.083,0.04231449301871826,0.04144371451029259,167.124,169.67649999999998,206.77666666666664,0.44391840719789266
2021-04-15,002594.SZ,168.5,168.65,163.5,165.5,170.95,-5.45,-3.1881,249912.13,4136742.969,-0.03188066686165536,-0.032399921268192605,166.128,169.1075,205.54666666666665,0.4567165898378201
2021-04-16,002594.SZ,165.4,166.4,160.33,165.3,165.5,-0.2,-0.1208,234599.44,3837152.368,-0.0012084592145014117,-0.0012091899901389978,165.844,168.445,204.56916666666666,0.45444941303070674
2021-04-19,002594.SZ,165.0,177.0,164.18,176.05,165.3,10.75,6.5033,507350.5,8764759.455,0.06503327283726557,0.063006040774083,168.362,168.69,203.75,0.4920332968566357
2021-04-20,002594.SZ,175.0,175.0,169.78,171.24,176.05,-4.81,-2.7322,375677.03,6460740.489,-0.027321783584209003,-0.02770196432431613,169.808,168.56199999999998,202.90916666666666,0.499716511675829
2021-04-21,002594.SZ,169.0,170.59,167.17,168.59,171.24,-2.65,-1.5475,230488.88,3880491.43,-0.015475356225181036,-0.015596349449035547,169.336,168.543,202.11566666666667,0.4925850298563283
2021-04-22,002594.SZ,170.0,171.78,167.22,168.71,168.59,0.12,0.0712,197508.44,3336754.764,0.0007117859896790257,0.0007115327901735905,169.978,168.8415,201.22750000000002,0.4725923650357298
2021-04-23,002594.SZ,167.18,171.38,166.27,169.25,168.71,0.54,0.3201,228827.99,3878511.212,0.0032007586983580083,0.003195647174500771,170.76800000000003,169.244,200.12300000000002,0.47057504673732387
2021-04-26,002594.SZ,170.0,173.0,167.25,167.5,169.25,-1.75,-1.034,319514.1,5432612.153,-0.010339734121122546,-0.010393560527263195,169.058,169.0695,198.866,0.4194778991755573
2021-04-27,002594.SZ,166.0,167.4,163.4,164.94,167.5,-2.56,-1.5284,255639.21,4211994.738,-0.015283582089552272,-0.015401579859911814,167.798,168.9115,197.28166666666667,0.41868783925647035
2021-04-28,002594.SZ,164.86,168.54,162.96,165.5,164.94,0.56,0.3395,218411.98,3621682.455,0.0033951740026676447,0.003389423411908254,167.18,168.7365,195.80299999999997,0.41837457400314004
2021-04-29,002594.SZ,163.0,164.93,162.2,162.95,165.5,-2.55,-1.5408,275854.04,4496785.166,-0.015407854984894276,-0.01552778953354706,166.02800000000002,168.6585,194.23550000000003,0.4110412554509104
2021-04-30,002594.SZ,161.49,162.2,156.71,158.57,162.95,-4.38,-2.6879,359899.14,5715463.804,-0.02687941086222767,-0.027247269082094402,163.892,168.1335,192.80566666666667,0.40759553596553144
2021-05-06,002594.SZ,157.0,157.0,150.0,150.0,158.57,-8.57,-5.4046,423158.08,6423783.465,-0.05404553194172912,-0.0555608421052203,160.392,166.84,191.189,0.41266545827772155
2021-05-07,002594.SZ,148.12,149.96,143.39,143.95,150.0,-6.05,-4.0333,377980.38,5528741.179,-0.04033333333333344,-0.04116927703807099,156.19400000000002,165.233,189.47333333333336,0.42697911616272677
2021-05-10,002594.SZ,143.95,148.35,141.44,147.0,143.95,3.05,2.1188,260738.75,3802268.898,0.021187912469607495,0.020966569720551415,152.494,164.0335,187.46500000000003,0.4340007714693912
2021-05-11,002594.SZ,143.7,148.76,140.97,146.56,147.0,-0.44,-0.2993,269639.96,3893703.682,-0.0029931972789115635,-0.0029976858529161634,149.21599999999998,162.8375,185.52433333333335,0.43399941832554717
2021-05-12,002594.SZ,148.26,155.0,148.26,153.73,146.56,7.17,4.8922,384659.14,5872804.588,0.048921943231440945,0.047762915998687816,148.248,162.188,183.75483333333332,0.4730981128967288
2021-05-13,002594.SZ,150.75,151.0,148.56,148.99,153.73,-4.74,-3.0833,212696.09,3180710.318,-0.030833279125739854,-0.03131862732526014,148.046,161.4645,182.088,0.47978064124987024
2021-05-14,002594.SZ,147.9,154.1,146.31,153.53,148.99,4.54,3.0472,300278.66,4532481.587,0.03047184374790257,0.030016798071559866,149.962,160.9405,180.47683333333333,0.4948562644799993
2021-05-17,002594.SZ,155.43,160.88,154.45,159.78,153.53,6.25,4.0709,363002.56,5761021.601,0.04070865628867315,0.039901881383088124,152.51799999999997,160.382,178.8565,0.4929420309894124
2021-05-18,002594.SZ,160.0,161.8,156.88,158.7,159.78,-1.08,-0.6759,194952.12,3094498.22,-0.006759294029290319,-0.00678224152153252,154.946,160.042,177.05233333333334,0.4812938697274688
2021-05-19,002594.SZ,159.9,174.0,159.88,172.78,158.7,14.08,8.8721,596490.87,10150054.899,0.08872085696282306,0.08500348139837484,158.756,160.416,175.6155,0.5784691773314199
2021-05-20,002594.SZ,170.0,177.56,169.1,172.94,172.78,0.16,0.0926,499888.48,8686052.329,0.0009260331056835103,0.0009256046015460399,163.546,160.2605,174.2086666666667,0.5297524111412129
2021-05-21,002594.SZ,174.01,177.99,170.1,173.2,172.94,0.26,0.1503,334965.51,5822862.674,0.0015034115878338472,0.0015022825960505307,167.48,160.3585,173.10333333333332,0.5200960116754175
2021-05-24,002594.SZ,171.91,175.5,169.98,173.47,173.2,0.27,0.1559,271722.87,4685927.113,0.0015588914549653499,0.0015576776449827698,170.21800000000002,160.6025,172.2445,0.5164105748138621
2021-05-25,002594.SZ,175.0,178.0,172.7,176.52,173.47,3.05,1.7582,331522.87,5830353.651,0.017582290886032137,0.01742951062802887,173.78199999999998,160.993,171.70333333333332,0.5193501800841482
2021-05-26,002594.SZ,178.0,184.58,176.0,176.17,176.52,-0.35,-0.1983,345577.99,6206769.477,-0.0019827781554498936,-0.001984746462297662,174.45999999999998,161.339,171.152,0.5196183795066395
2021-05-27,002594.SZ,179.0,179.68,174.5,177.45,176.17,1.28,0.7266,234026.1,4146048.38,0.0072657092581029925,0.007239441153456614,175.362,161.8365,170.8216666666667,0.5175998638404485
2021-05-28,002594.SZ,177.45,185.0,176.07,181.68,177.45,4.23,2.3838,371194.87,6754993.796,0.023837700760777736,0.023558018704797602,177.058,162.6735,170.33466666666666,0.5175124463986474
2021-05-31,002594.SZ,175.26,179.11,170.18,178.7,181.68,-2.98,-1.6402,437553.16,7660152.24,-0.016402465874064354,-0.01653847563192074,178.10399999999998,163.3335,169.78966666666665,0.5232400993665478
2021-06-01,002594.SZ,178.73,190.9,178.73,189.46,178.7,10.76,6.0213,513604.12,9530431.696,0.06021264689423633,0.05846949828200623,180.692,164.659,169.4515,0.5533489290003395
2021-06-02,002594.SZ,190.0,191.85,185.2,186.5,189.46,-2.96,-1.5623,294349.64,5527643.767,-0.015623350575319384,-0.015746681363518242,182.75799999999998,166.0555,169.2515,0.5452863887918926
2021-06-03,002594.SZ,186.6,187.5,180.18,183.9,186.5,-2.6,-1.3941,250800.57,4608194.8,-0.01394101876675602,-0.014039107473594811,184.048,167.7505,169.04366666666667,0.5008557431776517
2021-06-04,002594.SZ,181.61,192.0,180.52,189.4,183.9,5.5,2.9908,319848.39,6004827.146,0.029907558455682492,0.02946904914170252,185.592,170.023,169.25483333333332,0.4668323871415015
2021-06-07,002594.SZ,191.0,192.87,187.0,190.35,189.4,0.95,0.5016,254518.02,4842637.639,0.0050158394931361094,0.00500330207652838,187.922,172.1905,169.58266666666665,0.46715726494308546
2021-06-08,002594.SZ,194.0,205.6,193.25,202.81,190.35,12.46,6.5458,559238.56,11191285.973,0.06545836616758605,0.06340509733753448,190.592,175.003,170.00966666666667,0.4974932581410387
2021-06-09,002594.SZ,202.9,203.5,197.02,202.0,202.81,-0.81,-0.3994,316555.82,6342951.329,-0.003993885903062044,-0.00400188276483613,193.692,177.41649999999998,170.32683333333333,0.48757648796900765
2021-06-10,002594.SZ,202.05,216.05,201.0,214.11,202.0,12.11,5.995,441000.32,9339300.343,0.059950495049505115,0.05822220424988109,199.73399999999998,180.67249999999999,170.86733333333333,0.48287987525363396
2021-06-11,002594.SZ,214.3,229.95,212.08,227.02,214.11,12.91,6.0296,540085.11,11985830.243,0.060296109476437376,0.05854821767610767,207.25799999999998,184.347,171.7466666666667,0.503663604787897
2021-06-15,002594.SZ,231.54,237.8,224.87,232.32,227.02,5.3,2.3346,518100.75,12090497.119,0.023345960708307523,0.023077612309237824,215.652,187.974,172.67749999999998,0.4980315178935656
2021-06-16,002594.SZ,226.0,231.66,210.66,211.0,232.32,-21.32,-9.177,618175.9,13579272.747,-0.09176997245179064,-0.09625759816036478,217.29000000000002,190.589,173.24616666666668,0.6308380268386199
2021-06-17,002594.SZ,210.96,232.1,210.83,232.1,211.0,21.1,10.0,519977.58,11627218.257,0.09999999999999987,0.09531017980432474,223.31,193.555,174.13866666666667,0.6492984459064434
2021-06-18,002594.SZ,236.0,252.32,234.65,245.0,232.1,12.9,5.5579,571896.01,13931101.474,0.05557949159844888,0.05408989726433557,229.488,197.158,175.3695,0.6617158305354516
2021-06-21,002594.SZ,243.88,249.56,232.13,242.58,245.0,-2.42,-0.9878,430526.35,10400538.802,-0.009877551020408104,-0.009926657663992422,232.6,200.627,176.51583333333335,0.6667817212008875
2021-06-22,002594.SZ,243.0,247.0,236.0,237.88,242.58,-4.7,-1.9375,316428.08,7571777.59,-0.01937505152939245,-0.019565208042341662,233.712,203.84750000000003,177.66433333333333,0.6776060193562368
2021-06-23,002594.SZ,233.0,249.8,232.5,243.3,237.88,5.42,2.2785,394500.6,9605891.907,0.022784597275937513,0.022528904951084065,240.17200000000003,207.18650000000002,179.007,0.6779398382279127
2021-06-24,002594.SZ,244.0,251.87,240.18,244.89,243.3,1.59,0.6535,312285.04,7696250.339,0.006535141800246613,0.006513880341897385,242.73000000000002,210.6225,180.40183333333334,0.6754403742619638
2021-06-25,002594.SZ,247.0,248.66,238.0,244.99,244.89,0.1,0.0408,296502.36,7205570.873,0.0004083466045980977,0.00040826325381325564,242.72799999999998,213.99949999999998,181.63516666666666,0.677249288714201
2021-06-28,002594.SZ,244.99,255.0,243.52,253.63,244.99,8.64,3.5267,347271.98,8732379.669,0.03526674558145215,0.03465911871136898,244.93800000000002,217.59699999999998,183.06066666666666,0.6799631106058595
2021-06-29,002594.SZ,257.4,259.6,250.0,253.3,253.63,-0.33,-0.1301,306257.54,7778037.778,-0.0013011079131016734,-0.0013019550889269526,248.022,221.327,184.46566666666666,0.6719872316970161
2021-06-30,002594.SZ,250.0,256.5,246.0,251.0,253.3,-2.3,-0.908,285407.31,7146112.745,-0.009080142123963686,-0.009121617875845658,249.56199999999998,224.404,185.90716666666668,0.6597661310235005
2021-07-01,002594.SZ,251.0,252.5,235.6,236.6,251.0,-14.4,-5.7371,422602.87,10182009.938,-0.057370517928286846,-0.05908198758749748,247.904,226.90899999999996,187.03266666666667,0.7008140390945741
2021-07-02,002594.SZ,233.0,243.5,228.89,239.04,236.6,2.44,1.0313,374260.13,8897622.556,0.01031276415891802,0.010259950400166097,246.714,229.666,188.0855,0.6937498475453034
2021-07-05,002594.SZ,236.04,250.0,235.57,249.55,239.04,10.51,4.3968,324901.16,7984671.152,0.043967536813922514,0.04302839397116592,245.898,232.67350000000002,189.30983333333333,0.6997667445872671
2021-07-06,002594.SZ,255.0,261.02,241.0,250.5,249.55,0.95,0.3807,517916.7,13098186.044,0.003806852334201416,0.0037996246093010945,245.33800000000002,235.68099999999998,190.63500000000002,0.700004240705262
2021-07-07,002594.SZ,244.0,258.6,240.88,255.09,250.5,4.59,1.8323,386386.56,9711793.849,0.01832335329341328,0.018157503540891445,246.156,238.295,192.04516666666666,0.674236153927906
2021-07-08,002594.SZ,253.0,261.54,251.12,251.96,255.09,-3.13,-1.227,393909.95,10127585.813,-0.012270179152455984,-0.012346079312082555,249.228,240.79299999999998,193.46583333333334,0.6775355826022438
2021-07-09,002594.SZ,250.88,254.99,241.88,248.82,251.96,-3.14,-1.2462,364946.99,9057948.774,-0.012462295602476692,-0.012540601267383432,251.18400000000003,242.52849999999998,194.8885,0.65800734714806
2021-07-12,002594.SZ,253.3,272.91,251.5,266.48,248.82,17.66,7.0975,560057.08,14759940.06,0.07097500200948481,0.06856945039907932,254.57,244.5015,196.59633333333332,0.6701669327709742
2021-07-13,002594.SZ,266.49,269.73,260.22,265.1,266.48,-1.38,-0.5179,277313.91,7330680.655,-0.005178625037526197,-0.0051920805904442854,257.49,246.14049999999997,198.1655,0.6696548066361373
2021-07-14,002594.SZ,261.0,261.0,245.0,245.29,265.1,-19.81,-7.4727,612716.86,15300069.25,-0.07472651829498311,-0.07766592926998836,255.53000000000003,247.85500000000002,199.49533333333335,0.6381489190047409
2021-07-15,002594.SZ,239.0,243.55,230.0,236.4,245.29,-8.89,-3.6243,551898.67,13026880.866,-0.03624281462758361,-0.03691589849304839,252.41800000000003,248.07000000000002,200.68033333333332,0.5565683852094752
2021-07-16,002594.SZ,235.75,235.75,221.03,222.92,236.4,-13.48,-5.7022,562741.48,12801309.443,-0.057021996615905346,-0.058712322830607636,247.238,246.96600000000004,201.4615,0.5549828785127542
2021-07-19,002594.SZ,220.0,231.99,214.3,223.97,222.92,1.05,0.471,372187.23,8367318.503,0.004710209940786081,0.004699151613043866,238.73600000000002,246.0355,202.34033333333335,0.5553933900514011
2021-07-20,002594.SZ,220.0,229.46,219.11,227.5,223.97,3.53,1.5761,246749.66,5582671.898,0.015761039424923018,0.015638124076625817,231.21599999999998,245.51650000000004,203.32216666666667,0.555990092192011
2021-07-21,002594.SZ,231.2,244.99,230.01,241.23,227.5,13.73,6.0352,471511.19,11232169.397,0.06035164835164841,0.05860059683716232,230.404,245.413,204.5308333333333,0.5926607556359226
2021-07-22,002594.SZ,246.3,249.44,240.17,248.96,241.23,7.73,3.2044,374773.27,9242619.143,0.032044107283505374,0.03154140576185942,232.916,245.6165,205.85933333333332,0.6030808818575516
2021-07-23,002594.SZ,247.44,262.0,245.08,258.68,248.96,9.72,3.9042,460562.27,11846110.496,0.03904241645244211,0.038299535588365206,240.06799999999998,246.30100000000002,207.379,0.6175600729192887
2021-07-26,002594.SZ,250.58,259.74,241.01,248.55,258.68,-10.13,-3.916,404428.24,10130659.972,-0.039160352559146405,-0.0399477440377104,244.984,246.04700000000003,208.7725,0.6231794298331093
2021-07-27,002594.SZ,246.0,257.88,237.2,238.71,248.55,-9.84,-3.959,377707.2,9406136.905,-0.039589619794809905,-0.04039460648312847,247.22599999999997,245.31749999999997,209.99266666666668,0.6386434865824894
2021-07-28,002594.SZ,229.99,241.1,223.99,236.5,238.71,-2.21,-0.9258,332198.63,7758094.419,-0.00925809559716817,-0.009301218125565553,246.28000000000003,244.59249999999997,211.2185,0.6386692607416421
2021-07-29,002594.SZ,246.94,257.3,242.82,257.2,236.5,20.7,8.7526,428851.05,10764228.893,0.08752642706131075,0.08390578443147663,247.92799999999997,245.62250000000003,212.86233333333334,0.6785144840277313
2021-07-30,002594.SZ,257.19,268.3,252.13,264.71,257.2,7.51,2.9199,457993.99,11995907.836,0.029199066874028068,0.02878089477329995,249.13399999999996,246.90600000000003,214.77416666666667,0.6837507026271562
2021-08-02,002594.SZ,276.0,291.18,273.3,291.18,264.71,26.47,9.9996,622259.03,17648921.236,0.09999622228098692,0.09530674550841578,257.65999999999997,248.9875,217.228,0.7506749328996056
2021-08-03,002594.SZ,299.0,299.0,275.01,280.08,291.18,-11.1,-3.8121,489348.53,13975748.744,-0.03812075005151461,-0.03886635599876967,265.93399999999997,250.4665,219.446,0.7688994172681641
2021-08-04,002594.SZ,283.01,308.09,282.0,308.09,280.08,28.01,10.0007,534306.39,16003136.931,0.10000714081690942,0.09531667143499002,280.25199999999995,253.1165,222.13816666666668,0.8369424763724633
2021-08-05,002594.SZ,301.0,306.25,294.87,299.46,308.09,-8.63,-2.8011,368822.91,11063466.319,-0.02801129540069458,-0.028411095371827386,288.704,255.4915,224.567,0.8445229935008084
2021-08-06,002594.SZ,313.0,317.3,298.5,303.48,299.31,4.17,1.3932,453626.27,13945125.845,0.013424163494289765,0.013334857760301258,296.45799999999997,258.22450000000003,227.14183333333332,0.8403830559374957
2021-08-09,002594.SZ,295.0,297.4,283.0,293.55,303.48,-9.93,-3.272,341620.79,9914944.523,-0.03272044286279163,-0.03326772795967917,296.93199999999996,259.578,229.4755,0.8231313673531572
2021-08-10,002594.SZ,293.56,302.31,282.0,292.0,293.55,-1.55,-0.528,331035.16,9604456.927,-0.0052801907681826465,-0.005294180241913235,299.316,260.92299999999994,231.67916666666667,0.8231499065610186
2021-08-11,002594.SZ,289.0,298.83,286.16,294.99,292.0,2.99,1.024,263993.95,7742097.441,0.0102397260273972,0.010187655191892743,296.696,263.408,233.95066666666668,0.7657520291788853
2021-08-12,002594.SZ,293.0,313.38,289.37,308.98,294.99,13.99,4.7425,382778.98,11687505.016,0.04742533645208313,0.04633509242372911,298.6,267.037,236.22066666666666,0.7557669727784981
2021-08-13,002594.SZ,303.0,312.5,297.99,300.02,308.98,-8.96,-2.8999,246906.46,7475335.873,-0.028998640688717825,-0.029427410783159493,297.908,270.892,238.33866666666665,0.7265612705793797
2021-08-16,002594.SZ,297.0,297.0,285.0,285.4,300.02,-14.62,-4.873,305067.01,8815872.752,-0.04873008466102258,-0.0499574340580082,296.27799999999996,273.96349999999995,240.2086666666667,0.7614323488471694
2021-08-17,002594.SZ,283.45,290.5,278.0,280.31,285.4,-5.09,-1.7835,272058.4,7713091.722,-0.017834618079887843,-0.01799557144700613,293.93999999999994,276.604,241.98933333333332,0.7692654076536675
2021-08-18,002594.SZ,285.41,288.09,278.19,283.66,280.31,3.35,1.1951,221723.02,6281190.851,0.011951054190004085,0.011880204270731776,291.67400000000004,278.7255,243.775,0.7474394776819898
2021-08-19,002594.SZ,283.66,298.68,278.57,293.72,283.66,10.06,3.5465,361671.79,10474777.9,0.035464993301840275,0.03485059471694828,288.62199999999996,280.9635,245.73416666666668,0.7489259159587756
2021-08-20,002594.SZ,289.0,293.6,282.0,285.09,293.72,-8.63,-2.9382,247173.2,7084185.439,-0.029381724090971173,-0.029822012692076353,285.636,282.284,247.52816666666666,0.7522963291385355
2021-08-23,002594.SZ,281.5,294.44,275.55,289.8,285.09,4.71,1.6521,295826.87,8526532.884,0.01652109860044204,0.016386109995248515,286.51599999999996,284.3465,249.33016666666666,0.733790804477284
2021-08-24,002594.SZ,292.79,302.0,290.05,298.25,289.8,8.45,2.9158,274399.06,8152952.115,0.029158040027605248,0.028741031091443492,290.104,287.3235,251.32266666666666,0.714109991849271
2021-08-25,002594.SZ,297.8,299.8,291.0,296.2,298.25,-2.05,-0.6873,179145.38,5272706.497,-0.006873428331936382,-0.006897159144327174,292.61199999999997,290.3085,253.10166666666666,0.7132123588187075
2021-08-26,002594.SZ,297.0,298.77,282.5,282.5,296.2,-13.7,-4.6253,263681.59,7570972.707,-0.04625253207292368,-0.047356351247202756,290.368,291.57349999999997,254.70166666666668,0.6833990654759873
2021-08-27,002594.SZ,280.99,296.03,280.0,288.15,282.5,5.65,2.0,262889.3,7628216.261,0.020000000000000018,0.01980262729617973,290.98,292.7455,256.43916666666667,0.6799499849832102
2021-08-30,002594.SZ,277.44,288.0,273.96,281.97,288.15,-6.18,-2.1447,419092.34,11735714.83,-0.02144716293597071,-0.02168049558235546,289.414,292.28499999999997,257.982,0.5851986386484433
2021-08-31,002594.SZ,286.88,286.88,266.55,277.0,281.97,-4.97,-1.7626,329668.34,9041075.46,-0.017625988580345475,-0.017783176112981296,285.16400000000004,292.131,259.4261666666667,0.5723237534764175
2021-09-01,002594.SZ,277.0,277.97,257.6,266.3,277.0,-10.7,-3.8628,287674.22,7678475.358,-0.03862815884476534,-0.03939401336745195,279.184,290.0415,260.4843333333334,0.4495987541737821
2021-09-02,002594.SZ,267.01,271.99,262.7,267.0,266.3,0.7,0.2629,165244.43,4421950.962,0.002628614344724056,0.0026251655803630437,276.084,288.4185,261.5676666666667,0.4436138079720069
2021-09-03,002594.SZ,267.01,271.0,250.4,254.11,267.0,-12.89,-4.8277,287964.13,7420408.93,-0.0482771535580524,-0.04948141426369332,269.276,285.95,262.2343333333333,0.4626418864427671
2021-09-06,002594.SZ,259.99,279.0,259.0,277.6,254.11,23.49,9.244,397788.81,10725519.555,0.09244028176773833,0.08841398449609321,268.402,285.15250000000003,263.07733333333334,0.5751380160393972
2021-09-07,002594.SZ,277.6,281.11,273.27,275.95,277.6,-1.65,-0.5944,207633.53,5743962.165,-0.0059438040345822785,-0.005961538747139295,268.192,284.35,263.8045,0.5751903573440346
2021-09-08,002594.SZ,277.9,279.28,268.61,269.59,275.95,-6.36,-2.3048,182578.06,4971116.497,-0.023047653560427706,-0.02331740352341378,268.85,283.08,264.781,0.5777663477240496
2021-09-09,002594.SZ,272.0,279.58,265.8,271.71,269.59,2.12,0.7864,216256.41,5891876.583,0.007863793167402378,0.00783303469287024,269.79200000000003,281.2165,265.4411666666667,0.5474497716904955
2021-09-10,002594.SZ,271.71,272.53,262.64,265.61,271.71,-6.1,-2.245,238757.36,6341377.79,-0.022450406683596325,-0.022706253559044372,272.092,279.496,265.7846666666667,0.5442616237805484
2021-09-13,002594.SZ,268.33,271.98,259.18,261.36,265.61,-4.25,-1.6001,213491.79,5623333.361,-0.016000903580437487,-0.016130300203107566,268.844,278.294,266.09766666666667,0.5217339466851737
2021-09-14,002594.SZ,261.39,276.0,257.06,269.23,261.36,7.87,3.0112,354690.0,9581432.835,0.030111723293541504,0.029667265576214834,267.5,277.73999999999995,266.6201666666667,0.5323837245737915
2021-09-15,002594.SZ,267.89,270.0,260.0,261.15,269.23,-8.08,-3.0012,218809.11,5742276.749,-0.030011514318612487,-0.03047107798672194,265.812,276.6145,266.91766666666666,0.5391274631860632
2021-09-16,002594.SZ,261.15,264.77,250.53,251.0,261.15,-10.15,-3.8867,220809.71,5613770.464,-0.038866551790158854,-0.03964201575052379,261.66999999999996,274.4785,267.0195,0.5322349511099919
2021-09-17,002594.SZ,253.0,257.0,250.49,255.12,251.0,4.12,1.6414,139421.07,3544731.219,0.016414342629482048,0.01628108357001827,259.572,272.98,267.18833333333333,0.5318645846886418
2021-09-22,002594.SZ,248.0,251.44,244.03,247.2,255.12,-7.92,-3.1044,163412.86,4037944.329,-0.031044214487300104,-0.031536297118266485,256.73999999999995,270.85,267.08116666666666,0.5331181118959535
2021-09-23,002594.SZ,253.83,257.52,248.88,249.92,247.2,2.72,1.1003,149784.18,3773864.372,0.011003236245954673,0.010943141067785418,252.878,268.4335,267.02483333333333,0.5203515797124005
2021-09-24,002594.SZ,250.96,257.5,247.0,251.77,249.92,1.85,0.7402,158267.0,4002973.166,0.007402368758002709,0.007375105684602497,251.002,266.21200000000005,267.03766666666667,0.5233297125890133
2021-09-27,002594.SZ,254.0,257.49,246.8,252.5,251.77,0.73,0.2899,179990.94,4548951.212,0.002899471740080095,0.002895276379490885,251.302,264.71200000000005,267.30266666666665,0.5038859756726036
2021-09-28,002594.SZ,251.9,253.82,246.29,246.86,252.5,-5.64,-2.2337,162444.38,4060118.403,-0.022336633663366245,-0.022589874399631803,249.65,262.6475,267.433,0.49826144843752945
2021-09-29,002594.SZ,243.0,244.88,235.0,236.0,246.86,-10.86,-4.3993,245554.81,5859195.956,-0.04399254638256511,-0.04498956929017265,247.41,260.34900000000005,267.20716666666664,0.5129932141033168
2021-09-30,002594.SZ,238.2,249.7,237.2,249.51,236.0,13.51,5.7246,225038.01,5528259.622,0.05724576271186432,0.055667189523095684,247.32800000000003,258.97450000000003,267.19066666666663,0.561620801377906
2021-10-08,002594.SZ,257.98,259.98,250.0,253.0,249.51,3.49,1.3987,194103.95,4939109.186,0.013987415334054676,0.013890494178814331,247.574,258.3095,267.15583333333336,0.5503161874320701
2021-10-11,002594.SZ,253.1,263.1,248.0,255.75,253.0,2.75,1.087,211972.73,5448306.885,0.010869565217391353,0.010810916104215676,248.22400000000002,257.747,267.219,0.5520101067073206
2021-10-12,002594.SZ,255.0,262.9,253.01,257.01,255.75,1.26,0.4927,211651.34,5464868.602,0.004926686217008758,0.004914589812326377,250.254,257.89199999999994,267.3555,0.5239150363217607
2021-10-13,002594.SZ,257.01,273.6,254.33,271.2,257.01,14.19,5.5212,321978.1,8631470.872,0.05521185946072138,0.05374156142217823,257.294,257.572,267.43416666666667,0.44913508281212944
2021-10-14,002594.SZ,271.0,275.99,268.14,272.94,271.2,1.74,0.6416,177799.32,4844827.927,0.0064159292035399496,0.006395434743727341,261.97999999999996,257.42150000000004,267.5648333333333,0.4493959625952546
2021-10-15,002594.SZ,275.0,287.5,271.0,283.33,272.94,10.39,3.8067,287845.05,8089636.933,0.038066974426613776,0.03736030523119755,268.046,258.1085,268.1988333333333,0.4603580649324013
2021-10-18,002594.SZ,284.25,288.63,280.04,285.92,283.33,2.59,0.9141,216213.78,6155818.958,0.009141284015106166,0.009099755369952616,274.08,258.819,269.02416666666664,0.4605635680409437
2021-10-19,002594.SZ,288.0,294.91,284.0,284.79,285.92,-1.13,-0.3952,193857.85,5581983.586,-0.0039521544487968185,-0.003959984849301049,279.63599999999997,259.77799999999996,270.05533333333335,0.4516267802163468
2021-10-20,002594.SZ,286.0,295.0,285.24,290.6,284.79,5.81,2.0401,217045.09,6300647.166,0.020400997226026174,0.020195684574365696,283.516,261.24,271.16583333333335,0.44885524595930265
2021-10-21,002594.SZ,291.0,292.6,284.01,287.01,290.6,-3.59,-1.2354,180625.75,5184267.795,-0.012353750860289114,-0.012430692777996952,286.33000000000004,262.129,272.15766666666667,0.4434954350571884
2021-10-22,002594.SZ,292.2,301.0,289.0,300.0,287.01,12.99,4.526,336548.68,10022899.338,0.0452597470471412,0.044265416298015406,289.66400000000004,264.0715,273.13716666666664,0.44835564800443206
2021-10-25,002594.SZ,303.11,318.65,302.23,317.35,300.0,17.35,5.7833,335189.76,10469605.348,0.0578333333333334,0.05622279109627812,295.95,267.389,274.277,0.44758522287018515
2021-10-26,002594.SZ,330.5,333.33,317.76,319.01,317.35,1.66,0.5231,313244.34,10148404.49,0.00523081770915379,0.005217184503410659,302.79400000000004,270.5835,275.2825,0.4479389549984776
2021-10-27,002594.SZ,313.0,326.73,311.28,321.74,319.01,2.73,0.8558,219067.77,7024365.486,0.0085577254631517,0.008521315706272,309.02200000000005,274.3105,276.5023333333333,0.41904800836906986
2021-10-28,002594.SZ,319.61,323.8,305.4,307.98,321.74,-13.76,-4.2767,298267.14,9334453.596,-0.04276745197985954,-0.043708920161895065,313.216,277.2135,277.65683333333334,0.4644591893253481
2021-10-29,002594.SZ,305.13,313.76,293.77,311.31,307.98,3.33,1.0812,347159.58,10585996.588,0.010812390414961959,0.010754354485029878,315.478,280.1905,278.9036666666667,0.46427606094373586
2021-11-01,002594.SZ,301.41,308.41,293.82,302.0,311.31,-9.31,-2.9906,284785.87,8570609.748,-0.02990588159712182,-0.030362182910427072,312.408,282.66549999999995,279.6503333333333,0.4860296331549887
2021-11-02,002594.SZ,310.0,319.8,307.64,313.88,302.0,11.88,3.9338,290087.4,9102548.555,0.03933774834437087,0.03858372988440284,311.382,286.0165,280.4698333333333,0.4818480145976661
2021-11-03,002594.SZ,313.13,313.85,299.86,303.01,313.88,-10.87,-3.4631,197248.14,6017080.222,-0.03463106919841974,-0.03524493899417019,307.636,289.367,280.66700000000003,0.4682404782297823
2021-11-04,002594.SZ,311.13,329.0,309.03,325.0,303.01,21.99,7.2572,349964.34,11223980.65,0.07257186231477508,0.07005937406463524,311.03999999999996,293.1415,281.4156666666667,0.4901050767960242
2021-11-05,002594.SZ,324.0,327.0,313.01,314.0,325.0,-11.0,-3.3846,194183.26,6178126.193,-0.03384615384615386,-0.03443219642148413,311.578,296.1915,281.5141666666667,0.5183937369237352
2021-11-08,002594.SZ,308.09,319.61,307.0,315.0,314.0,1.0,0.3185,169849.47,5344230.944,0.0031847133757962887,0.0031796529173798056,314.178,299.154,281.7731666666667,0.5192070496175505
2021-11-09,002594.SZ,315.05,329.97,315.05,320.69,315.0,5.69,1.8063,203305.04,6580787.588,0.018063492063492115,0.01790228559747937,315.54,302.338,282.06,0.5192714396329134
2021-11-10,002594.SZ,314.0,315.6,301.58,310.26,320.69,-10.43,-3.2524,274878.5,8480095.668,-0.03252362094234307,-0.03306426878692727,316.99,304.291,282.33849999999995,0.5149827784965098
2021-11-11,002594.SZ,313.0,316.99,308.05,311.99,310.26,1.73,0.5576,138851.5,4327235.823,0.005575968542512744,0.005560480377592659,314.38800000000003,306.2435,282.6716666666667,0.5150093407260117
2021-11-12,002594.SZ,315.8,316.74,305.5,306.78,311.99,-5.21,-1.6699,148883.82,4590558.597,-0.01669925318119181,-0.01684025769381499,312.944,307.416,282.8681666666667,0.5081225817103768
2021-11-15,002594.SZ,306.78,306.78,290.44,294.94,306.78,-11.84,-3.8594,225372.24,6667949.87,-0.038594432492339736,-0.03935893249716805,308.932,307.867,282.6341666666667,0.5300737849937885
2021-11-16,002594.SZ,294.0,297.69,288.0,293.51,294.94,-1.43,-0.4848,151808.48,4462067.584,-0.0048484437512714695,-0.004860235584810208,303.496,308.303,282.52566666666667,0.5302185418195487
2021-11-17,002594.SZ,300.0,303.24,294.0,296.85,293.51,3.34,1.138,163377.75,4875749.071,0.011379510067800247,0.011315250478700004,300.81399999999996,308.6155,282.71650000000005,0.5270309090919473
2021-11-18,002594.SZ,294.8,298.88,290.0,295.4,296.85,-1.45,-0.4885,129097.22,3802420.935,-0.004884621862893845,-0.004896590619405127,297.496,309.03499999999997,282.96799999999996,0.5250747229708661
2021-11-19,002594.SZ,295.72,300.0,288.0,296.82,295.4,1.42,0.4807,175158.64,5144668.932,0.004807041299932369,0.004795524370392873,295.504,308.87600000000003,283.1873333333333,0.4998540494915144
2021-11-22,002594.SZ,298.4,311.51,298.2,311.0,296.82,14.18,4.7773,287020.45,8785850.014,0.04777306111448021,0.04666701771156196,298.716,308.5585,283.47533333333337,0.4854666048724953
2021-11-23,002594.SZ,307.88,309.73,303.98,308.48,311.0,-2.52,-0.8103,150362.57,4609989.313,-0.0081028938906752,-0.0081359007570533,301.71,308.032,283.86516666666665,0.4856604976958444
2021-11-24,002594.SZ,305.43,309.6,301.0,303.2,308.48,-5.28,-1.7116,141938.17,4319711.029,-0.017116182572614158,-0.017264357653964252,302.98,307.105,284.0885,0.4873405892294484
2021-11-25,002594.SZ,303.2,304.49,291.3,298.0,303.2,-5.2,-1.715,170971.44,5070667.609,-0.01715039577836408,-0.017299167262812106,303.5,306.606,284.0843333333333,0.46735498388271274
2021-11-26,002594.SZ,295.0,304.77,294.05,297.66,298.0,-0.34,-0.1141,122493.93,3671367.398,-0.0011409395973153158,-0.001141590964391805,303.668,305.9235,284.1086666666667,0.46518759106637914
2021-11-29,002594.SZ,291.8,307.07,289.93,304.46,297.66,6.8,2.2845,200156.75,6053231.132,0.022844856547738823,0.02258782009009529,302.36,306.04650000000004,284.4746666666667,0.4606356435856563
2021-11-30,002594.SZ,307.0,308.0,303.0,304.7,304.46,0.24,0.0788,131788.26,4023809.746,0.0007882808907573313,0.0007879703605552655,301.604,305.5875,284.7505,0.437609222378386
2021-12-01,002594.SZ,305.2,307.5,300.38,305.32,304.7,0.62,0.2035,108278.64,3295906.128,0.002034788316376712,0.0020327209386062127,302.02799999999996,305.703,285.13966666666664,0.41935085033777064
2021-12-02,002594.SZ,305.0,314.06,303.1,308.8,305.32,3.48,1.1398,180072.11,5567674.844,0.01139787763657818,0.011333411220351643,304.188,304.893,285.66966666666667,0.326173404862845
2021-12-03,002594.SZ,306.99,309.8,298.86,306.9,308.8,-1.9,-0.6153,210327.15,6367075.408,-0.006152849740932775,-0.006171856524930751,306.036,304.538,286.3463333333333,0.3048233266938959
2021-12-06,002594.SZ,301.0,311.51,300.86,301.75,306.9,-5.15,-1.6781,178800.86,5465317.712,-0.016780710329097337,-0.016923101648049516,305.494,303.8755,286.9255,0.30941950017219405
2021-12-07,002594.SZ,306.01,306.35,291.08,294.8,301.75,-6.95,-2.3032,227678.6,6727286.964,-0.0230323115161557,-0.023301699662459287,303.514,302.581,287.60366666666664,0.30852075421971575
2021-12-08,002594.SZ,296.01,301.0,294.5,300.79,294.8,5.99,2.0319,154381.76,4606774.78,0.02031886024423346,0.02011518652703559,302.608,302.10749999999996,287.99016666666665,0.30069281024800787
2021-12-09,002594.SZ,300.0,300.63,297.03,299.5,300.79,-1.29,-0.4289,112957.11,3375316.207,-0.004288706406463061,-0.004297929286713086,300.74799999999993,301.483,288.38266666666664,0.2997037330737202
2021-12-10,002594.SZ,295.99,302.03,292.8,301.42,299.5,1.92,0.6411,144872.73,4325991.091,0.006410684474123629,0.006390223436026327,299.652,301.215,288.91316666666665,0.29574043270035383
2021-12-13,002594.SZ,302.99,303.0,298.0,298.4,301.42,-3.02,-1.0019,142941.24,4278869.484,-0.010019242253334393,-0.010069772661924667,298.982,301.38800000000003,289.358,0.2627543461558166
2021-12-14,002594.SZ,295.5,297.07,291.69,293.4,298.4,-5.0,-1.6756,157111.28,4609509.733,-0.016756032171581725,-0.016898002620724398,298.702,301.3825,289.82116666666667,0.26941180071715753
2021-12-15,002594.SZ,293.41,295.5,291.71,293.35,293.4,-0.05,-0.017,98150.36,2877855.925,-0.00017041581458743238,-0.00017043033701228714,297.214,301.20750000000004,290.35433333333333,0.2661068251829607
2021-12-16,002594.SZ,293.0,293.49,279.0,286.2,293.35,-7.15,-2.4374,278665.16,7928142.188,-0.024373615135503734,-0.024675568249518432,294.554,300.7475,290.63716666666664,0.2790796913586744
2021-12-17,002594.SZ,284.0,285.88,278.61,278.98,286.2,-7.22,-2.5227,151118.15,4240478.259,-0.025227113906359122,-0.025550772458261317,290.066,299.8555,290.93433333333337,0.29030665117075716
2021-12-20,002594.SZ,279.23,281.47,268.28,270.5,278.98,-8.48,-3.0396,217845.03,5964658.201,-0.030396444189547678,-0.030867996377552977,284.486,297.8305,291.25933333333336,0.23689615172230785
2021-12-21,002594.SZ,270.5,276.78,269.41,276.21,270.5,5.71,2.1109,149653.05,4098708.738,0.021109057301293754,0.020889347681327834,281.048,296.217,291.6108333333333,0.25670529310193446
2021-12-22,002594.SZ,280.01,285.18,277.01,279.22,276.21,3.01,1.0898,144442.3,4061024.216,0.010897505521161532,0.010838555592637803,278.222,295.018,292.1445,0.2589753805709378
2021-12-23,002594.SZ,282.03,284.9,277.16,279.99,279.22,0.77,0.2758,123021.34,3451820.145,0.0027576821144617014,0.0027538866852631276,276.97999999999996,294.11749999999995,292.64566666666667,0.25516502827829957
2021-12-24,002594.SZ,281.98,282.0,264.96,270.0,279.99,-9.99,-3.568,209968.81,5675961.283,-0.03567984570877536,-0.03633192924739032,275.184,292.73449999999997,292.9495,0.2800840354081368
2021-12-27,002594.SZ,269.0,271.54,266.0,267.03,270.0,-2.97,-1.1,107189.95,2874395.592,-0.01100000000000012,-0.01106094735942506,274.49,290.863,293.19166666666666,0.2610298427671159
2021-12-28,002594.SZ,268.15,271.0,266.21,270.85,267.03,3.82,1.4306,118542.84,3183320.996,0.014305508744336004,0.014204150464958213,273.418,289.1705,293.59149999999994,0.27022056528041677
2021-12-29,002594.SZ,272.15,272.22,263.0,269.0,270.85,-1.85,-0.683,141603.04,3783958.091,-0.006830348901606165,-0.006853782502068879,271.374,287.35450000000003,294.14149999999995,0.2686687553399474
2021-12-30,002594.SZ,268.0,272.98,266.0,267.13,269.0,-1.87,-0.6952,117326.73,3158736.176,-0.006951672862453573,-0.006975948308971959,268.802,285.271,294.4351666666667,0.26052181056556295
2021-12-31,002594.SZ,273.0,274.19,267.0,268.12,267.13,0.99,0.3706,116291.97,3136714.687,0.0037060607194998596,0.0036992101968897403,268.42600000000004,283.332,294.68716666666666,0.26332903145444947
2022-01-04,002594.SZ,276.0,279.45,265.22,271.0,268.12,2.88,1.0741,244660.89,6673692.547,0.010741459048187352,0.010684179389943935,269.22,281.79449999999997,294.9413333333333,0.26730841975647496
2022-01-05,002594.SZ,264.55,266.48,251.72,253.26,271.0,-17.74,-6.5461,301708.91,7725244.308,-0.06546125461254615,-0.06770219185723854,265.702,279.71750000000003,294.8788333333333,0.33790460882448387
2022-01-06,002594.SZ,250.0,254.53,247.89,250.02,253.26,-3.24,-1.2793,175907.84,4396413.606,-0.012793176972281328,-0.012875714360045167,261.906,277.179,294.52583333333337,0.3220180465978284
2022-01-07,002594.SZ,251.8,252.96,245.0,246.5,250.02,-3.52,-1.4079,161933.55,4009535.493,-0.014078873690104854,-0.014178921179672354,257.78000000000003,274.529,294.0851666666667,0.3219930613945663
2022-01-10,002594.SZ,245.0,249.47,239.03,246.3,246.5,-0.2,-0.0811,162141.82,3964485.468,-0.0008113590263690851,-0.0008116883562524857,253.416,271.773,293.468,0.3182616278046682
2022-01-11,002594.SZ,246.28,246.28,237.8,239.09,246.3,-7.21,-2.9273,212441.47,5100240.704,-0.029273244011368327,-0.02971025504165013,247.03400000000002,268.8075,292.6875,0.3256487537228493
2022-01-12,002594.SZ,246.0,256.0,244.31,256.0,239.09,16.91,7.0727,323602.24,8103336.076,0.07072650466351571,0.06833739439472018,247.58199999999997,266.9375,292.2076666666666,0.4343835310149868
2022-01-13,002594.SZ,257.74,258.56,248.61,255.31,256.0,-0.69,-0.2695,217103.9,5516666.113,-0.002695312499999991,-0.0026989513948462505,248.64000000000001,265.0355,291.61949999999996,0.4339924576994391
2022-01-14,002594.SZ,250.8,257.3,250.0,253.14,255.31,-2.17,-0.8499,149548.15,3798549.606,-0.008499471231052547,-0.008535797720414013,249.968,263.3825,291.05500000000006,0.42898276222973786
2022-01-17,002594.SZ,253.02,267.49,253.02,266.49,253.14,13.35,5.2738,241144.66,6349270.849,0.05273761554870826,0.05139402408541702,254.006,262.75800000000004,290.4965,0.46944789753752264
2022-01-18,002594.SZ,266.41,268.96,262.3,266.08,266.49,-0.41,-0.1539,125054.43,3325099.879,-0.0015385192690158256,-0.001539704005101847,259.404,262.53700000000003,289.642,0.4572099627624699
2022-01-19,002594.SZ,265.95,267.88,250.31,252.97,266.08,-13.11,-4.9271,231881.8,5960665.206,-0.04927089597113643,-0.05052611082301322,258.798,261.375,288.54133333333334,0.48087247106583597
2022-01-20,002594.SZ,252.1,253.71,247.0,251.07,252.97,-1.9,-0.7511,149986.47,3759819.343,-0.007510772028303747,-0.007539119908711868,257.95,259.96750000000003,287.3635,0.47776317475551583
2022-01-21,002594.SZ,251.08,255.74,246.33,250.4,251.07,-0.67,-0.2669,112394.32,2822719.636,-0.00266857848408808,-0.002672145486948893,257.402,258.488,286.40383333333335,0.4770016639235651
2022-01-24,002594.SZ,246.08,252.88,244.27,251.4,250.4,1.0,0.3994,108376.86,2706367.141,0.003993610223642197,0.003985656930203611,254.38400000000001,257.558,285.4053333333333,0.46392386997079366
2022-01-25,002594.SZ,248.0,251.0,240.0,240.31,251.4,-11.09,-4.4113,172772.23,4222848.972,-0.04411296738265713,-0.04511553963123307,249.23000000000002,256.222,284.3771666666666,0.4857246560501733
2022-01-26,002594.SZ,245.0,251.38,242.31,249.49,240.31,9.18,3.8201,174445.84,4321964.224,0.03820065748408319,0.03748907770310776,248.53400000000002,255.154,283.30400000000003,0.5052146591846766
2022-01-27,002594.SZ,247.0,249.3,241.0,241.27,249.49,-8.22,-3.2947,132649.63,3242987.819,-0.0329472123131187,-0.03350219589066607,246.574,253.7675,282.275,0.515810623621902
2022-01-28,002594.SZ,239.98,242.0,219.76,226.8,241.27,-14.47,-5.9974,324373.11,7392709.579,-0.059974302648485134,-0.061848066483758526,241.85399999999998,251.75100000000003,280.6383333333333,0.5516649480771154
2022-02-07,002594.SZ,240.79,249.28,238.01,244.4,226.8,17.6,7.7601,251124.53,6117950.238,0.07760141093474426,0.07473765544384325,240.454,250.565,279.4783333333333,0.6286911467291662
2022-02-08,002594.SZ,243.0,243.0,230.64,236.97,244.4,-7.43,-3.0401,199039.53,4669048.973,-0.030400981996726695,-0.03087267645300286,239.786,248.86350000000002,278.1778333333333,0.6329466437896889
2022-02-09,002594.SZ,239.05,246.4,235.03,245.18,236.97,8.21,3.4646,199928.64,4854528.826,0.03464573574714103,0.03405908382241079,238.92400000000004,248.4595,276.9193333333333,0.6073148210782695
2022-02-10,002594.SZ,246.77,248.0,238.1,240.12,245.18,-5.06,-2.0638,146284.6,3521519.984,-0.0206378986866792,-0.020853836283205848,238.69400000000002,247.96450000000004,275.75033333333334,0.6099791709280863
2022-02-11,002594.SZ,236.05,240.12,228.5,230.19,240.12,-9.93,-4.1354,199439.26,4646313.004,-0.04135432283858076,-0.04223374352595884,239.372,247.14900000000003,274.387,0.6250403745926773
2022-02-14,002594.SZ,230.2,235.0,225.0,231.98,230.19,1.79,0.7776,133199.49,3079221.402,0.007776184890742499,0.007746106196046668,236.888,246.433,273.14033333333333,0.6261249912121913
2022-02-15,002594.SZ,232.18,239.96,232.18,238.31,231.98,6.33,2.7287,158524.28,3757722.229,0.027286835071989035,0.026921186081542575,237.156,246.394,272.1965,0.6259487625449538
2022-02-16,002594.SZ,242.0,244.99,240.39,240.6,238.31,2.29,0.9609,128724.91,3117890.74,0.009609332382191305,0.009563456405305879,236.23999999999995,245.62400000000002,271.3146666666667,0.5702057676952506
2022-02-17,002594.SZ,242.24,248.74,239.0,245.41,240.6,4.81,1.9992,191063.86,4670631.745,0.01999168744804658,0.019794477702233214,237.298,245.129,270.45733333333334,0.5757560867984219
2022-02-18,002594.SZ,241.0,245.39,240.0,242.96,245.41,-2.45,-0.9983,99104.66,2407158.413,-0.009983293264333115,-0.01003346050531832,239.852,244.62000000000003,269.5833333333333,0.5760243705260775
2022-02-21,002594.SZ,241.0,245.8,239.64,241.89,242.96,-1.07,-0.4404,109538.04,2657589.017,-0.004404017122160098,-0.004413743372453039,241.834,243.38999999999996,268.66783333333336,0.5392990921553203
2022-02-22,002594.SZ,239.0,239.0,234.3,237.45,241.89,-4.44,-1.8355,125452.11,2966441.429,-0.018355450824755093,-0.018526002369909554,241.66199999999998,241.95850000000002,267.442,0.5414626148789607
2022-02-23,002594.SZ,241.9,252.52,239.01,252.0,237.45,14.55,6.1276,291148.9,7232161.935,0.06127605811749848,0.05947201251629251,243.942,241.91000000000003,266.50066666666663,0.5636580060627387
2022-02-24,002594.SZ,248.11,251.78,241.58,244.86,252.0,-7.14,-2.8333,238219.88,5865805.706,-0.02833333333333332,-0.02874246886565398,243.83200000000002,241.59949999999998,265.52833333333336,0.572314425657198
2022-02-25,002594.SZ,249.9,252.38,247.83,247.84,244.86,2.98,1.217,146013.53,3646918.799,0.012170219717389408,0.012096758022789065,244.808,241.47150000000002,264.69233333333335,0.5740379155539214
2022-02-28,002594.SZ,246.9,250.19,246.0,249.6,247.84,1.76,0.7101,118290.9,2936223.651,0.007101355713363455,0.007076259826714094,246.35,241.38150000000002,263.89133333333336,0.5744231892712764
2022-03-01,002594.SZ,255.0,256.61,249.25,251.78,249.6,2.18,0.8734,176519.58,4476714.982,0.008733974358974494,0.00869605384284074,249.21599999999998,241.955,263.0133333333333,0.5504096768186901
2022-03-02,002594.SZ,249.0,249.36,243.96,248.6,251.78,-3.18,-1.263,121242.47,2998567.642,-0.012630073874017045,-0.012710511261502515,248.53599999999997,241.9105,262.0783333333333,0.536571238468622
2022-03-03,002594.SZ,249.52,250.86,244.0,245.21,248.6,-3.39,-1.3636,99633.4,2449485.385,-0.013636363636363558,-0.013730192811901907,248.606,242.1075,261.0765,0.5249253185150585
2022-03-04,002594.SZ,237.31,241.86,230.0,233.8,245.21,-11.41,-4.6532,291706.34,6857430.687,-0.04653154439052243,-0.04764893722674073,245.798,242.45749999999998,259.8265,0.5059301234675406
2022-03-07,002594.SZ,226.89,227.69,220.02,223.61,233.8,-10.19,-4.3584,236129.2,5286036.163,-0.043584260051325874,-0.04456258603791356,240.6,241.41799999999998,258.43833333333333,0.44493538351930084
2022-03-08,002594.SZ,221.08,225.49,210.0,216.19,223.61,-7.42,-3.3183,291499.34,6317187.685,-0.033182773578999236,-0.03374581233368148,233.48200000000003,240.379,257.01233333333334,0.44722309418747974
2022-03-09,002594.SZ,217.0,223.6,210.0,223.59,216.19,7.4,3.4229,251135.22,5484773.703,0.03422915028447204,0.03365636689533916,228.48000000000002,239.29950000000002,255.82549999999998,0.4467453363096949
2022-03-10,002594.SZ,232.91,233.43,229.0,229.1,223.59,5.51,2.4643,248342.83,5744789.049,0.024643320363164634,0.024344571897737602,225.25799999999998,238.74849999999998,254.63066666666666,0.45354112340962505
2022-03-11,002594.SZ,222.0,231.79,220.02,229.85,229.1,0.75,0.3274,186116.04,4186645.901,0.003273679615888314,0.003268332792787217,224.46800000000002,238.7315,253.46983333333336,0.4291357097882572
2022-03-14,002594.SZ,225.0,225.0,219.0,219.0,229.85,-10.85,-4.7205,150840.61,3336922.826,-0.047204698716554305,-0.04835519243573621,223.546,238.08250000000004,252.09616666666668,0.45967634326951223
2022-03-15,002594.SZ,211.13,222.0,209.43,212.8,219.0,-6.2,-2.8311,198203.62,4269341.883,-0.028310502283104944,-0.02871897234901142,222.868,236.80700000000002,250.6695,0.4542631256981014
2022-03-16,002594.SZ,221.0,230.0,214.2,229.43,212.8,16.63,7.8148,333766.27,7432043.601,0.07814849624060138,0.07524521461458102,224.036,236.24849999999998,249.60333333333335,0.5408994182408292
2022-03-17,002594.SZ,240.38,240.88,234.66,234.9,229.43,5.47,2.3842,315844.3,7518685.379,0.02384169463452901,0.02356191958279663,225.196,235.723,248.62916666666666,0.5431274787406732
2022-03-18,002594.SZ,234.9,238.87,232.05,234.5,234.9,-0.4,-0.1703,150548.56,3530653.259,-0.001702852277564948,-0.0017043037785330801,226.12600000000003,235.3,247.76749999999998,0.5422343664107682
2022-03-21,002594.SZ,240.0,248.87,238.17,245.38,234.5,10.88,4.6397,279177.68,6829415.269,0.04639658848614081,0.04535244147670281,231.402,235.47450000000003,247.2075,0.5676691100039546
2022-03-22,002594.SZ,245.0,247.4,242.02,244.8,245.38,-0.58,-0.2364,115079.07,2815900.951,-0.002363680821582781,-0.002366478724865693,237.802,235.84199999999996,246.77916666666667,0.5631388252168851
2022-03-23,002594.SZ,250.0,251.0,246.27,247.17,244.8,2.37,0.9681,148500.96,3696654.258,0.009681372549019462,0.009634808357437186,241.35,235.60049999999995,246.29516666666666,0.519326693735904
2022-03-24,002594.SZ,243.7,250.0,242.4,247.08,247.17,-0.09,-0.0364,113681.27,2794432.827,-0.00036412185944889597,-0.00036418816790988884,243.786,235.71149999999997,245.7595,0.5088018764317231
2022-03-25,002594.SZ,247.1,248.96,234.01,235.31,247.08,-11.77,-4.7636,208023.73,4984988.435,-0.04763639307107015,-0.04880837705990934,243.948,235.08499999999998,245.0148333333333,0.5349056247561004
2022-03-28,002594.SZ,234.9,234.9,228.88,230.4,235.31,-4.91,-2.0866,143103.54,3306510.715,-0.02086609153882113,-0.021086864946052927,240.952,234.125,244.35483333333335,0.5377608233976499
2022-03-29,002594.SZ,232.92,236.5,228.8,231.0,230.4,0.6,0.2604,138587.31,3224438.27,0.0026041666666667407,0.0026007817000574403,238.192,233.08599999999996,243.75433333333334,0.5363566763683603
2022-03-30,002594.SZ,227.0,237.02,222.22,237.02,231.0,6.02,2.6061,251259.96,5807876.452,0.026060606060606117,0.025726815238509077,236.16199999999998,232.507,243.1905,0.545377376596582
2022-03-31,002594.SZ,234.21,235.0,226.89,229.8,237.02,-7.22,-3.0462,161731.43,3721363.312,-0.030461564424943077,-0.030935160345647292,232.706,231.73650000000004,242.53716666666665,0.553421021183695
2022-04-01,002594.SZ,226.79,239.56,226.6,235.96,229.8,6.16,2.6806,182948.05,4301758.39,0.026805918189730216,0.026452933720219233,232.836,231.8445,242.01766666666666,0.5373160529016798
2022-04-06,002594.SZ,245.0,246.0,239.61,241.9,235.96,5.94,2.5174,205293.3,4976485.481,0.0251737582641125,0.024862118481106987,235.13600000000002,232.75900000000001,241.58066666666667,0.5166810352797615
2022-04-07,002594.SZ,240.0,245.3,239.01,240.0,241.9,-1.9,-0.7854,122699.53,2964659.964,-0.007854485324514271,-0.007885494273990276,236.936,233.9495,241.064,0.4997660878839115
2022-04-08,002594.SZ,240.01,246.5,239.1,243.98,240.0,3.98,1.6583,171718.97,4185742.781,0.016583333333333394,0.016447331378600275,238.32799999999997,234.969,240.90933333333336,0.49024258481350524
2022-04-11,002594.SZ,240.0,241.48,229.5,233.0,243.98,-10.98,-4.5004,193070.07,4519392.606,-0.04500368882695294,-0.046047801154890856,238.96800000000002,235.16400000000004,240.6256666666667,0.5146241453965624
2022-04-12,002594.SZ,232.0,238.56,231.2,238.16,233.0,5.16,2.2146,128888.67,3034073.575,0.022145922746781066,0.02190426314182033,239.408,235.5795,240.48666666666668,0.5198977108187044
2022-04-13,002594.SZ,235.02,241.95,233.01,237.0,238.16,-1.16,-0.4871,109672.51,2614119.776,-0.0048706751763519796,-0.004882575572389706,238.42800000000003,236.4795,240.33166666666665,0.4871357155095038
2022-04-14,002594.SZ,242.0,244.99,240.87,241.29,237.0,4.29,1.8101,131637.5,3198011.078,0.018101265822784818,0.017939388448956133,238.686,237.904,240.36833333333334,0.4734667856701009
2022-04-15,002594.SZ,238.5,240.0,232.75,236.2,241.29,-5.09,-2.1095,129239.31,3049510.858,-0.02109494798789835,-0.021320625820825348,237.13000000000002,238.2425,240.03833333333333,0.40029245842747524
2022-04-18,002594.SZ,234.79,241.0,230.0,239.1,236.2,2.9,1.2278,110592.38,2613800.696,0.012277730736663939,0.01220297070101721,238.35,238.45250000000001,239.76816666666667,0.39388460078054477
2022-04-19,002594.SZ,243.16,250.9,243.13,244.86,239.1,5.76,2.409,207781.54,5140377.761,0.02409033877038902,0.02380474418149033,239.69,238.9705,239.63016666666667,0.4019388730214398
2022-04-20,002594.SZ,247.66,248.33,240.86,241.78,244.86,-3.08,-1.2579,130780.93,3187144.24,-0.012578616352201255,-0.012658396871923465,240.64600000000002,238.79049999999998,239.21833333333333,0.3696761925010688
2022-04-21,002594.SZ,237.77,240.77,232.1,234.04,241.78,-7.74,-3.2013,154048.76,3625535.264,-0.032012573413847334,-0.03253618085381053,239.196,238.2525,238.68433333333334,0.3862890866373464
2022-04-22,002594.SZ,230.01,235.66,229.06,235.4,234.04,1.36,0.5811,108162.19,2522975.078,0.005810972483336174,0.0057941539061409815,239.036,237.66400000000004,238.3915,0.3849840517526433
2022-04-25,002594.SZ,230.0,236.44,226.62,227.5,235.4,-7.9,-3.356,161889.17,3741670.659,-0.03355989804587933,-0.034135956435171214,236.71599999999998,236.68500000000003,237.99866666666668,0.40065060819919923
2022-04-26,002594.SZ,228.99,235.85,228.43,231.81,227.5,4.31,1.8945,158176.2,3670084.739,0.01894505494505494,0.01876783222259709,234.106,236.51,237.68883333333332,0.3728014059029011
2022-04-27,002594.SZ,226.61,235.81,218.81,235.01,231.81,3.2,1.3804,254341.67,5794106.499,0.013804408783055111,0.013709995816684774,232.752,236.74050000000003,237.41566666666668,0.3679438841762349
2022-04-28,002594.SZ,234.6,235.5,230.0,231.98,235.01,-3.03,-1.2893,146372.13,3405250.082,-0.012893068380068984,-0.012976905376556847,232.34,236.7895,237.27683333333334,0.37128347294636055
2022-04-29,002594.SZ,233.8,243.83,230.75,243.0,231.98,11.02,4.7504,248163.1,5912448.351,0.047504095180619155,0.04641028228681843,233.85999999999999,237.08849999999998,237.16866666666664,0.3977430963653119
2022-05-05,002594.SZ,246.2,252.39,241.77,248.8,243.0,5.8,2.3868,253258.79,6282897.504,0.023868312757201693,0.023587917524475966,238.11999999999998,238.03849999999997,237.29416666666668,0.3863463910448381
2022-05-06,002594.SZ,241.02,246.0,240.1,242.08,248.8,-6.72,-2.701,145488.66,3530097.27,-0.027009646302250778,-0.027381110824978565,240.17399999999998,238.34449999999998,237.54883333333333,0.3918835526052171
2022-05-09,002594.SZ,231.0,236.89,231.0,232.73,242.08,-9.35,-3.8624,175116.35,4086613.976,-0.038623595505618113,-0.039389266683472327,239.718,237.88600000000002,237.35433333333333,0.4060954279005968
2022-05-10,002594.SZ,224.1,233.66,222.28,233.33,232.73,0.6,0.2578,209696.64,4792958.516,0.002578094787951901,0.0025747772023940753,239.988,237.5525,237.29366666666667,0.4056588808764253
2022-05-11,002594.SZ,232.0,256.66,231.5,252.7,233.33,19.37,8.3015,459525.71,11482476.078,0.083015471649595,0.07974925383518107,241.92799999999997,237.9885,237.41899999999998,0.5013201031464045
2022-05-12,002594.SZ,249.99,257.7,248.71,254.09,252.7,1.39,0.5501,241156.06,6107994.847,0.005500593589236269,0.005485520572748759,242.98600000000002,239.04299999999998,237.65183333333331,0.46924285956778367
2022-05-13,002594.SZ,259.8,271.5,255.91,270.08,254.09,15.99,6.293,367120.61,9733352.389,0.06293045771183436,0.06102967644069499,248.58599999999996,240.63899999999998,238.31666666666666,0.5098700636980932
2022-05-16,002594.SZ,271.11,273.0,265.3,267.12,270.08,-2.96,-1.096,202368.8,5441551.55,-0.010959715639810352,-0.011020215772193136,255.464,242.14499999999998,238.90233333333333,0.5121698387114009
2022-05-17,002594.SZ,268.98,285.0,268.5,282.5,267.12,15.38,5.7577,293489.03,8193618.911,0.057577118897873536,0.055980554951096474,265.298,244.20549999999997,239.63883333333334,0.5423258257841092
2022-05-18,002594.SZ,282.5,288.0,279.0,281.42,282.5,-1.08,-0.3823,205302.7,5812000.946,-0.003823008849557441,-0.0038303352263859033,271.04200000000003,246.4665,240.31916666666666,0.5332315478814508
2022-05-19,002594.SZ,275.31,285.35,274.3,284.51,281.42,3.09,1.098,173636.51,4879756.543,0.010980029848624673,0.010920186973436417,277.12600000000003,248.737,240.97083333333333,0.5331560381113386
2022-05-20,002594.SZ,287.01,291.61,281.2,287.7,284.51,3.19,1.1212,178683.36,5125699.547,0.011212259674528102,0.011149868223955972,280.65,250.879,241.7165,0.5303563918183617
2022-05-23,002594.SZ,292.7,298.0,287.81,295.2,287.7,7.5,2.6069,255588.16,7496178.213,0.026068821689259725,0.02573482216881528,286.26599999999996,253.55,242.605,0.5276098251069677
2022-05-24,002594.SZ,290.0,292.96,281.0,281.0,295.2,-14.2,-4.8103,290496.53,8303003.901,-0.048102981029810254,-0.04929842339257162,285.966,255.898,243.33083333333335,0.547539018239908
2022-05-25,002594.SZ,281.26,288.65,278.03,287.2,281.0,6.2,2.2064,230857.73,6563211.987,0.02206405693950164,0.02182416784032322,287.12199999999996,258.48799999999994,243.91750000000002,0.5490291208105831
2022-05-26,002594.SZ,287.37,291.22,282.5,286.64,287.2,-0.56,-0.195,143094.99,4106312.149,-0.001949860724233976,-0.001951764177370738,287.54799999999994,261.445,244.61383333333333,0.5263397660645709
2022-05-27,002594.SZ,292.95,297.61,286.65,288.88,286.64,2.24,0.7815,153186.85,4467796.259,0.007814680435389354,0.007784303972503952,287.784,264.2985,245.29783333333333,0.5259122132049129
2022-05-30,002594.SZ,292.0,299.7,291.08,298.12,288.88,9.24,3.1986,218523.5,6485731.977,0.03198559955690938,0.03148471304429071,288.36800000000005,267.454,246.10649999999998,0.5308695640376937
2022-05-31,002594.SZ,300.0,300.96,293.51,295.91,298.12,-2.21,-0.7413,177011.19,5242211.08,-0.007413122232657887,-0.0074407359772925025,291.35,270.6505,246.842,0.5277419529236343
2022-06-01,002594.SZ,298.0,304.8,293.12,299.98,295.91,4.07,1.3754,216911.75,6501902.117,0.013754182014801719,0.013660451731012851,293.906,273.4995,247.69833333333332,0.5116243199919509
2022-06-02,002594.SZ,296.0,305.0,295.22,301.02,299.98,1.04,0.3467,177727.77,5355773.611,0.0034668977931859857,0.003460901957002981,296.782,276.1105,248.62849999999997,0.5099799040420844
2022-06-06,002594.SZ,304.0,320.47,302.55,318.23,301.02,17.21,5.7172,294757.29,9260502.507,0.05717228091156756,0.05559768406219788,302.652,279.918,250.03566666666666,0.5163406609266523
2022-06-07,002594.SZ,318.0,319.87,311.11,314.89,318.23,-3.34,-1.0496,200220.89,6296538.086,-0.010495553530465496,-0.010551020296723215,306.006,284.02599999999995,251.557,0.4869462164788543
2022-06-08,002594.SZ,318.6,328.06,313.01,327.41,314.89,12.52,3.976,290513.4,9321932.807,0.03975991616119923,0.03898983665835359,312.30600000000004,288.73,253.41066666666669,0.49155328272110854
2022-06-09,002594.SZ,334.03,334.8,321.0,322.41,327.41,-5.0,-1.5271,307541.72,10050640.39,-0.015271372285513563,-0.015389180626873054,316.79200000000003,292.2155,255.05766666666668,0.43886908154659027
2022-06-10,002594.SZ,321.5,350.0,321.06,348.8,322.41,26.39,8.1852,438249.0,14790622.515,0.08185229986662934,0.07867466451365286,326.34800000000007,296.951,257.05266666666665,0.5016499860329718
2022-06-13,002594.SZ,346.0,358.86,340.6,348.8,348.8,0.0,0.0,360681.32,12573534.324,0.0,0.0,332.46200000000005,300.887,259.03516666666667,0.4732122728128837
2022-06-14,002594.SZ,342.0,344.79,327.23,343.59,348.8,-5.21,-1.4937,404789.34,13634616.448,-0.014936926605504719,-0.01504960595709013,338.202,304.7105,261.1116666666667,0.4761165413257566
2022-06-15,002594.SZ,343.97,346.23,332.52,335.0,343.59,-8.59,-2.5001,303947.87,10285857.695,-0.025000727611397267,-0.025318554252668095,339.71999999999997,307.3355,263.14833333333337,0.46384258414776514
2022-06-16,002594.SZ,335.5,342.7,333.41,336.0,335.0,1.0,0.2985,190172.45,6410739.474,0.0029850746268655914,0.00298062813813772,342.438,310.0645,264.9245,0.46198050912177213
2022-06-17,002594.SZ,330.1,341.2,327.07,338.0,336.0,2.0,0.5952,262147.59,8830738.834,0.005952380952380931,0.0059347355198145265,340.27799999999996,312.739,266.64283333333333,0.4620823129783
2022-06-20,002594.SZ,338.08,348.66,335.02,342.18,338.0,4.18,1.2367,245415.57,8405361.56,0.012366863905325376,0.012291018913483637,338.954,315.463,268.4375,0.46217227444395204
2022-06-21,002594.SZ,339.76,341.8,332.2,341.0,342.18,-1.18,-0.3448,197827.39,6666969.509,-0.0034484774095505655,-0.003454437112985732,338.43600000000004,317.75300000000004,270.03116666666665,0.45967132576999953
2022-06-22,002594.SZ,342.42,347.63,338.0,339.88,341.0,-1.12,-0.3284,186787.83,6412052.153,-0.0032844574780058755,-0.0032898631481762166,339.412,320.697,271.61583333333334,0.41273565923443845
2022-06-23,002594.SZ,344.7,354.05,338.0,353.5,339.88,13.62,4.0073,323142.26,11251775.974,0.04007296692950457,0.0392908712012869,342.912,324.01200000000006,273.388,0.42457392485806567
2022-06-24,002594.SZ,352.99,356.28,346.01,351.05,353.5,-2.45,-0.6931,235983.55,8273168.197,-0.006930693069306937,-0.00695482187336961,345.52200000000005,327.23249999999996,275.12083333333334,0.4269146054651734
2022-06-27,002594.SZ,352.07,357.0,348.33,349.69,351.05,-1.36,-0.3874,217155.24,7630684.845,-0.0038740920096852483,-0.00388161574217598,347.024,330.273,277.0271666666667,0.4299028091237135
2022-06-28,002594.SZ,347.0,358.8,342.71,352.9,349.69,3.21,0.918,269634.71,9447959.128,0.009179559038005047,0.00913768296014246,349.404,333.012,279.0688333333334,0.4219366528308993
2022-06-29,002594.SZ,349.99,350.0,331.49,331.61,352.9,-21.29,-6.0329,361146.02,12246017.195,-0.06032870501558507,-0.06222515105935172,347.75,334.797,280.74566666666664,0.48586252344513087
2022-06-30,002594.SZ,331.0,339.35,330.0,333.49,331.61,1.88,0.5669,220144.78,7372602.921,0.0056693103344289675,0.005653300276750221,343.748,336.47249999999997,282.3535,0.48503102326739683
2022-07-01,002594.SZ,332.18,333.0,320.1,329.2,333.49,-4.29,-1.2864,234112.63,7658689.348,-0.012863953941647521,-0.012947411095708183,339.37800000000004,337.8815,284.0101666666667,0.48949206505539633
2022-07-04,002594.SZ,332.0,338.21,330.2,336.16,329.2,6.96,2.1142,209512.06,7020823.754,0.0211421628189552,0.020921768293775695,336.672,338.77799999999996,285.6801666666667,0.45390295063983477
2022-07-05,002594.SZ,337.0,340.6,329.59,333.89,336.16,-2.27,-0.6753,173757.03,5819208.075,-0.006752736792003944,-0.006775639682117293,332.87,339.728,287.2133333333333,0.45260565659379687
2022-07-06,002594.SZ,333.8,340.6,331.99,336.1,333.89,2.21,0.6619,183434.2,6179119.713,0.006618946359579603,0.006597137316486947,333.76800000000003,340.1625,288.81499999999994,0.43203152647102466
2022-07-07,002594.SZ,337.7,351.95,333.37,349.38,336.1,13.28,3.9512,304648.74,10511816.689,0.039512049985123365,0.038751420346023496,336.946,341.51099999999997,290.57166666666666,0.44706349020709474
2022-07-08,002594.SZ,349.38,351.88,338.0,338.0,349.38,-11.38,-3.2572,190477.57,6547699.048,-0.032571984658537945,-0.03311425959406476,338.706,340.971,292.32166666666666,0.3601923990075165
2022-07-11,002594.SZ,335.88,335.88,318.88,324.3,338.0,-13.7,-4.0533,254317.44,8284856.773,-0.04053254437869824,-0.04137688216974651,336.334,339.746,293.7573333333333,0.38602419982239666
2022-07-12,002594.SZ,320.0,321.0,300.08,309.0,324.3,-15.3,-4.7179,450514.69,13935271.931,-0.04717853839037933,-0.04832773641552688,331.35600000000005,338.0165,294.95733333333334,0.4147544762776723
2022-07-13,002594.SZ,309.0,313.84,296.77,309.88,309.0,0.88,0.2848,341066.95,10439432.846,0.002847896440129505,0.002843848865956365,326.11199999999997,336.7605,296.10049999999995,0.4086454892637575
2022-07-14,002594.SZ,308.91,323.0,307.0,323.0,309.88,13.12,4.2339,272489.36,8631732.044,0.04233896992384145,0.04146719745895473,320.836,336.1105,297.54716666666667,0.43971473218808477
2022-07-15,002594.SZ,335.0,349.89,333.0,338.19,323.0,15.19,4.7028,444507.84,15284697.866,0.047027863777089784,0.045955544501893084,320.874,336.12,299.1986666666666,0.47205951337676316
2022-07-18,002594.SZ,345.0,346.0,328.0,337.1,338.19,-1.09,-0.3223,238911.56,8007559.907,-0.0032230403027883048,-0.003228245484534511,323.434,335.866,300.736,0.47007939268918275
2022-07-19,002594.SZ,337.1,337.1,327.62,331.1,337.1,-6.0,-1.7799,158180.25,5239778.187,-0.017798872738059912,-0.017959177686814442,327.85400000000004,335.371,302.2246666666667,0.4740853103052552
2022-07-20,002594.SZ,332.98,333.86,329.08,331.7,331.1,0.6,0.1812,103263.48,3425066.981,0.0018121413470248982,0.0018105013998059771,332.218,334.962,303.8523333333333,0.474111391290257
2022-07-21,002594.SZ,329.0,331.0,322.94,324.5,331.7,-7.2,-2.1706,132003.28,4303073.903,-0.02170636116973168,-0.021945409808862046,332.51800000000003,333.512,305.33733333333333,0.45376622747363293
2022-07-22,002594.SZ,326.01,334.66,326.0,329.62,324.5,5.12,1.5778,141773.74,4687025.063,0.01577812018489988,0.015654939661889303,330.804,332.44050000000004,307.03933333333333,0.45887273385996385
2022-07-25,002594.SZ,326.0,327.0,320.0,322.95,329.62,-6.67,-2.0235,115017.1,3705167.359,-0.020235422607851494,-0.020442963327552258,327.97400000000005,331.1035,308.55833333333334,0.4630627055553998
2022-07-26,002594.SZ,322.48,327.68,320.0,325.0,322.95,2.05,0.6348,107656.16,3493834.391,0.006347731847035076,0.0063276698512556885,326.754,329.7085,310.0581666666667,0.46213731470944575
2022-07-27,002594.SZ,324.0,329.8,321.01,325.8,325.0,0.8,0.2462,91055.72,2961812.249,0.002461538461538515,0.0024585138382073233,325.574,329.418,311.6218333333333,0.41101763519337126
2022-07-28,002594.SZ,329.02,331.45,324.0,325.43,325.8,-0.37,-0.1136,109065.17,3572559.082,-0.0011356660527931384,-0.0011363114101380933,325.76,329.015,312.99566666666664,0.41035783351269717
2022-07-29,002594.SZ,323.0,327.8,317.96,320.36,325.33,-4.97,-1.5277,114853.64,3695131.506,-0.01557938727222441,-0.01570202130232513,323.908,328.573,314.18833333333333,0.4115189244876451
2022-08-01,002594.SZ,317.98,332.08,316.32,330.54,320.36,10.18,3.1777,187583.76,6141512.246,0.03177675115495071,0.03128231725719868,325.42600000000004,328.29200000000003,315.6626666666667,0.42075017240892226
2022-08-02,002594.SZ,324.9,330.48,321.3,326.6,330.54,-3.94,-1.192,156642.66,5110091.378,-0.011919888667029754,-0.011991500176315473,325.746,327.9275,317.2271666666667,0.4221644652333523
2022-08-03,002594.SZ,326.7,334.85,318.89,321.99,326.6,-4.61,-1.4115,188723.11,6197191.078,-0.014115125535823725,-0.014215691374822105,324.98400000000004,327.222,318.70483333333334,0.4237650247867226
2022-08-04,002594.SZ,328.0,331.47,322.1,326.8,321.99,4.81,1.4938,186636.77,6098858.889,0.014938352122736642,0.01482787382430501,325.258,326.093,319.9398333333333,0.40031639167160404
2022-08-05,002594.SZ,330.0,331.89,318.28,324.49,326.8,-2.31,-0.7069,157563.85,5115620.394,-0.00706854345165242,-0.0070936439575317355,326.084,325.4175,321.1131666666667,0.3853120034196036
2022-08-08,002594.SZ,322.11,324.9,319.0,321.35,324.49,-3.14,-0.9677,129487.86,4158491.944,-0.009676723473758808,-0.00972384721102091,324.24600000000004,325.27000000000004,321.9676666666667,0.3587828154465015
2022-08-09,002594.SZ,321.18,323.8,318.15,319.72,321.35,-1.63,-0.5072,116106.61,3719885.52,-0.005072351019137944,-0.005085259059476835,322.87,325.80600000000004,322.8443333333334,0.31402211280475395
2022-08-10,002594.SZ,319.7,319.7,305.0,308.35,319.72,-11.37,-3.5562,258499.01,7998810.821,-0.03556236707118732,-0.0362101113203165,320.142,325.72950000000003,323.2751666666667,0.3409152233458956
2022-08-11,002594.SZ,311.43,315.89,305.6,315.02,308.35,6.67,2.1631,165444.81,5159742.999,0.021631263174963333,0.021400627436087376,317.786,325.33050000000003,323.8351666666667,0.31361219232040116
2022-08-12,002594.SZ,315.02,316.28,310.0,311.93,315.02,-3.09,-0.9809,101337.63,3165436.406,-0.009808901022157257,-0.009857325210705764,315.274,324.0175,324.29216666666673,0.25796549884219366
2022-08-15,002594.SZ,312.2,319.23,311.22,315.21,311.93,3.28,1.0515,135119.26,4265356.112,0.010515179687750287,0.01046027970590987,314.046,322.923,324.7506666666667,0.26300924487135996
2022-08-16,002594.SZ,315.8,321.89,315.5,318.92,315.21,3.71,1.177,157243.31,5029761.317,0.01176993115700653,0.011701204265501202,313.88599999999997,322.31399999999996,325.146,0.2622136313406835
2022-08-17,002594.SZ,319.99,329.6,316.72,327.93,318.92,9.01,2.8252,210871.13,6808620.194,0.028251599147121498,0.02785988333955906,317.802,322.1255,325.92816666666664,0.2829433904434226
2022-08-18,002594.SZ,327.0,330.0,323.84,326.04,327.93,-1.89,-0.5763,142790.44,4659424.799,-0.00576342512121486,-0.005780097747597075,320.00600000000003,322.2025,326.5755,0.2725025751897595
2022-08-19,002594.SZ,325.03,327.44,317.0,319.39,326.04,-6.65,-2.0396,124289.23,3993178.34,-0.020396270396270455,-0.020607146639292043,321.498,321.69100000000003,327.1213333333333,0.27562109512210975
2022-08-22,002594.SZ,316.0,326.09,312.22,323.09,319.39,3.7,1.1585,147667.65,4747212.897,0.011584583111556412,0.011517995594295543,323.07399999999996,321.698,327.69149999999996,0.26991362212757947
2022-08-23,002594.SZ,324.0,325.55,318.98,321.61,323.09,-1.48,-0.4581,92999.75,2989844.195,-0.004580766968955929,-0.004591290832510451,323.61199999999997,321.5285,328.08299999999997,0.2693772705872898
2022-08-24,002594.SZ,321.68,322.96,309.3,309.5,321.61,-12.11,-3.7654,186782.83,5854016.197,-0.037654301794098455,-0.03838153922409891,319.92600000000004,320.7135,328.3095,0.29968200486366914
2022-08-25,002594.SZ,309.56,311.08,302.66,309.58,309.5,0.08,0.0258,140220.73,4308297.637,0.00025848142164774934,0.00025844802108057423,316.634,319.921,328.46950000000004,0.2998004393127594
2022-08-26,002594.SZ,312.99,317.93,310.0,315.73,309.58,6.15,1.9866,122126.55,3849213.721,0.01986562439434092,0.019670877827737788,315.902,319.6895,328.7146666666667,0.30536349581527666
2022-08-29,002594.SZ,313.67,316.87,311.49,313.55,315.73,-2.18,-0.6905,85911.66,2696123.151,-0.0069046337060146845,-0.006928580984439249,313.994,318.84000000000003,328.63666666666666,0.2809422884820071
2022-08-30,002594.SZ,315.5,318.5,310.0,310.85,313.55,-2.7,-0.8611,110247.37,3454778.56,-0.008611066815499835,-0.008648356273683211,311.842,318.0525,328.5693333333333,0.2797113622802599
2022-08-31,002594.SZ,291.0,296.6,284.0,287.98,310.85,-22.87,-7.3572,408059.74,11841919.126,-0.07357246260254147,-0.07641944743522218,307.538,316.352,327.91216666666674,0.37601167159416915
2022-09-01,002594.SZ,285.0,294.6,284.03,286.7,287.98,-1.28,-0.4445,192582.33,5566420.145,-0.00444475310785486,-0.004454660390800411,302.962,314.34700000000004,327.317,0.3683972578347637
2022-09-02,002594.SZ,288.7,289.6,278.1,282.0,286.7,-4.7,-1.6393,161661.92,4561284.362,-0.016393442622950727,-0.01652930195121047,296.216,312.2225,326.2036666666666,0.3701508620498578
2022-09-05,002594.SZ,269.0,270.88,261.1,268.76,282.0,-13.24,-4.695,351208.27,9364600.412,-0.046950354609929135,-0.04808828288616443,287.258,309.59299999999996,324.86966666666666,0.39677751683708096
2022-09-06,002594.SZ,268.77,274.45,267.21,272.94,268.76,4.18,1.5553,189902.84,5154529.158,0.015552909659175551,0.01543320275801858,279.676,307.254,323.69216666666665,0.40585472183097854
2022-09-07,002594.SZ,272.0,285.05,270.6,282.7,272.94,9.76,3.5759,190873.17,5345727.757,0.03575877482230516,0.035134273889576836,278.62,305.9715,322.8205,0.41932620956752376
2022-09-08,002594.SZ,283.0,284.99,277.0,278.26,282.7,-4.44,-1.5706,116429.11,3267426.059,-0.015705695083127025,-0.015830336285813984,276.932,304.1335,321.85816666666665,0.40990159542496296
2022-09-09,002594.SZ,280.99,281.49,276.99,279.7,278.26,1.44,0.5175,76098.26,2125233.636,0.005175016171925506,0.0051616717941832995,276.472,302.52200000000005,320.88649999999996,0.4114356034265239
2022-09-13,002594.SZ,282.0,286.69,279.37,284.8,279.7,5.1,1.8234,111524.11,3162351.107,0.018233821952091667,0.0180695793299068,279.67999999999995,301.0015,319.93016666666665,0.41620860612056215
2022-09-14,002594.SZ,282.0,283.8,276.26,278.33,284.8,-6.47,-2.2718,105151.06,2935617.133,-0.022717696629213524,-0.02297971947469258,280.758,298.97200000000004,318.8856666666667,0.41608260878060144
2022-09-15,002594.SZ,280.0,280.5,266.91,269.5,278.33,-8.83,-3.1725,152395.23,4126260.385,-0.03172493083749506,-0.03223906971407632,278.118,296.0505,317.7126666666667,0.4040289703714528
2022-09-16,002594.SZ,268.0,271.45,264.36,265.98,269.5,-3.52,-1.3061,104476.36,2797971.959,-0.013061224489795853,-0.01314727236403462,275.662,293.0475,316.254,0.40397634622235506
2022-09-19,002594.SZ,268.0,273.9,266.68,270.35,265.98,4.37,1.643,110949.99,3006108.121,0.016429806752387366,0.016296297842996667,273.79200000000003,290.5955,314.90899999999993,0.41224691049966566
2022-09-20,002594.SZ,273.8,277.49,272.01,274.21,270.35,3.86,1.4278,111245.02,3058894.059,0.014277788052524443,0.014176820365319654,271.674,288.15150000000006,313.651,0.41404845754314035
2022-09-21,002594.SZ,271.8,272.61,267.0,270.0,274.21,-4.21,-1.5353,83753.63,2258898.398,-0.015353196455271445,-0.015472277194958752,270.008,285.571,312.26933333333335,0.4146895241039887
2022-09-22,002594.SZ,267.49,269.38,261.3,268.55,270.0,-1.45,-0.537,92799.5,2468839.436,-0.005370370370370359,-0.005384842646906392,269.81800000000004,283.5235,311.21833333333336,0.4000344137815176
2022-09-23,002594.SZ,267.09,269.77,264.28,266.4,268.55,-2.15,-0.8006,79644.12,2125444.095,-0.008005957922174733,-0.008038177685234375,269.902,281.3645,310.10016666666667,0.399185251951725
2022-09-26,002594.SZ,266.4,276.0,263.58,272.95,266.4,6.55,2.4587,143606.4,3911414.127,0.024587087087087234,0.024289689561532685,270.42199999999997,279.2255,309.16266666666667,0.4037530612419252
2022-09-27,002594.SZ,272.96,274.83,270.06,273.96,272.95,1.01,0.37,83095.93,2262822.665,0.003700311412346613,0.003693482101937888,270.372,277.246,308.126,0.40551639766536046
2022-09-28,002594.SZ,273.0,273.0,265.5,265.62,273.96,-8.34,-3.0442,85620.18,2293531.516,-0.03044240035041601,-0.0309153943575997,269.496,274.98449999999997,306.9881666666667,0.4143954311649933
2022-09-29,002594.SZ,270.0,271.8,264.0,264.57,265.62,-1.05,-0.3953,88356.68,2355802.796,-0.003953015586175779,-0.003960849403905587,268.7,273.814,305.79600000000005,0.3328324532927479
2022-09-30,002594.SZ,263.0,263.55,249.0,252.01,264.57,-12.56,-4.7473,214035.88,5421385.039,-0.04747325849491624,-0.04863709730442437,265.822,272.07949999999994,304.17316666666665,0.36686526046747175
2022-10-10,002594.SZ,252.27,256.4,249.44,251.2,252.01,-0.81,-0.3214,117478.5,2967008.054,-0.0032141581683267084,-0.003219334669731141,261.472,270.5395,302.7265,0.36497286749453184
2022-10-11,002594.SZ,252.0,257.38,249.33,255.01,251.2,3.81,1.5167,132820.39,3370369.988,0.015167197452229386,0.015053325481742208,257.68199999999996,269.852,301.5716666666667,0.33696404893752396
2022-10-12,002594.SZ,254.0,263.25,249.95,262.34,255.01,7.33,2.8744,144871.43,3708582.158,0.028743970824673504,0.028338612311213863,257.026,269.322,300.794,0.3493158517270584
2022-10-13,002594.SZ,260.0,263.0,258.08,258.18,262.34,-4.16,-1.5857,96186.6,2497932.932,-0.015857284440039532,-0.01598435630843625,255.748,268.096,299.9323333333333,0.32285886474976455
2022-10-14,002594.SZ,262.08,269.1,259.95,264.54,258.18,6.36,2.4634,145694.51,3854443.049,0.024633976295607818,0.02433545251933809,258.254,267.40999999999997,298.95799999999997,0.33551015515548066
2022-10-17,002594.SZ,263.0,263.0,256.69,260.66,264.54,-3.88,-1.4667,109678.36,2842978.645,-0.01466696907840026,-0.014775592495327559,260.146,266.45799999999997,297.66583333333335,0.3370274023229636
2022-10-18,002594.SZ,279.0,279.0,272.5,273.67,260.66,13.01,4.9912,244141.79,6717206.761,0.049911762449167396,0.04870612487553175,263.878,265.9015,296.6086666666667,0.37990671532972564
2022-10-19,002594.SZ,273.67,276.44,266.88,267.5,273.67,-6.17,-2.2545,134004.03,3642369.174,-0.022545401395841713,-0.022803434642044332,264.91,265.36,295.5486666666667,0.37978087997182675
2022-10-20,002594.SZ,264.0,265.58,257.4,263.51,267.5,-3.99,-1.4916,128416.78,3355270.263,-0.014915887850467269,-0.015028248410615813,265.976,265.0605,294.4121666666667,0.3666208069140524
2022-10-21,002594.SZ,263.52,270.88,262.01,266.3,263.51,2.79,1.0588,104785.54,2794657.482,0.01058783347880543,0.010532174894441214,266.32800000000003,265.0765,293.44216666666665,0.3658006516936878
2022-10-24,002594.SZ,264.9,266.31,253.57,255.57,266.3,-10.73,-4.0293,167412.56,4324097.663,-0.04029290274126929,-0.04112714809702779,265.31,264.3375,292.20799999999997,0.3874258046507866
2022-10-25,002594.SZ,253.0,260.59,250.03,257.91,255.57,2.34,0.9156,113242.67,2897739.554,0.00915600422584828,0.009114342131603774,262.158,263.5225,291.12399999999997,0.3848981090376191
2022-10-26,002594.SZ,260.0,264.04,255.29,257.87,257.91,-0.04,-0.0155,126415.27,3279130.696,-0.00015509286185111382,-0.00015510488999268107,260.23199999999997,262.916,290.0051666666667,0.3820838982183599
2022-10-27,002594.SZ,258.99,260.72,255.0,255.0,257.87,-2.87,-1.113,97765.82,2516238.985,-0.011129638965370114,-0.011192036806043621,258.53000000000003,262.2385,288.8251666666667,0.3832986374285956
2022-10-28,002594.SZ,253.0,253.0,235.81,239.89,255.0,-15.11,-5.9255,263163.93,6372054.067,-0.05925490196078431,-0.061083060216595375,253.248,260.913,287.39950000000005,0.43330932769847585
2022-10-31,002594.SZ,237.5,251.0,237.11,246.67,239.89,6.78,2.8263,187942.33,4625511.532,0.028262953853849693,0.0278709260104818,251.468,259.59900000000005,286.17133333333334,0.43680609546837623
2022-11-01,002594.SZ,247.11,262.2,247.0,261.82,246.67,15.15,6.1418,219282.71,5620272.304,0.06141808894474399,0.05960583379964041,252.25,258.992,285.02599999999995,0.4955961504170155
2022-11-02,002594.SZ,261.0,271.6,258.36,267.56,261.82,5.74,2.1923,187319.29,4980989.815,0.021923458864869128,0.02168659549825445,254.18800000000002,259.089,284.04200000000003,0.49028765733471036
2022-11-03,002594.SZ,265.02,271.76,264.1,267.98,267.56,0.42,0.157,102383.97,2747240.766,0.0015697413664226278,0.0015685106102548024,256.784,259.2595,283.1418333333333,0.4899667831743058
2022-11-04,002594.SZ,268.98,283.02,268.0,280.2,267.98,12.22,4.56,224886.89,6270505.264,0.04560041794163738,0.04459128304244463,264.846,260.669,282.36516666666665,0.4788643791666523
2022-11-07,002594.SZ,275.0,282.03,272.99,278.88,280.2,-1.32,-0.4711,135842.06,3781158.42,-0.004710920770877869,-0.004722052131195763,271.288,262.053,281.60499999999996,0.479265185361173
2022-11-08,002594.SZ,279.45,282.6,273.5,276.41,278.88,-2.47,-0.8857,105634.49,2925766.812,-0.008856855995410085,-0.008896311082583989,274.206,263.123,280.856,0.4805376945351603
2022-11-09,002594.SZ,278.15,278.88,268.64,269.63,276.41,-6.78,-2.4529,111946.36,3038705.77,-0.02452877971129852,-0.024834621877293978,274.62,263.4875,280.0211666666666,0.48205228610148904
2022-11-10,002594.SZ,264.63,264.97,255.8,260.26,269.63,-9.37,-3.4751,155496.77,4039239.83,-0.03475132589103591,-0.03536951746322157,273.07599999999996,263.5915,279.2196666666667,0.49570737959895744
2022-11-11,002594.SZ,270.5,272.97,265.16,268.8,260.26,8.54,3.2813,166099.59,4467701.122,0.032813340505648325,0.03228647730038334,270.796,263.8045,278.4493333333333,0.5017234000773446
2022-11-14,002594.SZ,269.23,272.54,262.76,263.79,268.8,-5.01,-1.8638,115236.97,3071390.41,-0.01863839285714286,-0.018814276589974036,267.778,263.961,277.647,0.5035913022259729
2022-11-15,002594.SZ,263.99,268.3,260.1,267.0,263.79,3.21,1.2169,112848.35,2985500.714,0.0121687706129876,0.01209532634122908,265.896,263.6275,276.8435,0.4718654266760833
2022-11-16,002594.SZ,265.78,266.6,260.1,261.08,267.0,-5.92,-2.2172,103549.41,2719934.793,-0.02217228464419485,-0.022421784633232952,264.18600000000004,263.3065,275.8795,0.47163932206029185
2022-11-17,002594.SZ,259.91,259.91,253.58,257.0,261.08,-4.08,-1.5627,111260.57,2842104.513,-0.015627393902252096,-0.015750788871796786,263.534,262.981,274.69733333333335,0.47192852764479554
2022-11-18,002594.SZ,257.77,259.56,253.5,254.68,257.0,-2.32,-0.9027,101183.76,2595461.705,-0.009027237354085615,-0.00906822974639523,260.71,262.4,273.508,0.4707685803246383
2022-11-21,002594.SZ,252.84,254.6,248.51,254.2,254.68,-0.48,-0.1885,82515.07,2082807.825,-0.0018847180775876105,-0.0018864963934709553,258.79200000000003,262.3315,272.4215,0.44833544025439254
2022-11-22,002594.SZ,255.0,255.25,250.0,250.49,254.2,-3.71,-1.4595,80145.51,2013576.333,-0.014594807238394902,-0.014702359186945542,255.48999999999995,261.9605,271.2115,0.44990263680251663
2022-11-23,002594.SZ,250.49,251.5,247.2,251.5,250.49,1.01,0.4032,88468.81,2209509.306,0.00403209708970409,0.004023989971385738,253.57399999999998,261.642,270.043,0.450262020750971
2022-11-24,002594.SZ,253.35,255.0,248.28,249.39,251.5,-2.11,-0.839,85314.06,2137710.348,-0.008389662027833089,-0.008425053328687556,252.052,261.3615,269.0411666666667,0.449538378136243
2022-11-25,002594.SZ,249.0,249.0,245.0,245.05,249.39,-4.34,-1.7402,87821.64,2160628.974,-0.01740246200729767,-0.017555664855549782,250.12599999999998,261.61949999999996,267.96566666666666,0.39897884129543076
2022-11-28,002594.SZ,240.0,245.13,237.22,245.11,245.05,0.06,0.0245,99109.28,2387430.973,0.0002448479902061873,0.0002448180198290579,248.308,261.5415,266.78866666666664,0.3861097112869432
2022-11-29,002594.SZ,246.28,249.68,243.0,248.3,245.11,3.19,1.3015,123580.78,3051509.362,0.013014564889233471,0.012930603138735532,247.86999999999998,260.8655,265.70116666666667,0.3157375359422877
2022-11-30,002594.SZ,248.36,260.0,246.48,259.52,248.3,11.22,4.5187,212873.38,5434244.563,0.04518727345952467,0.04419607841292708,249.474,260.4635,264.84566666666666,0.3486502994588192
2022-12-01,002594.SZ,268.0,270.95,264.92,266.66,259.52,7.14,2.7512,257985.85,6927128.718,0.02751233045622703,0.027140667760264442,252.92800000000003,260.3975,264.49033333333335,0.3633322337489004
2022-12-02,002594.SZ,264.92,267.57,260.48,262.08,266.66,-4.58,-1.7175,116075.38,3062453.852,-0.017175429385734797,-0.01732463802260795,256.334,259.4915,264.08,0.3251602484557088
2022-12-05,002594.SZ,265.95,267.59,261.9,263.36,262.08,1.28,0.4884,105233.09,2776465.999,0.004884004884005089,0.004872116824000592,259.98400000000004,258.7155,263.76933333333335,0.3263268045873918
2022-12-06,002594.SZ,260.55,271.63,260.01,267.6,263.36,4.24,1.61,123006.79,3283672.654,0.016099635479951413,0.01597141076536841,263.844,258.275,263.75,0.3320153519981769
2022-12-07,002594.SZ,267.65,278.28,267.65,273.74,267.6,6.14,2.2945,192665.93,5284876.703,0.022944693572496178,0.02268542252904679,266.688,258.4805,263.7633333333334,0.3309381345143533
2022-12-08,002594.SZ,273.75,275.0,270.87,274.29,273.74,0.55,0.2009,94580.65,2587392.486,0.0020092058157377135,0.0020071900613247815,268.214,259.182,263.62316666666663,0.3028566745071043
2022-12-09,002594.SZ,275.48,277.7,271.45,274.7,274.29,0.41,0.1495,100992.32,2768392.889,0.001494768310911665,0.0014936522567831501,270.738,259.477,263.5638333333333,0.28133036151767765
2022-12-12,002594.SZ,271.96,273.47,268.0,269.88,274.7,-4.82,-1.7546,80128.21,2168695.196,-0.01754641427011283,-0.017702177342003536,272.04200000000003,259.7815,263.4001666666667,0.2803322492409547
2022-12-13,002594.SZ,272.0,275.0,269.5,269.8,269.88,-0.08,-0.0296,61384.33,1667300.818,-0.00029642804209273343,-0.0002964719855690699,272.482,259.9215,263.1501666666667,0.27739210109647194
2022-12-14,002594.SZ,269.41,269.44,263.6,266.4,269.8,-3.4,-1.2602,94364.62,2507895.817,-0.012601927353595332,-0.012682005107421512,271.014,260.1875,262.9513333333333,0.2688916745972815
2022-12-15,002594.SZ,266.33,272.28,263.51,271.46,266.4,5.06,1.8994,97123.45,2610706.544,0.01899399399399404,0.018815860203585024,270.448,260.9105,262.984,0.2683342437903861
2022-12-16,002594.SZ,270.07,271.37,267.55,270.51,271.46,-0.95,-0.35,56196.64,1512400.641,-0.003499594783761828,-0.0035057326898939815,269.61,261.70200000000006,263.0595,0.2657876376968879
2022-12-19,002594.SZ,268.99,275.0,265.61,266.5,270.51,-4.01,-1.4824,84038.91,2264390.155,-0.014823851243946584,-0.014934822574025751,268.934,262.317,262.99533333333335,0.272912210515244
2022-12-20,002594.SZ,265.9,265.9,258.68,261.6,266.5,-4.9,-1.8386,84908.21,2218820.935,-0.01838649155722316,-0.01855762402285549,267.294,262.8725,262.78516666666667,0.2763730190265223
2022-12-21,002594.SZ,261.58,262.85,259.6,260.8,261.6,-0.8,-0.3058,41966.3,1095313.222,-0.003058103975535187,-0.003062789530545767,266.17400000000004,263.3375,262.6318333333333,0.276934049463298
2022-12-22,002594.SZ,263.0,263.5,258.51,259.19,260.8,-1.61,-0.6173,59209.95,1543323.319,-0.006173312883435589,-0.006192446565528713,263.71999999999997,263.8275,262.4758333333333,0.27594541851272003
2022-12-23,002594.SZ,256.1,256.4,250.5,252.18,259.19,-7.01,-2.7046,90818.68,2294101.018,-0.027045796519927445,-0.027418265241888833,260.054,264.184,262.23883333333333,0.2868779653478613
2022-12-26,002594.SZ,252.2,263.5,252.19,262.42,252.18,10.24,4.0606,93547.53,2430254.725,0.04060591640891431,0.039803155432489384,259.238,265.04949999999997,262.06333333333333,0.3184110320013107
2022-12-27,002594.SZ,263.46,263.98,259.8,262.12,262.42,-0.3,-0.1143,55536.54,1453871.979,-0.001143205548357673,-0.0011438595062736269,259.342,265.7405,261.866,0.3168250281205507
2022-12-28,002594.SZ,257.5,259.2,253.0,254.62,262.12,-7.5,-2.8613,102563.78,2612261.022,-0.028612849076758762,-0.029030176537796826,258.106,265.4955,261.68266666666665,0.2936292767969454
2022-12-29,002594.SZ,253.99,258.86,252.13,254.76,254.62,0.14,0.055,72255.77,1841122.254,0.0005498389757285782,0.000549687869665761,257.22,264.9005,261.51916666666665,0.2741078393664596
2022-12-30,002594.SZ,258.5,260.37,256.51,256.97,254.76,2.21,0.8675,74889.73,1931977.379,0.008674831213691503,0.008637421060891376,258.178,264.64500000000004,261.60183333333333,0.2706367756612992
