date,ts_code,open,high,low,close,pre_close,change,pct_chg,volume,amount,returns,logReturns,ma5,ma20,ma60,volatility
2017-01-03,002594.SZ,49.6,50.2,49.58,49.83,49.68,0.15,0.3,38004.91,189836.309,,,,,,
2017-01-04,002594.SZ,49.9,50.98,49.71,50.8,49.83,0.97,1.95,76201.68,384790.063,0.019466185029098915,0.01927914229112299,,,,
2017-01-05,002594.SZ,50.81,50.85,50.38,50.43,50.8,-0.37,-0.73,39917.26,201824.019,-0.0072834645669290765,-0.007310118495802219,,,,
2017-01-06,002594.SZ,50.44,50.6,49.8,49.8,50.43,-0.63,-1.25,42153.6,211167.708,-0.012492563950029845,-0.012571252058026793,,,,
2017-01-09,002594.SZ,49.85,50.12,49.71,49.91,49.8,0.11,0.22,32204.73,160778.322,0.0022088353413654005,0.0022063994509105723,50.153999999999996,,,
2017-01-10,002594.SZ,49.97,50.05,49.4,49.65,49.91,-0.26,-0.52,29611.42,147345.868,-0.005209376878381078,-0.005222992990336267,50.118,,,
2017-01-11,002594.SZ,49.65,49.81,49.36,49.43,49.65,-0.22,-0.44,23978.51,118771.245,-0.004431017119838843,-0.004440863172313641,49.844,,,
2017-01-12,002594.SZ,49.45,49.75,48.93,48.96,49.43,-0.47,-0.95,35498.23,174899.617,-0.00950839571110662,-0.009553889114797291,49.55,,,
2017-01-13,002594.SZ,48.95,49.35,48.8,48.91,48.96,-0.05,-0.1,32049.75,157329.022,-0.0010212418300654669,-0.0010217636528049288,49.372,,,
2017-01-16,002594.SZ,48.91,49.15,46.5,47.76,48.91,-1.15,-2.35,44753.74,215981.347,-0.023512574115722717,-0.023793405466919135,48.942,,,
2017-01-17,002594.SZ,47.98,48.44,47.6,48.2,47.76,0.44,0.92,27794.17,133517.236,0.009212730318258089,0.009170551972208105,48.652,,,
2017-01-18,002594.SZ,48.46,48.46,48.02,48.11,48.2,-0.09,-0.19,22201.89,107149.056,-0.0018672199170125525,-0.0018689653451923886,48.388,,,
2017-01-19,002594.SZ,48.16,48.3,48.0,48.1,48.11,-0.01,-0.02,17477.68,84220.141,-0.0002078569943878561,-0.0002078785996468354,48.216,,,
2017-01-20,002594.SZ,48.05,48.7,48.05,48.58,48.1,0.48,1.0,24796.38,120324.606,0.00997920997920998,0.009929746462310943,48.15,,,
2017-01-23,002594.SZ,48.77,49.24,48.77,48.86,48.58,0.28,0.58,23733.1,116240.578,0.0057636887608070175,0.005747142255568071,48.37,,,
2017-01-24,002594.SZ,49.14,49.14,48.49,48.65,48.86,-0.21,-0.43,25628.14,124811.91,-0.004297994269340966,-0.004307257197580332,48.46,,,
2017-01-25,002594.SZ,48.66,49.17,48.45,48.9,48.65,0.25,0.51,30003.54,146682.673,0.005138746145940454,0.0051255878488123355,48.617999999999995,,,
2017-01-26,002594.SZ,49.27,49.27,48.56,48.68,48.9,-0.22,-0.45,38626.5,188188.764,-0.0044989775051124115,-0.004509128361499855,48.733999999999995,,,
2017-02-03,002594.SZ,48.7,48.78,48.31,48.35,48.68,-0.33,-0.68,29216.51,141629.649,-0.006778964667214393,-0.006802046220023022,48.688,,,
2017-02-06,002594.SZ,48.4,48.84,48.4,48.67,48.35,0.32,0.66,35549.9,172961.702,0.006618407445708296,0.006596601946059524,48.65,49.028999999999996,,
2017-02-07,002594.SZ,48.81,49.88,48.8,49.34,48.67,0.67,1.38,81573.07,402822.682,0.01376618039860289,0.013672287255847758,48.788,49.00449999999999,,0.1564549046062183
2017-02-08,002594.SZ,49.34,50.8,48.66,50.5,49.34,1.16,2.35,74522.34,368336.378,0.023510336441021407,0.023238225180103426,49.108000000000004,48.9895,,0.163769691234912
2017-02-09,002594.SZ,50.45,50.46,49.89,49.98,50.5,-0.52,-1.03,71268.96,357318.483,-0.010297029702970306,-0.010350410874507828,49.368,48.967,,0.16582382177544752
2017-02-10,002594.SZ,50.12,50.2,49.51,49.63,49.98,-0.35,-0.7,48338.99,240664.687,-0.007002801120448043,-0.00702743580745675,49.624,48.9585,,0.16160374114026144
2017-02-13,002594.SZ,49.63,50.18,49.32,49.73,49.63,0.1,0.2,50190.77,250044.338,0.002014910336489928,0.0020128831272976425,49.836,48.9495,,0.16156810983417702
2017-02-14,002594.SZ,49.8,49.98,49.4,49.54,49.73,-0.19,-0.38,42461.66,210712.341,-0.003820631409611863,-0.003827948665433637,49.876,48.944,,0.16106362995878265
2017-02-15,002594.SZ,49.6,49.89,48.56,48.75,49.54,-0.79,-1.59,74108.68,364115.474,-0.01594670972951151,-0.01607522661735732,49.525999999999996,48.91,,0.17013813508836273
2017-02-16,002594.SZ,48.96,49.36,48.65,48.9,48.75,0.15,0.31,36928.81,180934.599,0.003076923076922977,0.003072199036970059,49.31,48.907,,0.1672761985849097
2017-02-17,002594.SZ,48.91,49.2,48.48,48.56,48.9,-0.34,-0.7,38078.38,185633.83,-0.006952965235173747,-0.006977249729583441,49.096000000000004,48.8895,,0.16906805361019425
2017-02-20,002594.SZ,48.58,49.28,48.58,49.16,48.56,0.6,1.24,36633.34,179319.037,0.012355848434925765,0.012280137946591151,48.982,48.9595,,0.15071021823333153
2017-02-21,002594.SZ,49.33,50.26,49.32,50.04,49.16,0.88,1.79,107344.19,536939.621,0.017900732302685185,0.017742400900876393,49.082,49.0515,,0.15951430874687686
2017-02-22,002594.SZ,50.19,50.22,49.76,49.97,50.04,-0.07,-0.14,48579.59,242490.259,-0.0013988808952837273,-0.001399860242596702,49.326,49.1445,,0.15937532793879558
2017-02-23,002594.SZ,50.1,50.4,49.77,50.31,49.97,0.34,0.68,58000.03,290350.835,0.006804082449469728,0.006781039147113577,49.608,49.255,,0.16006049946623585
2017-02-24,002594.SZ,50.23,50.3,49.9,50.22,50.31,-0.09,-0.18,34802.5,174310.517,-0.0017889087656530744,-0.0017905107737883443,49.94,49.337,,0.1580066845720681
2017-02-27,002594.SZ,50.52,51.52,50.19,50.27,50.22,0.05,0.1,101589.85,517619.636,0.000995619275189208,0.0009951239750449626,50.162,49.407500000000006,,0.1572884104224779
2017-02-28,002594.SZ,50.27,50.83,49.86,50.11,50.27,-0.16,-0.32,49203.12,247467.411,-0.003182812810821667,-0.0031878887328506984,50.176,49.4805,,0.15679505744674946
2017-03-01,002594.SZ,50.09,50.49,49.91,50.19,50.11,0.08,0.16,50052.68,251094.394,0.0015964877270004951,0.0015952146952089117,50.22,49.545,,0.1562155326280458
2017-03-02,002594.SZ,50.35,50.5,49.74,49.75,50.19,-0.44,-0.88,46598.15,232762.851,-0.008766686590954365,-0.00880534006224051,50.108,49.5985,,0.1590432600216518
2017-03-03,002594.SZ,49.75,51.09,49.68,51.01,49.75,1.26,2.53,115375.4,583642.782,0.02532663316582906,0.025011228330233327,50.266,49.7315,,0.17760192895430735
2017-03-06,002594.SZ,51.59,51.59,50.58,50.9,51.01,-0.11,-0.22,75697.96,385768.331,-0.0021564399137423695,-0.0021587683783580933,50.391999999999996,49.843,,0.1777919173469849
2017-03-07,002594.SZ,50.89,51.28,50.68,51.0,50.9,0.1,0.2,49004.75,249591.943,0.0019646365422396617,0.001962709167848689,50.57,49.926,,0.17255687374546078
2017-03-08,002594.SZ,51.05,51.36,50.8,50.84,51.0,-0.16,-0.31,52024.05,265455.137,-0.0031372549019607066,-0.003142186403072393,50.7,49.943,,0.15269042251644527
2017-03-09,002594.SZ,50.8,50.83,50.1,50.17,50.84,-0.67,-1.32,47188.61,237145.109,-0.013178599527930768,-0.013266207825091698,50.784000000000006,49.9525,,0.1556761220569324
2017-03-10,002594.SZ,50.12,50.58,49.91,50.19,50.17,0.02,0.04,51983.85,260642.993,0.00039864460833149984,0.00039856517068051695,50.620000000000005,49.9805,,0.15331095697636113
2017-03-13,002594.SZ,49.98,49.98,49.07,49.84,50.19,-0.35,-0.7,64984.39,323000.221,-0.006973500697349921,-0.0069979291876444425,50.408,49.986000000000004,,0.1555188538432508
2017-03-14,002594.SZ,49.88,50.21,49.61,49.76,49.84,-0.08,-0.16,42289.93,210950.302,-0.0016051364365972098,-0.001606426048273799,50.160000000000004,49.997,,0.15496537920680356
2017-03-15,002594.SZ,49.9,49.9,49.0,49.47,49.76,-0.29,-0.58,37819.02,187281.184,-0.005827974276527259,-0.005845023191306705,49.886,50.033,,0.14474982617975307
2017-03-16,002594.SZ,49.75,50.16,49.69,50.02,49.47,0.55,1.11,49327.68,246285.782,0.011117849201536467,0.011056500209855949,49.856,50.089000000000006,,0.14919351117757249
2017-03-17,002594.SZ,50.15,50.28,49.48,49.49,50.02,-0.53,-1.06,57737.3,288105.663,-0.010595761695321948,-0.010652296485678378,49.715999999999994,50.1355,,0.15235244895426553
2017-03-20,002594.SZ,49.45,49.45,48.98,49.19,49.49,-0.3,-0.61,52836.84,259912.157,-0.006061830672863255,-0.0060802781565463026,49.586,50.137,,0.14810027484645014
2017-03-21,002594.SZ,49.2,49.39,49.06,49.3,49.19,0.11,0.22,38819.54,191104.216,0.0022362268753810532,0.00223373024139586,49.494,50.1,,0.13272914307717681
2017-03-22,002594.SZ,49.2,49.23,48.8,48.9,49.3,-0.4,-0.81,39045.07,191186.268,-0.008113590263691628,-0.008146684567818026,49.38,50.0465,,0.13530531191216788
2017-03-23,002594.SZ,48.93,49.77,48.93,49.45,48.9,0.55,1.12,55821.1,275918.231,0.011247443762781195,0.011184661587894789,49.266,50.003499999999995,,0.13957693134466231
2017-03-24,002594.SZ,49.82,49.84,49.38,49.65,49.45,0.2,0.4,41430.71,205578.832,0.004044489383215222,0.004036332422460332,49.297999999999995,49.975,,0.14057511790969623
2017-03-27,002594.SZ,49.8,50.25,49.52,49.6,49.65,-0.05,-0.1,36709.93,182935.046,-0.001007049345417843,-0.0010075567602997166,49.38,49.9415,,0.1404658755048764
2017-03-28,002594.SZ,49.73,49.99,49.62,49.9,49.6,0.3,0.6,39118.1,194960.714,0.006048387096774244,0.006030169026591231,49.5,49.931,,0.1420569394591898
2017-03-29,002594.SZ,49.01,49.3,48.5,48.8,49.9,-1.1,-2.2,85814.36,419686.96,-0.022044088176352727,-0.02229068989837151,49.48,49.8615,,0.1615949045992418
2017-03-30,002594.SZ,48.77,48.78,47.68,47.82,48.8,-0.98,-2.01,67797.89,325765.499,-0.020081967213114726,-0.020286350828922793,49.154,49.765,,0.17306370311440386
2017-03-31,002594.SZ,47.82,48.29,47.8,48.02,47.82,0.2,0.42,45984.39,221134.026,0.004182350480970376,0.00417362876292856,48.827999999999996,49.615500000000004,,0.14248580263303554
2017-04-05,002594.SZ,48.63,49.67,48.63,49.4,48.02,1.38,2.87,76000.65,374764.331,0.028738025822573787,0.028332833400769523,48.788,49.5405,49.47083333333333,0.18166202966831338
2017-04-06,002594.SZ,49.45,49.97,49.01,49.48,49.4,0.08,0.16,51305.52,254071.603,0.0016194331983805377,0.0016181233304102998,48.70399999999999,49.4645,49.465,0.18158052652962217
2017-04-07,002594.SZ,49.5,49.81,49.4,49.6,49.48,0.12,0.24,43523.97,216135.567,0.0024252223120453387,0.002422286206594717,48.864,49.402499999999996,49.445,0.18196797321375388
2017-04-10,002594.SZ,49.62,50.12,49.29,49.65,49.6,0.05,0.1,43366.03,215230.59,0.0010080645161290036,0.0010075567602997706,49.23,49.37650000000001,49.432,0.17643625858162218
2017-04-11,002594.SZ,49.85,54.43,49.8,53.01,49.65,3.36,6.77,262271.6,1385995.586,0.0676737160120846,0.06548218450853313,50.228,49.5175,49.485499999999995,0.2994876189286241
2017-04-12,002594.SZ,52.79,53.48,52.03,52.98,53.01,-0.03,-0.06,115414.61,609650.83,-0.0005659309564233217,-0.0005660911557910797,50.944,49.6745,49.53666666666666,0.29754277453446104
2017-04-13,002594.SZ,52.5,52.98,51.98,52.45,52.98,-0.53,-1.0,59102.78,309646.887,-0.010003775009437388,-0.010054149001617328,51.538,49.809,49.583333333333336,0.3008252984561671
2017-04-14,002594.SZ,52.44,52.48,51.3,51.35,52.45,-1.1,-2.1,68709.91,355954.002,-0.02097235462345093,-0.02119539846773897,51.888,49.903000000000006,49.61533333333333,0.3112114337099237
2017-04-17,002594.SZ,51.03,51.7,50.72,51.38,51.35,0.03,0.06,46220.74,236677.848,0.0005842259006816342,0.0005840553071703186,52.234,49.971,49.65566666666667,0.3093790980081692
2017-04-18,002594.SZ,51.99,52.45,51.52,51.6,51.38,0.22,0.43,67517.43,351262.631,0.004281821720513834,0.004272680805779547,51.952,50.076499999999996,49.700500000000005,0.30614318830172954
2017-04-19,002594.SZ,51.58,52.08,50.35,51.26,51.6,-0.34,-0.66,68488.41,350341.675,-0.006589147286821806,-0.0066109515515921004,51.608000000000004,50.18,49.75883333333333,0.3063390055387286
2017-04-20,002594.SZ,51.3,51.95,50.4,51.95,51.26,0.69,1.35,58608.07,299802.634,0.013460788138899726,0.013370996609311347,51.508,50.3125,49.821333333333335,0.3089195107423945
2017-04-21,002594.SZ,51.96,52.72,51.75,51.97,51.95,0.02,0.04,66685.47,348116.552,0.00038498556304134013,0.00038491147511404336,51.63199999999999,50.465999999999994,49.885666666666665,0.30640123144587794
2017-04-24,002594.SZ,51.96,52.49,50.75,50.84,51.97,-1.13,-2.17,58738.25,302580.817,-0.021743313450067303,-0.021983182699097145,51.524,50.5355,49.931333333333335,0.317130797227215
2017-04-25,002594.SZ,51.0,51.46,50.66,51.18,50.84,0.34,0.67,43369.28,221889.094,0.0066876475216364195,0.006665384410389364,51.44,50.611999999999995,49.974666666666664,0.31754261191839284
2017-04-26,002594.SZ,51.36,52.97,51.18,52.52,51.18,1.34,2.62,90525.42,473902.068,0.026182102383743633,0.02584521870295267,51.69200000000001,50.758,50.035666666666664,0.32892601191002263
2017-04-27,002594.SZ,52.47,52.47,51.51,52.09,52.52,-0.43,-0.82,59489.51,308908.018,-0.00818735719725816,-0.008221057677495239,51.720000000000006,50.86749999999999,50.092999999999996,0.33108722493138
2017-04-28,002594.SZ,51.99,52.6,51.0,51.88,52.09,-0.21,-0.4,61988.55,320502.394,-0.004031483970051819,-0.004039632308857025,51.702,51.021499999999996,50.14266666666666,0.3194529891438324
2017-05-02,002594.SZ,51.15,51.35,49.54,49.7,51.88,-2.18,-4.2,109293.11,548737.552,-0.04202004626060141,-0.04292842634566011,51.474000000000004,51.115500000000004,50.159666666666666,0.3488460930068639
2017-05-03,002594.SZ,49.5,49.6,48.53,48.8,49.7,-0.9,-1.81,69198.61,338392.883,-0.01810865191146893,-0.01827462024348167,50.998000000000005,51.1545,50.16716666666667,0.3560281862900526
2017-05-04,002594.SZ,48.82,49.27,48.58,48.71,48.8,-0.09,-0.18,38077.65,186105.336,-0.0018442622950819443,-0.0018459650406501776,50.236000000000004,51.12,50.167833333333334,0.3406932694000408
2017-05-05,002594.SZ,48.7,48.95,48.3,48.34,48.71,-0.37,-0.76,32300.5,156745.226,-0.00759597618558816,-0.007624972543114324,49.486000000000004,51.063,50.15116666666666,0.3415066617913348
2017-05-08,002594.SZ,48.34,49.2,48.34,48.79,48.34,0.45,0.93,34914.15,170485.605,0.009309060819197246,0.009265998552408762,48.868,51.0225,50.12266666666667,0.34327826115203136
2017-05-09,002594.SZ,48.79,49.15,48.41,49.0,48.79,0.21,0.43,24826.61,121222.122,0.004304160688665792,0.004294924282880871,48.728,50.989999999999995,50.10633333333333,0.34368276862694935
2017-05-10,002594.SZ,49.09,49.19,48.0,48.0,49.0,-1.0,-2.04,39103.3,190542.978,-0.020408163265306145,-0.020619287202735703,48.568,50.7395,50.079166666666666,0.23817591841156266
2017-05-11,002594.SZ,48.0,48.1,46.57,47.83,48.0,-0.17,-0.35,62121.3,294299.914,-0.003541666666666665,-0.0035479532156854044,48.391999999999996,50.482,50.04750000000001,0.237700794181574
2017-05-12,002594.SZ,47.84,48.11,47.5,48.03,47.83,0.2,0.42,29961.46,143557.52,0.004181476061049683,0.0041727579845276174,48.33,50.261,50.02233333333333,0.23906364873017594
2017-05-15,002594.SZ,48.24,48.48,47.91,47.93,48.03,-0.1,-0.21,19021.81,91739.725,-0.002082032063293826,-0.002084202505193147,48.158,50.089999999999996,50.00866666666666,0.2308353105501375
2017-05-16,002594.SZ,47.92,48.85,47.49,48.65,47.93,0.72,1.5,31106.67,149412.636,0.015021906947631836,0.01491019546047403,48.088,49.953500000000005,50.0045,0.239611768255309
2017-05-17,002594.SZ,48.65,49.55,48.57,48.86,48.65,0.21,0.43,42441.65,208618.072,0.004316546762589857,0.00430725719758027,48.26,49.816500000000005,50.0095,0.23962505980935833
2017-05-18,002594.SZ,48.5,49.13,48.33,48.37,48.86,-0.49,-1.0,20725.72,100790.587,-0.01002865329512903,-0.010079278994702668,48.368,49.672000000000004,49.99633333333333,0.24069026809645713
2017-05-19,002594.SZ,48.45,48.74,48.2,48.55,48.37,0.18,0.37,23363.25,113239.155,0.003721314864585379,0.0037144079024419765,48.472,49.501999999999995,49.9715,0.2343700399373692
2017-05-22,002594.SZ,48.55,48.86,47.93,48.39,48.55,-0.16,-0.33,24705.02,119675.389,-0.0032955715756950443,-0.0033010139321066174,48.564,49.323,49.945166666666665,0.23397170149292548
2017-05-23,002594.SZ,48.39,48.91,47.45,48.79,48.39,0.4,0.83,45473.0,219324.651,0.00826617069642488,0.008232193022518635,48.592,49.2205,49.91983333333334,0.22701142255136736
2017-05-24,002594.SZ,48.6,48.95,48.0,48.8,48.79,0.01,0.02,32911.26,160081.85,0.00020496003279357744,0.000204939031355644,48.58,49.1015,49.896166666666666,0.22489339427670896
2017-05-25,002594.SZ,48.8,48.88,48.2,48.75,48.8,-0.05,-0.1,33790.34,163972.121,-0.0010245901639344135,-0.001025115415245297,48.656,48.913,49.87083333333333,0.19839706793820464
2017-05-26,002594.SZ,48.85,49.26,48.76,49.11,48.75,0.36,0.74,40699.14,199387.273,0.007384615384615323,0.007357482607296982,48.768,48.764,49.854166666666664,0.20134360185622113
2017-05-31,002594.SZ,49.38,50.0,49.3,49.85,49.11,0.74,1.51,55752.94,276534.554,0.015068214212991204,0.01495581635669407,49.06,48.6625,49.848499999999994,0.21105443934445534
2017-06-01,002594.SZ,49.85,50.07,49.01,49.33,49.85,-0.52,-1.04,38640.48,191414.29,-0.010431293881644987,-0.010486081162200508,49.168,48.644,49.841499999999996,0.15331708919174808
2017-06-02,002594.SZ,49.39,49.7,48.8,49.44,49.33,0.11,0.22,25275.36,124282.022,0.002229880397324191,0.0022273979037884975,49.296,48.676,49.815333333333335,0.13829687288595335
2017-06-05,002594.SZ,49.51,50.2,49.51,50.2,49.44,0.76,1.54,50894.93,254333.825,0.015372168284789822,0.015255213548248355,49.586,48.7505,49.803666666666665,0.1473240246187767
2017-06-06,002594.SZ,50.2,50.3,49.7,50.0,50.2,-0.2,-0.4,26957.88,134786.202,-0.003984063745020028,-0.003992021269537561,49.763999999999996,48.8335,49.787,0.14488821782646133
2017-06-07,002594.SZ,50.06,50.57,49.9,50.5,50.0,0.5,1.0,46360.2,233517.868,0.010000000000000009,0.009950330853168092,49.89399999999999,48.919,49.78133333333333,0.1453875327851807
2017-06-08,002594.SZ,50.52,50.61,50.12,50.5,50.5,0.0,0.0,27473.71,138447.553,0.0,0.0,50.128,48.994,49.786833333333334,0.14519267985085035
2017-06-09,002594.SZ,50.6,50.78,49.96,50.24,50.5,-0.26,-0.51,38682.3,194073.372,-0.005148514851485153,-0.00516181412137091,50.288,49.106,49.787666666666674,0.12299275812813405
2017-06-12,002594.SZ,50.0,50.88,49.71,50.5,50.24,0.26,0.52,55222.11,277483.403,0.0051751592356688025,0.0051618141213709175,50.348,49.2395,49.79866666666667,0.12137213403592961
2017-06-13,002594.SZ,50.41,52.49,50.38,51.82,50.5,1.32,2.61,84470.17,436146.393,0.026138613861386162,0.025802838852649796,50.712,49.429,49.833,0.14710924608815407
2017-06-14,002594.SZ,51.82,52.83,51.58,51.6,51.82,-0.22,-0.42,91069.95,476553.923,-0.004245465071401,-0.00425450264644686,50.932,49.6125,49.868500000000004,0.14845961634992305
2017-06-15,002594.SZ,51.7,51.96,51.35,51.7,51.6,0.1,0.19,39495.8,203844.291,0.0019379844961240345,0.0019361090268664007,51.172000000000004,49.765,49.896499999999996,0.14241007928193378
2017-06-16,002594.SZ,51.85,52.1,51.0,51.05,51.7,-0.65,-1.26,51159.3,263461.006,-0.012572533849129708,-0.012652236903709,51.334,49.8745,49.92250000000001,0.15271534325357872
2017-06-19,002594.SZ,51.0,51.62,50.87,51.23,51.05,0.18,0.35,36318.08,186094.832,0.0035259549461312822,0.0035197533404363953,51.48,50.0175,49.956500000000005,0.14569237593486487
2017-06-20,002594.SZ,51.4,51.81,50.55,50.58,51.23,-0.65,-1.27,49972.27,255456.823,-0.012687878196369295,-0.01276905670929181,51.232000000000006,50.119,49.977833333333336,0.15578349194193064
2017-06-21,002594.SZ,50.76,51.27,50.52,50.95,50.58,0.37,0.73,53808.53,273301.435,0.007315144325820588,0.007288518426914836,51.102,50.247,50.01199999999999,0.15546592667576445
2017-06-22,002594.SZ,50.93,51.25,50.76,50.77,50.95,-0.18,-0.35,55269.69,281679.51,-0.0035328753680078373,-0.003539130709430845,50.916000000000004,50.346000000000004,50.034,0.1554302913193276
2017-06-23,002594.SZ,50.7,50.88,50.15,50.6,50.77,-0.17,-0.33,45962.87,231809.268,-0.003348434114634702,-0.003354052665883177,50.826,50.436,50.04983333333333,0.1564937301335542
2017-06-26,002594.SZ,50.54,51.76,50.54,51.52,50.6,0.92,1.82,67567.8,346654.536,0.0181818181818183,0.01801850550267843,50.884,50.5745,50.08183333333333,0.16634102463367842
2017-06-27,002594.SZ,51.6,51.98,51.18,51.47,51.52,-0.05,-0.1,46282.17,238798.256,-0.0009704968944099779,-0.0009709681314350578,51.062000000000005,50.692499999999995,50.108,0.16594282275628555
2017-06-28,002594.SZ,51.12,51.17,50.46,50.56,51.47,-0.91,-1.77,47055.24,238564.224,-0.017680202059452088,-0.017838363826061153,50.984,50.728,50.13733333333334,0.17333840971453043
2017-06-29,002594.SZ,50.65,50.8,50.24,50.31,50.56,-0.25,-0.49,41201.52,207772.933,-0.0049446202531645556,-0.004956885335374807,50.892,50.777,50.17883333333334,0.1696943404959585
2017-06-30,002594.SZ,50.21,50.27,49.49,49.95,50.31,-0.36,-0.72,56516.37,281261.803,-0.007155635062611743,-0.007181359408664585,50.762,50.802499999999995,50.211000000000006,0.17207371343150898
2017-07-03,002594.SZ,49.75,50.28,49.74,50.03,49.95,0.08,0.16,25615.34,128078.311,0.00160160160160161,0.0016003204055511572,50.464,50.794,50.2215,0.16306831206630318
2017-07-04,002594.SZ,50.09,51.08,50.08,50.5,50.03,0.47,0.94,49469.45,250786.936,0.00939436338197086,0.00935051078120051,50.269999999999996,50.819,50.2385,0.1657560632640115
2017-07-05,002594.SZ,50.51,51.46,50.51,51.18,50.5,0.68,1.35,51981.84,265549.226,0.013465346534653477,0.013375494450328622,50.394,50.853,50.26483333333333,0.16880499399405238
2017-07-06,002594.SZ,50.99,51.53,50.52,50.85,51.18,-0.33,-0.64,57560.6,293959.674,-0.00644783118405623,-0.0064687082370737505,50.501999999999995,50.87050000000001,50.28483333333334,0.17071184404185846
2017-07-07,002594.SZ,50.78,50.9,50.34,50.67,50.85,-0.18,-0.35,32924.56,166618.442,-0.0035398230088495852,-0.003546103006750589,50.646,50.892,50.24583333333333,0.1701128095478535
2017-07-10,002594.SZ,50.66,50.66,50.01,50.05,50.67,-0.62,-1.22,38057.0,191155.906,-0.012236037102822284,-0.012311513726588907,50.65,50.8695,50.197,0.17489942255110857
2017-07-11,002594.SZ,50.02,50.5,50.0,50.09,50.05,0.04,0.08,26512.77,133130.713,0.0007992007992008165,0.0007988816082958577,50.568,50.783,50.157666666666664,0.14439026679069056
2017-07-12,002594.SZ,50.39,50.4,49.41,49.84,50.09,-0.25,-0.5,44339.24,220597.889,-0.004991016170892371,-0.0050035128903277055,50.3,50.69500000000001,50.1325,0.14459164483078188
2017-07-13,002594.SZ,49.8,50.1,49.66,49.86,49.84,0.02,0.04,24887.89,124118.181,0.00040128410914919144,0.00040120361621403416,50.102000000000004,50.603,50.107166666666664,0.14418195189375377
2017-07-14,002594.SZ,50.15,50.92,49.88,50.57,49.86,0.71,1.42,46878.38,236872.536,0.014239871640593593,0.014139436996479769,50.082,50.579,50.09,0.14887683683233927
2017-07-17,002594.SZ,50.57,50.64,48.91,49.0,50.57,-1.57,-3.1,61433.5,304009.42,-0.03104607474787424,-0.031538216981265056,49.872,50.4675,50.05233333333334,0.18329156534060015
2017-07-18,002594.SZ,49.19,49.55,48.68,48.97,49.0,-0.03,-0.06,27430.47,134468.591,-0.000612244897959191,-0.0006124323964006115,49.648,50.387,50.00266666666666,0.1790545901923099
2017-07-19,002594.SZ,49.09,49.69,48.98,49.59,48.97,0.62,1.27,32708.32,161628.353,0.01266081274249542,0.01258133478681651,49.598,50.319,49.963,0.1835168863886713
2017-07-20,002594.SZ,49.61,50.29,49.57,50.08,49.59,0.49,0.99,35918.87,179475.93,0.009881024400080651,0.009832526290800574,49.641999999999996,50.284499999999994,49.95033333333333,0.18747491240168673
2017-07-21,002594.SZ,50.11,50.93,49.72,50.49,50.08,0.41,0.82,57303.82,290041.314,0.008186900958466525,0.008153570078981315,49.626,50.278999999999996,49.93883333333334,0.18970441681343
2017-07-24,002594.SZ,50.51,50.8,49.33,49.89,50.49,-0.6,-1.19,56919.23,283645.714,-0.011883541295306,-0.01195471499787833,49.804,50.1975,49.895,0.18123034904823349
2017-07-25,002594.SZ,50.01,50.05,49.3,49.39,49.89,-0.5,-1.0,38482.76,190503.721,-0.010022048506714731,-0.010072607320412489,49.888,50.093500000000006,49.85,0.1836820591483001
2017-07-26,002594.SZ,49.77,49.77,48.62,48.9,49.39,-0.49,-0.99,52079.67,255136.77,-0.009921036647094539,-0.009970578071707113,49.75,50.0105,49.800333333333334,0.17683215673510383
2017-07-27,002594.SZ,49.0,49.3,48.88,49.1,48.9,0.2,0.41,37924.85,186246.195,0.004089979550102374,0.004081638319648678,49.554,49.95,49.790333333333336,0.17747831217675844
2017-07-28,002594.SZ,49.1,49.54,49.09,49.47,49.1,0.37,0.75,29969.55,147881.668,0.007535641547861349,0.007507390439142174,49.35,49.926,49.801500000000004,0.1785504262343464
2017-07-31,002594.SZ,49.61,49.67,48.85,49.0,49.47,-0.47,-0.95,51892.1,254905.211,-0.00950070749949461,-0.009546127128990582,49.172,49.8745,49.806333333333335,0.18121074972052942
2017-08-01,002594.SZ,49.0,49.3,48.92,49.06,49.0,0.06,0.12,44985.78,220751.525,0.001224489795918382,0.0012237407197166485,49.106,49.8025,49.81833333333334,0.1772868706899103
2017-08-02,002594.SZ,49.11,49.18,48.45,48.5,49.06,-0.56,-1.14,52435.45,255442.363,-0.011414594374235643,-0.011480240886905744,49.025999999999996,49.6685,49.8135,0.17154832254027955
2017-08-03,002594.SZ,48.54,48.84,48.41,48.67,48.5,0.17,0.35,50985.49,247641.072,0.003505154639175334,0.003499025901925499,48.940000000000005,49.5595,49.808,0.1722468648466933
2017-08-04,002594.SZ,48.69,48.78,48.4,48.51,48.49,0.02,0.04,26730.37,129821.463,-0.00328744606533804,-0.003292861588237816,48.748000000000005,49.451499999999996,49.8165,0.17222183678561873
2017-08-07,002594.SZ,48.56,49.05,48.56,48.91,48.51,0.4,0.82,30464.23,148872.114,0.008245722531436739,0.008211912294140575,48.730000000000004,49.39450000000001,49.8345,0.17160924013056209
2017-08-08,002594.SZ,48.91,49.45,48.67,49.21,48.91,0.3,0.61,40118.7,196964.97,0.006133714986710448,0.006114980326621183,48.760000000000005,49.3505,49.854166666666664,0.17342545938618817
2017-08-09,002594.SZ,49.15,49.39,48.9,49.13,49.21,-0.08,-0.16,29892.24,146744.557,-0.001625685836212143,-0.0016270086973299597,48.886,49.315,49.87416666666666,0.17276435373588814
2017-08-10,002594.SZ,49.14,49.25,48.5,48.73,49.13,-0.4,-0.81,28966.1,141549.382,-0.008141664970486628,-0.008174989325142224,48.897999999999996,49.2585,49.8755,0.17471832932300935
2017-08-11,002594.SZ,48.59,48.59,47.67,47.85,48.73,-0.88,-1.81,59257.32,284783.564,-0.018058690744920947,-0.018223738956451498,48.766,49.1225,49.858666666666664,0.17475353144047745
2017-08-14,002594.SZ,48.0,48.29,47.89,48.2,47.85,0.35,0.73,27353.05,131646.281,0.007314524555903867,0.007287903157591352,48.624,49.0825,49.85583333333334,0.14226285485657877
2017-08-15,002594.SZ,48.3,48.38,47.86,48.0,48.2,-0.2,-0.41,32050.47,153941.418,-0.004149377593361092,-0.004158010148663788,48.382,49.034000000000006,49.84666666666667,0.14275924342329324
2017-08-16,002594.SZ,48.01,48.32,47.6,48.26,48.0,0.26,0.54,31572.54,151598.581,0.005416666666666625,0.005402049288994704,48.208,48.9675,49.844500000000004,0.1357342254760561
2017-08-17,002594.SZ,48.3,48.39,48.04,48.32,48.26,0.06,0.12,26240.32,126497.145,0.001243265644426117,0.0012424934296739246,48.126,48.8795,49.83666666666667,0.12960168409034642
2017-08-18,002594.SZ,48.29,48.7,48.05,48.55,48.32,0.23,0.48,31674.32,153626.476,0.004759933774834302,0.004748641110774276,48.266,48.782500000000006,49.832499999999996,0.1266521452002408
2017-08-21,002594.SZ,48.5,49.08,48.48,48.66,48.55,0.11,0.23,33868.29,164854.875,0.0022657054582904124,0.0022631426180426263,48.358,48.721000000000004,49.831,0.12176312030491761
2017-08-22,002594.SZ,48.8,48.96,48.12,48.16,48.66,-0.5,-1.03,37715.36,182505.874,-0.01027538018906704,-0.010328536354811001,48.39,48.659499999999994,49.81516666666666,0.12200909813644054
2017-08-23,002594.SZ,48.2,48.45,48.01,48.27,48.16,0.11,0.23,21112.13,101819.233,0.002284053156146326,0.002281448671836081,48.392,48.628,49.78883333333333,0.11811027624282155
2017-08-24,002594.SZ,48.31,48.39,47.91,48.0,48.27,-0.27,-0.56,33926.72,163248.155,-0.005593536357986428,-0.0056092387645107055,48.327999999999996,48.57299999999999,49.766666666666666,0.11798837558711635
2017-08-25,002594.SZ,48.51,48.99,48.09,48.68,48.0,0.68,1.42,53405.92,260138.57,0.01416666666666666,0.014067257211435489,48.354,48.533500000000004,49.754,0.12647254723582854
2017-08-28,002594.SZ,48.8,49.58,48.71,49.35,48.68,0.67,1.38,64106.41,316073.108,0.013763352506162674,0.013669497760164146,48.492000000000004,48.551,49.73983333333334,0.13202089960716729
2017-08-29,002594.SZ,49.0,49.0,48.13,48.42,49.35,-0.93,-1.88,74521.09,360559.689,-0.018844984802431575,-0.019024814369578123,48.544,48.519,49.713499999999996,0.14852515508473654
2017-08-30,002594.SZ,48.3,48.45,47.99,48.39,48.42,-0.03,-0.06,37789.09,182161.66,-0.0006195786864932051,-0.000619770704685266,48.568,48.5135,49.678333333333335,0.14295257302724973
2017-08-31,002594.SZ,48.31,48.67,48.3,48.49,48.39,0.1,0.21,29314.39,142056.447,0.00206654267410622,0.002064410312033724,48.666,48.5045,49.64483333333333,0.14256541378700646
2017-09-01,002594.SZ,48.49,48.6,48.11,48.29,48.49,-0.2,-0.41,33500.64,161731.351,-0.004124561765312507,-0.004133091231810455,48.588,48.4935,49.61233333333333,0.14284070328783358
2017-09-04,002594.SZ,48.42,48.99,48.41,48.76,48.29,0.47,0.97,49331.69,240744.075,0.009732863946986914,0.00968580472762021,48.47,48.486000000000004,49.583333333333336,0.1440973820616942
2017-09-05,002594.SZ,48.79,48.93,48.67,48.88,48.76,0.12,0.25,32331.5,157831.796,0.0024610336341264194,0.0024580102502691934,48.562,48.4695,49.53433333333334,0.14256686983385483
2017-09-06,002594.SZ,49.05,50.88,49.04,50.3,48.88,1.42,2.91,128700.78,644059.292,0.02905073649754497,0.028636762242353602,48.944,48.528000000000006,49.51266666666666,0.17635766211201814
2017-09-07,002594.SZ,50.01,50.3,49.51,49.57,50.3,-0.73,-1.45,67109.45,334326.437,-0.014512922465208633,-0.014619265073210883,49.160000000000004,48.57,49.47716666666667,0.18220416242805385
2017-09-08,002594.SZ,49.65,49.85,49.39,49.82,49.57,0.25,0.5,42648.69,211530.238,0.005043373007867613,0.005030697801551791,49.465999999999994,48.6685,49.45666666666666,0.16820911888936005
2017-09-11,002594.SZ,52.62,53.5,51.65,51.85,49.82,2.03,4.07,190193.88,993398.565,0.040746688077077486,0.03993842484150198,50.084,48.851000000000006,49.467,0.21685551846318804
2017-09-12,002594.SZ,52.4,57.04,52.4,55.81,51.85,3.96,7.64,495529.42,2746256.727,0.07637415621986499,0.07359813012480586,51.470000000000006,49.241499999999995,49.55416666666667,0.33446219381780623
2017-09-13,002594.SZ,55.0,55.35,54.0,54.88,55.81,-0.93,-1.67,236513.15,1291741.256,-0.016663680344024323,-0.016804081382712374,52.386,49.5725,49.619666666666674,0.3455234805181047
2017-09-14,002594.SZ,55.6,55.88,54.0,54.47,54.88,-0.41,-0.75,146047.51,798992.544,-0.007470845481049593,-0.007498892022046716,53.366,49.88,49.681333333333335,0.34870731514618025
2017-09-15,002594.SZ,54.17,54.19,53.0,53.4,54.47,-1.07,-1.96,125873.6,672584.956,-0.019643840646227262,-0.019839345429433924,54.08200000000001,50.122499999999995,49.728,0.36062805742553816
2017-09-18,002594.SZ,53.39,58.54,53.39,57.93,53.4,4.53,8.48,372631.68,2105090.645,0.08483146067415737,0.08142463914238367,55.298,50.586,49.834833333333336,0.4581888334061523
2017-09-19,002594.SZ,57.5,57.66,56.38,57.25,57.93,-0.68,-1.17,215409.82,1228898.008,-0.011738304850681835,-0.011807742674183714,55.586,51.0405,49.93116666666666,0.45903959643158737
2017-09-20,002594.SZ,57.17,62.98,56.66,61.82,57.25,4.57,7.98,548300.47,3359873.751,0.07982532751091709,0.07679929426962127,56.974000000000004,51.718,50.118833333333335,0.5220423509968727
2017-09-21,002594.SZ,61.35,64.38,60.61,62.57,61.82,0.75,1.21,447493.86,2798742.958,0.012131996117761279,0.012058993306301906,58.593999999999994,52.4465,50.323166666666665,0.5174664746100492
2017-09-22,002594.SZ,62.31,64.5,61.71,62.32,62.57,-0.25,-0.4,290495.99,1831760.254,-0.003995525011986523,-0.0040035284477792435,60.378,53.128499999999995,50.52933333333333,0.5213109104207176
2017-09-25,002594.SZ,62.0,62.65,59.65,60.29,62.32,-2.03,-3.26,248954.05,1520891.606,-0.032573812580231065,-0.03311614906117863,60.85,53.6755,50.70033333333333,0.5456951032429902
2017-09-26,002594.SZ,59.8,65.0,59.8,65.0,60.29,4.71,7.81,383172.84,2427224.404,0.07812240835959527,0.0752210173943229,62.4,54.50449999999999,50.942,0.5835315222572641
2017-09-27,002594.SZ,66.1,70.93,65.56,67.87,65.0,2.87,4.42,474803.58,3241461.154,0.04415384615384621,0.043206840820029936,63.61,55.47850000000001,51.220166666666664,0.588795162260297
2017-09-28,002594.SZ,67.1,70.48,66.57,68.95,67.87,1.08,1.59,325263.96,2219983.031,0.01591277442168848,0.015787493523643788,64.886,56.50150000000001,51.52183333333333,0.5859665079324194
2017-09-29,002594.SZ,68.25,69.46,66.86,68.3,68.95,-0.65,-0.94,294855.76,2005780.685,-0.009427121102248082,-0.009471837662566516,66.082,57.501999999999995,51.815666666666665,0.5889625632640643
2017-10-09,002594.SZ,72.6,73.5,70.5,72.08,68.3,3.78,5.53,378033.29,2727755.023,0.05534407027818444,0.05386684672333806,68.44,58.66799999999999,52.182833333333335,0.6024487743693736
2017-10-10,002594.SZ,71.01,71.99,69.85,70.62,72.08,-1.46,-2.03,231070.49,1637321.731,-0.02025527192008869,-0.020463222799842022,69.56400000000001,59.75500000000001,52.525,0.6166484589302302
2017-10-11,002594.SZ,71.25,71.6,68.08,68.65,70.62,-1.97,-2.79,229790.52,1584085.229,-0.02789578023222883,-0.02829225828626029,69.72,60.6725,52.8385,0.6374405259190181
2017-10-12,002594.SZ,68.35,69.68,66.93,68.3,68.65,-0.35,-0.51,228825.96,1559905.993,-0.005098324836125379,-0.005111365637235783,69.59,61.608999999999995,53.145833333333336,0.6322367723360657
2017-10-13,002594.SZ,68.4,68.59,66.6,67.72,68.3,-0.58,-0.85,160442.63,1079412.942,-0.008491947291361601,-0.008528209311809774,69.474,62.504,53.431666666666665,0.6374039418720433
2017-10-16,002594.SZ,67.75,69.35,66.5,67.4,67.72,-0.32,-0.47,201483.71,1370037.807,-0.004725339633786074,-0.004736539346673112,68.538,63.28150000000001,53.73833333333333,0.6346179006934132
2017-10-17,002594.SZ,67.1,68.35,66.71,67.37,67.4,-0.03,-0.04,115799.98,780476.725,-0.0004451038575667976,-0.00044520294569290366,67.888,63.85949999999999,54.045,0.5914916527831988
2017-10-18,002594.SZ,67.8,68.8,67.3,67.43,67.37,0.06,0.09,141560.25,962447.35,0.0008906041264657993,0.0008902077739221106,67.644,64.487,54.342333333333336,0.5841960110873828
2017-10-19,002594.SZ,67.55,67.84,65.03,65.15,67.43,-2.28,-3.38,196881.19,1295850.152,-0.033812842948242605,-0.034397719175636436,67.01400000000001,65.021,54.5935,0.6024247464804922
2017-10-20,002594.SZ,65.02,68.68,64.5,68.55,65.15,3.4,5.22,218079.3,1456656.111,0.0521872601688409,0.05087110243746905,67.17999999999999,65.7785,54.894499999999994,0.6100004637479615
2017-10-23,002594.SZ,68.28,68.66,66.63,66.91,68.55,-1.64,-2.39,173726.22,1168661.896,-0.023924142961342043,-0.02421497321359778,67.08200000000001,66.2275,55.17816666666667,0.5609079181986008
2017-10-24,002594.SZ,66.84,67.55,63.88,65.06,66.91,-1.85,-2.76,204807.16,1339470.167,-0.027649080854879604,-0.02803851174952009,66.62,66.61800000000001,55.43933333333334,0.5710144849328377
2017-10-25,002594.SZ,65.08,66.0,64.53,65.48,65.06,0.42,0.65,118238.18,772896.725,0.006455579465109107,0.0064348314577287345,66.22999999999999,66.801,55.71566666666667,0.502172026088391
2017-10-26,002594.SZ,64.79,66.73,64.06,65.8,65.48,0.32,0.49,159153.32,1039928.786,0.004886988393402403,0.004875085828337201,66.36,66.9625,55.994,0.5011481276503172
2017-10-27,002594.SZ,65.97,66.5,64.8,65.13,65.8,-0.67,-1.02,116413.55,763542.709,-0.010182370820668751,-0.01023456577296141,65.676,67.103,56.254999999999995,0.5027693365687258
2017-10-30,002594.SZ,64.85,64.85,61.7,62.53,65.13,-2.6,-3.99,205126.98,1287173.023,-0.03992015968063867,-0.04073883097910356,64.8,67.215,56.4805,0.5102212595225752
2017-10-31,002594.SZ,62.44,63.39,62.03,63.0,62.53,0.47,0.75,103125.07,648127.183,0.0075163921317766835,0.007488284812326077,64.388,67.11500000000001,56.712833333333336,0.42560787481499324
2017-11-01,002594.SZ,64.05,65.48,63.77,64.2,63.0,1.2,1.9,150590.5,975306.221,0.019047619047619202,0.018868484304382954,64.132,66.9315,56.9745,0.3985769512721727
2017-11-02,002594.SZ,64.0,64.44,62.61,63.32,64.2,-0.88,-1.37,100879.16,639052.791,-0.013707165109034358,-0.013801975683104182,63.636,66.65,57.218666666666664,0.3942933869526997
2017-11-03,002594.SZ,63.32,65.65,63.03,64.25,63.32,0.93,1.47,139520.67,903065.031,0.014687302590018936,0.014580488762517765,63.46,66.4475,57.481,0.3991206631535257
2017-11-06,002594.SZ,65.44,66.15,64.43,65.57,64.25,1.32,2.05,134877.86,882061.773,0.020544747081711945,0.020336550500198756,64.068,66.122,57.75866666666666,0.34774282250734767
2017-11-07,002594.SZ,65.85,66.77,64.85,65.52,65.57,-0.05,-0.08,113896.42,746407.099,-0.0007625438462711687,-0.0007628347307140736,64.57199999999999,65.86699999999999,58.030499999999996,0.3428749746171818
2017-11-08,002594.SZ,65.5,68.36,65.12,67.37,65.52,1.85,2.82,220709.45,1484376.001,0.028235653235653357,0.027844375427754614,65.20599999999999,65.803,58.334500000000006,0.34780433292778207
2017-11-09,002594.SZ,67.84,69.3,67.01,67.99,67.37,0.62,0.92,167087.07,1137272.812,0.00920290930681289,0.00916082056579956,66.14,65.7875,58.655499999999996,0.3491151536343733
2017-11-10,002594.SZ,67.9,67.9,66.73,67.65,67.99,-0.34,-0.5,132075.67,889563.474,-0.0050007354022648665,-0.00501328092157105,66.82000000000001,65.784,58.9855,0.3482073758690245
2017-11-13,002594.SZ,68.01,70.23,67.75,70.1,67.65,2.45,3.62,240137.55,1664811.921,0.036215816703621506,0.03557543942374729,67.726,65.919,59.3505,0.3701958633144113
2017-11-14,002594.SZ,70.11,70.25,67.71,68.0,70.1,-2.1,-3.0,172747.84,1188914.356,-0.029957203994293802,-0.030415088864437643,68.22200000000001,65.9505,59.68383333333333,0.3874378730478022
2017-11-15,002594.SZ,67.51,67.69,63.7,63.96,68.0,-4.04,-5.94,233004.18,1516989.636,-0.059411764705882386,-0.061249817210353254,67.53999999999999,65.777,59.9455,0.44237755350918184
2017-11-16,002594.SZ,63.8,64.9,62.76,64.23,63.96,0.27,0.42,117896.31,753593.296,0.004221388367729784,0.0042125033039475904,66.788,65.731,60.21066666666666,0.4267301615706871
2017-11-17,002594.SZ,64.99,65.95,63.59,63.59,64.23,-0.64,-1.0,117539.14,760782.578,-0.00996419118791847,-0.010014165990384755,65.976,65.48299999999999,60.461333333333336,0.379642728309325
2017-11-20,002594.SZ,64.48,69.52,63.85,69.49,63.59,5.9,9.28,282147.11,1898640.794,0.09278188394401621,0.08872663204691943,65.854,65.612,60.808499999999995,0.5024269594898213
2017-11-21,002594.SZ,69.6,73.45,69.02,72.3,69.49,2.81,4.04,362854.11,2606743.576,0.0404374730177004,0.03964127183848303,66.714,65.974,61.21083333333333,0.506597464212399
2017-11-22,002594.SZ,72.28,73.8,71.59,72.79,72.3,0.49,0.68,288934.62,2098373.49,0.006777316735823158,0.006754453965447739,68.48,66.3395,61.6195,0.5066045568308672
2017-11-23,002594.SZ,72.59,73.78,70.51,70.61,72.79,-2.18,-2.99,216167.52,1554460.927,-0.02994916884187393,-0.030406805601911117,69.756,66.58,61.99633333333334,0.5222705199076297
2017-11-24,002594.SZ,70.65,72.28,69.83,70.7,70.61,0.09,0.13,214564.37,1528520.309,0.0012746069961762085,0.001273795374271625,71.178,66.8585,62.36333333333334,0.5197093996702558
2017-11-27,002594.SZ,70.21,70.27,63.63,63.63,70.7,-7.07,-10.0,345568.42,2290501.553,-0.09999999999999998,-0.10536051565782628,70.006,66.9135,62.60133333333333,0.6217329207305607
2017-11-28,002594.SZ,63.5,64.86,61.71,64.73,63.63,1.1,1.73,224011.01,1419502.842,0.01728744303001739,0.01713971531271815,68.492,67.0,62.87316666666667,0.6239277144972595
2017-11-29,002594.SZ,64.82,64.98,63.0,64.35,64.73,-0.38,-0.59,144177.69,924072.963,-0.005870539162675881,-0.0058878385152833015,66.804,67.00750000000001,63.13916666666667,0.6212132372260538
2017-11-30,002594.SZ,63.6,64.05,62.11,62.22,64.35,-2.13,-3.31,135172.22,850257.006,-0.03310023310023302,-0.033660442572644625,65.126,66.9525,63.368,0.6309788739003305
2017-12-01,002594.SZ,62.2,63.66,61.71,63.35,62.22,1.13,1.82,98388.77,620077.095,0.018161362905818157,0.017998415297657187,63.65599999999999,66.9075,63.61900000000001,0.6321793505443275
2017-12-04,002594.SZ,63.49,64.67,63.0,63.43,63.35,0.08,0.13,93559.04,599016.497,0.0012628255722177961,0.0012620288786576702,63.616,66.8005,63.8635,0.627579376925673
2017-12-05,002594.SZ,62.62,64.4,62.01,62.69,63.43,-0.74,-1.17,107230.98,678552.969,-0.011666403909821876,-0.011734990359928645,63.20799999999999,66.659,64.09366666666666,0.6287383417941701
2017-12-06,002594.SZ,63.13,63.8,58.02,60.9,62.69,-1.79,-2.86,278179.12,1674009.228,-0.028553198277237235,-0.028968770570025847,62.517999999999994,66.3355,64.27033333333334,0.6254786128831132
2017-12-07,002594.SZ,60.0,60.46,58.8,59.07,60.9,-1.83,-3.0,114122.12,678933.558,-0.03004926108374384,-0.03050999339670747,61.888,65.8895,64.42866666666666,0.6297500131887277
2017-12-08,002594.SZ,59.2,60.57,59.2,59.75,59.07,0.68,1.15,123145.94,739118.658,0.011511765701709864,0.011446009492476213,61.168000000000006,65.49449999999999,64.59416666666667,0.6329060541111096
2017-12-11,002594.SZ,60.51,62.88,60.08,62.59,59.75,2.84,4.75,149138.6,922622.265,0.04753138075313812,0.04643633012499009,61.0,65.119,64.77316666666667,0.6439593708196575
2017-12-12,002594.SZ,63.18,64.0,62.0,62.07,62.59,-0.52,-0.83,148571.85,933129.078,-0.008308036427544407,-0.008342740511048816,60.876,64.8225,64.8775,0.6373214434605181
2017-12-13,002594.SZ,62.11,63.01,61.64,63.0,62.07,0.93,1.5,88655.88,554367.593,0.014983083615273118,0.014871945965971373,61.29600000000001,64.7745,65.01283333333333,0.6050885018385185
2017-12-14,002594.SZ,62.99,63.8,62.31,63.66,63.0,0.66,1.05,103337.33,654156.603,0.010476190476190528,0.010421695462414131,62.214,64.74600000000001,65.166,0.6060822111819721
2017-12-15,002594.SZ,63.08,63.3,61.7,62.75,63.66,-0.91,-1.43,108268.87,676816.593,-0.0142946905435124,-0.014397843842053492,62.814,64.704,65.32183333333333,0.6072441053332793
2017-12-18,002594.SZ,62.54,63.33,61.8,62.51,62.75,-0.24,-0.38,66222.57,414439.33,-0.00382470119521916,-0.00383203406817232,62.798,64.355,65.39816666666667,0.4986617837623826
2017-12-19,002594.SZ,62.5,62.84,61.8,62.29,62.51,-0.22,-0.35,58169.47,361975.73,-0.0035194368900975936,-0.0035256446776668364,62.842,63.854499999999994,65.48216666666666,0.4693260466752271
2017-12-20,002594.SZ,62.58,62.68,60.66,60.8,62.29,-1.49,-2.39,86651.21,531677.163,-0.023920372451436855,-0.02421111029393286,62.402,63.254999999999995,65.46516666666666,0.4700287306961558
2017-12-21,002594.SZ,60.72,62.41,60.0,62.0,60.8,1.2,1.97,79108.91,486446.532,0.019736842105263275,0.019544596072970346,62.07000000000001,62.8245,65.45566666666667,0.4730753556126875
2017-12-22,002594.SZ,62.3,62.69,61.77,62.2,62.0,0.2,0.32,57613.03,359125.181,0.003225806451612856,0.003220614700042157,61.96,62.3995,65.45366666666666,0.4735262015258195
2017-12-25,002594.SZ,61.88,62.63,61.68,61.99,62.2,-0.21,-0.34,52652.09,327164.195,-0.0033762057877814167,-0.0033819180313057967,61.85600000000001,62.317499999999995,65.482,0.3174848955970793
2017-12-26,002594.SZ,62.39,63.95,62.01,63.36,61.99,1.37,2.21,102636.65,649400.74,0.02210033876431683,0.02185966579234239,62.07000000000001,62.24899999999999,65.45466666666667,0.3216177481468741
2017-12-27,002594.SZ,63.75,69.51,63.37,67.11,63.36,3.75,5.92,267163.57,1769635.66,0.059185606060605966,0.057500316663977424,63.33200000000001,62.387,65.442,0.3848942945262819
2017-12-28,002594.SZ,67.0,68.75,65.55,65.68,67.11,-1.43,-2.13,186040.15,1243510.63,-0.021308299806288122,-0.021538599025975085,64.06800000000001,62.56,65.3875,0.37255621540228434
2017-12-29,002594.SZ,65.85,65.85,64.1,65.05,65.68,-0.63,-0.96,105532.7,684215.257,-0.009591961023142637,-0.00963826018565863,64.638,62.645,65.33333333333333,0.3705641547105951
2018-01-02,002594.SZ,65.28,66.55,64.96,65.85,65.05,0.8,1.23,127140.77,837153.614,0.012298232129131392,0.012223223230775722,65.41,62.766,65.2295,0.37250417256619806
2018-01-03,002594.SZ,64.98,67.1,64.4,66.12,65.85,0.27,0.41,151909.5,1000075.488,0.004100227790432953,0.004091844763533532,65.962,62.9375,65.1545,0.36894539526187997
2018-01-04,002594.SZ,66.0,66.36,64.91,65.05,66.12,-1.07,-1.62,118416.97,773631.609,-0.01618269812462203,-0.01631506799430928,65.55,63.145,65.0945,0.357380867628607
2018-01-05,002594.SZ,64.9,65.2,63.83,64.38,65.05,-0.67,-1.03,104870.0,673396.088,-0.010299769408147585,-0.010353179087852184,65.28999999999999,63.41049999999999,65.02916666666667,0.3391747645193082
2018-01-08,002594.SZ,64.6,66.34,64.53,65.21,64.38,0.83,1.29,136740.15,894169.179,0.012892202547374998,0.012809805534448843,65.32199999999999,63.6835,64.98733333333332,0.3395869985300068
2018-01-09,002594.SZ,65.2,66.18,64.7,65.42,65.21,0.21,0.32,94309.26,616396.032,0.003220364974697354,0.0032151907051271604,65.236,63.825,64.95433333333334,0.29931832068562275
2018-01-10,002594.SZ,65.6,65.97,64.88,65.67,65.42,0.25,0.38,94265.04,615796.957,0.0038214613268112707,0.00381417809264331,65.146,64.005,64.926,0.2966588282393192
2018-01-11,002594.SZ,65.98,65.98,64.88,65.4,65.67,-0.27,-0.41,76298.68,498923.642,-0.004111466423024179,-0.004119941739728213,65.216,64.125,64.89216666666667,0.29414941818965623
2018-01-12,002594.SZ,65.66,67.85,65.62,67.08,65.4,1.68,2.57,195978.8,1316801.695,0.025688073394495303,0.025363678491854977,65.756,64.29599999999999,64.92433333333334,0.30470829603843663
2018-01-15,002594.SZ,67.25,68.1,64.88,65.14,67.08,-1.94,-2.89,151890.34,1006209.959,-0.028920691711389335,-0.029347137106920617,65.742,64.4155,64.8675,0.3196431108227432
2018-01-16,002594.SZ,64.5,65.75,64.46,64.8,65.14,-0.34,-0.52,95919.73,622943.133,-0.005219527172244498,-0.005233196489858524,65.618,64.53,64.83233333333334,0.32002185663405125
2018-01-17,002594.SZ,64.68,64.68,62.51,63.75,64.8,-1.05,-1.62,116525.06,738922.968,-0.01620370370370361,-0.016336419319693388,65.234,64.603,64.8105,0.3260295517427658
2018-01-18,002594.SZ,64.18,64.58,62.88,63.17,63.75,-0.58,-0.91,73701.45,468859.834,-0.009098039215686193,-0.009139679127926424,64.788,64.7215,64.77199999999999,0.314841249015194
2018-01-19,002594.SZ,63.6,63.63,62.68,63.2,63.17,0.03,0.05,52370.08,330860.117,0.0004749089757796199,0.0004747962422026947,64.012,64.78150000000001,64.72866666666667,0.30787542120456646
2018-01-22,002594.SZ,63.68,67.01,63.62,66.6,63.2,3.4,5.38,172657.08,1134014.385,0.05379746835443022,0.052400276393531564,64.304,65.0015,64.75316666666667,0.3603009938343323
2018-01-23,002594.SZ,66.64,67.37,66.06,66.81,66.6,0.21,0.32,123518.48,824929.033,0.003153153153153232,0.003148192391042574,64.70599999999999,65.24249999999999,64.8245,0.3593532109733469
2018-01-24,002594.SZ,67.05,67.09,65.5,66.51,66.81,-0.3,-0.45,76416.5,506242.911,-0.004490345756623215,-0.004500457641056114,65.258,65.4,64.883,0.353934199867833
2018-01-25,002594.SZ,66.52,67.47,65.56,65.64,66.51,-0.87,-1.31,80839.89,535708.498,-0.013080739738385305,-0.013167046074439743,65.75200000000001,65.3265,64.907,0.28760241110747464
2018-01-26,002594.SZ,65.64,66.3,65.0,65.5,65.64,-0.14,-0.21,63558.66,416434.838,-0.0021328458257160454,-0.0021351235806839316,66.212,65.3175,64.94333333333333,0.27747858238002493
2018-01-29,002594.SZ,65.88,65.88,62.8,62.9,65.5,-2.6,-3.97,125219.38,800199.75,-0.03969465648854964,-0.04050397893481142,65.47200000000001,65.21000000000001,64.92083333333333,0.30996130308112096
2018-01-30,002594.SZ,62.88,63.95,62.76,63.45,62.9,0.55,0.87,55877.07,354826.318,0.008744038155802825,0.008706030454001791,64.8,65.09,64.88550000000001,0.3081141643155492
2018-01-31,002594.SZ,63.05,63.96,62.9,63.04,63.45,-0.41,-0.65,54297.88,343948.048,-0.006461780929866046,-0.006482748610772991,64.10600000000001,64.93599999999999,64.84416666666667,0.30776824929977475
2018-02-01,002594.SZ,63.05,63.49,59.88,60.66,63.04,-2.38,-3.78,126983.9,773267.406,-0.037753807106599035,-0.03848494328918869,63.10999999999999,64.7165,64.73233333333333,0.32951809042239877
2018-02-02,002594.SZ,60.6,62.27,60.16,61.9,60.66,1.24,2.04,69721.02,428724.465,0.020441806791955175,0.020235677430115385,62.39,64.5925,64.63083333333333,0.33877495900442683
2018-02-05,002594.SZ,60.3,61.78,60.24,61.47,61.9,-0.43,-0.69,40610.4,248908.792,-0.006946688206785123,-0.006970928771632326,62.104,64.4055,64.52783333333333,0.3346996202528261
2018-02-06,002594.SZ,60.0,60.88,58.5,58.51,61.47,-2.96,-4.82,103985.63,617879.621,-0.048153570847567884,-0.04935157111877331,61.116,64.06,64.33466666666666,0.37034857109832847
2018-02-07,002594.SZ,59.99,60.39,57.03,58.9,58.51,0.39,0.67,82085.35,483267.912,0.006665527260297344,0.006643410857396247,60.288,63.721500000000006,64.183,0.3714144354709002
2018-02-08,002594.SZ,58.9,59.88,58.51,59.51,58.9,0.61,1.04,45972.33,273521.091,0.010356536502546643,0.01030327499921963,60.05799999999999,63.427,64.10883333333334,0.3754870670560027
2018-02-09,002594.SZ,57.9,58.45,56.33,56.65,59.51,-2.86,-4.81,93076.03,533844.304,-0.04805914972273562,-0.04925237818274532,59.007999999999996,62.9055,63.982499999999995,0.38804168043918513
2018-02-12,002594.SZ,57.1,60.0,57.1,59.62,56.65,2.97,5.24,80515.16,475216.154,0.05242718446601935,0.05109910077591,58.638,62.62949999999999,63.916333333333334,0.43484621914328286
2018-02-13,002594.SZ,60.0,60.62,59.31,59.5,59.62,-0.12,-0.2,55080.74,330539.304,-0.002012747400201187,-0.0020147756983412216,58.836,62.3645,63.749833333333335,0.43488195767826526
2018-02-14,002594.SZ,61.18,61.5,60.2,60.5,59.5,1.0,1.68,55902.12,339523.509,0.01680672268907557,0.016667052485211643,59.15599999999999,62.202,63.55316666666667,0.438269225915781
2018-02-22,002594.SZ,61.98,63.35,61.3,62.32,60.5,1.82,3.01,97413.08,608542.083,0.030082644628099287,0.029639036525697156,59.717999999999996,62.1595,63.37866666666666,0.45200230966362853
2018-02-23,002594.SZ,62.34,63.32,61.81,62.8,62.32,0.48,0.77,59836.48,374402.303,0.007702182284980763,0.007672671911660186,60.948,62.1395,63.2485,0.45289206338736737
2018-02-26,002594.SZ,63.88,65.69,63.88,64.91,62.8,2.11,3.36,156114.45,1015836.694,0.03359872611464976,0.03304662157122429,62.00599999999999,62.05499999999999,63.152,0.4259865728792679
2018-02-27,002594.SZ,64.5,64.93,63.38,63.46,64.91,-1.45,-2.23,100650.76,644261.728,-0.022338622708365397,-0.022591908890327667,62.79799999999999,61.8875,63.149166666666666,0.4323012378188245
2018-02-28,002594.SZ,63.22,64.5,62.67,63.51,63.46,0.05,0.08,77371.17,491273.053,0.0007878978884336973,0.0007875876598340093,63.4,61.7375,63.12883333333333,0.4323387733959775
2018-03-01,002594.SZ,62.95,63.44,62.5,63.27,63.51,-0.24,-0.38,74934.69,472004.143,-0.0037789324515823397,-0.003786090656090472,63.589999999999996,61.61899999999999,63.11083333333333,0.43041938543040376
2018-03-02,002594.SZ,62.51,63.36,62.37,62.87,63.27,-0.4,-0.63,59276.89,372641.75,-0.006322111585269519,-0.006342180763823238,63.604,61.4875,63.12166666666667,0.4307596319635799
2018-03-05,002594.SZ,63.0,65.9,62.91,65.12,62.87,2.25,3.58,149505.07,969390.126,0.035788134245268166,0.03516261929931529,63.646,61.59849999999999,63.15116666666666,0.4257454494503632
2018-03-06,002594.SZ,65.13,66.8,64.8,66.58,65.12,1.46,2.24,149685.93,986303.922,0.022420147420147307,0.022172510452593917,64.27000000000001,61.75500000000001,63.20366666666666,0.43131643959294935
2018-03-07,002594.SZ,66.0,66.49,64.5,64.53,66.58,-2.05,-3.08,94941.93,620764.971,-0.030790027035145662,-0.031274000199130486,64.474,61.829499999999996,63.23433333333333,0.446591693751336
2018-03-08,002594.SZ,64.81,65.59,64.11,64.87,64.53,0.34,0.53,64301.85,417031.838,0.0052688671935534614,0.0052550352772157355,64.79400000000001,62.04,63.30049999999999,0.42180063183082606
2018-03-09,002594.SZ,65.0,65.8,64.37,65.55,64.87,0.68,1.05,87514.71,570045.131,0.010482503468475235,0.010427942984744639,65.33000000000001,62.22249999999999,63.408500000000004,0.418021404195339
2018-03-12,002594.SZ,66.03,67.16,65.52,66.85,65.55,1.3,1.98,137195.65,911208.094,0.019832189168573544,0.019638093338243272,65.676,62.491499999999995,63.526833333333336,0.4202027303593426
2018-03-13,002594.SZ,66.85,67.5,65.68,66.0,66.85,-0.85,-1.27,118111.85,785220.076,-0.012715033657441976,-0.01279656152152658,65.55999999999999,62.866,63.583666666666666,0.37797016003094813
2018-03-14,002594.SZ,65.7,65.89,64.36,64.36,66.0,-1.64,-2.48,99780.66,649479.489,-0.024848484848484897,-0.025162419902243136,65.526,63.138999999999996,63.621833333333335,0.39379921814800456
2018-03-15,002594.SZ,64.02,65.44,64.02,64.7,64.36,0.34,0.53,78053.25,505013.096,0.005282784338098256,0.005268879382672479,65.49199999999999,63.3985,63.650166666666664,0.39324994329480034
2018-03-16,002594.SZ,64.74,65.49,64.2,64.23,64.7,-0.47,-0.73,68414.67,443482.218,-0.007264296754250332,-0.007290810237153706,65.228,63.777499999999996,63.659666666666666,0.34461474080353527
2018-03-19,002594.SZ,64.25,64.85,63.9,64.25,64.23,0.02,0.03,50235.29,323461.041,0.00031138097462246606,0.0003113325056280751,64.708,64.009,63.684666666666665,0.2991962061110081
2018-03-20,002594.SZ,63.7,63.7,62.0,62.8,64.25,-1.45,-2.26,108426.84,680033.628,-0.02256809338521404,-0.02282665030117622,64.06800000000001,64.174,63.6895,0.3131679002494116
2018-03-21,002594.SZ,62.99,63.82,62.4,62.6,62.8,-0.2,-0.32,83340.41,527104.976,-0.0031847133757960666,-0.003189795368100038,63.715999999999994,64.27900000000001,63.69466666666667,0.30939968275078655
2018-03-22,002594.SZ,62.95,63.19,61.9,62.59,62.6,-0.01,-0.02,58977.49,368290.682,-0.0001597444089456168,-0.00015975716944267496,63.294000000000004,64.29249999999999,63.7245,0.2909181158811345
2018-03-23,002594.SZ,59.97,61.94,58.8,59.48,62.59,-3.11,-4.97,128222.71,769016.433,-0.04968844863396715,-0.05096539934465584,62.34400000000001,64.1265,63.6825,0.3390862913403286
2018-03-26,002594.SZ,58.99,60.5,58.0,60.4,59.48,0.92,1.55,84012.12,498479.0,0.015467383994619999,0.015348983348814899,61.574,63.900999999999996,63.6525,0.3190023369552125
2018-03-27,002594.SZ,61.1,61.6,60.72,61.3,60.4,0.9,1.49,72053.2,440900.076,0.01490066225165565,0.014790738001396473,61.274,63.793000000000006,63.641,0.3170624582045186
2018-03-28,002594.SZ,55.17,58.04,55.17,56.19,61.3,-5.11,-8.34,330117.58,1857779.37,-0.0833605220228385,-0.08704103781805889,59.992,63.427,63.521499999999996,0.4295985407725122
2018-03-29,002594.SZ,55.71,56.3,54.51,55.99,56.19,-0.2,-0.36,140042.22,776010.888,-0.0035593521978999343,-0.00356570176330487,58.672000000000004,63.063,63.33616666666667,0.4296125848831241
2018-03-30,002594.SZ,56.88,56.98,56.01,56.3,55.99,0.31,0.55,80900.5,456258.468,0.00553670298267539,0.005521431784842692,58.036,62.734500000000004,63.179833333333335,0.4314560791722964
2018-04-02,002594.SZ,56.5,56.56,55.6,55.67,56.3,-0.63,-1.12,83266.11,465170.811,-0.011190053285967894,-0.011253132950228164,57.089999999999996,62.262,63.023500000000006,0.40367808909368247
2018-04-03,002594.SZ,55.0,55.0,53.7,54.27,55.67,-1.4,-2.51,123634.18,669731.88,-0.02514819471887908,-0.02546981412010291,55.684000000000005,61.64649999999999,62.8305,0.3920764664053562
2018-04-04,002594.SZ,54.55,55.35,54.35,54.82,54.27,0.55,1.01,81536.62,447590.12,0.010134512622074654,0.01008350279932612,55.410000000000004,61.161,62.64216666666666,0.39002058518930177
2018-04-09,002594.SZ,54.9,56.98,54.9,56.34,54.82,1.52,2.77,119840.61,672904.833,0.027727106895293785,0.027349671573586903,55.48,60.734500000000004,62.497,0.40776307121319716
2018-04-10,002594.SZ,56.33,57.75,55.88,56.66,56.34,0.32,0.57,108469.48,615247.987,0.0056798012069576576,0.005663731954143854,55.552,60.290000000000006,62.36833333333333,0.4054284919502229
2018-04-11,002594.SZ,56.7,56.87,55.8,56.13,56.66,-0.53,-0.94,74569.37,418713.522,-0.009354041651958966,-0.009398065448262466,55.644000000000005,59.754,62.217,0.392909308580091
2018-04-12,002594.SZ,56.15,56.39,55.8,55.9,56.13,-0.23,-0.41,52437.63,294093.347,-0.004097630500623617,-0.0041060487930545285,55.970000000000006,59.249,62.05833333333333,0.39284480246536313
2018-04-13,002594.SZ,56.21,56.4,55.47,55.6,55.9,-0.3,-0.54,41333.47,230903.158,-0.005366726296958779,-0.0053811789045167075,56.126,58.811,61.890499999999996,0.3877967829710754
2018-04-16,002594.SZ,55.5,56.07,54.7,54.92,55.6,-0.68,-1.22,53046.59,293221.747,-0.012230215827338076,-0.012305620356766337,55.842,58.322,61.71583333333333,0.3854180651991728
2018-04-17,002594.SZ,55.12,55.3,53.51,53.59,54.92,-1.33,-2.42,72272.99,391578.011,-0.024217042971594993,-0.024515097393011356,55.227999999999994,57.79,61.491,0.38973781304258986
2018-04-18,002594.SZ,54.2,54.3,51.98,53.45,53.59,-0.14,-0.26,92047.01,488104.454,-0.002612427691733532,-0.0026158460357046556,54.69200000000001,57.25,61.296166666666664,0.3889767967248607
2018-04-19,002594.SZ,53.36,54.2,53.03,53.87,53.45,0.42,0.79,51362.94,276457.848,0.00785781103835359,0.007827099221388144,54.286,56.80350000000001,61.114,0.3897528260822951
2018-04-20,002594.SZ,54.0,54.0,52.1,52.26,53.87,-1.61,-2.99,58543.71,309786.715,-0.029886764432893953,-0.030342476599975906,53.61800000000001,56.286500000000004,60.9225,0.3974236204209724
2018-04-23,002594.SZ,52.24,53.19,52.1,52.95,52.26,0.69,1.32,53926.05,284605.142,0.013203214695752141,0.013116811954949167,53.224000000000004,55.8045,60.75216666666667,0.40399887795385275
2018-04-24,002594.SZ,52.88,54.1,52.88,54.08,52.95,1.13,2.13,55426.09,297599.247,0.021340887629839322,0.02111635968729304,53.322,55.5345,60.60016666666666,0.38504062539203854
2018-04-25,002594.SZ,53.86,54.19,53.6,53.84,54.08,-0.24,-0.44,44870.94,241713.28,-0.004437869822485063,-0.004447746398236142,53.4,55.206500000000005,60.3875,0.3777927850369512
2018-04-26,002594.SZ,53.91,54.1,52.5,52.53,53.84,-1.31,-2.43,52535.81,278828.634,-0.02433135215453197,-0.024632250370602217,53.132000000000005,54.767999999999994,60.1495,0.3754170704645847
2018-04-27,002594.SZ,53.11,53.38,52.54,52.96,52.53,0.43,0.82,41996.09,222444.774,0.008185798591281213,0.008152476662882636,53.272000000000006,54.606500000000004,59.92366666666667,0.24922188340850066
2018-05-02,002594.SZ,50.8,50.81,48.89,49.25,52.96,-3.71,-7.01,140008.05,693760.452,-0.07005287009063443,-0.07262754401065487,52.532,54.26950000000001,59.650499999999994,0.34509833606021795
2018-05-03,002594.SZ,49.26,49.78,48.58,49.61,49.25,0.36,0.73,73997.93,363859.038,0.007309644670050686,0.007283058694859561,51.638,53.93499999999999,59.385666666666665,0.3459518729144259
2018-05-04,002594.SZ,49.1,49.45,48.96,49.25,49.61,-0.36,-0.73,49590.69,243739.61,-0.007256601491634762,-0.0072830586948596475,50.720000000000006,53.614,59.158166666666666,0.34546182227082967
2018-05-07,002594.SZ,49.88,50.8,49.0,50.36,49.25,1.11,2.25,74919.73,375182.085,0.02253807106598993,0.02228784155804861,50.286,53.418499999999995,58.940000000000005,0.3515962377339938
2018-05-08,002594.SZ,50.37,52.35,50.36,51.88,50.36,1.52,3.02,81143.48,418570.268,0.03018268467037344,0.029736150272096838,50.07,53.2715,58.754000000000005,0.368688985482854
2018-05-09,002594.SZ,52.0,52.02,51.21,51.5,51.88,-0.38,-0.73,46744.31,240992.244,-0.007324595219737939,-0.007351551778552755,50.519999999999996,53.0295,58.60133333333333,0.3511633550292374
2018-05-10,002594.SZ,51.65,52.35,51.16,51.84,51.5,0.34,0.66,41669.91,215527.482,0.0066019417475728925,0.006580244374328869,50.966,52.7885,58.43366666666667,0.3515240394303337
2018-05-11,002594.SZ,51.83,53.4,51.32,52.95,51.84,1.11,2.14,92193.43,485080.674,0.02141203703703698,0.021186020003396155,51.705999999999996,52.62950000000001,58.291666666666664,0.36233591228942735
2018-05-14,002594.SZ,53.15,53.86,52.42,52.66,52.95,-0.29,-0.55,66234.21,351087.631,-0.005476864966950101,-0.005491917979252271,52.166,52.467499999999994,58.19416666666667,0.362441598384964
2018-05-15,002594.SZ,52.83,53.46,52.52,53.07,52.66,0.41,0.78,55338.35,293343.587,0.007785795670337992,0.00775564277164023,52.403999999999996,52.34100000000001,58.097,0.36417437219837717
2018-05-16,002594.SZ,53.05,53.46,52.33,52.68,53.07,-0.39,-0.73,54934.8,290527.932,-0.007348784624081395,-0.0073759199647233,52.64,52.229,57.98316666666666,0.3627776972931031
2018-05-17,002594.SZ,52.72,53.19,52.53,52.77,52.68,0.09,0.17,37620.15,198769.278,0.0017084282460138045,0.0017069705424963377,52.826,52.188,57.9185,0.353098094942173
2018-05-18,002594.SZ,52.98,54.25,52.79,54.0,52.77,1.23,2.33,88743.63,475746.084,0.023308698123934102,0.023041199146697937,53.036,52.2155,57.82483333333333,0.3629221218519189
2018-05-21,002594.SZ,54.45,55.18,54.11,54.54,54.0,0.54,1.0,74495.15,406861.057,0.010000000000000009,0.009950330853168092,53.412,52.249,57.74216666666666,0.36355642935739874
2018-05-22,002594.SZ,54.55,55.2,54.14,55.0,54.54,0.46,0.84,56239.49,308464.966,0.008434176751008549,0.008398807815028565,53.798,52.386,57.650499999999994,0.3455553789300315
2018-05-23,002594.SZ,54.49,55.79,53.71,54.68,55.0,-0.32,-0.58,78660.64,432530.174,-0.0058181818181818334,-0.005835173376722123,54.198,52.472500000000004,57.523166666666675,0.3445471765777894
2018-05-24,002594.SZ,54.5,54.99,53.8,54.15,54.68,-0.53,-0.97,50349.05,273646.243,-0.009692757863935642,-0.00974003840874921,54.474000000000004,52.476,57.379,0.33881080176569556
2018-05-25,002594.SZ,54.2,55.23,54.2,54.22,54.15,0.07,0.13,50606.32,276703.124,0.0012927054478300004,0.001291870623519748,54.51800000000001,52.495000000000005,57.200833333333335,0.33836134584613464
2018-05-28,002594.SZ,54.29,54.98,52.72,52.78,54.22,-1.44,-2.66,60132.17,322785.115,-0.02655846551088159,-0.026917512995341453,54.166,52.50750000000001,57.02283333333333,0.34062026952471014
2018-05-29,002594.SZ,52.53,54.28,52.42,53.5,52.78,0.72,1.36,72877.45,391219.743,0.013641530882910091,0.013549322826782754,53.866,52.5345,56.855999999999995,0.34280470410046066
2018-05-30,002594.SZ,53.0,53.02,50.01,50.4,53.5,-3.1,-5.79,103830.38,531139.583,-0.05794392523364489,-0.05969047882463796,53.00999999999999,52.592,56.64149999999999,0.3108461161588323
2018-05-31,002594.SZ,50.42,51.25,50.42,51.15,50.4,0.75,1.49,57928.53,295133.224,0.014880952380952328,0.014771317320312503,52.410000000000004,52.669,56.44616666666666,0.3139212971951625
2018-06-01,002594.SZ,51.36,51.37,50.02,50.91,51.15,-0.24,-0.47,45159.16,229157.934,-0.004692082111437013,-0.004703124483390912,51.748000000000005,52.751999999999995,56.20933333333333,0.3130797138962011
2018-06-04,002594.SZ,50.72,51.2,50.05,50.2,50.91,-0.71,-1.39,52796.13,265822.585,-0.013946179532508207,-0.014044341216560985,51.232000000000006,52.74399999999999,55.93633333333334,0.30784036056906844
2018-06-05,002594.SZ,50.2,51.24,49.8,51.22,50.2,1.02,2.03,55285.92,279721.414,0.02031872509960153,0.020115054073695612,50.775999999999996,52.711,55.7145,0.29681653020581833
2018-06-06,002594.SZ,50.85,51.8,50.6,51.12,51.22,-0.1,-0.2,64983.78,331700.726,-0.001952362358453752,-0.001954270702099843,50.92,52.69199999999999,55.48533333333333,0.2957820176492783
2018-06-07,002594.SZ,51.5,51.57,50.9,50.92,51.12,-0.2,-0.39,43289.99,221696.045,-0.00391236306729259,-0.0039200363800735395,50.874,52.645999999999994,55.241499999999995,0.29492747695246563
2018-06-08,002594.SZ,50.92,50.99,49.9,50.13,50.92,-0.79,-1.55,51338.67,257351.122,-0.015514532600157116,-0.01563614241379374,50.718,52.504999999999995,54.962833333333336,0.2871872779458483
2018-06-11,002594.SZ,50.12,50.13,49.3,49.42,50.13,-0.71,-1.42,42806.18,212520.366,-0.014163175743068024,-0.014264430714948024,50.562,52.343,54.6865,0.2899931560462136
2018-06-12,002594.SZ,49.69,50.2,49.0,50.03,49.42,0.61,1.23,46212.18,229627.048,0.01234318089842179,0.012267624939649759,50.324,52.190999999999995,54.44766666666666,0.2926818574961868
2018-06-13,002594.SZ,50.1,50.12,48.91,49.06,50.03,-0.97,-1.94,48819.87,240481.696,-0.019388366979812055,-0.019578786669770372,49.912,52.010000000000005,54.187000000000005,0.29824141630205087
2018-06-14,002594.SZ,48.68,49.44,48.6,49.05,49.06,-0.01,-0.02,38125.59,186776.441,-0.00020383204239715624,-0.0002038528189712458,49.538,51.824,53.934,0.29788549599699193
2018-06-15,002594.SZ,49.09,49.28,48.13,48.18,49.05,-0.87,-1.77,49375.86,239521.337,-0.017737003058103884,-0.01789618882464669,49.148,51.532999999999994,53.66616666666666,0.2842501555569522
2018-06-19,002594.SZ,47.6,47.6,43.45,44.98,48.18,-3.2,-6.64,119739.44,544796.16,-0.06641760066417601,-0.06872605065555569,48.260000000000005,51.055,53.36916666666666,0.3505652764872761
2018-06-20,002594.SZ,44.44,46.22,44.44,45.39,44.98,0.41,0.91,56962.99,257906.372,0.009115162294353052,0.009073869937204623,47.332,50.5745,53.08233333333333,0.351031532703481
2018-06-21,002594.SZ,45.77,47.36,45.4,45.77,45.39,0.38,0.84,76182.62,353226.547,0.008371888081075252,0.0083370381971766,46.674,50.129000000000005,52.80200000000001,0.3564791736464592
2018-06-22,002594.SZ,45.82,47.25,45.52,46.85,45.77,1.08,2.36,60454.74,280666.477,0.023596242079964913,0.02332215401888035,46.233999999999995,49.763999999999996,52.5915,0.37427562191904185
2018-06-25,002594.SZ,47.7,47.7,45.92,46.06,46.85,-0.79,-1.69,57418.05,267602.978,-0.01686232657417286,-0.017006114291892024,45.81,49.356,52.3525,0.374524814080359
2018-06-26,002594.SZ,45.99,47.12,45.22,46.38,46.06,0.32,0.69,64116.04,297323.008,0.006947459834997893,0.00692343743484652,46.089999999999996,49.035999999999994,52.103833333333334,0.3711972594854403
2018-06-27,002594.SZ,46.59,48.1,46.5,47.1,46.38,0.72,1.55,95524.88,453690.793,0.015523932729624823,0.015404669194986455,46.432,48.715999999999994,51.95233333333333,0.3725877101166937
2018-06-28,002594.SZ,47.1,47.44,45.81,46.01,47.1,-1.09,-2.31,61273.16,285276.155,-0.02314225053078567,-0.023414236854994944,46.480000000000004,48.4965,51.78600000000001,0.32589129071098927
2018-06-29,002594.SZ,46.12,47.77,45.99,47.68,46.01,1.67,3.63,74976.05,351475.14,0.036296457291893125,0.03565325858971715,46.646,48.323,51.64233333333333,0.3505762493220298
2018-07-02,002594.SZ,47.67,47.67,45.85,45.98,47.68,-1.7,-3.57,61757.49,288563.47,-0.03565436241610742,-0.03630550342205887,46.63,48.076499999999996,51.48083333333333,0.3689851680252339
2018-07-03,002594.SZ,46.46,46.72,44.06,45.35,45.98,-0.63,-1.37,93103.13,421287.431,-0.013701609395389225,-0.013796342773889804,46.42399999999999,47.833999999999996,51.332166666666666,0.36890594373755964
2018-07-04,002594.SZ,45.35,46.13,45.0,45.79,45.35,0.44,0.97,63419.35,289309.686,0.009702315325248012,0.00965555010785842,46.162,47.5625,51.181666666666665,0.36115924757184487
2018-07-05,002594.SZ,45.79,46.89,45.4,45.58,45.79,-0.21,-0.46,55737.49,257799.358,-0.004586154182135815,-0.004596702851465866,46.076,47.2855,51.00233333333333,0.3609527581264727
2018-07-06,002594.SZ,46.27,46.76,45.52,46.03,45.58,0.45,0.99,67812.12,314076.55,0.009872751206669639,0.009824334011611915,45.745999999999995,47.041,50.82516666666667,0.3650350714200916
2018-07-09,002594.SZ,46.39,46.95,45.91,46.52,46.03,0.49,1.06,72893.41,337170.01,0.010645231370845165,0.01058896982131367,45.854,46.8605,50.665,0.3666392444642814
2018-07-10,002594.SZ,46.55,46.88,46.31,46.63,46.52,0.11,0.24,46390.56,216079.243,0.002364574376612305,0.002361783169765911,46.11,46.721000000000004,50.5105,0.3649370497390727
2018-07-11,002594.SZ,45.62,46.03,44.73,45.46,46.63,-1.17,-2.51,50742.54,230516.244,-0.025091143040960828,-0.02541129239583242,46.044,46.49249999999999,50.3415,0.3687165524767655
2018-07-12,002594.SZ,45.8,47.0,45.68,46.52,45.46,1.06,2.33,69617.29,322903.03,0.023317201935767695,0.023049509226066515,46.232000000000006,46.365500000000004,50.2015,0.3769419438403994
2018-07-13,002594.SZ,46.62,46.62,45.8,45.95,46.52,-0.57,-1.23,53283.7,246023.438,-0.012252794496990571,-0.012328478848767649,46.216,46.2105,50.07416666666666,0.3784418611203785
2018-07-16,002594.SZ,44.8,44.8,42.8,43.95,45.95,-2.0,-4.35,125033.28,549450.646,-0.043525571273122954,-0.04450122467051005,45.702,45.999,49.91583333333333,0.4021064970436036
2018-07-17,002594.SZ,43.46,43.9,42.78,43.55,43.95,-0.4,-0.91,69395.4,300926.791,-0.009101251422070633,-0.009142920832674302,45.086,45.927499999999995,49.743833333333335,0.3295453505987636
2018-07-18,002594.SZ,43.55,44.24,43.22,43.3,43.55,-0.25,-0.57,44874.54,196079.174,-0.00574052812858783,-0.005757068290067639,44.653999999999996,45.823,49.594500000000004,0.3274659365359703
2018-07-19,002594.SZ,43.58,43.58,41.98,42.15,43.3,-1.15,-2.66,61876.97,263568.678,-0.026558891454965372,-0.026917950560579714,43.78,45.642,49.4145,0.3359428542788719
2018-07-20,002594.SZ,42.5,43.16,42.16,42.91,42.15,0.76,1.8031,56934.64,243361.983,0.018030842230130517,0.017870214555568902,43.172,45.445,49.22833333333334,0.3304375515627661
2018-07-23,002594.SZ,42.69,43.85,42.51,43.5,42.91,0.59,1.375,51941.1,225317.617,0.013749708692612606,0.013656039091205231,43.081999999999994,45.317,49.056000000000004,0.3327080222899068
2018-07-24,002594.SZ,43.7,44.43,43.41,44.29,43.5,0.79,1.8161,55479.84,244567.193,0.018160919540229914,0.017997979840468446,43.23,45.2125,48.91866666666667,0.3393115502509608
2018-07-25,002594.SZ,44.54,44.54,43.7,44.05,44.29,-0.24,-0.5419,64748.65,285047.289,-0.005418830435764299,-0.00543356555291833,43.379999999999995,45.06,48.77016666666666,0.3329813406102074
2018-07-26,002594.SZ,44.05,44.23,42.88,43.0,44.05,-1.05,-2.3837,51790.19,224937.888,-0.023836549375709337,-0.024125236688626005,43.55,44.9095,48.666000000000004,0.3335433790702949
2018-07-27,002594.SZ,43.02,43.34,42.72,42.99,43.0,-0.01,-0.0233,36789.62,158234.195,-0.00023255813953482196,-0.00023258518537218827,43.566,44.675,48.55566666666667,0.2997090635027293
2018-07-30,002594.SZ,42.95,43.1,41.85,42.5,42.99,-0.49,-1.1398,55929.82,236871.679,-0.011397999534775605,-0.011463454577819105,43.366,44.501,48.44316666666667,0.2784068838273209
2018-07-31,002594.SZ,42.54,42.54,42.04,42.24,42.5,-0.26,-0.6118,30211.63,127788.053,-0.00611764705882345,-0.006136436532365032,42.956,44.3455,48.30783333333333,0.27611433944998665
2018-08-01,002594.SZ,42.82,42.97,41.88,41.98,42.24,-0.26,-0.6155,44291.8,187567.711,-0.006155303030303205,-0.00617432500551928,42.542,44.154999999999994,48.14283333333333,0.27183785310490044
2018-08-02,002594.SZ,41.95,41.98,39.5,40.1,41.98,-1.88,-4.4783,107980.45,434793.686,-0.044783230109575856,-0.045816980079963286,41.962,43.881,47.95283333333334,0.30769047251331766
2018-08-03,002594.SZ,40.28,40.48,38.2,38.33,40.1,-1.77,-4.414,96515.78,378310.911,-0.044139650872818015,-0.04514345492005984,41.029999999999994,43.495999999999995,47.72766666666667,0.3292393955453865
2018-08-06,002594.SZ,38.33,38.65,36.88,37.29,38.33,-1.04,-2.7133,73788.2,279140.177,-0.02713279415601355,-0.02750768520173427,39.988,43.034499999999994,47.46666666666667,0.326787924591722
2018-08-07,002594.SZ,37.68,38.0,36.73,38.0,37.29,0.71,1.904,68164.75,255655.37,0.019039957093054394,0.01886096553565629,39.14,42.602999999999994,47.22233333333334,0.34075521626764416
2018-08-08,002594.SZ,38.02,39.49,38.02,38.29,38.0,0.29,0.7632,73069.54,282739.399,0.007631578947368434,0.007602605762817386,38.402,42.2445,46.976,0.34127886880137936
2018-08-09,002594.SZ,37.89,39.55,37.83,39.25,38.29,0.96,2.5072,74875.55,292537.448,0.025071820318621096,0.024762678739214342,38.232,41.88099999999999,46.75216666666667,0.34348611806029755
2018-08-10,002594.SZ,39.4,41.77,39.4,41.69,39.25,2.44,6.2166,103583.65,422283.651,0.062165605095541254,0.060309847664287944,38.903999999999996,41.668,46.5675,0.42406639273662255
2018-08-13,002594.SZ,41.1,43.55,40.88,43.17,41.69,1.48,3.55,132330.97,562164.129,0.03550011993283775,0.034884517674680746,40.08,41.629,46.38700000000001,0.4204078180447317
2018-08-14,002594.SZ,43.17,43.95,42.61,43.15,43.17,-0.02,-0.0463,81990.57,354897.702,-0.0004632846884411457,-0.00046339203794928697,41.11,41.609,46.19716666666667,0.41919748396387596
2018-08-15,002594.SZ,43.0,43.9,41.78,42.13,43.15,-1.02,-2.3638,98822.81,422981.147,-0.02363847045191181,-0.023922341538511655,41.878,41.5505,45.98266666666667,0.427113363055302
2018-08-16,002594.SZ,41.45,43.2,41.24,42.26,42.13,0.13,0.3086,74037.66,313880.308,0.0030856871587940926,0.0030809361969853593,42.480000000000004,41.556,45.775666666666666,0.41643825412487173
2018-08-17,002594.SZ,42.95,43.0,42.01,42.45,42.12,0.33,0.7835,57459.69,244648.242,0.004495977283483388,0.00448590056944587,42.632,41.533,45.580666666666666,0.4116055721927992
2018-08-20,002594.SZ,42.97,45.35,42.9,45.24,42.45,2.79,6.5724,147217.13,652700.919,0.06572438162544159,0.06365473849056327,43.04600000000001,41.62,45.431000000000004,0.47192942947129823
2018-08-21,002594.SZ,45.25,45.58,44.4,44.9,45.24,-0.34,-0.7515,98459.57,442864.999,-0.0075154730327144925,-0.007543856499711178,43.396,41.6505,45.29966666666667,0.4693341251644212
2018-08-22,002594.SZ,45.55,45.81,44.16,44.79,44.9,-0.11,-0.245,90880.71,408588.402,-0.0024498886414253684,-0.002452894528999879,43.928000000000004,41.6875,45.1545,0.4689058045360016
2018-08-23,002594.SZ,44.82,45.4,43.62,44.32,44.79,-0.47,-1.0493,83316.91,370017.549,-0.010493413708417054,-0.010548857780180337,44.339999999999996,41.753499999999995,45.05316666666667,0.4617784351537203
2018-08-24,002594.SZ,44.35,44.35,42.82,43.45,44.32,-0.87,-1.963,78309.5,339680.03,-0.019629963898916913,-0.01982519072762727,44.540000000000006,41.7765,44.92483333333333,0.4680625049415495
2018-08-27,002594.SZ,43.44,45.25,43.38,45.01,43.45,1.56,3.5903,87641.04,392169.181,0.03590333716915994,0.03527383559344027,44.494,41.902,44.8265,0.4814490837547391
2018-08-28,002594.SZ,45.05,46.15,44.92,45.59,45.01,0.58,1.2886,80942.81,368320.457,0.012886025327704997,0.01280370692050876,44.632,42.0695,44.74966666666667,0.4812417929097328
2018-08-29,002594.SZ,45.41,46.82,45.41,46.3,45.59,0.71,1.5574,91448.33,423581.624,0.015573590699714757,0.015453566866838258,44.934000000000005,42.2855,44.66766666666667,0.48118835454106823
2018-08-30,002594.SZ,45.5,46.42,44.64,45.0,46.3,-1.3,-2.8078,91240.95,413735.712,-0.028077753779697567,-0.028479471321868573,45.07000000000001,42.5305,44.565666666666665,0.4613529017652221
2018-08-31,002594.SZ,44.42,44.88,43.9,44.46,45.0,-0.54,-1.2,66898.26,296774.484,-0.01200000000000001,-0.012072581234269249,45.272,42.837,44.458,0.4277435978538516
2018-09-03,002594.SZ,44.39,44.39,43.13,43.67,44.46,-0.79,-1.7769,56080.26,244217.934,-0.017768780926675665,-0.017928541038580933,45.004000000000005,43.156,44.35033333333333,0.4188034989952139
2018-09-04,002594.SZ,43.89,44.58,43.61,44.52,43.67,0.85,1.9464,59574.3,263787.461,0.019464163040989302,0.019277158909874557,44.79,43.482,44.26866666666667,0.4189511073496395
2018-09-05,002594.SZ,44.08,44.51,42.5,42.5,44.52,-2.02,-4.5373,82855.24,358289.748,-0.04537286612758318,-0.04643445047697301,44.029999999999994,43.692499999999995,44.143166666666666,0.4602407882369953
2018-09-06,002594.SZ,42.5,43.2,42.05,42.6,42.5,0.1,0.2353,46915.89,200948.426,0.0023529411764706687,0.002350177344953673,43.55,43.86,44.03549999999999,0.4545374241180917
2018-09-07,002594.SZ,43.29,44.08,42.65,42.82,42.6,0.22,0.5164,68764.74,298371.255,0.00516431924882621,0.0051510298862119195,43.222,43.9165,43.931666666666665,0.4004143414529628
2018-09-10,002594.SZ,42.98,43.44,41.15,41.73,42.82,-1.09,-2.5455,52933.19,222230.731,-0.02545539467538538,-0.025784988558075553,42.833999999999996,43.844500000000004,43.82416666666667,0.3903764928880777
2018-09-11,002594.SZ,41.55,41.86,40.91,41.52,41.73,-0.21,-0.5032,35223.14,145958.369,-0.005032350826743248,-0.005045055745827932,42.233999999999995,43.763,43.7665,0.3905662759979437
2018-09-12,002594.SZ,41.01,42.5,40.71,42.04,41.52,0.52,1.2524,55875.93,233559.547,0.012524084778420042,0.012446307151117181,42.142,43.7585,43.71066666666666,0.38459902458263373
2018-09-13,002594.SZ,42.71,43.05,42.09,42.92,42.04,0.88,2.0932,55448.31,235991.197,0.020932445290199775,0.020716371753747312,42.206,43.7915,43.66316666666667,0.3915487363076578
2018-09-14,002594.SZ,44.21,45.45,44.21,44.81,42.92,1.89,4.4035,105337.03,470960.344,0.04403541472506989,0.043093411035553926,42.604,43.9095,43.62916666666667,0.4202514519490645
2018-09-17,002594.SZ,44.0,45.46,43.5,44.81,44.81,0.0,0.0,85194.87,380849.816,0.0,0.0,43.220000000000006,43.888,43.608333333333334,0.3489280765419173
2018-09-18,002594.SZ,44.17,45.34,44.05,45.08,44.81,0.27,0.6025,68125.47,305784.416,0.006025440749832578,0.006007360373523845,43.932,43.897000000000006,43.586666666666666,0.34849774326329674
2018-09-19,002594.SZ,45.1,47.38,44.7,46.96,45.08,1.88,4.1704,130011.23,605521.15,0.04170363797693,0.04085748634826555,44.916000000000004,44.0055,43.58433333333333,0.3776809281104347
2018-09-20,002594.SZ,46.96,47.5,45.95,45.95,46.96,-1.01,-2.1508,82025.3,384946.509,-0.0215076660988075,-0.021742326718144956,45.522000000000006,44.087,43.583333333333336,0.38471761405581156
2018-09-21,002594.SZ,47.5,48.75,46.6,47.01,45.95,1.06,2.3069,162412.36,771531.286,0.02306855277475517,0.022806496234343096,45.962,44.265,43.57216666666667,0.3826005995432008
2018-09-25,002594.SZ,47.3,48.65,47.3,48.2,47.01,1.19,2.5314,102447.05,493193.076,0.0253137630291429,0.02499867602051563,46.64,44.4245,43.60916666666667,0.37268822754960207
2018-09-26,002594.SZ,48.66,48.95,47.78,48.26,48.2,0.06,0.1245,99681.82,481689.819,0.0012448132780082943,0.0012440391403310493,47.275999999999996,44.558,43.657666666666664,0.37116677846982227
2018-09-27,002594.SZ,48.5,48.6,47.5,47.8,48.26,-0.46,-0.9532,62774.25,301075.048,-0.009531703273932934,-0.009577420699475453,47.444,44.633,43.69116666666667,0.37068278139676547
2018-09-28,002594.SZ,48.0,49.28,47.9,49.1,47.8,1.3,2.7197,76871.14,375320.282,0.027196652719665426,0.026833395303064753,48.074,44.838,43.749833333333335,0.3633387534940318
2018-10-08,002594.SZ,47.0,47.95,46.42,46.55,49.1,-2.55,-5.1935,111389.04,525032.408,-0.05193482688391049,-0.05333203107739893,47.982,44.9425,43.7585,0.4119625201722857
2018-10-09,002594.SZ,46.61,47.6,46.61,47.09,46.55,0.54,1.16,41623.04,196036.934,0.011600429645542532,0.011533660532387238,47.760000000000005,45.1135,43.768,0.4058279823293537
2018-10-10,002594.SZ,47.35,47.56,45.45,45.91,47.09,-1.18,-2.5058,88215.47,406966.964,-0.025058398810787974,-0.02537770599433266,47.290000000000006,45.18300000000001,43.75599999999999,0.41414386436411027
2018-10-11,002594.SZ,44.41,45.18,42.67,42.82,45.91,-3.09,-6.7306,119795.39,525829.641,-0.06730559790895219,-0.06967767509959383,46.294,45.199,43.711999999999996,0.4528334622163005
2018-10-12,002594.SZ,43.21,46.8,43.21,46.42,42.82,3.6,8.4073,129205.13,582234.034,0.08407286314806162,0.08072511768475421,45.758,45.39,43.71033333333333,0.54096306958781
2018-10-15,002594.SZ,46.58,47.85,46.3,46.93,46.42,0.51,1.0987,95431.35,449287.101,0.010986643688065456,0.010926728960035274,45.833999999999996,45.5955,43.72666666666667,0.5414021469413588
2018-10-16,002594.SZ,46.95,47.46,45.28,45.96,46.93,-0.97,-2.0669,64697.09,298245.832,-0.020669081610909856,-0.020885676825771346,45.608,45.807,43.76016666666667,0.5380705757114851
2018-10-17,002594.SZ,46.7,47.66,45.88,47.31,45.96,1.35,2.9373,110262.62,517523.05,0.02937336814621405,0.028950236662501728,45.888,46.0965,43.82283333333333,0.5430739936293097
2018-10-18,002594.SZ,47.0,47.3,45.71,46.18,47.31,-1.13,-2.3885,83864.95,389252.607,-0.023885013739167293,-0.02417488571670751,46.56,46.3035,43.87083333333333,0.5535314346462609
2018-10-19,002594.SZ,45.08,47.27,44.0,47.02,46.18,0.84,1.819,119985.53,548809.979,0.01818969250757907,0.018026239185574184,46.67999999999999,46.508500000000005,43.952000000000005,0.5525877885173637
2018-10-22,002594.SZ,47.61,50.2,47.56,50.01,47.02,2.99,6.359,168944.9,830863.889,0.06358996171841769,0.061649942318888866,47.29600000000001,46.7685,44.07033333333333,0.5747552644472345
2018-10-23,002594.SZ,49.85,49.99,47.3,48.46,50.01,-1.55,-3.0994,115358.17,561568.014,-0.03099380123975204,-0.03148427004243264,47.79600000000001,46.95100000000001,44.153,0.5894760054689603
2018-10-24,002594.SZ,48.3,49.74,48.01,48.77,48.46,0.31,0.6397,104536.87,511363.113,0.006397028477094668,0.006376654333581715,48.088,47.1355,44.227666666666664,0.5894896161691207
2018-10-25,002594.SZ,47.35,49.75,46.89,49.6,48.77,0.83,1.7019,110847.35,534735.63,0.01701865901168742,0.01687546400892048,48.772000000000006,47.2675,44.320166666666665,0.5752177042553849
2018-10-26,002594.SZ,49.99,50.14,47.98,48.62,49.6,-0.98,-1.9758,76780.49,375759.895,-0.01975806451612916,-0.01995586484290463,49.092,47.401,44.413833333333336,0.5742472767989365
2018-10-29,002594.SZ,48.63,48.98,46.9,47.38,48.62,-1.24,-2.5504,69283.76,330502.208,-0.025503907856848973,-0.025834770157337837,48.565999999999995,47.419500000000006,44.486999999999995,0.5781038000255092
2018-10-30,002594.SZ,47.45,47.74,44.88,46.53,47.38,-0.85,-1.794,96486.76,446449.785,-0.017940059096665295,-0.018102932874082295,48.18000000000001,47.336,44.55416666666667,0.574369403941423
2018-10-31,002594.SZ,46.44,47.45,46.1,46.79,46.53,0.26,0.5588,61159.22,286724.573,0.005587792821835302,0.005572239021567701,47.784000000000006,47.2625,44.63,0.5748158318510842
2018-11-01,002594.SZ,47.23,47.5,44.98,45.7,46.79,-1.09,-2.3296,109019.61,506616.966,-0.023295575977772986,-0.023571206977965862,47.004,47.157500000000006,44.692,0.579604482904726
2018-11-02,002594.SZ,46.45,48.15,45.7,48.02,45.7,2.32,5.0766,139156.35,653896.214,0.05076586433260388,0.04951929289294809,46.884,47.103500000000004,44.82399999999999,0.6007952239570125
2018-11-05,002594.SZ,48.0,49.12,47.2,48.25,48.02,0.23,0.479,110088.11,530983.606,0.0047896709704289275,0.004778236991887711,47.05800000000001,47.1885,44.98933333333333,0.5692194813818584
2018-11-06,002594.SZ,48.17,48.18,46.9,47.63,48.25,-0.62,-1.285,55657.95,263813.779,-0.012849740932642462,-0.012933012972225884,47.278,47.215500000000006,45.16166666666666,0.5705916822911263
2018-11-07,002594.SZ,46.6,48.05,46.59,47.25,47.63,-0.38,-0.7978,69529.11,328618.537,-0.007978165022044958,-0.008010160873017291,47.37,47.2825,45.31583333333333,0.5633513358237736
2018-11-08,002594.SZ,47.68,49.55,47.68,48.98,47.25,1.73,3.6614,142158.55,691476.023,0.03661375661375654,0.03595939758426985,48.025999999999996,47.590500000000006,45.494,0.5121579235735846
2018-11-09,002594.SZ,48.8,50.89,48.33,50.0,48.98,1.02,2.0825,146773.06,733720.348,0.020824826459779677,0.020610953904124547,48.422000000000004,47.7695,45.67316666666667,0.42869588377885265
2018-11-12,002594.SZ,49.98,52.1,49.7,51.61,50.0,1.61,3.22,133711.84,686089.554,0.032200000000000006,0.03169244673248973,49.094,48.0035,45.838499999999996,0.4397114425721175
2018-11-13,002594.SZ,50.62,52.45,50.5,51.0,51.61,-0.61,-1.1819,105875.44,544505.063,-0.011819414842084819,-0.01188981943630996,49.768,48.2555,45.969,0.43391021318412476
2018-11-14,002594.SZ,50.93,52.8,50.88,51.9,51.0,0.9,1.7647,102128.68,532606.599,0.01764705882352935,0.01749315744751712,50.698,48.485,46.11483333333334,0.4273234609405482
2018-11-15,002594.SZ,51.66,52.29,51.36,51.81,51.9,-0.09,-0.1734,69457.86,359591.469,-0.001734104046242746,-0.0017356093451460007,51.263999999999996,48.76649999999999,46.27616666666667,0.4145203392000841
2018-11-16,002594.SZ,52.0,52.7,50.89,51.55,51.81,-0.26,-0.5018,113240.88,586888.029,-0.005018336228527431,-0.005030970363728114,51.574,48.993,46.431,0.41371884383673857
2018-11-19,002594.SZ,51.72,55.3,51.58,54.7,51.55,3.15,6.1106,162487.77,875664.702,0.061105722599418044,0.05931149896496659,52.19199999999999,49.2275,46.63516666666667,0.4091152629594259
2018-11-20,002594.SZ,54.0,56.98,53.4,55.4,54.7,0.7,1.2797,173210.8,959224.885,0.01279707495429605,0.012715884325302495,53.072,49.5745,46.8045,0.3872411066247927
2018-11-21,002594.SZ,54.76,56.0,54.1,55.0,55.4,-0.4,-0.722,94100.96,516953.989,-0.0072202166064981865,-0.007246408520767198,53.69199999999999,49.886,46.97283333333334,0.39052167629444723
2018-11-22,002594.SZ,54.65,56.96,54.65,55.3,55.0,0.3,0.5455,102001.86,570471.566,0.005454545454545379,0.005439723295818121,54.39,50.171,47.148,0.38846846523015954
2018-11-23,002594.SZ,55.3,55.67,53.31,54.0,55.3,-1.3,-2.3508,95170.96,515611.648,-0.023508137432188048,-0.023788861964014713,54.879999999999995,50.44,47.309333333333335,0.3919447992844633
2018-11-26,002594.SZ,53.91,55.3,53.48,54.16,54.0,0.16,0.2963,82746.26,449937.036,0.002962962962962834,0.0029585820397450414,54.772000000000006,50.778999999999996,47.48783333333334,0.37467973402261184
2018-11-27,002594.SZ,54.55,57.4,54.55,57.25,54.16,3.09,5.7053,159156.1,898849.519,0.05705317577548019,0.0554850138303296,55.14200000000001,51.315,47.691833333333335,0.40211331786737714
2018-11-28,002594.SZ,57.25,58.68,56.31,57.65,57.25,0.4,0.6987,120959.46,695702.141,0.00698689956331866,0.006962604280718887,55.672000000000004,51.858000000000004,47.89283333333333,0.40190714344782874
2018-11-29,002594.SZ,57.85,59.1,57.1,57.65,57.65,0.0,0.0,104920.41,609939.043,0.0,0.0,56.141999999999996,52.455499999999994,48.082,0.38380309241363575
2018-11-30,002594.SZ,57.43,58.4,56.42,57.0,57.65,-0.65,-1.1275,89648.39,514882.194,-0.011274934952298366,-0.011338978880517894,56.742,52.9045,48.282000000000004,0.3632206188612505
2018-12-03,002594.SZ,58.35,58.92,55.58,56.08,57.0,-0.92,-1.614,194258.36,1110534.662,-0.01614035087719301,-0.01627202510821553,57.126,53.29600000000001,48.47566666666667,0.3737700273672167
2018-12-04,002594.SZ,55.4,56.84,55.11,56.32,56.08,0.24,0.428,118279.68,663603.374,0.004279600570613384,0.0042704691234522855,56.94,53.73049999999999,48.6865,0.3660818596233802
2018-12-05,002594.SZ,55.65,58.15,55.14,57.93,56.32,1.61,2.8587,156248.38,887736.695,0.028586647727272707,0.028185673258745783,56.996,54.2645,48.91,0.36704569734704084
2018-12-06,002594.SZ,57.51,57.8,54.88,55.35,57.93,-2.58,-4.4537,135824.84,759428.435,-0.04453650958052824,-0.045558725953886894,56.536,54.583000000000006,49.124166666666675,0.401825020276637
2018-12-07,002594.SZ,55.9,57.9,55.55,56.89,55.35,1.54,2.7823,126354.19,718653.311,0.027822944896115587,0.027442919607910097,56.513999999999996,54.927499999999995,49.36233333333334,0.4058967318036284
2018-12-10,002594.SZ,56.02,56.55,55.05,55.39,56.89,-1.5,-2.6367,115499.23,642323.334,-0.02636667252592728,-0.026720506717543547,56.376,55.11650000000001,49.57183333333333,0.4104666522020417
2018-12-11,002594.SZ,55.72,57.34,55.7,56.16,55.39,0.77,1.3901,111477.8,630306.945,0.013901426250225501,0.013805687672542978,56.34400000000001,55.3745,49.81233333333333,0.40758431653179905
2018-12-12,002594.SZ,56.7,58.48,56.6,58.25,56.16,2.09,3.7215,131204.08,756589.988,0.03721509971509973,0.036539332728254284,56.408,55.69199999999999,50.091166666666666,0.42123825127028913
2018-12-13,002594.SZ,58.25,58.56,57.12,58.4,58.25,0.15,0.2575,101065.04,585047.648,0.0025751072961373023,0.00257179738837139,57.01800000000001,56.0215,50.36383333333333,0.42044981159504125
2018-12-14,002594.SZ,58.37,58.99,56.9,57.3,58.4,-1.1,-1.8836,92911.18,537878.635,-0.018835616438356184,-0.019015266113487514,57.1,56.309000000000005,50.603500000000004,0.42818734747666015
2018-12-17,002594.SZ,56.67,57.0,54.0,54.89,57.3,-2.41,-4.2059,142955.98,786141.531,-0.04205933682373464,-0.04296944115889594,57.0,56.31850000000001,50.771499999999996,0.40702301429120913
2018-12-18,002594.SZ,54.05,56.1,53.98,55.04,54.89,0.15,0.2733,91365.2,504509.55,0.0027327382036801406,0.002729011063290433,56.775999999999996,56.3005,50.942,0.4045453785874599
2018-12-19,002594.SZ,55.21,55.95,53.38,53.5,55.04,-1.54,-2.798,113363.1,617053.242,-0.027979651162790664,-0.028378539723127323,55.826,56.2255,51.08233333333333,0.4159960898791204
2018-12-20,002594.SZ,53.51,54.34,52.83,53.87,53.5,0.37,0.6916,104322.25,560669.532,0.006915887850467151,0.006892082790481384,54.92,56.153999999999996,51.1975,0.4163316572713461
2018-12-21,002594.SZ,53.61,54.19,51.92,52.98,53.87,-0.89,-1.6521,103208.9,545598.258,-0.01652125487284206,-0.016659252848518775,54.056,56.102999999999994,51.31466666666666,0.41203457782272207
2018-12-24,002594.SZ,52.73,53.44,52.08,53.21,52.98,0.23,0.4341,81600.71,431280.133,0.004341260853152118,0.004331864764354268,53.720000000000006,56.055499999999995,51.418,0.41222317028433836
2018-12-25,002594.SZ,52.6,52.99,50.88,52.22,53.21,-0.99,-1.8606,112456.35,584096.975,-0.018605525277203605,-0.018780785337295214,53.15599999999999,55.803999999999995,51.485,0.355550836370218
2018-12-26,002594.SZ,52.24,52.68,51.0,51.0,52.22,-1.22,-2.3363,77390.62,401148.28,-0.023362696284948248,-0.023639930546656966,52.65599999999999,55.471500000000006,51.53066666666667,0.3590220517710856
2018-12-27,002594.SZ,52.11,52.45,50.76,50.84,51.0,-0.16,-0.3137,100761.5,519075.086,-0.0031372549019607066,-0.003142186403072393,52.05,55.13099999999999,51.581333333333326,0.3585145939025316
2018-12-28,002594.SZ,50.86,51.4,50.11,51.0,50.84,0.16,0.3147,82507.06,419993.12,0.0031471282454760274,0.0031421864030724955,51.653999999999996,54.830999999999996,51.61299999999999,0.35936618020852434
2019-01-02,002594.SZ,51.02,51.39,48.98,49.17,51.0,-1.83,-3.5882,85554.45,424670.6,-0.035882352941176476,-0.03654195130047777,50.846000000000004,54.4855,51.656666666666666,0.37380617230841773
2019-01-03,002594.SZ,49.26,49.87,47.98,48.06,49.17,-1.11,-2.2575,83477.6,407386.244,-0.022574740695546103,-0.022833451115525195,50.013999999999996,54.072500000000005,51.67283333333333,0.3758849534140064
2019-01-04,002594.SZ,47.8,51.0,47.51,50.65,48.06,2.59,5.3891,126537.87,627892.541,0.05389096962130657,0.05248900038636941,49.944,53.7085,51.75183333333334,0.416734793848401
2019-01-07,002594.SZ,50.85,51.88,50.0,51.39,50.65,0.74,1.461,136045.5,693197.812,0.01461006910167817,0.014504370309445831,50.054,53.5105,51.894666666666666,0.3973151732736104
2019-01-08,002594.SZ,52.3,53.64,52.05,52.88,51.39,1.49,2.8994,147051.57,777381.422,0.02899396769799578,0.028581594539292675,50.43,53.31,52.00233333333333,0.3985558542453902
2019-01-09,002594.SZ,51.8,53.0,48.5,50.46,52.88,-2.42,-4.5764,262205.3,1327590.6,-0.04576399394856279,-0.046844252330519164,50.688,53.0635,52.061166666666665,0.4188442966967244
2019-01-10,002594.SZ,49.9,50.19,48.64,48.85,50.46,-1.61,-3.1906,153455.9,757175.097,-0.03190646056282198,-0.03242656472411988,50.846,52.698,52.10933333333333,0.42394441663940496
2019-01-11,002594.SZ,48.5,49.29,48.38,49.02,48.85,0.17,0.348,96799.55,472494.719,0.0034800409416582134,0.0034739996111748453,50.52,52.2365,52.13783333333333,0.39351038830405377
2019-01-14,002594.SZ,49.2,49.21,47.31,48.8,49.02,-0.22,-0.4488,109746.34,527419.471,-0.004487964096287378,-0.004498065240865172,50.001999999999995,51.756499999999996,52.1815,0.39171675647699833
2019-01-15,002594.SZ,48.39,48.96,47.85,48.8,48.8,0.0,0.0,83530.65,405053.064,0.0,0.0,49.186,51.331500000000005,52.21116666666667,0.390926123557387
2019-01-16,002594.SZ,48.8,49.12,48.32,48.93,48.8,0.13,0.2664,65923.79,321851.881,0.002663934426229586,0.0026603924419307786,48.879999999999995,51.033500000000004,52.19316666666667,0.3705043094210685
2019-01-17,002594.SZ,48.9,48.91,47.33,47.49,48.93,-1.44,-2.943,98743.78,471791.914,-0.029429797670140978,-0.029871542740001682,48.608,50.656,52.177,0.378559231441815
2019-01-18,002594.SZ,47.49,47.49,46.04,46.82,47.49,-0.67,-1.4108,125995.91,587354.337,-0.014108233312276286,-0.014208700498265782,48.16799999999999,50.321999999999996,52.1445,0.37153937302886303
2019-01-21,002594.SZ,46.76,48.26,46.12,48.21,46.82,1.39,2.9688,131233.26,623110.349,0.029688167449807734,0.029256006354766162,48.05,50.039,52.12133333333334,0.39065494610817525
2019-01-22,002594.SZ,48.06,48.8,47.6,47.7,48.21,-0.51,-1.0579,84093.77,405187.157,-0.010578718108276264,-0.010635070523235349,47.83,49.775,52.105999999999995,0.3889463119589081
2019-01-23,002594.SZ,47.42,48.88,47.33,48.8,47.7,1.1,2.3061,96619.67,468388.887,0.023060796645702153,0.02279891496480581,47.804,49.554500000000004,52.12966666666667,0.40038576529801584
2019-01-24,002594.SZ,48.93,48.97,47.66,48.52,48.8,-0.28,-0.5738,71711.59,346868.853,-0.0057377049180327155,-0.00575422878325204,48.010000000000005,49.3695,52.16283333333333,0.39675540956276656
2019-01-25,002594.SZ,48.55,49.64,48.19,49.18,48.52,0.66,1.3603,100929.16,495909.173,0.013602638087386598,0.013510952712197079,48.482000000000006,49.278499999999994,52.202666666666666,0.3937381556906364
2019-01-28,002594.SZ,49.2,49.85,48.28,48.46,49.18,-0.72,-1.464,86253.59,421062.141,-0.014640097600650659,-0.014748321399666822,48.532000000000004,49.1595,52.248666666666665,0.3964710815700129
2019-01-29,002594.SZ,48.45,48.45,47.03,48.0,48.46,-0.46,-0.9492,61503.17,294079.276,-0.009492364836979017,-0.00953770448048881,48.592,49.0095,52.24833333333333,0.39679146239782553
2019-01-30,002594.SZ,47.95,48.27,46.9,47.15,48.0,-0.85,-1.7708,83426.14,395168.911,-0.017708333333333326,-0.01786700182842442,48.262,48.9085,52.23,0.38160589140592815
2019-01-31,002594.SZ,47.1,47.49,46.27,46.42,47.15,-0.73,-1.5483,71885.09,336548.858,-0.015482502651113395,-0.015603608233175446,47.842,48.8265,52.209833333333336,0.377296410197574
2019-02-01,002594.SZ,46.75,48.31,46.51,48.27,46.42,1.85,3.9854,91780.0,437206.887,0.03985351141749249,0.03907984882611058,47.660000000000004,48.707499999999996,52.22683333333334,0.3524515612867407
2019-02-11,002594.SZ,48.8,50.33,48.8,50.2,48.27,1.93,3.9983,128870.65,643280.484,0.03998342655893938,0.03920477702528206,48.008,48.648,52.247166666666665,0.37898222355441036
2019-02-12,002594.SZ,50.21,51.15,49.88,50.58,50.2,0.38,0.757,102991.51,520271.543,0.007569721115537664,0.007541214544135395,48.524,48.533,52.25683333333334,0.3638979231995871
2019-02-13,002594.SZ,50.58,52.09,50.32,51.57,50.58,0.99,1.9573,122964.82,631189.934,0.019572953736654908,0.01938386682104859,49.408,48.5885,52.256166666666665,0.33213174311040317
2019-02-14,002594.SZ,51.85,54.06,51.85,53.72,51.57,2.15,4.1691,169124.15,900048.082,0.04169090556525101,0.04084526359216915,50.868,48.832,52.301500000000004,0.33725642566448155
2019-02-15,002594.SZ,53.4,53.4,51.52,51.67,53.72,-2.05,-3.8161,152915.89,798355.783,-0.03816083395383463,-0.03890802935594351,51.548,48.9645,52.297666666666665,0.37046071992366203
2019-02-18,002594.SZ,51.93,52.79,51.64,52.45,51.67,0.78,1.5096,168184.85,878505.553,0.015095800270950255,0.014982992543212932,51.998000000000005,49.147,52.30833333333333,0.371805402178938
2019-02-19,002594.SZ,52.5,52.66,50.99,51.74,52.45,-0.71,-1.3537,144364.53,746470.487,-0.013536701620591063,-0.013629158084423132,52.230000000000004,49.294,52.3115,0.37674729175013444
2019-02-20,002594.SZ,51.8,52.8,51.54,52.36,51.74,0.62,1.1983,124998.99,653706.171,0.011982991882489413,0.01191176428381615,52.388,49.4655,52.2725,0.37802302311197866
2019-02-21,002594.SZ,52.3,53.01,51.56,51.94,52.36,-0.42,-0.8021,126055.57,659357.725,-0.008021390374331583,-0.008053734807096827,52.032,49.688,52.21483333333333,0.3603946040612664
2019-02-22,002594.SZ,51.8,51.88,50.9,51.88,51.94,-0.06,-0.1155,119677.84,614630.406,-0.0011551790527530859,-0.001155846786359162,52.074,49.941,52.16283333333333,0.35429504298971254
2019-02-25,002594.SZ,51.88,55.13,51.5,55.06,51.88,3.18,6.1295,258382.09,1389428.008,0.061295296838858926,0.05949014026621814,52.596000000000004,50.2835,52.158833333333334,0.3981124507166323
2019-02-26,002594.SZ,57.2,58.67,56.44,56.74,55.06,1.68,3.0512,291995.5,1676147.79,0.030512168543407103,0.030055929666243947,53.596000000000004,50.7355,52.2045,0.4008134508274471
2019-02-27,002594.SZ,56.2,56.25,54.15,54.96,56.74,-1.78,-3.1371,228542.62,1257964.248,-0.03137116672541418,-0.0318737814666114,54.116,51.0435,52.21783333333333,0.4215467667212616
2019-02-28,002594.SZ,55.12,55.22,54.16,54.51,54.96,-0.45,-0.8188,94237.38,515781.621,-0.008187772925764225,-0.008221476837904425,54.629999999999995,51.343,52.17216666666666,0.4225626353815303
2019-03-01,002594.SZ,54.88,54.98,52.88,53.8,54.51,-0.71,-1.3025,174562.53,935733.501,-0.013025133003118694,-0.013110703908450778,55.013999999999996,51.574,52.108,0.426899549911659
2019-03-04,002594.SZ,54.0,54.79,52.73,53.68,53.8,-0.12,-0.223,302258.1,1617182.254,-0.0022304832713754275,-0.0022329745043123414,54.738,51.835,52.04183333333334,0.42162961104376956
2019-03-05,002594.SZ,53.66,54.23,53.0,54.08,53.68,0.4,0.7452,196305.91,1054132.204,0.007451564828613977,0.007423939071282267,54.205999999999996,52.138999999999996,51.99316666666667,0.41793396210478434
2019-03-06,002594.SZ,54.5,54.96,53.5,54.44,54.08,0.36,0.6657,220521.78,1195892.022,0.006656804733727872,0.006634746048556733,54.102,52.503499999999995,51.965833333333336,0.40820061990557854
2019-03-07,002594.SZ,54.1,54.1,53.01,53.38,54.44,-1.06,-1.9471,182839.43,976603.632,-0.01947097722263036,-0.019663033806887182,53.876,52.8515,51.91683333333334,0.41141504259246287
2019-03-08,002594.SZ,53.0,53.0,51.05,51.12,53.38,-2.26,-4.2338,185281.5,962751.253,-0.042337954289996316,-0.04326033390709878,53.339999999999996,52.99399999999999,51.803333333333335,0.4283241616645963
2019-03-11,002594.SZ,51.1,52.48,51.1,52.37,51.12,1.25,2.4452,126196.5,654575.666,0.024452269170579077,0.024158098222116998,53.077999999999996,53.1025,51.75366666666666,0.4139482955635206
2019-03-12,002594.SZ,52.4,52.88,51.71,51.99,52.37,-0.38,-0.7256,138615.48,725665.664,-0.007256062631277316,-0.007282515895771777,52.660000000000004,53.173,51.672,0.4148553971562676
2019-03-13,002594.SZ,51.78,52.77,51.3,52.0,51.99,0.01,0.0192,127209.68,662997.519,0.0001923446816696206,0.00019232618580302034,52.172000000000004,53.19449999999999,51.6155,0.4094485827386264
2019-03-14,002594.SZ,52.01,55.15,52.01,54.57,52.0,2.57,4.9423,350367.43,1889955.259,0.049423076923077014,0.048240562616713306,52.410000000000004,53.237,51.589000000000006,0.4204795129938447
2019-03-15,002594.SZ,55.05,56.2,54.13,55.39,54.57,0.82,1.5027,255425.62,1416034.163,0.015026571376214104,0.014914790846872021,53.263999999999996,53.423,51.541333333333334,0.3962746719392376
2019-03-18,002594.SZ,55.5,56.44,55.39,55.66,55.39,0.27,0.4875,154589.09,863433.541,0.004874526087741415,0.0048626840527321346,53.922000000000004,53.5835,51.49566666666667,0.39405646887650564
2019-03-19,002594.SZ,56.15,56.66,55.51,55.99,55.66,0.33,0.5929,124059.88,695763.5,0.005928853754940899,0.005911347263057385,54.722,53.79600000000001,51.47383333333333,0.38907562320453076
2019-03-20,002594.SZ,56.25,56.67,54.85,55.4,55.99,-0.59,-1.0538,122722.7,685243.136,-0.01053759599928561,-0.010593509607563816,55.402,53.948,51.48233333333334,0.3913347867581988
2019-03-21,002594.SZ,55.4,55.98,54.64,55.05,55.4,-0.35,-0.6318,109001.92,603820.541,-0.006317689530685899,-0.0063377305845491345,55.498000000000005,54.1035,51.4825,0.3907382544678095
2019-03-22,002594.SZ,55.15,57.58,54.99,57.0,55.05,1.95,3.5422,173032.54,982926.478,0.03542234332425065,0.03480940466586115,55.82000000000001,54.359500000000004,51.54083333333334,0.40658595805887
2019-03-25,002594.SZ,56.0,57.97,55.72,56.5,57.0,-0.5,-0.8772,124562.02,709514.797,-0.00877192982456143,-0.00881062968215492,55.988,54.43149999999999,51.58466666666667,0.3501220868161233
2019-03-26,002594.SZ,57.0,57.55,55.08,55.25,56.5,-1.25,-2.2124,105549.04,594394.98,-0.02212389380530977,-0.0223722977545331,55.839999999999996,54.35699999999999,51.62250000000001,0.3420771509467219
2019-03-27,002594.SZ,54.77,56.55,53.7,54.71,55.25,-0.54,-0.9774,147450.06,804456.203,-0.009773755656108607,-0.009821832322127652,55.702,54.344500000000004,51.6475,0.32489609931030905
2019-03-28,002594.SZ,55.65,55.66,52.5,52.77,54.71,-1.94,-3.546,167947.28,895034.578,-0.03545969658197767,-0.03610366065815803,55.246,54.25750000000001,51.656666666666666,0.3476063474998905
2019-03-29,002594.SZ,52.86,53.56,52.16,53.49,52.77,0.72,1.3644,128353.96,680888.783,0.013644115974985827,0.013551873125582278,54.544000000000004,54.242,51.698166666666665,0.34865957998853137
2019-04-01,002594.SZ,53.54,54.79,53.3,54.45,53.49,0.96,1.7947,160698.15,870253.123,0.01794727986539546,0.017788128835810803,54.134,54.2805,51.75833333333333,0.35430490094975553
2019-04-02,002594.SZ,54.61,54.98,54.0,54.68,54.45,0.23,0.4224,128436.6,697294.567,0.004224058769513261,0.004215162476779281,54.02,54.310500000000005,51.81966666666667,0.35370391984006555
2019-04-03,002594.SZ,54.71,54.9,54.17,54.39,54.68,-0.29,-0.5304,101702.57,554172.127,-0.00530358449158741,-0.005317698420879425,53.955999999999996,54.30800000000001,51.906666666666666,0.35361937599566223
2019-04-04,002594.SZ,54.54,55.64,54.42,55.19,54.39,0.8,1.4709,147706.21,814495.088,0.01470858613715742,0.014601464016540392,54.44000000000001,54.3985,52.0255,0.3492012907720605
2019-04-08,002594.SZ,55.48,55.62,52.9,53.44,55.19,-1.75,-3.1709,165600.19,896323.907,-0.031708642870085124,-0.03222224822301959,54.42999999999999,54.51450000000001,52.072,0.3330052223652928
2019-04-09,002594.SZ,53.55,55.3,53.55,54.93,53.44,1.49,2.7882,133048.7,724828.855,0.027881736526946144,0.027500118126138784,54.525999999999996,54.6425,52.131,0.3362203158207522
2019-04-10,002594.SZ,54.95,56.3,53.67,55.52,54.93,0.59,1.0741,176454.57,976494.639,0.010740943018387128,0.010683668844020116,54.693999999999996,54.818999999999996,52.175,0.33529005688890245
2019-04-11,002594.SZ,55.78,57.4,54.73,54.93,55.52,-0.59,-1.0627,183873.02,1031866.08,-0.010626801152737841,-0.010683668844020118,54.802,54.9655,52.249500000000005,0.33888615449900106
2019-04-12,002594.SZ,54.75,54.75,53.67,54.09,54.93,-0.84,-1.5292,89460.41,484592.128,-0.015292190060076427,-0.015410321471193407,54.58200000000001,54.941500000000005,52.33683333333333,0.2963986023038037
2019-04-15,002594.SZ,54.46,55.24,53.33,53.54,54.09,-0.55,-1.0168,100201.48,544377.825,-0.010168238121649131,-0.010220287791129172,54.602,54.849000000000004,52.412166666666664,0.2926146774422646
2019-04-16,002594.SZ,53.54,57.05,53.3,56.73,53.54,3.19,5.9582,210095.7,1165362.389,0.0595816212177811,0.05787413324626937,54.962,54.90250000000001,52.544333333333334,0.36419179747640107
2019-04-17,002594.SZ,58.1,62.4,58.1,62.4,56.73,5.67,9.9947,491714.14,2999382.073,0.09994711792702282,0.09526210403690624,56.338,55.223,52.770999999999994,0.5057733244676353
2019-04-18,002594.SZ,62.3,62.31,58.9,59.32,62.4,-3.08,-4.9359,314696.52,1902702.645,-0.049358974358974295,-0.050618758105650564,57.215999999999994,55.419,52.94416666666667,0.5401148577941225
2019-04-19,002594.SZ,59.01,61.8,58.51,60.13,59.32,0.81,1.3655,174364.29,1050880.591,0.013654753877275772,0.013562367781745941,58.424,55.673,53.154833333333336,0.539727069713828
2019-04-22,002594.SZ,60.0,60.13,57.19,57.71,60.13,-2.42,-4.0246,152524.84,888126.618,-0.04024613337768168,-0.04107841632860224,59.257999999999996,55.7085,53.33633333333333,0.5498196413409232
2019-04-23,002594.SZ,57.75,57.91,56.61,56.96,57.71,-0.75,-1.2996,99685.87,569865.394,-0.01299601455553634,-0.013081201619154765,59.303999999999995,55.731500000000004,53.482166666666664,0.5510362834645163
2019-04-24,002594.SZ,57.44,58.17,56.65,58.15,56.96,1.19,2.0892,112922.85,651607.907,0.020891853932584192,0.02067661186095303,58.45400000000001,55.8765,53.656333333333336,0.5482804645261552
2019-04-25,002594.SZ,57.7,57.7,56.0,56.16,58.15,-1.99,-3.4222,92924.85,526376.238,-0.0342218400687877,-0.03482111924711784,57.822,55.949,53.778999999999996,0.562584034698354
2019-04-26,002594.SZ,56.09,56.59,55.13,55.36,56.16,-0.8,-1.4245,82089.26,457693.828,-0.014245014245014231,-0.01434744840814154,56.867999999999995,56.0785,53.893,0.5487731947811253
2019-04-29,002594.SZ,56.5,56.98,55.45,55.65,55.36,0.29,0.5238,105128.2,591529.429,0.005238439306358256,0.005224766412139586,56.455999999999996,56.1865,54.00083333333334,0.5474106337423653
2019-04-30,002594.SZ,55.55,56.9,55.25,56.9,55.65,1.25,2.2462,79274.23,447723.208,0.022461814914645162,0.022213263410731456,56.444,56.309000000000005,54.1415,0.5493279443013621
2019-05-06,002594.SZ,54.88,55.28,51.84,52.05,56.9,-4.85,-8.5237,135543.64,725208.717,-0.0852372583479789,-0.08909054607130734,55.224000000000004,56.177499999999995,54.208999999999996,0.6317629735531782
2019-05-07,002594.SZ,52.42,53.58,52.07,53.01,52.05,0.96,1.8444,85742.47,454013.999,0.018443804034582234,0.01827577993873693,54.59400000000001,56.10850000000001,54.306666666666665,0.635585911755129
2019-05-08,002594.SZ,52.03,53.32,51.41,51.85,53.01,-1.16,-2.1883,98147.03,511300.537,-0.021882663648368217,-0.02212564032417837,53.891999999999996,55.9415,54.397166666666664,0.6372214672131272
2019-05-09,002594.SZ,51.9,52.25,50.67,51.11,51.85,-0.74,-1.4272,74263.9,380777.299,-0.014271938283510144,-0.014374761895348157,52.984,55.825,54.4445,0.6295284458410056
2019-05-10,002594.SZ,51.86,52.32,49.7,52.26,51.11,1.15,2.25,90465.03,467950.646,0.02250048914106828,0.022251087312278227,52.056,55.691500000000005,54.478833333333334,0.6264814060315251
2019-05-13,002594.SZ,52.2,52.2,50.5,51.02,52.26,-1.24,-2.3728,64960.77,331705.667,-0.023727516264829607,-0.024013547378801,51.85,55.46650000000001,54.48616666666666,0.629304391085407
2019-05-14,002594.SZ,50.45,51.0,50.1,50.19,51.02,-0.83,-1.6268,62974.78,318067.063,-0.01626813014504125,-0.01640190904682313,51.286,55.229499999999994,54.463166666666666,0.630471901931006
2019-05-15,002594.SZ,50.61,51.33,50.33,51.29,50.19,1.1,2.1917,68026.85,346688.295,0.02191671647738591,0.021679997734334763,51.174,55.0895,54.422666666666665,0.635261292677639
2019-05-16,002594.SZ,51.25,51.89,51.2,51.47,51.29,0.18,0.3509,58377.0,300715.977,0.0035094560343147396,0.003503312263486134,51.246,54.98599999999999,54.41933333333334,0.6347550732602872
2019-05-17,002594.SZ,51.3,51.45,50.0,50.22,51.47,-1.25,-2.4286,67504.82,340767.75,-0.024285991839906762,-0.024585759935224227,50.838,54.66049999999999,54.38216666666666,0.5968956107884746
2019-05-20,002594.SZ,50.4,50.42,48.5,49.0,50.22,-1.22,-2.4293,78295.97,383243.529,-0.024293110314615673,-0.024593055618812323,50.434,53.9905,54.3365,0.4511745634148424
2019-05-21,002594.SZ,49.16,49.61,48.7,49.4,49.0,0.4,0.8163,59860.63,295136.969,0.008163265306122325,0.008130126083250089,50.275999999999996,53.494499999999995,54.287166666666664,0.43320509463429696
2019-05-22,002594.SZ,49.49,49.51,48.6,48.93,49.4,-0.47,-0.9514,52623.37,257348.049,-0.009514170040485825,-0.009559718892844623,49.803999999999995,52.9345,54.236999999999995,0.42504575696149005
2019-05-23,002594.SZ,49.3,49.48,47.47,47.59,48.93,-1.34,-2.7386,107057.19,514288.095,-0.027386061720825583,-0.027768050168013016,49.028,52.4285,54.165499999999994,0.415206943673419
2019-05-24,002594.SZ,47.71,49.69,47.0,48.61,47.59,1.02,2.1433,93766.16,451740.393,0.02143307417524687,0.021206615924345,48.706,52.011,54.058,0.42885956931398495
2019-05-27,002594.SZ,48.3,48.99,47.3,48.81,48.61,0.2,0.4114,79566.86,383543.247,0.004114379757251596,0.004105938841692,48.668,51.544,53.92583333333334,0.4181080515601128
2019-05-28,002594.SZ,48.81,50.5,48.71,50.5,48.81,1.69,3.4624,122525.48,610836.937,0.03462405244826883,0.03403812638225805,48.888,51.261,53.8515,0.43282540519602347
2019-05-29,002594.SZ,49.51,49.95,49.27,49.6,50.5,-0.9,-1.7822,56658.72,281063.737,-0.017821782178217838,-0.017982502550432357,49.022,50.973,53.769666666666666,0.4340303173098828
2019-05-30,002594.SZ,49.5,49.5,48.25,48.37,49.6,-1.23,-2.4798,55403.62,269187.302,-0.024798387096774288,-0.02511104689599006,49.178,50.608999999999995,53.67916666666667,0.43760892843909915
2019-05-31,002594.SZ,48.64,48.93,47.87,48.25,48.37,-0.12,-0.2481,53590.67,259382.616,-0.0024808765763902896,-0.0024839590498968657,49.106,50.1765,53.58866666666666,0.4243837105366466
2019-06-03,002594.SZ,48.71,49.16,48.04,48.79,48.25,0.54,1.1192,53961.7,261923.867,0.011191709844559528,0.011129546042750831,49.102,50.01350000000001,53.500499999999995,0.31519442961919086
2019-06-04,002594.SZ,48.44,48.6,47.7,48.51,48.79,-0.28,-0.5739,49330.99,237326.287,-0.0057388809182209455,-0.005755411570620651,48.70399999999999,49.7885,53.401666666666664,0.3048500924110773
2019-06-05,002594.SZ,48.98,49.35,48.6,48.9,48.51,0.39,0.804,67271.46,329419.97,0.008039579468150926,0.0080074342237012,48.564,49.641000000000005,53.327000000000005,0.3003664451845711
2019-06-06,002594.SZ,49.69,50.12,49.0,49.37,48.9,0.47,0.9611,106347.88,527701.775,0.009611451942740157,0.00956555578994505,48.763999999999996,49.554,53.29783333333333,0.3001843414783075
2019-06-10,002594.SZ,51.0,51.91,50.66,50.9,49.37,1.53,3.099,131081.81,671025.777,0.03099048004861249,0.03051997128570551,49.294,49.486000000000004,53.27333333333333,0.31054401620684197
2019-06-11,002594.SZ,50.57,51.69,50.15,51.55,50.9,0.65,1.277,119686.34,611970.77,0.012770137524557912,0.012689286906491829,49.846,49.5125,53.266,0.30224142020108874
2019-06-12,002594.SZ,51.56,51.56,50.56,50.75,51.55,-0.8,-1.5519,93790.99,476661.987,-0.015518913676042634,-0.015640592541072175,50.294,49.540499999999994,53.24516666666667,0.30169512202040716
2019-06-13,002594.SZ,50.7,50.7,49.89,50.22,50.75,-0.53,-1.0443,68058.93,341679.829,-0.010443349753694653,-0.010498264192457833,50.558,49.487,53.17266666666667,0.2932995582259476
2019-06-14,002594.SZ,50.3,50.49,49.3,49.35,50.22,-0.87,-1.7324,62553.08,311449.188,-0.01732377538829144,-0.017475587849948286,50.553999999999995,49.381,53.072,0.2984311028813412
2019-06-17,002594.SZ,49.49,49.93,49.0,49.1,49.35,-0.25,-0.5066,53005.07,261630.786,-0.005065856129685908,-0.005078731079015687,50.194,49.325,52.962666666666664,0.2869137183529239
2019-06-18,002594.SZ,49.11,49.6,48.97,49.2,49.1,0.1,0.2037,54723.68,269093.638,0.0020366598778003286,0.0020345886977874567,49.724000000000004,49.334999999999994,52.849500000000006,0.2734347418036359
2019-06-19,002594.SZ,50.12,50.35,49.46,49.6,49.2,0.4,0.813,92549.67,461559.434,0.008130081300812941,0.008097210232619303,49.49400000000001,49.345,52.752833333333335,0.2734221810989362
2019-06-20,002594.SZ,49.6,50.49,49.08,50.29,49.6,0.69,1.3911,121168.66,604664.111,0.01391129032258065,0.013815416452991596,49.508,49.413,52.6735,0.2748620254255427
2019-06-21,002594.SZ,50.2,50.68,50.0,50.55,50.29,0.26,0.517,106524.86,537052.469,0.0051700139192683014,0.005156695282607087,49.748,49.561,52.565999999999995,0.25287581998460146
2019-06-24,002594.SZ,50.55,50.88,50.21,50.76,50.55,0.21,0.4154,65401.16,331224.645,0.004154302670623222,0.004145697379706566,50.08,49.6685,52.47033333333333,0.24356561901838875
2019-06-25,002594.SZ,50.5,50.68,49.7,49.9,50.76,-0.86,-1.6942,78742.19,393724.882,-0.01694247438928287,-0.0170876400887139,50.22,49.723,52.381166666666665,0.2527548109787799
2019-06-26,002594.SZ,49.56,50.6,49.41,50.03,49.9,0.13,0.2605,57139.27,286425.558,0.0026052104208418303,0.0026018227426408396,50.306,49.6995,52.30316666666667,0.22007995214236506
2019-06-27,002594.SZ,50.2,50.86,50.06,50.54,50.03,0.51,1.0194,81181.08,410302.47,0.01019388366979812,0.010142276459934492,50.355999999999995,49.746500000000005,52.26599999999999,0.2129786207873385
2019-06-28,002594.SZ,50.55,50.83,50.23,50.72,50.54,0.18,0.3562,55170.97,278912.037,0.0035615354174911573,0.003555208168922378,50.39,49.864,52.219833333333334,0.1899148465719505
2019-07-01,002594.SZ,51.6,52.13,51.08,51.91,50.72,1.19,2.3462,114363.63,591468.284,0.023462145110410004,0.023191139710167084,50.620000000000005,50.047000000000004,52.1775,0.2028786530431211
2019-07-02,002594.SZ,51.91,54.4,51.55,53.18,51.91,1.27,2.4465,158556.34,845973.987,0.0244654209208246,0.02417093597573619,51.275999999999996,50.26649999999999,52.1525,0.21448452233852133
2019-07-03,002594.SZ,53.18,54.2,52.77,53.4,53.18,0.22,0.4137,118723.44,636771.038,0.004136893569010924,0.004128360151275419,51.95,50.510999999999996,52.135999999999996,0.21112919132793914
2019-07-04,002594.SZ,53.42,54.11,52.82,53.24,53.4,-0.16,-0.2996,81471.45,435697.733,-0.0029962546816478808,-0.003000752439238213,52.489999999999995,50.727999999999994,52.103500000000004,0.21257985580840164
2019-07-05,002594.SZ,53.24,53.77,52.18,53.26,53.24,0.02,0.0376,82513.29,437855.977,0.00037565740045075735,0.0003755868588752576,52.998000000000005,50.9225,52.1005,0.21207273788445147
2019-07-08,002594.SZ,53.27,53.29,51.26,52.32,53.26,-0.94,-1.7649,97308.46,509579.132,-0.01764926774314679,-0.017806873236842873,53.08,50.9935,52.057,0.1995247167893756
2019-07-09,002594.SZ,52.19,55.05,52.07,54.89,52.32,2.57,4.9121,181053.1,978273.334,0.0491207951070336,0.047952475412854544,53.422000000000004,51.1605,52.0465,0.25956348470558965
2019-07-10,002594.SZ,54.6,54.6,53.51,53.9,54.89,-0.99,-1.8036,119791.95,645839.746,-0.018036072144288595,-0.01820070464684639,53.522000000000006,51.318000000000005,52.02933333333333,0.26212122633933216
2019-07-11,002594.SZ,53.92,54.15,52.89,53.25,53.9,-0.65,-1.2059,92303.7,493283.916,-0.012059369202226278,-0.012132673325416909,53.524,51.469500000000004,52.01533333333334,0.2632923540915598
2019-07-12,002594.SZ,53.3,54.78,53.2,54.26,53.25,1.01,1.8967,103750.3,562711.506,0.018967136150234598,0.018789502641251052,53.724000000000004,51.714999999999996,52.02733333333334,0.25747284994192166
2019-07-15,002594.SZ,54.28,55.88,53.62,55.35,54.26,1.09,2.0088,122206.76,672943.701,0.020088462956137088,0.01988935192386017,54.33,52.027499999999996,52.004333333333335,0.2600583530396257
2019-07-16,002594.SZ,55.14,55.25,54.6,54.78,55.35,-0.57,-1.0298,53946.09,295764.35,-0.010298102981029844,-0.010351495319713818,54.30799999999999,52.30650000000001,51.87733333333333,0.2662485425931867
2019-07-17,002594.SZ,54.79,55.2,54.4,54.65,54.78,-0.13,-0.2373,62128.71,340228.56,-0.0023731288791529748,-0.0023759492123845323,54.458000000000006,52.559000000000005,51.799499999999995,0.26748934204018865
2019-07-18,002594.SZ,54.37,54.37,53.06,53.45,54.65,-1.2,-2.1958,89584.4,478991.316,-0.021957913998170042,-0.0222025771514932,54.498000000000005,52.717000000000006,51.688166666666675,0.2815600446498092
2019-07-19,002594.SZ,53.61,54.23,53.36,53.93,53.45,0.48,0.898,60072.25,323902.159,0.008980355472404167,0.008940271878081465,54.431999999999995,52.886,51.62516666666667,0.2822377870748002
2019-07-22,002594.SZ,54.5,55.43,54.04,54.9,53.93,0.97,1.7986,115344.18,632700.582,0.017986278509178444,0.017826439166349184,54.342,53.092999999999996,51.590833333333336,0.28696566168993354
2019-07-23,002594.SZ,54.8,57.25,54.36,56.33,54.9,1.43,2.6047,141071.81,790277.018,0.026047358834244028,0.0257139043911376,54.652,53.4145,51.560500000000005,0.2857633084805099
2019-07-24,002594.SZ,56.8,57.26,56.2,56.34,56.33,0.01,0.0178,106123.97,602258.056,0.0001775252973550412,0.00017750954160410936,54.989999999999995,53.730000000000004,51.563500000000005,0.2863012814533717
2019-07-25,002594.SZ,56.34,56.98,55.82,56.8,56.34,0.46,0.8165,69022.62,389643.343,0.008164714235001647,0.008131563278878998,55.660000000000004,54.043000000000006,51.5875,0.28600780755558536
2019-07-26,002594.SZ,56.25,57.88,56.0,57.42,56.6,0.82,1.4488,105883.85,605449.724,0.01091549295774663,0.01085634896581238,56.358000000000004,54.378,51.617,0.28636445635781993
2019-07-29,002594.SZ,57.84,57.95,56.59,57.22,57.42,-0.2,-0.3483,63434.02,362394.96,-0.0034831069313828733,-0.0034891870709537745,56.822,54.643499999999996,51.62233333333333,0.2809630914381286
2019-07-30,002594.SZ,57.25,57.46,56.54,57.08,57.22,-0.14,-0.2447,75485.23,429968.22,-0.0024466969591052656,-0.0024496950133285913,56.972,54.838499999999996,51.706166666666675,0.27237923462505254
2019-07-31,002594.SZ,56.8,56.8,55.48,55.95,57.08,-1.13,-1.9797,89719.83,502687.43,-0.019796776454099385,-0.019995357850701303,56.894000000000005,54.965999999999994,51.75516666666667,0.284815459888069
2019-08-01,002594.SZ,55.7,56.28,55.18,55.73,55.95,-0.22,-0.3932,88669.6,493036.92,-0.003932082216264621,-0.00393983317648935,56.67999999999999,55.0905,51.819833333333335,0.28507364229386745
2019-08-02,002594.SZ,54.06,55.03,53.85,54.39,55.73,-1.34,-2.4045,84179.92,458483.256,-0.024044500269154834,-0.024338288146575588,56.074,55.147000000000006,51.8745,0.300196381345436
2019-08-05,002594.SZ,54.2,54.47,52.21,52.38,54.39,-2.01,-3.6955,104575.32,555556.899,-0.036955322669608326,-0.03765547435530348,55.10600000000001,55.15,51.8765,0.3232286311832684
2019-08-06,002594.SZ,51.41,51.98,50.45,51.37,52.38,-1.01,-1.9282,108362.19,554889.918,-0.019282168766704966,-0.01947049460038947,53.964,54.974000000000004,51.882333333333335,0.2734275064875682
2019-08-07,002594.SZ,51.65,51.9,50.57,50.8,51.37,-0.57,-1.1096,71130.98,363369.325,-0.011095970410745615,-0.011157989894740324,52.934000000000005,54.818999999999996,51.892500000000005,0.26950349633545057
2019-08-08,002594.SZ,51.13,51.31,50.5,50.86,50.8,0.06,0.1181,71456.16,363707.712,0.0011811023622048111,0.001180405409537456,51.959999999999994,54.699499999999986,51.88533333333333,0.2675741830373651
2019-08-09,002594.SZ,51.3,51.96,50.86,50.99,50.86,0.13,0.2556,85773.44,440459.429,0.0025560361777428042,0.0025527750730907723,51.279999999999994,54.53599999999999,51.87733333333333,0.25650178312171773
2019-08-12,002594.SZ,50.88,51.2,49.8,51.2,50.99,0.21,0.4118,90738.99,458849.775,0.0041184545989410015,0.004109996978397765,51.044,54.3285,51.89366666666667,0.2433823392226181
2019-08-13,002594.SZ,50.51,50.69,49.4,49.5,51.2,-1.7,-3.3203,135333.2,674159.669,-0.033203125,-0.033766862470817484,50.67,54.064499999999995,51.902,0.2642112873705857
2019-08-14,002594.SZ,50.2,50.5,49.76,50.29,49.5,0.79,1.596,92687.29,465589.31,0.01595959595959595,0.015833580609228768,50.568000000000005,53.84649999999999,51.91683333333333,0.2743755143172778
2019-08-15,002594.SZ,49.45,50.37,49.04,50.11,50.29,-0.18,-0.3579,66446.66,330083.346,-0.003579240405647277,-0.003585661212240143,50.418,53.6795,51.9365,0.26605597209644327
2019-08-16,002594.SZ,50.3,51.55,50.12,51.07,50.11,0.96,1.9158,90301.27,461801.383,0.019157852724007274,0.01897665168791935,50.434,53.536500000000004,51.9945,0.27449707052321365
2019-08-19,002594.SZ,52.0,52.19,51.2,52.1,51.07,1.03,2.0168,106806.25,553165.931,0.020168396318778203,0.019967708099768746,50.614,53.3965,52.05266666666667,0.27676516406257007
2019-08-20,002594.SZ,51.79,52.09,51.3,51.43,52.1,-0.67,-1.286,87995.64,454068.932,-0.012859884836852187,-0.01294328897249638,51.0,53.1515,52.09633333333333,0.2573754708074654
2019-08-21,002594.SZ,51.33,51.62,50.88,51.62,51.43,0.19,0.3694,85677.85,438446.555,0.0036943418238382097,0.0036875345036429565,51.266,52.915499999999994,52.115,0.258507840190085
2019-08-22,002594.SZ,50.9,50.9,49.67,50.21,51.62,-1.41,-2.7315,211089.24,1057906.186,-0.02731499418829908,-0.027694984243853648,51.286,52.586,52.12516666666667,0.26648528219162854
2019-08-23,002594.SZ,50.0,50.01,48.24,48.89,50.21,-1.32,-2.629,246969.39,1209219.992,-0.026289583748257295,-0.02664133345605992,50.85,52.1595,52.133833333333335,0.2678608737775305
2019-08-26,002594.SZ,48.02,49.05,47.74,49.03,48.89,0.14,0.2864,142274.41,690592.163,0.0028635712824709447,0.0028594790725877876,50.236,51.75,52.14683333333333,0.2701775935154698
2019-08-27,002594.SZ,49.12,49.63,49.1,49.54,49.03,0.51,1.0402,144791.6,715147.678,0.010401794819498322,0.010348068398071671,49.858000000000004,51.373000000000005,52.15933333333333,0.2771588570837075
2019-08-28,002594.SZ,50.3,51.34,49.79,49.81,49.54,0.27,0.545,176509.72,890016.555,0.005450141299959688,0.005435343023978578,49.496,51.065999999999995,52.181000000000004,0.27607923308108023
2019-08-29,002594.SZ,49.78,49.78,48.8,49.1,49.81,-0.71,-1.4254,97408.62,478134.197,-0.014254165830154597,-0.014356732284717132,49.274,50.7345,52.184333333333335,0.2776540311027653
2019-08-30,002594.SZ,49.58,49.89,49.16,49.45,49.1,0.35,0.7128,101825.34,504256.094,0.007128309572301372,0.0071030232682461735,49.386,50.4875,52.18566666666666,0.27304271665442
2019-09-02,002594.SZ,49.98,50.0,49.34,49.72,49.45,0.27,0.546,118336.76,587224.054,0.005460060667340727,0.005445208573789222,49.524,50.3545,52.166000000000004,0.24662827770236237
2019-09-03,002594.SZ,49.99,49.99,49.15,49.49,49.72,-0.23,-0.4626,95675.33,472364.324,-0.004625905068382896,-0.004636637678715622,49.513999999999996,50.2605,52.13166666666667,0.23875192911438056
2019-09-04,002594.SZ,49.48,49.48,49.01,49.37,49.49,-0.12,-0.2425,107035.02,525959.123,-0.002424732269145413,-0.002427676693023305,49.426,50.189,52.108666666666664,0.23622259966185524
2019-09-05,002594.SZ,49.5,50.4,49.49,50.14,49.37,0.77,1.5597,174907.43,875402.27,0.015596516102896585,0.015476140459375901,49.634,50.153000000000006,52.10733333333334,0.24367205200037892
2019-09-06,002594.SZ,50.34,51.2,50.21,50.49,50.14,0.35,0.698,146573.57,741340.589,0.006980454726765117,0.006956204140677057,49.842,50.128,52.126333333333335,0.24493489605951815
2019-09-09,002594.SZ,50.85,51.66,50.56,51.58,50.49,1.09,2.1588,194828.41,997120.932,0.02158843335313909,0.02135870358237425,50.214,50.147,52.16766666666667,0.2567540212167582
2019-09-10,002594.SZ,51.7,51.87,50.86,51.15,51.58,-0.43,-0.8337,128373.64,656697.45,-0.008336564559906945,-0.008371508055563236,50.546,50.229499999999994,52.20016666666666,0.22690517500344104
2019-09-11,002594.SZ,51.26,51.68,50.9,51.11,51.15,-0.04,-0.0782,116357.2,595551.884,-0.0007820136852394466,-0.0007823196174472447,50.894,50.2705,52.22533333333333,0.2206850436889518
2019-09-12,002594.SZ,51.3,51.38,50.36,50.79,51.11,-0.32,-0.6261,99144.81,503285.197,-0.006261005674036424,-0.006280687967034591,51.024,50.3045,52.233666666666664,0.22161053306153727
2019-09-16,002594.SZ,51.35,51.36,50.85,51.16,50.79,0.37,0.7285,83787.72,428267.71,0.007284898602087031,0.007258491897488308,51.158,50.309000000000005,52.243833333333335,0.2123565601191933
2019-09-17,002594.SZ,51.2,51.23,49.68,49.97,51.16,-1.19,-2.326,105597.65,529991.14,-0.023260359655981167,-0.023535151354528227,50.836,50.2025,52.23066666666667,0.21406843577567622
2019-09-18,002594.SZ,50.0,50.13,49.81,50.04,49.97,0.07,0.1401,53282.99,266325.727,0.0014008405043026695,0.0013998602425968356,50.614,50.132999999999996,52.233,0.21042544023543777
2019-09-19,002594.SZ,50.18,50.26,49.8,50.19,50.04,0.15,0.2998,61707.61,308751.024,0.002997601918465209,0.002993118068131886,50.42999999999999,50.061499999999995,52.235666666666674,0.21022120408934306
2019-09-20,002594.SZ,50.4,50.44,50.0,50.07,50.19,-0.12,-0.2391,68762.85,344745.443,-0.002390914524805665,-0.0023937773249888225,50.286,50.054500000000004,52.227833333333336,0.18663776089050438
2019-09-23,002594.SZ,49.9,49.95,48.85,49.18,50.07,-0.89,-1.7775,95935.17,471134.534,-0.017775114839225115,-0.017934989553806922,49.89,50.069,52.20216666666667,0.17270216089939242
2019-09-24,002594.SZ,49.4,50.4,49.19,49.87,49.18,0.69,1.403,79833.75,398163.616,0.014030093533956789,0.013932582769984568,49.87,50.111,52.16816666666667,0.17927928664629494
2019-09-25,002594.SZ,49.85,49.85,48.9,49.04,49.87,-0.83,-1.6643,80753.45,396537.328,-0.016643272508522156,-0.016783327930075215,49.67,50.086,52.09916666666666,0.18587087372460417
2019-09-26,002594.SZ,49.3,49.5,48.48,48.49,49.04,-0.55,-1.1215,69524.45,339274.8,-0.011215334420880851,-0.011278700510694987,49.33,50.02,52.01733333333333,0.18826256653883391
2019-09-27,002594.SZ,48.49,48.81,48.38,48.58,48.49,0.09,0.1856,40680.99,197703.06,0.0018560527943904948,0.0018543324567654284,49.032,49.994,51.93966666666667,0.18211659807848785
2019-09-30,002594.SZ,48.65,49.13,48.54,48.78,48.58,0.2,0.4117,49144.51,240165.086,0.004116920543433489,0.0041084692137477626,48.952,49.960499999999996,51.865,0.1807589253010087
2019-10-08,002594.SZ,48.8,49.26,48.3,48.42,48.78,-0.36,-0.738,48614.84,237568.931,-0.0073800738007380184,-0.007407441277861805,48.662,49.8955,51.8,0.18077667061594804
2019-10-09,002594.SZ,48.3,48.32,47.28,48.09,48.42,-0.33,-0.6815,50471.12,241379.431,-0.006815365551425034,-0.006838696220341157,48.472,49.8255,51.686666666666675,0.18148268672493856
2019-10-10,002594.SZ,48.4,49.2,48.36,49.0,48.09,0.91,1.8923,62553.09,306006.456,0.018922852983988214,0.018746042821055194,48.574,49.807,51.605000000000004,0.19514532129788903
2019-10-11,002594.SZ,48.5,48.96,47.97,48.43,49.0,-0.57,-1.1633,75741.74,368013.99,-0.011632653061224518,-0.011700841695488873,48.544000000000004,49.7215,51.52466666666667,0.18957509075206894
2019-10-14,002594.SZ,48.98,49.38,48.5,48.85,48.43,0.42,0.8672,83881.52,410269.732,0.008672310551311124,0.008634922073653935,48.558,49.639500000000005,51.43449999999999,0.1906903520043133
2019-10-15,002594.SZ,48.9,49.0,47.9,48.0,48.85,-0.85,-1.74,76610.72,369180.666,-0.017400204708290734,-0.017553367580900866,48.474000000000004,49.4605,51.312,0.17763361742542458
2019-10-16,002594.SZ,48.0,48.24,47.48,47.52,48.0,-0.48,-1.0,71503.54,340699.06,-0.009999999999999898,-0.010050335853501338,48.36,49.279,51.191,0.17832731221835232
2019-10-17,002594.SZ,47.52,47.75,47.4,47.52,47.52,0.0,0.0,38510.23,183173.449,0.0,0.0,48.064,49.0995,51.07216666666667,0.17851352010492816
2019-10-18,002594.SZ,47.99,47.99,46.82,46.9,47.52,-0.62,-1.3047,75009.71,353826.124,-0.013047138047138196,-0.013132999602155958,47.757999999999996,48.905,50.962999999999994,0.18146873889192253
2019-10-21,002594.SZ,46.9,46.98,46.21,46.57,46.9,-0.33,-0.7036,52825.36,245221.092,-0.007036247334754719,-0.0070611184579477595,47.302,48.6755,50.840333333333334,0.17680725653118398
2019-10-22,002594.SZ,46.59,46.86,46.52,46.8,46.57,0.23,0.4939,33224.07,155146.533,0.004938801803736181,0.004926645929315083,47.062,48.516999999999996,50.70533333333333,0.165361286957886
2019-10-23,002594.SZ,46.79,46.95,46.56,46.6,46.8,-0.2,-0.4274,30367.55,141635.932,-0.004273504273504147,-0.004282661792000736,46.878,48.345,50.54316666666667,0.1644825815216727
2019-10-24,002594.SZ,46.5,46.82,46.5,46.66,46.6,0.06,0.1288,31568.84,147314.379,0.0012875536480685401,0.0012867254616835903,46.706,48.1685,50.38183333333333,0.1636962286920959
2019-10-25,002594.SZ,46.8,47.17,46.44,47.04,46.66,0.38,0.8144,37075.53,173422.874,0.008144020574367916,0.008111036997087718,46.734,48.017,50.219166666666666,0.16890750803141
2019-10-28,002594.SZ,47.03,47.46,47.03,47.3,47.04,0.26,0.5527,52591.92,248669.255,0.005527210884353595,0.005511991907515657,46.88,47.923,50.05049999999999,0.16210275258174114
2019-10-29,002594.SZ,47.34,47.89,47.1,47.15,47.3,-0.15,-0.3171,55109.38,261660.444,-0.003171247357293794,-0.003176286418420707,46.95,47.787,49.882666666666665,0.1507910500957685
2019-10-30,002594.SZ,45.9,45.9,43.5,43.96,47.15,-3.19,-6.7656,172418.84,764931.68,-0.06765641569459169,-0.07005387954404585,46.422000000000004,47.533,49.663999999999994,0.27261250821336774
2019-10-31,002594.SZ,43.95,43.95,42.6,42.85,43.96,-1.11,-2.525,110683.57,475701.013,-0.025250227479526877,-0.02557448449163185,45.660000000000004,47.251000000000005,49.44566666666666,0.2810671176746186
2019-11-01,002594.SZ,42.8,43.75,42.3,43.57,42.85,0.72,1.6803,67304.5,291051.703,0.016802800466744428,0.01666319508556192,44.965999999999994,47.0005,49.243,0.2914315151791701
2019-11-04,002594.SZ,43.57,43.8,43.13,43.43,43.57,-0.14,-0.3213,54119.18,234941.651,-0.0032132201055772303,-0.0032183935826202376,44.192,46.733000000000004,49.06033333333333,0.28945739322369046
2019-11-05,002594.SZ,43.52,44.35,43.02,43.95,43.43,0.52,1.1973,76990.13,336061.252,0.01197329035229111,0.011902177584455564,43.552,46.509499999999996,48.91983333333334,0.2959831260861386
2019-11-06,002594.SZ,44.1,44.85,43.53,44.31,43.95,0.36,0.8191,96714.21,429240.472,0.008191126279863514,0.008157761080212152,43.622,46.320499999999996,48.80216666666667,0.29930925578589257
2019-11-07,002594.SZ,44.03,45.65,43.69,44.68,44.31,0.37,0.835,96835.5,433523.302,0.008350259535093496,0.008315588989601674,43.988,46.1045,48.70016666666666,0.2908447078503565
2019-11-08,002594.SZ,45.88,45.95,44.8,44.88,44.68,0.2,0.4476,91373.13,414639.25,0.004476275738585667,0.004466287013441085,44.25,45.927,48.6005,0.2911815207983928
2019-11-11,002594.SZ,44.8,44.8,43.63,43.95,44.88,-0.93,-2.0722,61673.58,272426.327,-0.020721925133689867,-0.0209396370832549,44.354,45.682,48.48316666666666,0.2933899796858557
2019-11-12,002594.SZ,43.92,44.33,43.55,44.1,43.95,0.15,0.3413,44569.29,196281.802,0.0034129692832765013,0.0034071583216143558,44.384,45.487,48.36483333333334,0.29111359067908765
2019-11-13,002594.SZ,44.12,44.17,43.0,43.28,44.1,-0.82,-1.8594,57977.94,251998.384,-0.018594104308390036,-0.01876914791457424,44.178000000000004,45.275,48.26116666666667,0.29501039781947735
2019-11-14,002594.SZ,43.5,43.82,43.32,43.52,43.28,0.24,0.5545,40397.89,175929.259,0.005545286506469571,0.0055299680094611755,43.946000000000005,45.075,48.14833333333333,0.2967818858084114
2019-11-15,002594.SZ,43.53,43.63,42.8,43.12,43.52,-0.4,-0.9191,46149.19,199139.088,-0.009191176470588314,-0.009233675946945552,43.59400000000001,44.886,48.03183333333334,0.29557319479994143
2019-11-18,002594.SZ,42.9,43.03,42.52,42.83,43.12,-0.29,-0.6725,53686.47,229761.352,-0.0067254174397031186,-0.006748134973462069,43.37,44.699,47.8945,0.2955332222681007
2019-11-19,002594.SZ,42.56,43.75,42.56,43.74,42.83,0.91,2.1247,53463.48,231949.857,0.021246789633434515,0.021024223621342177,43.298,44.54600000000001,47.75516666666667,0.30750755850923733
2019-11-20,002594.SZ,43.6,43.6,43.01,43.1,43.74,-0.64,-1.4632,39386.84,170527.992,-0.014631915866483824,-0.014740018138919736,43.262,44.371,47.61633333333334,0.31017737997003586
2019-11-21,002594.SZ,43.2,43.87,42.78,43.62,43.1,0.52,1.2065,56999.71,247633.914,0.012064965197215782,0.0119927636637809,43.282,44.219,47.483,0.3148050633410938
2019-11-22,002594.SZ,43.73,44.6,43.45,43.82,43.62,0.2,0.4585,70268.9,309191.771,0.004585052728106387,0.0045745733938374784,43.422000000000004,44.058,47.37649999999999,0.3133585969862424
2019-11-25,002594.SZ,44.16,45.28,43.54,44.87,43.82,1.05,2.3962,121726.63,541772.289,0.023961661341852958,0.02367908582057144,43.83,43.9365,47.30949999999999,0.3268270121752782
2019-11-26,002594.SZ,44.78,45.09,43.75,44.6,44.87,-0.27,-0.6017,99568.05,442825.714,-0.006017383552484823,-0.006035560961873458,44.001999999999995,43.809000000000005,47.235666666666674,0.3270690009322942
2019-11-27,002594.SZ,44.46,44.47,43.85,43.9,44.6,-0.7,-1.5695,48330.98,212902.105,-0.015695067264574036,-0.015819538944892766,44.162,43.806,47.141666666666666,0.22645504589920723
2019-11-28,002594.SZ,43.58,43.73,43.15,43.18,43.9,-0.72,-1.6401,48120.03,208644.192,-0.016400911161731146,-0.01653689499446431,44.074,43.8225,47.031166666666664,0.21525490930703522
2019-11-29,002594.SZ,43.27,43.62,43.02,43.39,43.18,0.21,0.4863,44103.62,190926.826,0.004863362667901772,0.004851574723598004,43.988,43.8135,46.936,0.20726399815747595
2019-12-02,002594.SZ,43.39,43.54,43.05,43.15,43.39,-0.24,-0.5531,43310.93,187308.255,-0.005531228393639176,-0.005546582280822472,43.644,43.7995,46.831,0.20788432888296093
2019-12-03,002594.SZ,43.15,43.84,42.99,43.79,43.15,0.64,1.4832,47048.04,204097.553,0.014831981460023291,0.014723063283870151,43.482,43.7915,46.732166666666664,0.21034530587297712
2019-12-04,002594.SZ,43.72,44.44,43.44,44.13,43.79,0.34,0.7764,68959.71,303525.492,0.007764329755652,0.007734342468148877,43.528,43.7825,46.642833333333336,0.21012755142105785
2019-12-05,002594.SZ,44.2,44.41,43.9,44.04,44.13,-0.09,-0.2039,62864.53,277165.4,-0.0020394289598912874,-0.0020415114269766847,43.7,43.7505,46.554,0.20779608399429128
2019-12-06,002594.SZ,44.05,44.14,43.47,43.71,44.04,-0.33,-0.7493,68145.73,297440.95,-0.007493188010899154,-0.0075214029792560295,43.763999999999996,43.692,46.44683333333333,0.20823066141749022
2019-12-09,002594.SZ,43.71,43.8,43.27,43.38,43.71,-0.33,-0.755,58259.85,252881.168,-0.007549759780370535,-0.0075784034764947465,43.81,43.6635,46.32833333333334,0.1968207750406648
2019-12-10,002594.SZ,43.53,43.53,43.2,43.43,43.38,0.05,0.1153,42173.17,182927.32,0.001152604887044717,0.0011519411480021826,43.738,43.63,46.1925,0.19637565897324105
2019-12-11,002594.SZ,43.36,44.23,43.19,44.12,43.43,0.69,1.5888,88873.29,389740.624,0.015887635275155354,0.015762747838571147,43.736000000000004,43.672000000000004,46.07533333333333,0.19279708749677182
2019-12-12,002594.SZ,44.09,44.09,43.23,43.48,44.12,-0.64,-1.4506,80922.75,353467.368,-0.01450589301903904,-0.014612132132293084,43.623999999999995,43.67,45.948166666666665,0.19958879202727195
2019-12-13,002594.SZ,43.79,43.89,43.23,43.37,43.48,-0.11,-0.253,141600.83,614076.972,-0.0025298988040478587,-0.002533104405733847,43.556,43.6825,45.82449999999999,0.19688984208383573
2019-12-16,002594.SZ,43.43,44.15,43.23,44.13,43.37,0.76,1.7524,125263.48,547285.347,0.01752363384828226,0.01737186543418101,43.705999999999996,43.747499999999995,45.70733333333333,0.20399945215848556
2019-12-17,002594.SZ,44.17,45.55,44.16,45.04,44.13,0.91,2.0621,190471.75,857264.002,0.020620892816678005,0.02041116054997911,44.028,43.8125,45.625166666666665,0.20320948905276112
2019-12-18,002594.SZ,45.08,45.08,44.53,44.7,45.04,-0.34,-0.7549,113229.13,506519.518,-0.007548845470692678,-0.007577482211911754,44.144,43.8925,45.53616666666667,0.19719826238386265
2019-12-19,002594.SZ,44.7,45.0,44.26,44.97,44.7,0.27,0.604,101163.47,451499.532,0.006040268456375841,0.006022099163092882,44.442,43.96,45.44916666666666,0.194215240121659
2019-12-20,002594.SZ,45.23,47.28,45.05,46.62,44.97,1.65,3.6691,289838.02,1344330.942,0.036691127418278846,0.03603403282499504,45.092,44.1,45.391666666666666,0.2307667478939637
2019-12-23,002594.SZ,46.32,46.42,45.47,45.54,46.62,-1.08,-2.3166,132775.09,608250.688,-0.02316602316602312,-0.023438572972017468,45.374,44.1335,45.330999999999996,0.23512783236996612
2019-12-24,002594.SZ,45.75,46.85,45.75,46.78,45.54,1.24,2.7229,156602.22,725017.631,0.02722880983750553,0.026864700520439447,45.721999999999994,44.24249999999999,45.2795,0.25131682253926846
2019-12-25,002594.SZ,47.05,48.14,46.51,46.85,46.78,0.07,0.1496,191832.57,906693.865,0.0014963659683624453,0.0014952475283981246,46.152,44.39,45.243,0.24203989731286396
2019-12-26,002594.SZ,46.21,47.25,46.14,46.41,46.85,-0.44,-0.9392,110345.72,513101.998,-0.009391675560298962,-0.009436055431346888,46.44,44.551500000000004,45.208333333333336,0.2356415688947922
2019-12-27,002594.SZ,46.2,46.85,46.0,46.0,46.41,-0.41,-0.8834,109621.27,507597.022,-0.00883430295194998,-0.008873556763989413,46.315999999999995,44.682,45.16533333333333,0.23973860764333763
2019-12-30,002594.SZ,46.35,47.8,46.02,47.64,46.0,1.64,3.5652,196477.12,925707.98,0.03565217391304354,0.03503134799800441,46.736000000000004,44.9065,45.14633333333334,0.2636093011346472
2019-12-31,002594.SZ,47.51,48.1,46.9,47.67,47.64,0.03,0.063,132166.16,626863.842,0.0006297229219143219,0.0006295247296349124,46.914,45.1005,45.133833333333335,0.2614608661465466
2020-01-02,002594.SZ,47.69,48.47,47.51,48.17,47.67,0.5,1.0489,159345.7,765516.493,0.010488777008600847,0.010434151425395168,47.178000000000004,45.302499999999995,45.13516666666666,0.2621064483518767
2020-01-03,002594.SZ,48.2,48.99,47.68,48.04,48.17,-0.13,-0.2699,129936.07,628361.961,-0.002698775171268486,-0.0027024234303466925,47.504000000000005,45.502500000000005,45.11916666666666,0.2623355702846185
2020-01-06,002594.SZ,47.39,49.19,47.19,48.28,48.04,0.24,0.4996,169871.38,822172.472,0.004995836802664577,0.004983399017548091,47.96,45.731,45.11666666666667,0.25849008336972285
2020-01-07,002594.SZ,48.31,48.5,47.77,48.05,48.28,-0.23,-0.4764,93400.58,449013.435,-0.00476387738193873,-0.004775260813029293,48.041999999999994,45.9645,45.10333333333334,0.2568646170954354
2020-01-08,002594.SZ,47.55,48.35,47.15,47.28,48.05,-0.77,-1.6025,110974.45,529249.404,-0.01602497398543179,-0.016154762318458686,47.964,46.157,45.09133333333333,0.26751373360165287
2020-01-09,002594.SZ,47.75,48.2,47.38,47.65,47.28,0.37,0.7826,89217.0,425352.462,0.00782571912013541,0.007795257002368407,47.86,46.3335,45.0935,0.26443076365951135
2020-01-10,002594.SZ,47.66,47.66,46.61,46.92,47.65,-0.73,-1.532,109294.63,512929.719,-0.015320041972717635,-0.015438606314936305,47.636,46.5055,45.0835,0.26520058093074994
2020-01-13,002594.SZ,51.61,51.61,50.51,51.61,46.92,4.69,9.9957,518827.59,2662873.914,0.09995737425404938,0.09527142837536101,48.302,46.917500000000004,45.162000000000006,0.4302005068698752
2020-01-14,002594.SZ,55.0,55.99,53.0,53.44,51.61,1.83,3.5458,614975.96,3356918.724,0.03545824452625457,0.03484407706775447,49.379999999999995,47.383,45.27649999999999,0.43948485972235335
2020-01-15,002594.SZ,54.01,54.75,52.28,53.31,53.44,-0.13,-0.2433,298705.23,1594534.514,-0.002432634730538785,-0.0024355983937204926,50.586,47.796499999999995,45.385000000000005,0.43969100655717563
2020-01-16,002594.SZ,53.49,54.54,51.78,54.09,53.31,0.78,1.4631,335737.07,1778235.678,0.014631401238041741,0.014525395048666035,51.874,48.266000000000005,45.509833333333326,0.43577468454529295
2020-01-17,002594.SZ,53.86,59.5,53.2,57.95,54.09,3.86,7.1363,530600.38,3022542.423,0.07136254390830099,0.06893124390242514,54.08,48.915,45.698,0.4867603390286112
2020-01-20,002594.SZ,57.3,59.9,56.5,58.76,57.95,0.81,1.3978,300775.62,1742179.866,0.013977566867989566,0.013880781519915762,55.510000000000005,49.522000000000006,45.89333333333333,0.4788277534459536
2020-01-21,002594.SZ,57.72,57.73,56.55,56.72,58.76,-2.04,-3.4717,203836.57,1161444.87,-0.034717494894486056,-0.03533446908180451,56.16600000000001,50.081,46.05033333333334,0.49168002494980584
2020-01-22,002594.SZ,56.5,60.5,56.1,59.27,56.72,2.55,4.4958,327979.95,1927419.433,0.04495768688293378,0.0439763935758748,57.358000000000004,50.705499999999994,46.25233333333334,0.5031081727820306
2020-01-23,002594.SZ,57.99,61.88,57.51,59.83,59.27,0.56,0.9448,291584.96,1735366.427,0.00944828749789095,0.00940393160219358,58.50600000000001,51.35450000000001,46.51683333333334,0.5016198998258132
2020-02-03,002594.SZ,53.85,54.48,53.85,53.85,59.83,-5.98,-9.995,100398.0,540735.185,-0.09994985793080391,-0.10530480379954282,57.686,51.7265,46.70016666666667,0.6388777617097195
2020-02-04,002594.SZ,54.0,57.5,54.0,56.36,53.85,2.51,4.6611,367775.3,2057907.669,0.046610956360259914,0.04555728342808183,57.205999999999996,52.244499999999995,46.913333333333334,0.6494603638204351
2020-02-05,002594.SZ,57.7,62.0,56.99,60.81,56.36,4.45,7.8957,446230.25,2698234.964,0.07895670688431511,0.07599456210153889,58.024,52.903,47.203,0.6882880396562235
2020-02-06,002594.SZ,58.45,60.85,58.4,60.75,60.81,-0.06,-0.0987,301131.81,1792085.752,-0.0009866798223976403,-0.0009871669113605294,58.32000000000001,53.557,47.483,0.6887024202986934
2020-02-07,002594.SZ,60.74,60.74,56.66,57.9,60.75,-2.85,-4.6914,321281.59,1868897.083,-0.04691358024691361,-0.048049697641708314,57.934000000000005,54.04350000000001,47.709500000000006,0.7209628650274934
2020-02-10,002594.SZ,59.2,63.36,58.85,60.93,57.9,3.03,5.2332,352796.46,2143782.477,0.05233160621761668,0.05100827968145354,59.35,54.688,47.980333333333334,0.7342262706463126
2020-02-11,002594.SZ,60.0,60.12,58.28,59.04,60.93,-1.89,-3.1019,196175.74,1162310.506,-0.03101920236336786,-0.031510483968186016,59.886,55.22600000000001,48.21633333333333,0.7503664298177055
2020-02-12,002594.SZ,59.04,60.6,58.35,59.19,59.04,0.15,0.2541,197455.56,1171671.704,0.0025406504065039748,0.0025374284104165232,59.562,55.782999999999994,48.470333333333336,0.7487554889136573
2020-02-13,002594.SZ,58.5,60.13,57.5,57.55,59.19,-1.64,-2.7707,236947.03,1387055.829,-0.027707383003885755,-0.028098473534741982,58.922000000000004,56.2965,48.6945,0.7555758864981693
2020-02-14,002594.SZ,57.56,57.9,56.44,56.9,57.55,-0.65,-1.1295,211173.83,1205977.325,-0.011294526498696777,-0.011358794035606405,58.722,56.759,48.9215,0.7596618853402404
2020-02-17,002594.SZ,56.91,58.56,56.91,58.48,56.9,1.58,2.7768,209889.0,1215249.654,0.02776801405975382,0.0273894743092377,58.23199999999999,57.337,49.170833333333334,0.7560061552180719
2020-02-18,002594.SZ,57.8,60.0,57.77,59.47,58.48,0.99,1.6929,228365.32,1350970.758,0.01692886456908349,0.01678716827697929,58.318,57.73,49.443333333333335,0.6819190536329862
2020-02-19,002594.SZ,64.47,64.48,61.66,61.91,59.47,2.44,4.1029,437476.53,2773613.068,0.04102909029762891,0.040209733812638315,58.862,58.15350000000001,49.76133333333333,0.6851734116108181
2020-02-20,002594.SZ,63.17,68.1,63.11,68.1,61.91,6.19,9.9984,649390.94,4366081.68,0.0999838475205943,0.09529549562432582,60.972,58.892999999999994,50.16733333333333,0.7566590722373915
2020-02-21,002594.SZ,67.0,68.27,65.68,67.5,68.1,-0.6,-0.8811,455189.16,3046190.98,-0.008810572687224627,-0.0088496152769825,63.092,59.5635,50.574,0.7607163384226575
2020-02-24,002594.SZ,65.42,67.14,64.96,66.2,67.5,-1.3,-1.9259,357968.79,2351741.646,-0.019259259259259198,-0.01944713493552155,64.636,59.976,50.95033333333333,0.7348506806243624
2020-02-25,002594.SZ,64.4,72.19,64.17,70.85,66.2,4.65,7.0242,407434.09,2786635.361,0.07024169184290008,0.06788450319372671,66.912,60.580499999999994,51.40083333333334,0.7676400370452721
2020-02-26,002594.SZ,69.78,75.8,69.0,71.7,70.85,0.85,1.1997,522768.32,3774510.844,0.011997177134791981,0.011925781468885397,68.86999999999999,61.329499999999996,51.848,0.7488170858133235
2020-02-27,002594.SZ,71.68,73.15,68.08,70.05,71.7,-1.65,-2.3013,272699.96,1912686.987,-0.023012552301255318,-0.023281474822558754,69.26,61.8685,52.272166666666664,0.7490227468438576
2020-02-28,002594.SZ,66.66,68.99,64.95,65.37,70.05,-4.68,-6.6809,338253.52,2251947.903,-0.0668094218415417,-0.06914583515837776,68.834,62.145500000000006,52.63,0.7964287386452359
2020-03-02,002594.SZ,65.6,67.23,64.0,66.85,65.37,1.48,2.264,225643.21,1492112.197,0.022640354902860427,0.02238786592331378,68.964,62.795500000000004,53.024499999999996,0.6930514366754221
2020-03-03,002594.SZ,69.8,70.2,67.46,67.87,66.85,1.02,1.5258,274252.92,1880749.812,0.015258040388930638,0.015142807167715,68.368,63.370999999999995,53.4325,0.6809714138013219
2020-03-04,002594.SZ,66.95,67.8,64.72,66.58,67.87,-1.29,-1.9007,180932.53,1198529.239,-0.019006925003683617,-0.01918987856878821,67.34400000000001,63.6595,53.823,0.6371441698809109
2020-03-05,002594.SZ,67.02,67.62,65.5,66.81,66.58,0.23,0.3454,170003.67,1128290.419,0.0034544908380895745,0.0034485377905071214,66.696,63.9625,54.20666666666667,0.636758343961049
2020-03-06,002594.SZ,65.5,67.55,65.33,65.36,66.81,-1.45,-2.1703,147209.6,972613.004,-0.02170333782367917,-0.021942319385638585,66.69399999999999,64.3355,54.5605,0.6151479727919867
2020-03-09,002594.SZ,63.29,63.29,59.18,59.45,65.36,-5.91,-9.0422,292478.82,1789143.869,-0.09042227662178692,-0.09477482741495649,65.21400000000001,64.2615,54.81733333333333,0.6802037175171572
2020-03-10,002594.SZ,57.6,61.5,57.33,60.17,59.45,0.72,1.2111,266805.23,1578089.168,0.012111017661900814,0.0120382660954696,63.674,64.318,55.09166666666667,0.67159455276611
2020-03-11,002594.SZ,60.77,61.15,58.6,58.75,60.17,-1.42,-2.36,222212.47,1327803.13,-0.02359980056506572,-0.023882736207992115,62.108000000000004,64.296,55.347833333333334,0.6775935430344838
2020-03-12,002594.SZ,57.31,57.66,55.9,57.03,58.75,-1.72,-2.9277,232382.54,1319050.413,-0.029276595744680778,-0.02971370785582078,60.152,64.27,55.57449999999999,0.6784819352083964
2020-03-13,002594.SZ,53.8,56.5,52.35,55.66,57.03,-1.37,-2.4022,213198.07,1162290.579,-0.024022444327546966,-0.024315689070702827,58.212,64.208,55.76683333333334,0.6828842987535495
2020-03-16,002594.SZ,56.59,57.33,53.88,53.88,55.66,-1.78,-3.198,238773.48,1326361.268,-0.03197987782968015,-0.03250240455558143,57.098,63.977999999999994,55.94016666666666,0.6833328987536689
2020-03-17,002594.SZ,53.88,54.96,51.88,53.04,53.88,-0.84,-1.559,180918.52,961588.993,-0.015590200445434355,-0.015713005664556225,55.672000000000004,63.656499999999994,56.10133333333333,0.6803629111227466
2020-03-18,002594.SZ,53.59,54.67,52.02,52.09,53.04,-0.95,-1.7911,172684.32,925695.049,-0.017911010558069318,-0.01807335412050683,54.339999999999996,63.165499999999994,56.234,0.6595091915677929
2020-03-19,002594.SZ,52.11,52.52,49.88,51.36,52.09,-0.73,-1.4014,194450.0,993678.521,-0.014014206181608868,-0.014113332375394553,53.206,62.3285,56.339333333333336,0.5223086081403818
2020-03-20,002594.SZ,52.3,52.79,51.4,52.52,51.36,1.16,2.2586,148296.2,772921.084,0.02258566978193155,0.02233439005288979,52.577999999999996,61.579499999999996,56.46966666666666,0.5376988439449859
2020-03-23,002594.SZ,50.25,50.8,47.89,48.15,52.52,-4.37,-8.3206,242739.76,1190535.685,-0.08320639756283332,-0.086872911190461,51.431999999999995,60.677,56.522666666666666,0.5942227783654145
2020-03-24,002594.SZ,49.26,49.88,47.39,49.73,48.15,1.58,3.2814,205027.11,1002130.021,0.0328141225337486,0.032287234482512514,50.769999999999996,59.621,56.57450000000001,0.5347983625517833
2020-03-25,002594.SZ,51.55,52.8,51.04,52.25,49.73,2.52,5.0674,289787.42,1504804.536,0.050673637643273706,0.04943151811827323,50.802,58.6485,56.68633333333334,0.578438436587271
2020-03-26,002594.SZ,52.5,55.18,51.61,54.27,52.25,2.02,3.866,296620.84,1588496.992,0.03866028708133973,0.03793169723039309,51.38399999999999,57.859500000000004,56.811166666666665,0.6078574698620055
2020-03-27,002594.SZ,55.4,56.05,54.44,54.78,54.27,0.51,0.9397,229972.49,1269534.018,0.009397457158651257,0.009353575759618711,51.836,57.33,56.943333333333335,0.5760228007121871
2020-03-30,002594.SZ,55.0,57.78,54.87,56.23,54.78,1.45,2.647,328937.4,1855914.322,0.026469514421321616,0.0261252584691782,53.452,56.799,57.107,0.5788913531455275
2020-03-31,002594.SZ,56.76,59.99,55.45,59.97,56.23,3.74,6.6513,350174.44,2037070.401,0.0665125377912148,0.06439401487630819,55.5,56.40400000000001,57.33983333333334,0.6322896316410842
2020-04-01,002594.SZ,59.9,60.66,57.02,57.12,59.97,-2.85,-4.7524,365565.47,2139092.105,-0.04752376188094054,-0.048690119149089515,56.474000000000004,55.931,57.49783333333333,0.6483266779560112
2020-04-02,002594.SZ,56.7,56.7,54.8,56.59,57.12,-0.53,-0.9279,233841.69,1300691.383,-0.009278711484593694,-0.009322026876896336,56.938,55.42,57.646499999999996,0.6472226213832715
2020-04-03,002594.SZ,56.59,56.59,54.91,55.0,56.59,-1.59,-2.8097,169189.66,940495.658,-0.028096836896978283,-0.028499105921961566,56.98199999999999,54.90200000000001,57.76033333333334,0.6494820223602334
2020-04-07,002594.SZ,56.44,56.92,55.6,56.31,55.0,1.31,2.3818,189115.89,1061432.559,0.02381818181818196,0.023538954034056363,56.998000000000005,54.745000000000005,57.898166666666675,0.5795217585701097
2020-04-08,002594.SZ,55.8,55.8,55.04,55.32,56.31,-0.99,-1.7581,129543.27,717031.923,-0.01758124667021843,-0.017737632469969677,56.068000000000005,54.5025,58.015499999999996,0.5794673493289861
2020-04-09,002594.SZ,55.81,56.54,55.55,55.65,55.32,0.33,0.5965,133338.32,746729.511,0.005965292841648484,0.0059475709249962715,55.774,54.347500000000004,58.14216666666666,0.5753935660623278
2020-04-10,002594.SZ,56.28,56.28,54.15,54.57,55.65,-1.08,-1.9407,131854.72,727755.054,-0.019407008086253286,-0.019597796523413175,55.370000000000005,54.2245,58.26366666666667,0.5702497105876774
2020-04-13,002594.SZ,54.73,55.94,54.73,55.8,54.57,1.23,2.254,102559.56,569833.086,0.022539857064320934,0.02228958818912456,55.529999999999994,54.2315,58.399499999999996,0.5699034871523997
2020-04-14,002594.SZ,55.8,58.0,55.38,57.92,55.8,2.12,3.7993,233863.05,1338857.701,0.0379928315412188,0.03728887869019582,55.852,54.4335,58.58283333333333,0.5707411877104169
2020-04-15,002594.SZ,59.36,62.39,58.38,60.14,57.92,2.22,3.8329,306227.36,1847393.286,0.038328729281768004,0.03761242948292213,56.815999999999995,54.7885,58.724999999999994,0.5779384767591835
2020-04-16,002594.SZ,60.1,61.3,59.05,60.01,60.14,-0.13,-0.2162,165258.91,992639.139,-0.002161622879946812,-0.002163962558961551,57.688,55.1845,58.834500000000006,0.5716269901663837
2020-04-17,002594.SZ,60.6,60.98,58.68,58.8,60.01,-1.21,-2.0163,156490.05,931863.464,-0.020163306115647428,-0.02036936009684028,58.534000000000006,55.55650000000001,58.926,0.575134498286891
2020-04-20,002594.SZ,59.4,59.4,58.16,58.86,58.8,0.06,0.102,107473.6,630616.732,0.0010204081632654294,0.0010198879007456026,59.146,55.8735,59.0055,0.5726798759351622
2020-04-21,002594.SZ,58.5,59.68,57.8,59.37,58.86,0.51,0.8665,147148.34,864113.083,0.008664627930683011,0.008627305477257369,59.436,56.4345,59.02916666666667,0.4648531506420426
2020-04-22,002594.SZ,58.4,60.0,57.88,59.43,59.37,0.06,0.1011,121458.02,715492.487,0.001010611419909102,0.0010101010959852597,59.294,56.91949999999999,59.040333333333336,0.4586640224041561
2020-04-23,002594.SZ,59.99,60.55,58.04,58.25,59.43,-1.18,-1.9855,116027.98,686078.406,-0.019855291940097608,-0.020055056932759323,58.94199999999999,57.2195,59.06583333333333,0.4424060916785067
2020-04-24,002594.SZ,58.67,60.49,58.5,58.73,58.25,0.48,0.824,135948.93,806969.227,0.008240343347639456,0.008206577088618138,58.928,57.442499999999995,59.05683333333333,0.42529935347147035
2020-04-27,002594.SZ,59.02,59.09,56.88,56.98,58.73,-1.75,-2.9797,138265.32,799777.332,-0.02979737783075087,-0.030250340464665855,58.552,57.552499999999995,59.00933333333333,0.44150959316912936
2020-04-28,002594.SZ,57.0,57.59,54.76,56.98,56.98,0.0,0.0,128657.94,725365.013,0.0,0.0,58.074,57.589999999999996,59.0615,0.43221854372096247
2020-04-29,002594.SZ,58.2,59.45,57.56,58.0,56.98,1.02,1.7901,165125.56,964564.485,0.017901017901017946,0.017742681476657148,57.788,57.491499999999995,59.08883333333333,0.3634900118600863
2020-04-30,002594.SZ,58.82,60.58,58.51,59.96,58.0,1.96,3.3793,218876.25,1303496.245,0.03379310344827591,0.03323466268797766,58.129999999999995,57.633500000000005,59.074666666666666,0.3405764538288651
2020-05-06,002594.SZ,59.4,62.5,59.1,62.18,59.96,2.22,3.7025,231906.23,1420097.901,0.03702468312208129,0.036355731396210705,58.81999999999999,57.913,59.098499999999994,0.3582726789683277
2020-05-07,002594.SZ,62.17,62.17,59.98,60.09,62.18,-2.09,-3.3612,225118.02,1362997.62,-0.03361209392087483,-0.034189966284771126,59.44199999999999,58.1675,59.135,0.3654846750911587
2020-05-08,002594.SZ,60.11,60.5,59.3,59.78,60.09,-0.31,-0.5159,171471.73,1025569.471,-0.005158928274255348,-0.005172281490044841,60.001999999999995,58.340999999999994,59.11583333333333,0.3597956745751231
2020-05-11,002594.SZ,59.29,59.66,58.11,58.88,59.78,-0.9,-1.5055,190716.21,1121805.579,-0.015055202408832402,-0.01516968243517102,60.178,58.519000000000005,59.113166666666665,0.35796417466407165
2020-05-12,002594.SZ,58.89,59.14,58.2,59.13,58.88,0.25,0.4246,104019.66,610124.974,0.004245923913043459,0.00423693541211771,60.012,58.693,59.11216666666667,0.3578504386529433
2020-05-13,002594.SZ,59.13,59.75,58.5,58.99,59.13,-0.14,-0.2368,111115.16,657743.992,-0.002367664468121089,-0.002370471817754622,59.374,58.914,59.13616666666666,0.3485139703550771
2020-05-14,002594.SZ,58.9,58.9,57.55,57.69,58.99,-1.3,-2.2038,118363.13,688315.256,-0.022037633497203002,-0.02228408974618594,58.894000000000005,59.008500000000005,59.14933333333333,0.3531718182745829
2020-05-15,002594.SZ,57.79,58.58,57.3,57.96,57.69,0.27,0.468,102771.06,595823.315,0.004680187207488418,0.004669269183683693,58.529999999999994,59.0105,59.14066666666667,0.32683281280961946
2020-05-18,002594.SZ,57.4,58.4,56.4,57.18,57.96,-0.78,-1.3458,104743.39,601110.774,-0.01345755693581785,-0.013548930558315929,58.19,58.8625,59.10249999999999,0.2971217182291711
2020-05-19,002594.SZ,58.0,58.6,57.75,58.22,57.18,1.04,1.8188,94041.9,547143.039,0.01818817768450498,0.018024751423311332,58.008,58.77299999999999,59.041000000000004,0.30594633292294454
2020-05-20,002594.SZ,58.7,60.3,58.67,59.01,58.22,0.79,1.3569,164707.85,981282.457,0.013569220199244336,0.013477982751600316,58.012,58.78349999999999,58.8895,0.30181871433751495
2020-05-21,002594.SZ,59.11,59.37,57.01,57.15,59.01,-1.86,-3.152,120967.88,697047.198,-0.031520081342145345,-0.032027530828257676,57.903999999999996,58.698,58.717,0.322269509504497
2020-05-22,002594.SZ,57.16,57.67,55.51,56.03,57.15,-1.12,-1.9598,92349.61,522767.76,-0.019597550306211686,-0.01979212866362647,57.517999999999994,58.53099999999999,58.5475,0.32629525697579337
2020-05-25,002594.SZ,56.03,56.55,55.31,56.52,56.03,0.49,0.8745,59697.03,334368.698,0.008745315009816235,0.0087072962391336,57.386,58.3855,58.30866666666667,0.32860573145018546
2020-05-26,002594.SZ,56.8,58.38,56.8,58.3,56.52,1.78,3.1493,98543.68,570419.227,0.03149327671620661,0.031007535540119962,57.402,58.388,58.08533333333333,0.3424862665364611
2020-05-27,002594.SZ,59.6,59.95,57.07,57.3,58.3,-1.0,-1.7153,113617.42,662802.627,-0.01715265866209259,-0.01730146963575278,57.06,58.316500000000005,57.87283333333333,0.34648024018520196
2020-05-28,002594.SZ,57.35,58.23,56.4,57.48,57.3,0.18,0.3141,86300.23,494679.18,0.003141361256544517,0.0031364374901303115,57.126,58.341499999999996,57.74133333333334,0.32948839389803836
2020-05-29,002594.SZ,57.12,58.02,56.81,57.41,57.48,-0.07,-0.1218,68036.39,390882.856,-0.0012178148921363485,-0.0012185570312786896,57.402,58.363,57.583999999999996,0.3295481756415463
2020-06-01,002594.SZ,57.75,59.69,57.44,59.33,57.41,1.92,3.3444,161067.81,949983.296,0.03344365093189339,0.03289657609100642,57.964,58.4295,57.44166666666667,0.3446548740708044
2020-06-02,002594.SZ,59.57,62.18,58.88,61.0,59.33,1.67,2.8148,204796.1,1235513.478,0.028147648744311526,0.02775878390275942,58.504,58.4815,57.34866666666666,0.338128982907197
2020-06-03,002594.SZ,60.79,61.05,59.48,59.93,61.0,-1.07,-1.7541,146356.95,882603.748,-0.017540983606557425,-0.017696649703217413,59.029999999999994,58.36899999999999,57.234,0.315930773712358
2020-06-04,002594.SZ,60.48,61.2,59.71,60.11,59.93,0.18,0.3004,105743.32,637797.409,0.003003504088102682,0.0029990025809766866,59.556,58.370000000000005,57.14650000000001,0.2926843597986031
2020-06-05,002594.SZ,61.0,63.28,60.33,63.2,60.11,3.09,5.1406,265451.22,1643855.456,0.0514057561137915,0.050128084101741174,60.714,58.541,57.208999999999996,0.3434696672361092
2020-06-08,002594.SZ,63.0,63.83,62.45,62.79,63.2,-0.41,-0.6487,172441.11,1087013.121,-0.006487341772151933,-0.006508476026793718,61.40599999999999,58.7365,57.25266666666666,0.33880902275461366
2020-06-09,002594.SZ,63.0,64.41,61.69,61.98,62.79,-0.81,-1.29,204430.53,1285542.235,-0.012900143334925951,-0.012984072766415883,61.602,58.879,57.3065,0.343695540842741
2020-06-10,002594.SZ,62.26,62.42,60.68,61.05,61.98,-0.93,-1.5005,186194.03,1140629.413,-0.015004840271055198,-0.015118551802888512,61.826,58.982000000000006,57.37350000000001,0.3489933224188145
2020-06-11,002594.SZ,61.87,64.2,61.51,62.84,61.05,1.79,2.932,280232.52,1764678.741,0.029320229320229485,0.028898612830706882,62.372,59.2395,57.49316666666666,0.34979708116254754
2020-06-12,002594.SZ,61.4,61.93,60.63,61.48,62.84,-1.36,-2.1642,175497.1,1075893.063,-0.021642266072565364,-0.02187989471702542,62.028,59.415499999999994,57.61983333333333,0.3618997383079863
2020-06-15,002594.SZ,62.5,63.88,61.25,62.5,61.48,1.02,1.6591,195740.28,1225432.62,0.016590761223162165,0.01645463807196086,61.970000000000006,59.68150000000001,57.7775,0.35926763655258087
2020-06-16,002594.SZ,63.8,64.46,63.13,64.1,62.5,1.6,2.56,214115.72,1367780.377,0.025599999999999845,0.02527780718426839,62.394000000000005,59.9755,57.977666666666664,0.3638920864197897
2020-06-17,002594.SZ,64.0,64.11,62.36,64.11,64.1,0.01,0.0156,144378.18,912074.334,0.00015600624024969534,0.0001559940725416727,63.00599999999999,60.230500000000006,58.19016666666666,0.3628502017864004
2020-06-18,002594.SZ,63.8,66.76,62.94,66.74,64.11,2.63,4.1023,279033.36,1829902.632,0.041023241304008584,0.04020411532406186,63.78599999999999,60.71,58.42716666666667,0.35895470731396106
2020-06-19,002594.SZ,66.69,68.68,66.3,66.99,66.74,0.25,0.3746,220618.87,1487253.014,0.0037458795325142624,0.0037388811969482783,64.88799999999999,61.258,58.741166666666665,0.3443969751711984
2020-06-22,002594.SZ,66.6,68.78,66.29,68.0,66.99,1.01,1.5077,196254.8,1325805.162,0.015076877145842715,0.01496435065593055,65.98799999999999,61.83200000000001,59.04566666666666,0.34502045585160557
2020-06-23,002594.SZ,67.57,72.09,67.0,71.03,68.0,3.03,4.4559,260374.91,1812606.801,0.04455882352941187,0.043594617833612,67.374,62.468500000000006,59.358666666666664,0.3588996895506694
2020-06-24,002594.SZ,71.1,73.06,70.76,71.7,71.03,0.67,0.9433,196680.98,1414432.114,0.009432634098268444,0.009388424595856183,68.892,63.1885,59.649166666666666,0.3441668839697988
2020-06-29,002594.SZ,71.5,72.43,70.3,70.6,71.7,-1.1,-1.5342,173376.3,1233307.83,-0.015341701534170249,-0.015460603106378378,69.66400000000002,63.844500000000004,59.91283333333333,0.35615984345551976
2020-06-30,002594.SZ,71.41,72.85,70.87,71.8,70.6,1.2,1.6997,169831.01,1223207.515,0.016997167138810276,0.016854331554982182,70.626,64.564,60.172333333333334,0.35402749243405873
2020-07-01,002594.SZ,73.21,75.45,71.03,72.47,71.8,0.67,0.9331,235093.22,1726221.255,0.009331476323119814,0.009288207067011587,71.52000000000001,65.221,60.38066666666666,0.34440162018214293
2020-07-02,002594.SZ,72.63,74.61,71.8,72.14,72.47,-0.33,-0.4554,214074.18,1559734.669,-0.004553608389678443,-0.00456400764579707,71.74199999999999,65.77799999999999,60.63099999999999,0.3414408637521168
2020-07-03,002594.SZ,73.3,79.35,73.23,79.35,72.14,7.21,9.9945,455388.12,3497719.615,0.09994455225949528,0.09525977149702501,73.272,66.749,61.01033333333333,0.45706704792399133
2020-07-06,002594.SZ,79.33,81.59,77.41,80.9,79.35,1.55,1.9534,461224.16,3661516.239,0.01953371140516702,0.019345377092027962,75.332,67.7885,61.44199999999999,0.4553092647377068
2020-07-07,002594.SZ,84.76,88.5,83.0,83.0,80.9,2.1,2.5958,466705.87,3978641.289,0.02595797280593315,0.02562678373215182,77.572,68.77850000000001,61.886833333333335,0.43717278446974583
2020-07-08,002594.SZ,81.94,84.28,81.86,82.75,83.0,-0.25,-0.3012,319155.88,2647763.129,-0.003012048192771122,-0.003016593539425679,79.628,69.77650000000001,62.34400000000001,0.43517512225749194
2020-07-09,002594.SZ,82.75,86.3,81.46,84.46,82.75,1.71,2.0665,327973.52,2764110.59,0.020664652567975672,0.020454035248625078,82.092,70.9005,62.82416666666666,0.4235653412692079
2020-07-10,002594.SZ,84.47,92.36,83.05,89.0,84.46,4.54,5.3753,396029.31,3495161.21,0.05375325597916181,0.05235832022634239,84.022,72.29799999999999,63.397999999999996,0.4272872530145476
2020-07-13,002594.SZ,92.6,97.9,92.29,97.9,89.0,8.9,10.0,579871.28,5536512.876,0.10000000000000009,0.09531017980432493,87.422,74.051,64.09966666666666,0.5140032651463214
2020-07-14,002594.SZ,97.9,97.91,90.58,96.55,97.9,-1.35,-1.379,536388.69,5075817.585,-0.013789581205311596,-0.013885540661941304,90.13199999999999,75.80449999999999,64.7435,0.505667830250567
2020-07-15,002594.SZ,97.0,97.29,92.69,94.5,96.55,-2.05,-2.1233,388695.86,3699030.985,-0.021232522009321575,-0.021461174374826357,92.482,77.4045,65.31616666666667,0.5295662708154703
2020-07-16,002594.SZ,94.4,95.5,85.05,85.05,94.5,-9.45,-10.0,560466.63,4984540.817,-0.09999999999999998,-0.10536051565782628,92.6,78.452,65.73349999999999,0.6820493284104688
2020-07-17,002594.SZ,83.02,85.36,80.07,81.59,85.05,-3.46,-4.0682,430968.74,3549101.616,-0.04068195179306289,-0.04153261340116192,91.11800000000001,79.326,66.11333333333333,0.7088065325956202
2020-07-20,002594.SZ,83.7,89.3,81.61,87.17,81.59,5.58,6.8391,431730.31,3684539.642,0.06839073415859787,0.06615352958277584,88.97200000000001,80.3475,66.58516666666667,0.7294768154091867
2020-07-21,002594.SZ,89.9,91.33,87.68,88.09,87.17,0.92,1.0554,317222.34,2834375.732,0.01055408970976246,0.01049878409821957,87.28,81.4025,67.06383333333333,0.7285529126541317
2020-07-22,002594.SZ,86.0,89.48,85.5,87.19,88.09,-0.9,-1.0217,269544.83,2367987.141,-0.010216823703031008,-0.010269373681980668,85.818,82.362,67.5265,0.7339283049258497
2020-07-23,002594.SZ,86.06,89.0,85.58,88.99,87.19,1.8,2.0645,327286.56,2869841.089,0.020644569331345286,0.02043435842904715,86.60600000000001,83.25999999999999,68.03883333333333,0.725371236685883
2020-07-24,002594.SZ,87.78,88.14,82.5,83.0,88.99,-5.99,-6.7311,388173.74,3298033.865,-0.06731093381278785,-0.06968339607217283,86.888,83.825,68.44333333333333,0.7786190179997344
2020-07-27,002594.SZ,83.5,85.2,82.3,83.52,83.0,0.52,0.6265,208828.46,1753284.47,0.006265060240963738,0.006245516337730549,86.15799999999999,84.471,68.88566666666665,0.7736120544771145
2020-07-28,002594.SZ,85.98,86.66,83.0,83.91,83.52,0.39,0.467,216440.67,1829407.614,0.004669540229885083,0.004658671747649485,85.322,85.0765,69.33449999999999,0.7732781425900555
2020-07-29,002594.SZ,83.31,87.5,82.52,86.93,83.91,3.02,3.5991,287975.5,2464892.396,0.03599094267667757,0.03535840120899509,85.27000000000001,85.7995,69.81666666666666,0.7792221286098028
2020-07-30,002594.SZ,87.02,87.63,84.3,85.0,86.93,-1.93,-2.2202,224492.69,1917850.499,-0.02220177154031988,-0.022451940600656597,84.47200000000001,86.4425,70.234,0.7861647691994632
2020-07-31,002594.SZ,84.96,86.66,83.46,85.39,85.0,0.39,0.4588,258122.89,2201963.263,0.00458823529411756,0.004577741429198239,84.95,86.74449999999999,70.62083333333332,0.7096385747149193
2020-08-03,002594.SZ,85.41,86.5,84.4,86.17,85.39,0.78,0.9135,280303.6,2394349.093,0.009134559081859672,0.009093091332160637,85.47999999999999,87.008,71.0555,0.7076989759697984
2020-08-04,002594.SZ,86.95,91.0,86.88,89.0,86.17,2.83,3.2842,383955.87,3414415.346,0.03284205640013926,0.03231428048046439,86.498,87.30799999999999,71.54249999999999,0.7109324153967526
2020-08-05,002594.SZ,89.0,89.0,86.58,88.15,89.0,-0.85,-0.9551,190226.84,1667411.299,-0.00955056179775271,-0.009596460888260504,86.74199999999999,87.578,72.03033333333333,0.7122206579374593
2020-08-06,002594.SZ,88.81,89.6,87.0,88.73,88.15,0.58,0.658,205332.66,1815887.526,0.006579693703913758,0.0065581420033671445,87.48800000000001,87.79150000000001,72.52366666666667,0.7096327247085542
2020-08-07,002594.SZ,87.6,88.76,83.81,85.38,88.73,-3.35,-3.7755,245974.16,2120266.841,-0.03775498703933289,-0.03848616951743049,87.486,87.6105,72.9635,0.6977919935790209
2020-08-10,002594.SZ,83.79,84.35,80.0,81.98,85.38,-3.4,-3.9822,336538.84,2752165.156,-0.0398219723588662,-0.040636566253624454,86.648,86.8145,73.36833333333334,0.5983892775030867
2020-08-11,002594.SZ,81.9,83.2,80.95,81.0,81.98,-0.98,-1.1954,194172.6,1596334.584,-0.011954135154915835,-0.012026160403752737,85.048,86.037,73.75233333333334,0.5981950834095895
2020-08-12,002594.SZ,81.18,81.98,78.45,81.98,81.0,0.98,1.2099,220971.73,1768144.489,0.012098765432098757,0.012026160403752728,83.814,85.411,74.16566666666667,0.600152610268068
2020-08-13,002594.SZ,83.5,83.8,81.65,81.8,81.98,-0.18,-0.2196,135827.79,1119875.379,-0.0021956574774335547,-0.0021980714674901653,82.428,85.2485,74.55866666666667,0.48769012059451217
2020-08-14,002594.SZ,82.1,82.59,80.0,81.93,81.8,0.13,0.1589,120620.31,981262.741,0.0015892420537897411,0.0015879805450219708,81.738,85.2655,74.94066666666667,0.465206871584664
2020-08-17,002594.SZ,82.2,83.23,81.33,82.92,81.93,0.99,1.2083,151031.94,1246372.799,0.012083485902599778,0.012011063413855504,81.92600000000002,85.05300000000001,75.37016666666666,0.3938748457684815
2020-08-18,002594.SZ,84.01,84.51,81.8,82.18,82.86,-0.68,-0.8207,161552.5,1335564.954,-0.008924264351181765,-0.008964324112315047,82.162,84.7575,75.806,0.3915723158361372
2020-08-19,002594.SZ,81.4,81.64,79.52,79.65,82.18,-2.53,-3.0786,187358.26,1504274.09,-0.030786079338038452,-0.03126992709920616,81.696,84.38050000000001,76.1915,0.4031173206286344
2020-08-20,002594.SZ,79.64,80.0,78.1,78.55,79.65,-1.1,-1.381,122724.3,967851.099,-0.013810420590081751,-0.013906671654427515,81.046,83.8585,76.529,0.3933877577093384
2020-08-21,002594.SZ,80.0,80.64,78.9,79.58,78.55,1.03,1.3113,111905.48,893244.022,0.013112667091024877,0.013027440297152467,80.576,83.68750000000001,76.90033333333334,0.3244837476894853
2020-08-24,002594.SZ,79.9,82.28,79.69,81.44,79.58,1.86,2.3373,171280.61,1384872.483,0.02337270671022873,0.023103747803430063,80.28,83.58349999999999,77.29966666666668,0.3356839681001293
2020-08-25,002594.SZ,81.0,82.88,80.5,81.24,81.44,-0.2,-0.2456,145106.34,1182125.999,-0.0024557956777996326,-0.0024588160900287028,80.092,83.45,77.69683333333333,0.33502682864736294
2020-08-26,002594.SZ,82.0,85.31,81.68,83.42,81.24,2.18,2.6834,320471.53,2691953.337,0.026834071885770694,0.026480352056615385,80.846,83.2745,78.09833333333333,0.32282581787890674
2020-08-27,002594.SZ,86.5,87.55,84.7,85.42,83.42,2.0,2.3975,252034.89,2168640.349,0.023975065931431283,0.023692176644521223,82.22,83.2955,78.50533333333333,0.3258344113634473
2020-08-28,002594.SZ,85.0,86.06,83.02,85.39,85.42,-0.03,-0.0351,186470.43,1572760.241,-0.0003512058066026391,-0.00035126749380562686,83.382,83.2955,78.92966666666668,0.32547347447401176
2020-08-31,002594.SZ,87.02,88.22,84.88,85.0,85.39,-0.39,-0.4567,215346.9,1864842.718,-0.004567279540929836,-0.004577741429198311,84.09400000000001,83.237,79.3445,0.32411645441885345
2020-09-01,002594.SZ,86.99,93.5,86.31,93.5,85.0,8.5,10.0,394612.65,3573272.701,0.10000000000000009,0.09531017980432493,86.546,83.462,79.8495,0.47037120400475824
2020-09-02,002594.SZ,95.88,96.0,91.63,94.3,93.5,0.8,0.8556,397047.08,3719378.787,0.00855614973262031,0.008519753344770486,88.72200000000001,83.7695,80.37466666666666,0.4684149936607105
2020-09-03,002594.SZ,92.88,95.16,92.15,92.59,94.3,-1.71,-1.8134,227794.95,2129704.437,-0.018133616118769846,-0.018300045179456048,90.156,83.9625,80.88483333333333,0.4746283023906406
2020-09-04,002594.SZ,88.8,90.59,88.02,90.0,92.59,-2.59,-2.7973,222021.32,1979126.649,-0.027972783237930732,-0.02837147412969073,91.078,84.1935,81.36733333333333,0.46478047991346355
2020-09-07,002594.SZ,89.48,97.5,89.4,94.74,90.0,4.74,5.2667,409986.53,3862436.332,0.05266666666666664,0.05132662716534063,93.026,84.8315,81.89900000000002,0.4676161521596875
2020-09-08,002594.SZ,95.88,95.88,90.7,91.0,94.74,-3.74,-3.9476,279084.09,2590896.624,-0.03947646189571452,-0.04027679097875561,92.526,85.3315,82.391,0.4924697228438195
2020-09-09,002594.SZ,88.01,88.7,84.85,85.99,91.0,-5.01,-5.5055,263291.56,2281813.618,-0.055054945054945126,-0.05662849609404497,90.864,85.53200000000001,82.7825,0.5375721408597584
2020-09-10,002594.SZ,87.84,90.17,86.9,87.09,85.99,1.1,1.2792,217062.71,1923920.285,0.012792185137806777,0.012711056281843122,89.764,85.79650000000001,83.16566666666668,0.5383113839578179
2020-09-11,002594.SZ,87.85,91.2,87.22,91.2,87.09,4.11,4.7193,205763.7,1843068.555,0.047192559421288305,0.04611283037563747,90.00399999999999,86.26,83.61716666666666,0.5598775215018073
2020-09-14,002594.SZ,91.3,94.5,91.3,92.5,91.2,1.3,1.4254,223839.09,2078549.015,0.014254385964912242,0.014153747438093766,89.556,86.739,84.0465,0.5602457242082162
2020-09-15,002594.SZ,94.01,101.75,93.5,101.3,92.5,8.8,9.5135,579221.28,5761285.366,0.09513513513513505,0.09087776673625811,91.616,87.69500000000001,84.61833333333334,0.6394904846298977
2020-09-16,002594.SZ,100.28,107.87,99.0,105.4,101.3,4.1,4.0474,493789.34,5154280.712,0.04047384007897348,0.039676224852624384,95.498,88.9825,85.24166666666666,0.6272516085579859
2020-09-17,002594.SZ,105.51,115.94,105.15,115.94,105.4,10.54,10.0,602351.1,6707262.639,0.09999999999999987,0.09531017980432474,101.268,90.852,85.99016666666667,0.685706949902092
2020-09-18,002594.SZ,113.99,115.5,111.5,115.5,115.94,-0.44,-0.3795,473753.77,5363840.116,-0.003795066413662229,-0.0038022859497385706,106.128,92.648,86.72016666666666,0.690736667004207
2020-09-21,002594.SZ,116.0,119.32,104.34,105.77,115.5,-9.73,-8.4242,588770.87,6535043.671,-0.08424242424242423,-0.08800360462188671,108.782,93.86449999999999,87.30633333333334,0.7826075592192057
2020-09-22,002594.SZ,106.5,110.65,104.01,106.77,105.77,1.0,0.9454,462881.94,4971987.39,0.009454476694714886,0.009410062850249432,109.876,95.141,87.88916666666667,0.7803658656437483
2020-09-23,002594.SZ,109.0,111.01,106.3,110.4,106.77,3.63,3.3998,381409.14,4146613.365,0.03399831413318366,0.033433145652784116,110.876,96.49,88.52133333333333,0.78223271616306
2020-09-24,002594.SZ,107.88,110.03,106.01,106.4,110.4,-4.0,-3.6232,266125.7,2864183.119,-0.036231884057971064,-0.03690455693545098,108.96799999999999,97.539,89.09233333333333,0.8022589079305977
2020-09-25,002594.SZ,108.2,109.79,103.8,105.09,106.4,-1.31,-1.2312,324363.17,3457966.85,-0.012312030075187996,-0.012388451030038898,106.886,98.524,89.52133333333333,0.8058630191093568
2020-09-28,002594.SZ,106.19,108.1,105.65,106.4,105.09,1.31,1.2466,211882.87,2260356.21,0.012465505756970252,0.012388451030038907,107.01199999999999,99.59400000000001,89.94633333333334,0.8035853143505443
2020-09-29,002594.SZ,108.59,109.51,104.25,107.89,106.4,1.49,1.4004,270045.76,2884125.029,0.014003759398496296,0.013906612655704774,107.23600000000002,100.3135,90.36116666666666,0.7343723695685793
2020-09-30,002594.SZ,108.58,118.23,107.1,116.24,107.89,8.35,7.7394,444201.02,5073415.251,0.0773936416720733,0.07454482969877864,108.404,101.4105,90.91933333333333,0.7743901647488469
2020-10-09,002594.SZ,123.1,126.14,119.2,120.35,116.24,4.11,3.5358,559678.07,6870685.597,0.03535788024776321,0.03474714496705345,111.194,102.79849999999999,91.5175,0.7703892897599681
2020-10-12,002594.SZ,123.8,129.03,120.45,128.5,120.35,8.15,6.7719,528088.92,6521180.717,0.06771915247195692,0.06552474010619365,115.876,104.72349999999999,92.17583333333333,0.7756035283453985
2020-10-13,002594.SZ,128.0,131.88,125.0,129.29,128.5,0.79,0.6148,460527.46,5958597.982,0.006147859922178922,0.006129038931187344,120.454,106.451,92.699,0.7664164746240428
2020-10-14,002594.SZ,129.15,132.32,128.1,130.5,129.29,1.21,0.9359,310471.58,4041272.251,0.00935880578544368,0.009315283496286304,124.976,108.426,93.26483333333334,0.7379627399284335
2020-10-15,002594.SZ,134.6,137.73,131.33,131.55,130.5,1.05,0.8046,402893.07,5425288.384,0.008045977011494232,0.008013780723553616,128.038,110.704,93.88233333333334,0.6859000877378199
2020-10-16,002594.SZ,132.56,133.85,125.0,127.8,131.55,-3.75,-2.8506,413535.51,5301212.698,-0.02850627137970363,-0.028920465542867407,129.528,112.73949999999999,94.59483333333334,0.7088238013025652
2020-10-19,002594.SZ,128.0,129.81,126.3,128.08,127.8,0.28,0.2191,222006.11,2832538.854,0.0021909233176840015,0.002188526745024937,129.44400000000002,114.5835,95.36966666666667,0.7041594209534106
2020-10-20,002594.SZ,126.18,140.33,126.18,140.0,128.08,11.92,9.3067,541679.01,7240427.47,0.0930668332292317,0.08898735392084503,131.586,116.9585,96.25016666666667,0.7524481567384713
2020-10-21,002594.SZ,137.99,139.7,134.17,137.5,140.0,-2.5,-1.7857,380567.07,5212917.457,-0.017857142857142905,-0.018018505502678365,132.98600000000002,118.76849999999999,97.07366666666667,0.7125999437663092
2020-10-22,002594.SZ,137.23,145.0,132.07,143.79,137.5,6.29,4.5745,434389.39,6061013.977,0.045745454545454534,0.04472998473302361,135.43400000000003,120.68799999999999,98.01700000000001,0.7152091296940009
2020-10-23,002594.SZ,142.02,145.78,136.5,138.67,143.79,-5.12,-3.5607,400994.12,5645291.379,-0.03560748313512763,-0.03625689207387675,137.608,121.82449999999999,98.84500000000001,0.6657532295477253
2020-10-26,002594.SZ,136.5,142.85,133.1,139.96,138.67,1.29,0.9303,309796.04,4319369.738,0.009302660993726342,0.009259657733714637,139.984,123.04749999999999,99.79433333333334,0.6638212258742038
2020-10-27,002594.SZ,137.42,141.5,135.83,140.28,139.96,0.32,0.2286,296545.4,4122784.516,0.002286367533580913,0.0022837577724899674,140.04000000000002,124.773,100.74033333333334,0.5635552024732559
2020-10-28,002594.SZ,139.51,153.48,139.02,151.6,140.28,11.32,8.0696,517973.65,7669731.453,0.08069575135443396,0.0776050479362939,142.86,127.0145,101.86850000000001,0.60945839240716
2020-10-29,002594.SZ,147.91,166.76,147.91,158.38,151.6,6.78,4.4723,634704.95,10022998.772,0.044722955145118704,0.043751735573995115,145.778,129.4135,103.05933333333333,0.6142773930747109
2020-10-30,002594.SZ,160.0,170.3,154.2,159.81,158.38,1.43,0.9029,673291.83,10882457.196,0.009028917792650581,0.008988400814751035,150.006,132.084,104.30616666666667,0.5804804313938083
2020-11-02,002594.SZ,160.91,168.75,160.5,167.98,159.81,8.17,5.1123,524910.93,8660252.633,0.051123208810462284,0.049859315100463465,155.60999999999999,135.2285,105.68266666666666,0.5756150151478044
2020-11-03,002594.SZ,172.0,172.45,159.58,164.08,167.98,-3.9,-2.3217,661616.64,10960743.413,-0.023217049648767585,-0.02349081093335576,160.37,138.1125,106.98116666666668,0.5988402139833873
2020-11-04,002594.SZ,167.0,170.33,163.0,168.03,164.08,3.95,2.4074,460948.23,7689440.146,0.024073622623110635,0.023788421125725417,163.656,141.1195,108.29833333333335,0.5980003333782092
2020-11-05,002594.SZ,175.0,184.83,171.0,184.83,168.03,16.8,9.9982,674092.11,11951954.71,0.09998214604534916,0.0952939488047385,168.946,144.549,109.90966666666667,0.6297566404168188
2020-11-06,002594.SZ,189.5,198.85,179.89,190.44,184.83,5.61,3.0352,807666.85,15261972.051,0.0303522155494238,0.029900700631728998,175.072,148.05349999999999,111.60483333333333,0.6288285321922938
2020-11-09,002594.SZ,191.6,193.67,184.12,190.95,190.44,0.51,0.2678,525016.12,9934097.169,0.0026780088216760145,0.002674429345207099,179.666,151.176,113.36433333333335,0.6108870315140983
2020-11-10,002594.SZ,186.86,186.88,176.88,182.58,190.95,-8.37,-4.3833,635349.5,11543486.452,-0.043833464257658994,-0.044823180534590425,183.36599999999999,153.8405,115.041,0.6510970419240771
2020-11-11,002594.SZ,176.9,181.89,164.32,164.35,182.58,-18.23,-9.9847,805675.15,13840949.837,-0.09984664256764164,-0.10519013302670636,182.63,155.533,116.43016666666666,0.7744358654161502
2020-11-12,002594.SZ,168.0,173.3,165.78,169.33,164.35,4.98,3.0301,586639.61,9953360.351,0.030301186492242227,0.029851173567020838,179.53,157.42199999999997,117.886,0.7766798042522026
2020-11-13,002594.SZ,180.0,182.02,173.29,175.9,169.33,6.57,3.88,609193.92,10790305.828,0.03879997637748778,0.03806617806626333,176.622,159.827,119.45433333333334,0.764668040150366
2020-11-16,002594.SZ,171.03,171.5,163.5,170.02,175.9,-5.88,-3.3428,542565.39,9094656.059,-0.03342808413871512,-0.033999574554299625,172.436,161.924,120.92249999999999,0.7841451714717095
2020-11-17,002594.SZ,173.5,175.18,164.46,167.0,170.02,-3.02,-1.7763,568409.34,9641027.028,-0.01776261616280439,-0.017922264772457706,169.32000000000002,163.274,122.32383333333333,0.7357807893194097
2020-11-18,002594.SZ,165.88,169.18,162.25,167.0,167.0,0.0,0.0,417033.16,6941378.987,0.0,0.0,169.85,164.749,123.7375,0.7295574012807099
2020-11-19,002594.SZ,168.0,168.7,159.52,161.62,167.0,-5.38,-3.2216,470054.4,7652210.663,-0.03221556886227539,-0.03274591161145347,168.308,165.64050000000003,125.10366666666665,0.7324654374252809
2020-11-20,002594.SZ,164.65,177.24,163.22,176.06,161.62,14.44,8.9345,707526.94,12067220.425,0.08934537804727127,0.0855769452274584,168.34,167.51000000000002,126.72883333333334,0.7696966264446125
2020-11-23,002594.SZ,176.9,185.02,172.07,184.2,176.06,8.14,4.6234,604026.64,10841291.967,0.04623423832784268,0.0451972777884463,171.17600000000002,169.722,128.4725,0.7783825598228853
2020-11-24,002594.SZ,191.77,194.99,180.71,184.19,184.2,-0.01,-0.0054,646752.09,12193378.658,-5.4288816503711423e-05,-5.4290290194846984e-05,174.614,171.9175,130.185,0.7789324155352325
2020-11-25,002594.SZ,183.0,191.7,180.6,183.53,184.19,-0.66,-0.3583,473857.64,8798105.734,-0.003583256420001013,-0.0035896916606307865,177.92,173.51399999999998,131.88983333333334,0.7409622937823349
2020-11-26,002594.SZ,183.61,184.8,171.23,175.82,183.53,-7.71,-4.2009,496538.19,8751195.066,-0.04200948073884381,-0.04291739744734816,180.76000000000002,174.386,133.42983333333333,0.7519195646739251
2020-11-27,002594.SZ,175.31,177.9,169.33,174.1,175.82,-1.72,-0.9783,397476.15,6868605.93,-0.009782732339893019,-0.009830897648889121,180.368,175.10049999999998,134.90783333333334,0.7539757086923066
2020-11-30,002594.SZ,171.5,176.74,166.01,172.15,174.1,-1.95,-1.12,379212.83,6493585.105,-0.01120045950603099,-0.011263656989610564,177.958,175.309,136.3538333333333,0.7360439447853883
2020-12-01,002594.SZ,168.7,177.0,167.0,176.81,172.15,4.66,2.7069,401564.31,6983133.536,0.02706941620679637,0.026709519905465207,176.482,175.94549999999998,137.884,0.734617538592957
2020-12-02,002594.SZ,171.1,172.5,168.0,169.75,176.81,-7.06,-3.993,492401.38,8354836.225,-0.039929868220123343,-0.04074894325119254,173.726,176.0315,139.15483333333333,0.7473159385949538
2020-12-03,002594.SZ,169.75,173.66,166.96,171.09,169.75,1.34,0.7894,365580.81,6251135.998,0.007893961708394626,0.007862967397751596,172.78,175.34449999999998,140.43466666666666,0.6518436183866759
2020-12-04,002594.SZ,171.6,178.8,170.4,171.86,171.09,0.77,0.4501,394489.88,6888910.896,0.004500555263311723,0.004490458048519803,172.332,174.4155,141.75583333333333,0.6406373382180914
2020-12-07,002594.SZ,171.3,176.66,169.11,175.29,171.86,3.43,1.9958,322185.89,5617848.45,0.019958105434656037,0.019761553349378316,172.95999999999998,173.6325,143.17733333333334,0.6460619328472206
2020-12-08,002594.SZ,178.1,182.0,176.7,177.97,175.29,2.68,1.5289,445743.24,7995315.241,0.015288949740430269,0.015173251527439025,173.192,173.402,144.5645,0.6309897503028487
2020-12-09,002594.SZ,179.0,181.03,173.0,173.24,177.97,-4.73,-2.6578,315714.47,5563503.434,-0.02657751306399947,-0.026937080415468252,173.89000000000001,173.84650000000002,145.93516666666667,0.5222492080297415
2020-12-10,002594.SZ,168.0,171.66,166.02,169.52,173.24,-3.72,-2.1473,370436.28,6243808.669,-0.02147310090048482,-0.021707002386382235,173.576,173.85600000000002,147.32733333333334,0.5188642717570162
2020-12-11,002594.SZ,169.35,169.35,162.8,167.0,169.52,-2.52,-1.4866,354878.18,5902635.219,-0.014865502595563962,-0.01497710154328854,172.60399999999998,173.411,148.6591666666667,0.5010613832190998
2020-12-14,002594.SZ,166.8,170.88,163.0,170.2,167.0,3.2,1.9162,302132.25,5064250.844,0.019161676646706427,0.018980403722518496,171.586,173.42000000000002,149.97583333333333,0.4921872872423465
2020-12-15,002594.SZ,170.25,175.05,168.5,174.7,170.2,4.5,2.6439,362218.02,6234488.461,0.026439482961222005,0.026096001000737036,170.932,173.805,151.34583333333333,0.4954325280304243
2020-12-16,002594.SZ,176.0,176.7,170.9,171.87,174.7,-2.83,-1.6199,238153.85,4110951.042,-0.016199198626216327,-0.016331840051414706,170.658,174.04850000000002,152.522,0.49992430151046746
2020-12-17,002594.SZ,171.18,172.93,169.01,171.79,171.87,-0.08,-0.0465,189772.6,3245175.544,-0.0004654680863444005,-0.0004655764502420318,171.112,174.55700000000002,153.62849999999997,0.4836252263066361
2020-12-18,002594.SZ,172.5,180.09,171.22,176.0,171.79,4.21,2.4507,488485.1,8625943.227,0.02450666511438393,0.0242111943997977,172.91199999999998,174.554,154.6295,0.3730882591875066
2020-12-21,002594.SZ,176.5,193.6,175.5,193.6,176.0,17.6,10.0,667797.63,12342923.957,0.09999999999999987,0.09531017980432474,177.59199999999998,175.024,155.93116666666668,0.49112902603971265
2020-12-22,002594.SZ,192.98,192.98,183.66,184.0,193.6,-9.6,-4.9587,586810.41,11044848.425,-0.04958677685950408,-0.050858417233490966,179.452,175.0145,157.235,0.5254023503778827
2020-12-23,002594.SZ,183.89,190.8,182.96,186.79,184.0,2.79,1.5163,427079.45,7982526.892,0.015163043478260807,0.01504923356222602,182.436,175.1775,158.56866666666664,0.5276990942799412
2020-12-24,002594.SZ,185.0,185.0,180.0,183.0,186.79,-3.79,-2.029,260453.54,4739171.492,-0.020290165426414597,-0.020498838329790665,184.67800000000003,175.5365,159.77866666666665,0.5093167785326057
2020-12-25,002594.SZ,183.32,186.15,181.1,185.22,183.0,2.22,1.2131,211330.69,3892733.282,0.012131147540983545,0.01205815490070193,186.522,176.0925,161.09233333333336,0.5082575614184796
2020-12-28,002594.SZ,184.3,190.37,182.6,187.93,185.22,2.71,1.4631,303384.31,5674752.366,0.014631249325126827,0.014525245326386493,185.388,176.88150000000002,162.473,0.5065650452272643
2020-12-29,002594.SZ,186.0,186.0,178.46,178.6,187.93,-9.33,-4.9646,361177.82,6530622.526,-0.049646144841164364,-0.050920884626110906,184.308,176.971,163.67633333333333,0.5343995084931712
2020-12-30,002594.SZ,180.66,191.95,180.66,186.0,178.6,7.4,4.1433,510431.08,9559070.846,0.04143337066069441,0.04059800527080269,184.15,177.7835,164.97816666666665,0.5297053659045889
2020-12-31,002594.SZ,188.86,195.83,184.26,194.3,186.0,8.3,4.4624,505119.42,9665582.055,0.044623655913978544,0.0436566826701932,186.41000000000003,178.94400000000002,166.27916666666667,0.5480036655411257
2021-01-04,002594.SZ,189.0,211.16,187.09,206.76,194.3,12.46,6.4128,589501.61,11803190.657,0.06412763767370033,0.06215534394444404,190.71800000000002,180.689,167.71933333333334,0.5841683813598954
2021-01-05,002594.SZ,206.0,221.23,202.01,219.9,206.76,13.14,6.3552,545305.97,11642247.812,0.06355194428322708,0.061614197232877074,197.112,182.9195,169.24266666666665,0.6138470307013956
2021-01-06,002594.SZ,219.72,222.18,212.0,216.3,219.9,-3.6,-1.6371,434652.14,9376648.611,-0.016371077762619368,-0.01650656460170241,204.65200000000002,184.836,170.69283333333334,0.6218985703922791
2021-01-07,002594.SZ,216.6,228.32,214.2,225.04,216.3,8.74,4.0407,428602.54,9516502.256,0.04040684234858993,0.03961183122258834,212.45999999999998,187.426,172.26850000000002,0.6143171067907207
2021-01-08,002594.SZ,233.0,234.32,220.7,227.51,225.04,2.47,1.0976,426758.36,9705879.745,0.010975826519729726,0.01091602928732105,219.102,190.32549999999998,173.86783333333335,0.6001966893859547
2021-01-11,002594.SZ,234.59,245.0,230.98,234.86,227.51,7.35,3.2306,534254.66,12681067.407,0.0323062722517693,0.031795398468012666,224.72200000000004,193.7185,175.65216666666666,0.5918565194027646
2021-01-12,002594.SZ,231.8,239.75,220.0,236.99,234.86,2.13,0.9069,433124.58,9980651.742,0.009069232734394861,0.009028354215173222,228.14000000000001,197.058,177.46733333333333,0.592642428722855
2021-01-13,002594.SZ,238.0,249.88,229.69,239.3,236.99,2.31,0.9747,480347.87,11590837.002,0.009747246719270963,0.00970004876221934,232.74,200.288,179.12233333333333,0.5922050839945782
2021-01-14,002594.SZ,232.0,235.45,222.34,223.95,239.3,-15.35,-6.4145,445955.02,10176085.741,-0.064145424153782,-0.0662951822610187,232.52200000000002,202.892,180.56316666666666,0.6490513278413849
2021-01-15,002594.SZ,222.0,228.92,216.5,225.2,223.95,1.25,0.5582,377050.46,8420560.824,0.005581603036391991,0.005566083612226173,232.06,205.5625,181.92000000000002,0.6476037516616686
2021-01-18,002594.SZ,220.0,224.0,216.26,221.69,225.2,-3.51,-1.5586,263789.33,5826658.747,-0.015586145648312622,-0.015708886659673595,229.42600000000002,207.84699999999998,183.3036666666667,0.6549100620027111
2021-01-19,002594.SZ,222.06,225.2,213.56,216.2,221.69,-5.49,-2.4764,276250.13,6035553.036,-0.024764310523704314,-0.025076104400753873,225.26799999999997,208.977,184.57433333333333,0.5789174310043785
2021-01-20,002594.SZ,219.9,226.3,218.01,222.0,216.2,5.8,2.6827,381401.08,8483028.913,0.026827012025901986,0.026473476667171585,221.808,210.877,185.93633333333335,0.5437868381629407
2021-01-21,002594.SZ,220.0,239.6,216.81,235.52,222.0,13.52,6.0901,585709.87,13384594.647,0.060900900900900945,0.05911845366823201,224.12199999999999,213.31350000000003,187.335,0.5730101177306793
2021-01-22,002594.SZ,235.72,243.66,231.51,242.92,235.52,7.4,3.142,423886.78,10112061.191,0.03141983695652173,0.030936335488863168,227.666,216.30949999999999,188.744,0.5633493220891698
2021-01-25,002594.SZ,246.5,262.95,245.0,260.0,242.92,17.08,7.0311,559388.94,14213433.428,0.07031121356825287,0.0679494599861531,235.32799999999997,220.04849999999996,190.41383333333334,0.5964892376463384
2021-01-26,002594.SZ,257.0,262.59,250.99,254.22,260.0,-5.78,-2.2231,394555.44,10115831.947,-0.022230769230769276,-0.022481597149004925,242.93199999999996,223.363,191.85116666666667,0.6131798641666586
2021-01-27,002594.SZ,250.2,259.44,234.5,257.0,254.22,2.78,1.0935,521351.0,12813494.921,0.01093541027456535,0.01087605102869696,249.93199999999996,227.283,193.39983333333333,0.5629003634796997
2021-01-28,002594.SZ,245.97,252.5,242.98,244.36,257.0,-12.64,-4.9183,326461.75,8081858.717,-0.04918287937743182,-0.05043353711365351,251.7,230.20100000000002,194.672,0.6052190461658616
2021-01-29,002594.SZ,249.0,250.43,237.5,247.0,244.36,2.64,1.0804,335982.69,8182542.031,0.01080373219839581,0.010745788846411001,252.516,232.83599999999996,195.70816666666667,0.5946513572546234
2021-02-01,002594.SZ,245.0,250.13,239.0,246.89,247.0,-0.11,-0.0445,263794.5,6500021.796,-0.00044534412955465896,-0.00044544332470326803,249.894,234.84249999999997,196.64899999999997,0.5640187283463294
2021-02-02,002594.SZ,252.0,268.0,250.5,267.5,246.89,20.61,8.3478,471099.97,12220620.147,0.08347847219409466,0.08017667303278742,252.55,237.2225,197.92483333333334,0.5930327662214777
2021-02-03,002594.SZ,268.1,273.37,260.3,263.0,267.5,-4.5,-1.6822,384029.52,10231620.474,-0.016822429906542036,-0.01696553415829667,253.75,239.55749999999998,199.26516666666666,0.5933061358319738
2021-02-04,002594.SZ,258.0,264.89,255.34,259.9,263.0,-3.1,-1.1787,310350.9,8061146.636,-0.011787072243346075,-0.011857090530320044,256.858,241.3005,200.8576666666667,0.5872836807362952
2021-02-05,002594.SZ,262.0,268.28,247.5,249.0,259.9,-10.9,-4.1939,480550.51,12356334.243,-0.0419392073874566,-0.042844045182736844,257.258,242.375,202.18550000000002,0.6130433363830055
2021-02-08,002594.SZ,248.99,252.98,240.01,250.2,249.0,1.2,0.4819,372461.77,9210843.639,0.004819277108433662,0.004807701568103078,257.91999999999996,243.142,203.42383333333333,0.6046447826032397
2021-02-09,002594.SZ,253.1,259.02,247.5,257.0,250.2,6.8,2.7178,374954.28,9540424.163,0.02717825739408486,0.026815486862409157,255.82,244.1425,204.8735,0.6101103904688744
2021-02-10,002594.SZ,261.0,270.66,253.0,266.95,257.0,9.95,3.8716,418938.71,10995341.387,0.03871595330739286,0.0379852900509753,256.61,245.525,206.53933333333333,0.621807577084127
2021-02-18,002594.SZ,268.86,268.86,255.33,258.99,266.95,-7.96,-2.9818,472645.58,12353076.536,-0.029818318037085567,-0.030271924030654217,256.428,247.277,208.07250000000002,0.5808908901944888
2021-02-19,002594.SZ,254.9,257.66,245.73,257.35,258.99,-1.64,-0.6332,382587.02,9607262.916,-0.006332290822039455,-0.006352424816777446,258.098,248.88450000000003,209.668,0.5830622718543459
2021-02-22,002594.SZ,256.6,256.66,239.45,239.52,257.35,-17.83,-6.9283,427130.93,10558143.268,-0.06928307752088603,-0.07180010542744539,255.962,249.77599999999998,210.72566666666665,0.6394723148055181
2021-02-23,002594.SZ,229.59,235.02,222.9,225.0,239.52,-14.52,-6.0621,476510.22,10877530.627,-0.06062124248497003,-0.06253651846689819,249.56199999999998,250.21599999999998,211.40566666666663,0.6731211942125941
2021-02-24,002594.SZ,225.0,228.59,203.6,208.99,225.0,-16.01,-7.1156,676485.18,14532205.192,-0.07115555555555553,-0.0738139982742602,237.97000000000003,249.56550000000001,211.81900000000002,0.7153537700110902
2021-02-25,002594.SZ,215.77,215.85,205.8,209.25,208.99,0.26,0.1244,369532.22,7788184.186,0.0012440786640508517,0.0012433054394247432,228.02200000000002,248.252,212.24766666666667,0.6759814951355569
2021-02-26,002594.SZ,196.5,204.0,194.0,197.27,209.25,-11.98,-5.7252,503616.02,9978745.767,-0.057252090800477884,-0.05895636061380723,216.006,245.9695,212.60516666666666,0.6857644401963578
2021-03-01,002594.SZ,201.0,210.99,197.5,210.9,197.27,13.63,6.9093,444293.51,9087918.556,0.06909312110305676,0.06681073872895149,210.282,243.5145,213.2185,0.6838959991143069
2021-03-02,002594.SZ,214.65,215.8,205.22,211.4,210.9,0.5,0.2371,387928.35,8178911.875,0.0023707918444759724,0.002367985951408265,207.56199999999998,241.3735,213.87266666666667,0.6834115936655426
2021-03-03,002594.SZ,205.0,210.3,201.97,209.75,211.4,-1.65,-0.7805,263061.8,5431739.316,-0.007805108798486282,-0.007835728088821702,207.71400000000003,239.01100000000002,214.42166666666668,0.6796428156842941
2021-03-04,002594.SZ,205.0,205.1,197.3,198.5,209.75,-11.25,-5.3635,346849.91,6955695.359,-0.05363528009535157,-0.05512724522007041,205.56400000000002,236.71800000000002,214.90083333333334,0.6832876200613751
2021-03-05,002594.SZ,187.37,199.51,186.18,196.37,198.5,-2.13,-1.073,325319.09,6313240.677,-0.010730478589420667,-0.010788465365106248,205.38400000000001,234.18650000000002,215.32216666666667,0.6790802211723046
2021-03-08,002594.SZ,196.37,197.33,176.73,176.73,196.37,-19.64,-10.0015,591328.23,10922889.31,-0.10001527728268078,-0.10537749056043334,198.55,230.67849999999999,215.40333333333334,0.7479410639310697
2021-03-09,002594.SZ,172.41,178.6,162.03,170.68,176.73,-6.05,-3.4233,599204.95,10247665.524,-0.03423301080744634,-0.0348326858819064,190.406,225.8375,215.3265,0.6518430649236416
2021-03-10,002594.SZ,180.0,181.88,175.78,177.19,170.68,6.51,3.8142,431507.17,7706833.381,0.0381415514412935,0.037432144850178616,183.894,221.54700000000003,215.3135,0.6853022612458333
2021-03-11,002594.SZ,176.95,185.0,174.1,182.97,177.19,5.78,3.262,367827.9,6671343.291,0.03262035103561156,0.032099601806496736,180.788,217.7005,215.47566666666665,0.708924235671091
2021-03-12,002594.SZ,186.17,187.99,178.9,181.68,182.97,-1.29,-0.705,301848.22,5517620.552,-0.0070503361206755155,-0.007075307179171615,177.85,214.33450000000002,215.6783333333333,0.7030678215029291
2021-03-15,002594.SZ,178.55,181.0,172.0,174.26,181.68,-7.42,-4.0841,295602.39,5187723.277,-0.04084103918978432,-0.041698460994162356,177.356,210.5375,215.79933333333332,0.7049447680066572
2021-03-16,002594.SZ,177.58,179.1,173.37,176.47,174.26,2.21,1.2682,197056.4,3474844.999,0.012682199012969075,0.012602453452000947,178.514,206.51100000000002,215.90383333333335,0.6947074671035046
2021-03-17,002594.SZ,174.02,179.97,171.48,176.88,176.47,0.41,0.2323,213705.28,3770679.57,0.002323341077803631,0.002320646294049132,178.452,202.0075,215.94016666666667,0.6669699799981477
2021-03-18,002594.SZ,178.79,180.63,177.28,178.55,176.88,1.67,0.9441,201064.37,3593541.02,0.009441429217548647,0.009397137491266621,177.56799999999998,197.9855,216.0515,0.6734534265792079
2021-03-19,002594.SZ,173.0,175.37,169.66,171.15,178.55,-7.4,-4.1445,258227.22,4438615.91,-0.04144497339680764,-0.04232830906426314,175.462,193.6755,216.04083333333335,0.6772178452471591
2021-03-22,002594.SZ,172.33,175.48,170.01,173.8,171.15,2.65,1.5483,185682.91,3221954.915,0.015483494011101495,0.015364847855097447,175.37,190.3895,216.00416666666666,0.660898958820693
2021-03-23,002594.SZ,175.8,176.18,166.3,168.97,173.8,-4.83,-2.7791,226648.97,3844462.853,-0.02779056386651335,-0.028184028458733405,173.87,187.588,215.59366666666665,0.6408573672359296
2021-03-24,002594.SZ,167.99,169.24,162.0,162.74,168.97,-6.23,-3.687,248269.3,4082242.404,-0.036870450375806274,-0.03756734910404709,171.042,185.27550000000002,215.23933333333332,0.6107438132876442
2021-03-25,002594.SZ,157.0,163.45,155.6,161.2,162.74,-1.54,-0.9463,256190.64,4082120.997,-0.009462947032075841,-0.009508005195983429,167.572,182.873,214.81283333333334,0.6089107606723971
2021-03-26,002594.SZ,163.01,172.0,162.9,170.99,161.2,9.79,6.0732,328530.32,5528686.167,0.06073200992555838,0.05895924518797374,167.54000000000002,181.55900000000003,214.61266666666668,0.6366484659767362
2021-03-29,002594.SZ,170.01,170.48,164.8,168.1,170.99,-2.89,-1.6902,234728.64,3941708.905,-0.01690157319141483,-0.0170460348459318,166.4,179.419,214.3273333333333,0.571318985005893
2021-03-30,002594.SZ,161.0,169.0,159.1,169.0,168.1,0.9,0.5354,338930.9,5574391.479,0.005353955978584235,0.005339674508503607,166.406,177.299,214.01183333333333,0.5723179390983075
2021-03-31,002594.SZ,169.21,172.64,162.56,164.51,169.0,-4.49,-2.6568,270153.03,4488285.761,-0.026568047337278133,-0.026927356291744486,166.76,175.03699999999998,213.77700000000002,0.5750150262523915
2021-04-01,002594.SZ,168.0,171.9,167.01,169.07,164.51,4.56,2.7719,299957.8,5089544.668,0.02771867971551889,0.027341471717546098,168.334,173.5655,213.49483333333333,0.5683071014959161
2021-04-02,002594.SZ,170.99,178.2,168.58,175.87,169.07,6.8,4.022,349532.0,6083577.384,0.0402200272076656,0.039432255399397896,169.31,172.5405,213.18766666666667,0.592571503912527
2021-04-06,002594.SZ,176.8,179.24,172.8,176.09,175.87,0.22,0.1251,255909.85,4492985.632,0.0012509239779381343,0.0012501422244137474,170.908,172.5085,212.6765,0.4739671380434028
2021-04-07,002594.SZ,177.15,178.08,169.5,170.99,176.09,-5.1,-2.8962,281703.5,4848030.064,-0.028962462377193465,-0.029390152712185057,171.30599999999998,172.524,211.86133333333333,0.46922831705630375
2021-04-08,002594.SZ,169.0,171.5,167.12,170.48,170.99,-0.51,-0.2983,160043.06,2723993.028,-0.0029826305631909245,-0.002987087470139988,172.5,172.1885,211.09766666666667,0.44768993839183663
2021-04-09,002594.SZ,171.9,172.1,166.0,166.72,170.48,-3.76,-2.2055,204995.77,3436476.688,-0.022055373064289063,-0.0223022292253596,172.03000000000003,171.376,210.12566666666666,0.4342013572058852
2021-04-12,002594.SZ,166.73,169.39,162.6,163.46,166.72,-3.26,-1.9554,201268.0,3320602.667,-0.019553742802303153,-0.019747446477018336,169.548,170.465,209.05816666666666,0.43751276027451813
2021-04-13,002594.SZ,163.48,167.63,163.48,164.01,163.46,0.55,0.3365,158578.94,2617908.978,0.003364737550471064,0.0033590894870339444,167.132,169.9525,207.87733333333335,0.4170227993723721
2021-04-14,002594.SZ,167.0,171.0,167.0,170.95,164.01,6.94,4.2314,298473.17,5057752.083,0.04231449301871826,0.04144371451029259,167.124,169.67649999999998,206.77666666666667,0.44391840719789205
2021-04-15,002594.SZ,168.5,168.65,163.5,165.5,170.95,-5.45,-3.1881,249912.13,4136742.969,-0.03188066686165536,-0.032399921268192605,166.128,169.1075,205.54666666666665,0.45671658983781954
2021-04-16,002594.SZ,165.4,166.4,160.33,165.3,165.5,-0.2,-0.1208,234599.44,3837152.368,-0.0012084592145014117,-0.0012091899901389978,165.844,168.445,204.5691666666667,0.4544494130307062
2021-04-19,002594.SZ,165.0,177.0,164.18,176.05,165.3,10.75,6.5033,507350.5,8764759.455,0.06503327283726557,0.063006040774083,168.362,168.69,203.75,0.4920332968566352
2021-04-20,002594.SZ,175.0,175.0,169.78,171.24,176.05,-4.81,-2.7322,375677.03,6460740.489,-0.027321783584209003,-0.02770196432431613,169.808,168.56199999999998,202.90916666666666,0.4997165116758284
2021-04-21,002594.SZ,169.0,170.59,167.17,168.59,171.24,-2.65,-1.5475,230488.88,3880491.43,-0.015475356225181036,-0.015596349449035547,169.336,168.543,202.11566666666667,0.4925850298563278
2021-04-22,002594.SZ,170.0,171.78,167.22,168.71,168.59,0.12,0.0712,197508.44,3336754.764,0.0007117859896790257,0.0007115327901735905,169.978,168.8415,201.22750000000002,0.47259236503572927
2021-04-23,002594.SZ,167.18,171.38,166.27,169.25,168.71,0.54,0.3201,228827.99,3878511.212,0.0032007586983580083,0.003195647174500771,170.76800000000003,169.244,200.12300000000002,0.4705750467373233
2021-04-26,002594.SZ,170.0,173.0,167.25,167.5,169.25,-1.75,-1.034,319514.1,5432612.153,-0.010339734121122546,-0.010393560527263195,169.058,169.0695,198.866,0.41947789917555667
2021-04-27,002594.SZ,166.0,167.4,163.4,164.94,167.5,-2.56,-1.5284,255639.21,4211994.738,-0.015283582089552272,-0.015401579859911814,167.798,168.9115,197.28166666666667,0.41868783925646974
2021-04-28,002594.SZ,164.86,168.54,162.96,165.5,164.94,0.56,0.3395,218411.98,3621682.455,0.0033951740026676447,0.003389423411908254,167.18,168.7365,195.803,0.4183745740031395
2021-04-29,002594.SZ,163.0,164.93,162.2,162.95,165.5,-2.55,-1.5408,275854.04,4496785.166,-0.015407854984894276,-0.01552778953354706,166.02800000000002,168.6585,194.23550000000003,0.4110412554509098
2021-04-30,002594.SZ,161.49,162.2,156.71,158.57,162.95,-4.38,-2.6879,359899.14,5715463.804,-0.02687941086222767,-0.027247269082094402,163.892,168.1335,192.80566666666667,0.4075955359655308
2021-05-06,002594.SZ,157.0,157.0,150.0,150.0,158.57,-8.57,-5.4046,423158.08,6423783.465,-0.05404553194172912,-0.0555608421052203,160.392,166.84,191.189,0.41266545827772094
2021-05-07,002594.SZ,148.12,149.96,143.39,143.95,150.0,-6.05,-4.0333,377980.38,5528741.179,-0.04033333333333344,-0.04116927703807099,156.19400000000002,165.233,189.47333333333336,0.42697911616272616
2021-05-10,002594.SZ,143.95,148.35,141.44,147.0,143.95,3.05,2.1188,260738.75,3802268.898,0.021187912469607495,0.020966569720551415,152.494,164.0335,187.46500000000003,0.4340007714693906
2021-05-11,002594.SZ,143.7,148.76,140.97,146.56,147.0,-0.44,-0.2993,269639.96,3893703.682,-0.0029931972789115635,-0.0029976858529161634,149.21599999999998,162.8375,185.52433333333335,0.43399941832554656
2021-05-12,002594.SZ,148.26,155.0,148.26,153.73,146.56,7.17,4.8922,384659.14,5872804.588,0.048921943231440945,0.047762915998687816,148.248,162.188,183.75483333333332,0.47309811289672826
2021-05-13,002594.SZ,150.75,151.0,148.56,148.99,153.73,-4.74,-3.0833,212696.09,3180710.318,-0.030833279125739854,-0.03131862732526014,148.046,161.4645,182.088,0.47978064124986974
2021-05-14,002594.SZ,147.9,154.1,146.31,153.53,148.99,4.54,3.0472,300278.66,4532481.587,0.03047184374790257,0.030016798071559866,149.962,160.9405,180.47683333333333,0.4948562644799988
2021-05-17,002594.SZ,155.43,160.88,154.45,159.78,153.53,6.25,4.0709,363002.56,5761021.601,0.04070865628867315,0.039901881383088124,152.51799999999997,160.382,178.8565,0.4929420309894119
2021-05-18,002594.SZ,160.0,161.8,156.88,158.7,159.78,-1.08,-0.6759,194952.12,3094498.22,-0.006759294029290319,-0.00678224152153252,154.946,160.042,177.05233333333334,0.4812938697274683
2021-05-19,002594.SZ,159.9,174.0,159.88,172.78,158.7,14.08,8.8721,596490.87,10150054.899,0.08872085696282306,0.08500348139837484,158.756,160.416,175.6155,0.5784691773314194
2021-05-20,002594.SZ,170.0,177.56,169.1,172.94,172.78,0.16,0.0926,499888.48,8686052.329,0.0009260331056835103,0.0009256046015460399,163.546,160.2605,174.20866666666663,0.5297524111412123
2021-05-21,002594.SZ,174.01,177.99,170.1,173.2,172.94,0.26,0.1503,334965.51,5822862.674,0.0015034115878338472,0.0015022825960505307,167.48,160.3585,173.10333333333335,0.5200960116754171
2021-05-24,002594.SZ,171.91,175.5,169.98,173.47,173.2,0.27,0.1559,271722.87,4685927.113,0.0015588914549653499,0.0015576776449827698,170.21800000000002,160.6025,172.2445,0.5164105748138617
2021-05-25,002594.SZ,175.0,178.0,172.7,176.52,173.47,3.05,1.7582,331522.87,5830353.651,0.017582290886032137,0.01742951062802887,173.78199999999998,160.993,171.70333333333332,0.5193501800841477
2021-05-26,002594.SZ,178.0,184.58,176.0,176.17,176.52,-0.35,-0.1983,345577.99,6206769.477,-0.0019827781554498936,-0.001984746462297662,174.45999999999998,161.339,171.152,0.519618379506639
2021-05-27,002594.SZ,179.0,179.68,174.5,177.45,176.17,1.28,0.7266,234026.1,4146048.38,0.0072657092581029925,0.007239441153456614,175.362,161.8365,170.8216666666667,0.517599863840448
2021-05-28,002594.SZ,177.45,185.0,176.07,181.68,177.45,4.23,2.3838,371194.87,6754993.796,0.023837700760777736,0.023558018704797602,177.058,162.6735,170.33466666666666,0.5175124463986468
2021-05-31,002594.SZ,175.26,179.11,170.18,178.7,181.68,-2.98,-1.6402,437553.16,7660152.24,-0.016402465874064354,-0.01653847563192074,178.10399999999998,163.3335,169.78966666666665,0.5232400993665474
2021-06-01,002594.SZ,178.73,190.9,178.73,189.46,178.7,10.76,6.0213,513604.12,9530431.696,0.06021264689423633,0.05846949828200623,180.692,164.659,169.4515,0.553348929000339
2021-06-02,002594.SZ,190.0,191.85,185.2,186.5,189.46,-2.96,-1.5623,294349.64,5527643.767,-0.015623350575319384,-0.015746681363518242,182.75799999999998,166.0555,169.2515,0.5452863887918922
2021-06-03,002594.SZ,186.6,187.5,180.18,183.9,186.5,-2.6,-1.3941,250800.57,4608194.8,-0.01394101876675602,-0.014039107473594811,184.048,167.7505,169.04366666666667,0.5008557431776511
2021-06-04,002594.SZ,181.61,192.0,180.52,189.4,183.9,5.5,2.9908,319848.39,6004827.146,0.029907558455682492,0.02946904914170252,185.592,170.023,169.25483333333332,0.46683238714150094
2021-06-07,002594.SZ,191.0,192.87,187.0,190.35,189.4,0.95,0.5016,254518.02,4842637.639,0.0050158394931361094,0.00500330207652838,187.922,172.1905,169.58266666666668,0.46715726494308485
2021-06-08,002594.SZ,194.0,205.6,193.25,202.81,190.35,12.46,6.5458,559238.56,11191285.973,0.06545836616758605,0.06340509733753448,190.592,175.003,170.00966666666667,0.4974932581410381
2021-06-09,002594.SZ,202.9,203.5,197.02,202.0,202.81,-0.81,-0.3994,316555.82,6342951.329,-0.003993885903062044,-0.00400188276483613,193.692,177.41649999999998,170.32683333333335,0.4875764879690071
2021-06-10,002594.SZ,202.05,216.05,201.0,214.11,202.0,12.11,5.995,441000.32,9339300.343,0.059950495049505115,0.05822220424988109,199.73399999999998,180.67249999999999,170.86733333333333,0.4828798752536334
2021-06-11,002594.SZ,214.3,229.95,212.08,227.02,214.11,12.91,6.0296,540085.11,11985830.243,0.060296109476437376,0.05854821767610767,207.25799999999998,184.347,171.7466666666667,0.5036636047878965
2021-06-15,002594.SZ,231.54,237.8,224.87,232.32,227.02,5.3,2.3346,518100.75,12090497.119,0.023345960708307523,0.023077612309237824,215.652,187.974,172.67749999999998,0.49803151789356515
2021-06-16,002594.SZ,226.0,231.66,210.66,211.0,232.32,-21.32,-9.177,618175.9,13579272.747,-0.09176997245179064,-0.09625759816036478,217.29000000000002,190.589,173.24616666666668,0.6308380268386194
2021-06-17,002594.SZ,210.96,232.1,210.83,232.1,211.0,21.1,10.0,519977.58,11627218.257,0.09999999999999987,0.09531017980432474,223.31,193.555,174.1386666666667,0.649298445906443
2021-06-18,002594.SZ,236.0,252.32,234.65,245.0,232.1,12.9,5.5579,571896.01,13931101.474,0.05557949159844888,0.05408989726433557,229.488,197.158,175.3695,0.6617158305354511
2021-06-21,002594.SZ,243.88,249.56,232.13,242.58,245.0,-2.42,-0.9878,430526.35,10400538.802,-0.009877551020408104,-0.009926657663992422,232.6,200.627,176.51583333333335,0.6667817212008871
2021-06-22,002594.SZ,243.0,247.0,236.0,237.88,242.58,-4.7,-1.9375,316428.08,7571777.59,-0.01937505152939245,-0.019565208042341662,233.712,203.84750000000003,177.66433333333333,0.6776060193562363
2021-06-23,002594.SZ,233.0,249.8,232.5,243.3,237.88,5.42,2.2785,394500.6,9605891.907,0.022784597275937513,0.022528904951084065,240.17200000000003,207.18650000000002,179.007,0.6779398382279123
2021-06-24,002594.SZ,244.0,251.87,240.18,244.89,243.3,1.59,0.6535,312285.04,7696250.339,0.006535141800246613,0.006513880341897385,242.73000000000002,210.6225,180.40183333333334,0.6754403742619633
2021-06-25,002594.SZ,247.0,248.66,238.0,244.99,244.89,0.1,0.0408,296502.36,7205570.873,0.0004083466045980977,0.00040826325381325564,242.72799999999998,213.99949999999998,181.63516666666666,0.6772492887142005
2021-06-28,002594.SZ,244.99,255.0,243.52,253.63,244.99,8.64,3.5267,347271.98,8732379.669,0.03526674558145215,0.03465911871136898,244.93800000000002,217.59699999999998,183.06066666666666,0.679963110605859
2021-06-29,002594.SZ,257.4,259.6,250.0,253.3,253.63,-0.33,-0.1301,306257.54,7778037.778,-0.0013011079131016734,-0.0013019550889269526,248.022,221.327,184.46566666666666,0.6719872316970158
2021-06-30,002594.SZ,250.0,256.5,246.0,251.0,253.3,-2.3,-0.908,285407.31,7146112.745,-0.009080142123963686,-0.009121617875845658,249.56199999999998,224.404,185.90716666666668,0.6597661310235
2021-07-01,002594.SZ,251.0,252.5,235.6,236.6,251.0,-14.4,-5.7371,422602.87,10182009.938,-0.057370517928286846,-0.05908198758749748,247.904,226.90899999999996,187.03266666666667,0.7008140390945737
2021-07-02,002594.SZ,233.0,243.5,228.89,239.04,236.6,2.44,1.0313,374260.13,8897622.556,0.01031276415891802,0.010259950400166097,246.714,229.666,188.0855,0.6937498475453031
2021-07-05,002594.SZ,236.04,250.0,235.57,249.55,239.04,10.51,4.3968,324901.16,7984671.152,0.043967536813922514,0.04302839397116592,245.898,232.67350000000002,189.3098333333333,0.6997667445872667
2021-07-06,002594.SZ,255.0,261.02,241.0,250.5,249.55,0.95,0.3807,517916.7,13098186.044,0.003806852334201416,0.0037996246093010945,245.33800000000002,235.68099999999998,190.63499999999996,0.7000042407052617
2021-07-07,002594.SZ,244.0,258.6,240.88,255.09,250.5,4.59,1.8323,386386.56,9711793.849,0.01832335329341328,0.018157503540891445,246.156,238.295,192.04516666666666,0.6742361539279057
2021-07-08,002594.SZ,253.0,261.54,251.12,251.96,255.09,-3.13,-1.227,393909.95,10127585.813,-0.012270179152455984,-0.012346079312082555,249.228,240.79299999999998,193.46583333333334,0.6775355826022434
2021-07-09,002594.SZ,250.88,254.99,241.88,248.82,251.96,-3.14,-1.2462,364946.99,9057948.774,-0.012462295602476692,-0.012540601267383432,251.18400000000003,242.52849999999998,194.8885,0.6580073471480596
2021-07-12,002594.SZ,253.3,272.91,251.5,266.48,248.82,17.66,7.0975,560057.08,14759940.06,0.07097500200948481,0.06856945039907932,254.57,244.5015,196.59633333333332,0.6701669327709738
2021-07-13,002594.SZ,266.49,269.73,260.22,265.1,266.48,-1.38,-0.5179,277313.91,7330680.655,-0.005178625037526197,-0.0051920805904442854,257.49,246.14049999999997,198.1655,0.669654806636137
2021-07-14,002594.SZ,261.0,261.0,245.0,245.29,265.1,-19.81,-7.4727,612716.86,15300069.25,-0.07472651829498311,-0.07766592926998836,255.53000000000003,247.85500000000002,199.49533333333335,0.6381489190047406
2021-07-15,002594.SZ,239.0,243.55,230.0,236.4,245.29,-8.89,-3.6243,551898.67,13026880.866,-0.03624281462758361,-0.03691589849304839,252.41800000000003,248.07000000000002,200.68033333333332,0.5565683852094748
2021-07-16,002594.SZ,235.75,235.75,221.03,222.92,236.4,-13.48,-5.7022,562741.48,12801309.443,-0.057021996615905346,-0.058712322830607636,247.238,246.96600000000004,201.4615,0.5549828785127539
2021-07-19,002594.SZ,220.0,231.99,214.3,223.97,222.92,1.05,0.471,372187.23,8367318.503,0.004710209940786081,0.004699151613043866,238.73600000000002,246.0355,202.34033333333335,0.5553933900514006
2021-07-20,002594.SZ,220.0,229.46,219.11,227.5,223.97,3.53,1.5761,246749.66,5582671.898,0.015761039424923018,0.015638124076625817,231.21599999999998,245.51650000000004,203.32216666666667,0.5559900921920106
2021-07-21,002594.SZ,231.2,244.99,230.01,241.23,227.5,13.73,6.0352,471511.19,11232169.397,0.06035164835164841,0.05860059683716232,230.404,245.413,204.5308333333333,0.5926607556359221
2021-07-22,002594.SZ,246.3,249.44,240.17,248.96,241.23,7.73,3.2044,374773.27,9242619.143,0.032044107283505374,0.03154140576185942,232.916,245.6165,205.85933333333332,0.6030808818575513
2021-07-23,002594.SZ,247.44,262.0,245.08,258.68,248.96,9.72,3.9042,460562.27,11846110.496,0.03904241645244211,0.038299535588365206,240.06799999999998,246.30100000000002,207.379,0.6175600729192884
2021-07-26,002594.SZ,250.58,259.74,241.01,248.55,258.68,-10.13,-3.916,404428.24,10130659.972,-0.039160352559146405,-0.0399477440377104,244.984,246.04700000000003,208.7725,0.623179429833109
2021-07-27,002594.SZ,246.0,257.88,237.2,238.71,248.55,-9.84,-3.959,377707.2,9406136.905,-0.039589619794809905,-0.04039460648312847,247.22599999999997,245.31749999999997,209.99266666666668,0.638643486582489
2021-07-28,002594.SZ,229.99,241.1,223.99,236.5,238.71,-2.21,-0.9258,332198.63,7758094.419,-0.00925809559716817,-0.009301218125565553,246.28000000000003,244.59249999999997,211.2185,0.6386692607416418
2021-07-29,002594.SZ,246.94,257.3,242.82,257.2,236.5,20.7,8.7526,428851.05,10764228.893,0.08752642706131075,0.08390578443147663,247.92799999999997,245.62250000000003,212.86233333333334,0.678514484027731
2021-07-30,002594.SZ,257.19,268.3,252.13,264.71,257.2,7.51,2.9199,457993.99,11995907.836,0.029199066874028068,0.02878089477329995,249.13399999999996,246.90600000000003,214.77416666666667,0.6837507026271559
2021-08-02,002594.SZ,276.0,291.18,273.3,291.18,264.71,26.47,9.9996,622259.03,17648921.236,0.09999622228098692,0.09530674550841578,257.65999999999997,248.9875,217.22799999999998,0.7506749328996054
2021-08-03,002594.SZ,299.0,299.0,275.01,280.08,291.18,-11.1,-3.8121,489348.53,13975748.744,-0.03812075005151461,-0.03886635599876967,265.93399999999997,250.4665,219.44599999999997,0.7688994172681638
2021-08-04,002594.SZ,283.01,308.09,282.0,308.09,280.08,28.01,10.0007,534306.39,16003136.931,0.10000714081690942,0.09531667143499002,280.25199999999995,253.1165,222.13816666666665,0.836942476372463
2021-08-05,002594.SZ,301.0,306.25,294.87,299.46,308.09,-8.63,-2.8011,368822.91,11063466.319,-0.02801129540069458,-0.028411095371827386,288.704,255.4915,224.567,0.8445229935008081
2021-08-06,002594.SZ,313.0,317.3,298.5,303.48,299.31,4.17,1.3932,453626.27,13945125.845,0.013424163494289765,0.013334857760301258,296.45799999999997,258.22450000000003,227.14183333333332,0.8403830559374954
2021-08-09,002594.SZ,295.0,297.4,283.0,293.55,303.48,-9.93,-3.272,341620.79,9914944.523,-0.03272044286279163,-0.03326772795967917,296.93199999999996,259.578,229.47549999999998,0.8231313673531568
2021-08-10,002594.SZ,293.56,302.31,282.0,292.0,293.55,-1.55,-0.528,331035.16,9604456.927,-0.0052801907681826465,-0.005294180241913235,299.316,260.92299999999994,231.67916666666667,0.8231499065610183
2021-08-11,002594.SZ,289.0,298.83,286.16,294.99,292.0,2.99,1.024,263993.95,7742097.441,0.0102397260273972,0.010187655191892743,296.696,263.408,233.95066666666668,0.7657520291788851
2021-08-12,002594.SZ,293.0,313.38,289.37,308.98,294.99,13.99,4.7425,382778.98,11687505.016,0.04742533645208313,0.04633509242372911,298.6,267.037,236.22066666666666,0.7557669727784979
2021-08-13,002594.SZ,303.0,312.5,297.99,300.02,308.98,-8.96,-2.8999,246906.46,7475335.873,-0.028998640688717825,-0.029427410783159493,297.908,270.892,238.33866666666668,0.7265612705793794
2021-08-16,002594.SZ,297.0,297.0,285.0,285.4,300.02,-14.62,-4.873,305067.01,8815872.752,-0.04873008466102258,-0.0499574340580082,296.27799999999996,273.96349999999995,240.2086666666667,0.7614323488471691
2021-08-17,002594.SZ,283.45,290.5,278.0,280.31,285.4,-5.09,-1.7835,272058.4,7713091.722,-0.017834618079887843,-0.01799557144700613,293.93999999999994,276.604,241.98933333333335,0.7692654076536672
2021-08-18,002594.SZ,285.41,288.09,278.19,283.66,280.31,3.35,1.1951,221723.02,6281190.851,0.011951054190004085,0.011880204270731776,291.67400000000004,278.7255,243.775,0.7474394776819897
2021-08-19,002594.SZ,283.66,298.68,278.57,293.72,283.66,10.06,3.5465,361671.79,10474777.9,0.035464993301840275,0.03485059471694828,288.62199999999996,280.9635,245.73416666666668,0.7489259159587753
2021-08-20,002594.SZ,289.0,293.6,282.0,285.09,293.72,-8.63,-2.9382,247173.2,7084185.439,-0.029381724090971173,-0.029822012692076353,285.636,282.284,247.52816666666664,0.7522963291385353
2021-08-23,002594.SZ,281.5,294.44,275.55,289.8,285.09,4.71,1.6521,295826.87,8526532.884,0.01652109860044204,0.016386109995248515,286.51599999999996,284.3465,249.33016666666666,0.7337908044772837
2021-08-24,002594.SZ,292.79,302.0,290.05,298.25,289.8,8.45,2.9158,274399.06,8152952.115,0.029158040027605248,0.028741031091443492,290.104,287.3235,251.32266666666666,0.7141099918492708
2021-08-25,002594.SZ,297.8,299.8,291.0,296.2,298.25,-2.05,-0.6873,179145.38,5272706.497,-0.006873428331936382,-0.006897159144327174,292.61199999999997,290.3085,253.10166666666663,0.7132123588187073
2021-08-26,002594.SZ,297.0,298.77,282.5,282.5,296.2,-13.7,-4.6253,263681.59,7570972.707,-0.04625253207292368,-0.047356351247202756,290.368,291.57349999999997,254.70166666666665,0.683399065475987
2021-08-27,002594.SZ,280.99,296.03,280.0,288.15,282.5,5.65,2.0,262889.3,7628216.261,0.020000000000000018,0.01980262729617973,290.98,292.7455,256.43916666666667,0.67994998498321
2021-08-30,002594.SZ,277.44,288.0,273.96,281.97,288.15,-6.18,-2.1447,419092.34,11735714.83,-0.02144716293597071,-0.02168049558235546,289.414,292.28499999999997,257.982,0.5851986386484431
2021-08-31,002594.SZ,286.88,286.88,266.55,277.0,281.97,-4.97,-1.7626,329668.34,9041075.46,-0.017625988580345475,-0.017783176112981296,285.16400000000004,292.131,259.4261666666667,0.5723237534764173
2021-09-01,002594.SZ,277.0,277.97,257.6,266.3,277.0,-10.7,-3.8628,287674.22,7678475.358,-0.03862815884476534,-0.03939401336745195,279.184,290.0415,260.4843333333333,0.4495987541737817
2021-09-02,002594.SZ,267.01,271.99,262.7,267.0,266.3,0.7,0.2629,165244.43,4421950.962,0.002628614344724056,0.0026251655803630437,276.084,288.4185,261.56766666666664,0.4436138079720065
2021-09-03,002594.SZ,267.01,271.0,250.4,254.11,267.0,-12.89,-4.8277,287964.13,7420408.93,-0.0482771535580524,-0.04948141426369332,269.276,285.95,262.2343333333333,0.4626418864427667
2021-09-06,002594.SZ,259.99,279.0,259.0,277.6,254.11,23.49,9.244,397788.81,10725519.555,0.09244028176773833,0.08841398449609321,268.402,285.15250000000003,263.07733333333334,0.5751380160393968
2021-09-07,002594.SZ,277.6,281.11,273.27,275.95,277.6,-1.65,-0.5944,207633.53,5743962.165,-0.0059438040345822785,-0.005961538747139295,268.192,284.35,263.8045,0.5751903573440342
2021-09-08,002594.SZ,277.9,279.28,268.61,269.59,275.95,-6.36,-2.3048,182578.06,4971116.497,-0.023047653560427706,-0.02331740352341378,268.85,283.08,264.781,0.5777663477240492
2021-09-09,002594.SZ,272.0,279.58,265.8,271.71,269.59,2.12,0.7864,216256.41,5891876.583,0.007863793167402378,0.00783303469287024,269.79200000000003,281.2165,265.4411666666667,0.5474497716904951
2021-09-10,002594.SZ,271.71,272.53,262.64,265.61,271.71,-6.1,-2.245,238757.36,6341377.79,-0.022450406683596325,-0.022706253559044372,272.092,279.496,265.7846666666667,0.5442616237805481
2021-09-13,002594.SZ,268.33,271.98,259.18,261.36,265.61,-4.25,-1.6001,213491.79,5623333.361,-0.016000903580437487,-0.016130300203107566,268.844,278.294,266.09766666666667,0.5217339466851734
2021-09-14,002594.SZ,261.39,276.0,257.06,269.23,261.36,7.87,3.0112,354690.0,9581432.835,0.030111723293541504,0.029667265576214834,267.5,277.73999999999995,266.6201666666667,0.5323837245737911
2021-09-15,002594.SZ,267.89,270.0,260.0,261.15,269.23,-8.08,-3.0012,218809.11,5742276.749,-0.030011514318612487,-0.03047107798672194,265.812,276.6145,266.91766666666666,0.5391274631860629
2021-09-16,002594.SZ,261.15,264.77,250.53,251.0,261.15,-10.15,-3.8867,220809.71,5613770.464,-0.038866551790158854,-0.03964201575052379,261.66999999999996,274.4785,267.0195,0.5322349511099914
2021-09-17,002594.SZ,253.0,257.0,250.49,255.12,251.0,4.12,1.6414,139421.07,3544731.219,0.016414342629482048,0.01628108357001827,259.572,272.98,267.18833333333333,0.5318645846886414
2021-09-22,002594.SZ,248.0,251.44,244.03,247.2,255.12,-7.92,-3.1044,163412.86,4037944.329,-0.031044214487300104,-0.031536297118266485,256.73999999999995,270.85,267.08116666666666,0.5331181118959532
2021-09-23,002594.SZ,253.83,257.52,248.88,249.92,247.2,2.72,1.1003,149784.18,3773864.372,0.011003236245954673,0.010943141067785418,252.878,268.4335,267.02483333333333,0.5203515797124001
2021-09-24,002594.SZ,250.96,257.5,247.0,251.77,249.92,1.85,0.7402,158267.0,4002973.166,0.007402368758002709,0.007375105684602497,251.002,266.21200000000005,267.03766666666667,0.523329712589013
2021-09-27,002594.SZ,254.0,257.49,246.8,252.5,251.77,0.73,0.2899,179990.94,4548951.212,0.002899471740080095,0.002895276379490885,251.302,264.71200000000005,267.30266666666665,0.5038859756726033
2021-09-28,002594.SZ,251.9,253.82,246.29,246.86,252.5,-5.64,-2.2337,162444.38,4060118.403,-0.022336633663366245,-0.022589874399631803,249.65,262.6475,267.433,0.498261448437529
2021-09-29,002594.SZ,243.0,244.88,235.0,236.0,246.86,-10.86,-4.3993,245554.81,5859195.956,-0.04399254638256511,-0.04498956929017265,247.41,260.34900000000005,267.2071666666667,0.5129932141033164
2021-09-30,002594.SZ,238.2,249.7,237.2,249.51,236.0,13.51,5.7246,225038.01,5528259.622,0.05724576271186432,0.055667189523095684,247.32800000000003,258.97450000000003,267.1906666666667,0.5616208013779057
2021-10-08,002594.SZ,257.98,259.98,250.0,253.0,249.51,3.49,1.3987,194103.95,4939109.186,0.013987415334054676,0.013890494178814331,247.574,258.3095,267.15583333333336,0.5503161874320697
2021-10-11,002594.SZ,253.1,263.1,248.0,255.75,253.0,2.75,1.087,211972.73,5448306.885,0.010869565217391353,0.010810916104215676,248.22400000000002,257.747,267.219,0.5520101067073203
2021-10-12,002594.SZ,255.0,262.9,253.01,257.01,255.75,1.26,0.4927,211651.34,5464868.602,0.004926686217008758,0.004914589812326377,250.254,257.89199999999994,267.3555,0.5239150363217603
2021-10-13,002594.SZ,257.01,273.6,254.33,271.2,257.01,14.19,5.5212,321978.1,8631470.872,0.05521185946072138,0.05374156142217823,257.294,257.572,267.43416666666667,0.44913508281212905
2021-10-14,002594.SZ,271.0,275.99,268.14,272.94,271.2,1.74,0.6416,177799.32,4844827.927,0.0064159292035399496,0.006395434743727341,261.97999999999996,257.42150000000004,267.5648333333333,0.44939596259525416
2021-10-15,002594.SZ,275.0,287.5,271.0,283.33,272.94,10.39,3.8067,287845.05,8089636.933,0.038066974426613776,0.03736030523119755,268.046,258.1085,268.1988333333333,0.4603580649324009
2021-10-18,002594.SZ,284.25,288.63,280.04,285.92,283.33,2.59,0.9141,216213.78,6155818.958,0.009141284015106166,0.009099755369952616,274.08,258.819,269.02416666666664,0.4605635680409433
2021-10-19,002594.SZ,288.0,294.91,284.0,284.79,285.92,-1.13,-0.3952,193857.85,5581983.586,-0.0039521544487968185,-0.003959984849301049,279.63599999999997,259.77799999999996,270.05533333333335,0.4516267802163464
2021-10-20,002594.SZ,286.0,295.0,285.24,290.6,284.79,5.81,2.0401,217045.09,6300647.166,0.020400997226026174,0.020195684574365696,283.516,261.24,271.16583333333335,0.44885524595930226
2021-10-21,002594.SZ,291.0,292.6,284.01,287.01,290.6,-3.59,-1.2354,180625.75,5184267.795,-0.012353750860289114,-0.012430692777996952,286.33000000000004,262.129,272.15766666666667,0.443495435057188
2021-10-22,002594.SZ,292.2,301.0,289.0,300.0,287.01,12.99,4.526,336548.68,10022899.338,0.0452597470471412,0.044265416298015406,289.66400000000004,264.0715,273.13716666666664,0.44835564800443173
2021-10-25,002594.SZ,303.11,318.65,302.23,317.35,300.0,17.35,5.7833,335189.76,10469605.348,0.0578333333333334,0.05622279109627812,295.95,267.389,274.277,0.44758522287018476
2021-10-26,002594.SZ,330.5,333.33,317.76,319.01,317.35,1.66,0.5231,313244.34,10148404.49,0.00523081770915379,0.005217184503410659,302.79400000000004,270.5835,275.2825,0.4479389549984772
2021-10-27,002594.SZ,313.0,326.73,311.28,321.74,319.01,2.73,0.8558,219067.77,7024365.486,0.0085577254631517,0.008521315706272,309.02200000000005,274.3105,276.5023333333333,0.41904800836906936
2021-10-28,002594.SZ,319.61,323.8,305.4,307.98,321.74,-13.76,-4.2767,298267.14,9334453.596,-0.04276745197985954,-0.043708920161895065,313.216,277.2135,277.65683333333334,0.4644591893253477
2021-10-29,002594.SZ,305.13,313.76,293.77,311.31,307.98,3.33,1.0812,347159.58,10585996.588,0.010812390414961959,0.010754354485029878,315.478,280.1905,278.90366666666665,0.46427606094373547
2021-11-01,002594.SZ,301.41,308.41,293.82,302.0,311.31,-9.31,-2.9906,284785.87,8570609.748,-0.02990588159712182,-0.030362182910427072,312.408,282.66549999999995,279.65033333333326,0.4860296331549883
2021-11-02,002594.SZ,310.0,319.8,307.64,313.88,302.0,11.88,3.9338,290087.4,9102548.555,0.03933774834437087,0.03858372988440284,311.382,286.0165,280.4698333333333,0.48184801459766574
2021-11-03,002594.SZ,313.13,313.85,299.86,303.01,313.88,-10.87,-3.4631,197248.14,6017080.222,-0.03463106919841974,-0.03524493899417019,307.636,289.367,280.66700000000003,0.4682404782297819
2021-11-04,002594.SZ,311.13,329.0,309.03,325.0,303.01,21.99,7.2572,349964.34,11223980.65,0.07257186231477508,0.07005937406463524,311.03999999999996,293.1415,281.4156666666667,0.49010507679602383
2021-11-05,002594.SZ,324.0,327.0,313.01,314.0,325.0,-11.0,-3.3846,194183.26,6178126.193,-0.03384615384615386,-0.03443219642148413,311.578,296.1915,281.5141666666667,0.5183937369237348
2021-11-08,002594.SZ,308.09,319.61,307.0,315.0,314.0,1.0,0.3185,169849.47,5344230.944,0.0031847133757962887,0.0031796529173798056,314.178,299.154,281.7731666666667,0.5192070496175502
2021-11-09,002594.SZ,315.05,329.97,315.05,320.69,315.0,5.69,1.8063,203305.04,6580787.588,0.018063492063492115,0.01790228559747937,315.54,302.338,282.06,0.5192714396329131
2021-11-10,002594.SZ,314.0,315.6,301.58,310.26,320.69,-10.43,-3.2524,274878.5,8480095.668,-0.03252362094234307,-0.03306426878692727,316.99,304.291,282.33849999999995,0.5149827784965093
2021-11-11,002594.SZ,313.0,316.99,308.05,311.99,310.26,1.73,0.5576,138851.5,4327235.823,0.005575968542512744,0.005560480377592659,314.38800000000003,306.2435,282.6716666666667,0.5150093407260112
2021-11-12,002594.SZ,315.8,316.74,305.5,306.78,311.99,-5.21,-1.6699,148883.82,4590558.597,-0.01669925318119181,-0.01684025769381499,312.944,307.416,282.8681666666667,0.5081225817103764
2021-11-15,002594.SZ,306.78,306.78,290.44,294.94,306.78,-11.84,-3.8594,225372.24,6667949.87,-0.038594432492339736,-0.03935893249716805,308.932,307.867,282.6341666666667,0.5300737849937881
2021-11-16,002594.SZ,294.0,297.69,288.0,293.51,294.94,-1.43,-0.4848,151808.48,4462067.584,-0.0048484437512714695,-0.004860235584810208,303.496,308.303,282.52566666666667,0.5302185418195484
2021-11-17,002594.SZ,300.0,303.24,294.0,296.85,293.51,3.34,1.138,163377.75,4875749.071,0.011379510067800247,0.011315250478700004,300.81399999999996,308.6155,282.71649999999994,0.5270309090919469
2021-11-18,002594.SZ,294.8,298.88,290.0,295.4,296.85,-1.45,-0.4885,129097.22,3802420.935,-0.004884621862893845,-0.004896590619405127,297.496,309.03499999999997,282.96799999999996,0.5250747229708657
2021-11-19,002594.SZ,295.72,300.0,288.0,296.82,295.4,1.42,0.4807,175158.64,5144668.932,0.004807041299932369,0.004795524370392873,295.504,308.87600000000003,283.1873333333333,0.4998540494915141
2021-11-22,002594.SZ,298.4,311.51,298.2,311.0,296.82,14.18,4.7773,287020.45,8785850.014,0.04777306111448021,0.04666701771156196,298.716,308.5585,283.47533333333337,0.4854666048724949
2021-11-23,002594.SZ,307.88,309.73,303.98,308.48,311.0,-2.52,-0.8103,150362.57,4609989.313,-0.0081028938906752,-0.0081359007570533,301.71,308.032,283.86516666666665,0.48566049769584396
2021-11-24,002594.SZ,305.43,309.6,301.0,303.2,308.48,-5.28,-1.7116,141938.17,4319711.029,-0.017116182572614158,-0.017264357653964252,302.98,307.105,284.0885,0.48734058922944795
2021-11-25,002594.SZ,303.2,304.49,291.3,298.0,303.2,-5.2,-1.715,170971.44,5070667.609,-0.01715039577836408,-0.017299167262812106,303.5,306.606,284.08433333333335,0.4673549838827123
2021-11-26,002594.SZ,295.0,304.77,294.05,297.66,298.0,-0.34,-0.1141,122493.93,3671367.398,-0.0011409395973153158,-0.001141590964391805,303.668,305.9235,284.1086666666667,0.4651875910663787
2021-11-29,002594.SZ,291.8,307.07,289.93,304.46,297.66,6.8,2.2845,200156.75,6053231.132,0.022844856547738823,0.02258782009009529,302.36,306.04650000000004,284.4746666666667,0.46063564358565584
2021-11-30,002594.SZ,307.0,308.0,303.0,304.7,304.46,0.24,0.0788,131788.26,4023809.746,0.0007882808907573313,0.0007879703605552655,301.604,305.5875,284.7505,0.4376092223783855
2021-12-01,002594.SZ,305.2,307.5,300.38,305.32,304.7,0.62,0.2035,108278.64,3295906.128,0.002034788316376712,0.0020327209386062127,302.02799999999996,305.703,285.13966666666664,0.41935085033777014
2021-12-02,002594.SZ,305.0,314.06,303.1,308.8,305.32,3.48,1.1398,180072.11,5567674.844,0.01139787763657818,0.011333411220351643,304.188,304.893,285.6696666666666,0.3261734048628444
2021-12-03,002594.SZ,306.99,309.8,298.86,306.9,308.8,-1.9,-0.6153,210327.15,6367075.408,-0.006152849740932775,-0.006171856524930751,306.036,304.538,286.3463333333333,0.3048233266938953
2021-12-06,002594.SZ,301.0,311.51,300.86,301.75,306.9,-5.15,-1.6781,178800.86,5465317.712,-0.016780710329097337,-0.016923101648049516,305.494,303.8755,286.9255,0.30941950017219344
2021-12-07,002594.SZ,306.01,306.35,291.08,294.8,301.75,-6.95,-2.3032,227678.6,6727286.964,-0.0230323115161557,-0.023301699662459287,303.514,302.581,287.60366666666664,0.30852075421971514
2021-12-08,002594.SZ,296.01,301.0,294.5,300.79,294.8,5.99,2.0319,154381.76,4606774.78,0.02031886024423346,0.02011518652703559,302.608,302.10749999999996,287.99016666666665,0.3006928102480072
2021-12-09,002594.SZ,300.0,300.63,297.03,299.5,300.79,-1.29,-0.4289,112957.11,3375316.207,-0.004288706406463061,-0.004297929286713086,300.74799999999993,301.483,288.38266666666664,0.2997037330737196
2021-12-10,002594.SZ,295.99,302.03,292.8,301.42,299.5,1.92,0.6411,144872.73,4325991.091,0.006410684474123629,0.006390223436026327,299.652,301.215,288.9131666666666,0.29574043270035316
2021-12-13,002594.SZ,302.99,303.0,298.0,298.4,301.42,-3.02,-1.0019,142941.24,4278869.484,-0.010019242253334393,-0.010069772661924667,298.982,301.38800000000003,289.358,0.26275434615581594
2021-12-14,002594.SZ,295.5,297.07,291.69,293.4,298.4,-5.0,-1.6756,157111.28,4609509.733,-0.016756032171581725,-0.016898002620724398,298.702,301.3825,289.82116666666667,0.2694118007171568
2021-12-15,002594.SZ,293.41,295.5,291.71,293.35,293.4,-0.05,-0.017,98150.36,2877855.925,-0.00017041581458743238,-0.00017043033701228714,297.214,301.20750000000004,290.35433333333333,0.26610682518295997
2021-12-16,002594.SZ,293.0,293.49,279.0,286.2,293.35,-7.15,-2.4374,278665.16,7928142.188,-0.024373615135503734,-0.024675568249518432,294.554,300.7475,290.63716666666664,0.27907969135867366
2021-12-17,002594.SZ,284.0,285.88,278.61,278.98,286.2,-7.22,-2.5227,151118.15,4240478.259,-0.025227113906359122,-0.025550772458261317,290.066,299.8555,290.93433333333337,0.2903066511707565
2021-12-20,002594.SZ,279.23,281.47,268.28,270.5,278.98,-8.48,-3.0396,217845.03,5964658.201,-0.030396444189547678,-0.030867996377552977,284.486,297.8305,291.25933333333336,0.23689615172230702
2021-12-21,002594.SZ,270.5,276.78,269.41,276.21,270.5,5.71,2.1109,149653.05,4098708.738,0.021109057301293754,0.020889347681327834,281.048,296.217,291.6108333333333,0.2567052931019337
2021-12-22,002594.SZ,280.01,285.18,277.01,279.22,276.21,3.01,1.0898,144442.3,4061024.216,0.010897505521161532,0.010838555592637803,278.222,295.018,292.14450000000005,0.258975380570937
2021-12-23,002594.SZ,282.03,284.9,277.16,279.99,279.22,0.77,0.2758,123021.34,3451820.145,0.0027576821144617014,0.0027538866852631276,276.97999999999996,294.11749999999995,292.6456666666666,0.2551650282782988
2021-12-24,002594.SZ,281.98,282.0,264.96,270.0,279.99,-9.99,-3.568,209968.81,5675961.283,-0.03567984570877536,-0.03633192924739032,275.184,292.73449999999997,292.94949999999994,0.2800840354081361
2021-12-27,002594.SZ,269.0,271.54,266.0,267.03,270.0,-2.97,-1.1,107189.95,2874395.592,-0.01100000000000012,-0.01106094735942506,274.49,290.863,293.19166666666666,0.26102984276711516
2021-12-28,002594.SZ,268.15,271.0,266.21,270.85,267.03,3.82,1.4306,118542.84,3183320.996,0.014305508744336004,0.014204150464958213,273.418,289.1705,293.59149999999994,0.27022056528041605
2021-12-29,002594.SZ,272.15,272.22,263.0,269.0,270.85,-1.85,-0.683,141603.04,3783958.091,-0.006830348901606165,-0.006853782502068879,271.374,287.35450000000003,294.14149999999995,0.26866875533994666
2021-12-30,002594.SZ,268.0,272.98,266.0,267.13,269.0,-1.87,-0.6952,117326.73,3158736.176,-0.006951672862453573,-0.006975948308971959,268.802,285.271,294.4351666666667,0.2605218105655622
2021-12-31,002594.SZ,273.0,274.19,267.0,268.12,267.13,0.99,0.3706,116291.97,3136714.687,0.0037060607194998596,0.0036992101968897403,268.42600000000004,283.332,294.68716666666666,0.26332903145444875
2022-01-04,002594.SZ,276.0,279.45,265.22,271.0,268.12,2.88,1.0741,244660.89,6673692.547,0.010741459048187352,0.010684179389943935,269.22,281.79449999999997,294.9413333333333,0.26730841975647424
2022-01-05,002594.SZ,264.55,266.48,251.72,253.26,271.0,-17.74,-6.5461,301708.91,7725244.308,-0.06546125461254615,-0.06770219185723854,265.702,279.71750000000003,294.8788333333333,0.33790460882448325
2022-01-06,002594.SZ,250.0,254.53,247.89,250.02,253.26,-3.24,-1.2793,175907.84,4396413.606,-0.012793176972281328,-0.012875714360045167,261.906,277.179,294.52583333333337,0.3220180465978278
2022-01-07,002594.SZ,251.8,252.96,245.0,246.5,250.02,-3.52,-1.4079,161933.55,4009535.493,-0.014078873690104854,-0.014178921179672354,257.78000000000003,274.529,294.0851666666667,0.3219930613945657
2022-01-10,002594.SZ,245.0,249.47,239.03,246.3,246.5,-0.2,-0.0811,162141.82,3964485.468,-0.0008113590263690851,-0.0008116883562524857,253.416,271.773,293.468,0.3182616278046676
2022-01-11,002594.SZ,246.28,246.28,237.8,239.09,246.3,-7.21,-2.9273,212441.47,5100240.704,-0.029273244011368327,-0.02971025504165013,247.03400000000002,268.8075,292.6875,0.3256487537228487
2022-01-12,002594.SZ,246.0,256.0,244.31,256.0,239.09,16.91,7.0727,323602.24,8103336.076,0.07072650466351571,0.06833739439472018,247.58199999999997,266.9375,292.20766666666674,0.4343835310149863
2022-01-13,002594.SZ,257.74,258.56,248.61,255.31,256.0,-0.69,-0.2695,217103.9,5516666.113,-0.002695312499999991,-0.0026989513948462505,248.64000000000001,265.0355,291.61949999999996,0.4339924576994386
2022-01-14,002594.SZ,250.8,257.3,250.0,253.14,255.31,-2.17,-0.8499,149548.15,3798549.606,-0.008499471231052547,-0.008535797720414013,249.968,263.3825,291.055,0.4289827622297374
2022-01-17,002594.SZ,253.02,267.49,253.02,266.49,253.14,13.35,5.2738,241144.66,6349270.849,0.05273761554870826,0.05139402408541702,254.006,262.75800000000004,290.4965,0.46944789753752225
2022-01-18,002594.SZ,266.41,268.96,262.3,266.08,266.49,-0.41,-0.1539,125054.43,3325099.879,-0.0015385192690158256,-0.001539704005101847,259.404,262.53700000000003,289.642,0.45720996276246945
2022-01-19,002594.SZ,265.95,267.88,250.31,252.97,266.08,-13.11,-4.9271,231881.8,5960665.206,-0.04927089597113643,-0.05052611082301322,258.798,261.375,288.54133333333334,0.4808724710658356
2022-01-20,002594.SZ,252.1,253.71,247.0,251.07,252.97,-1.9,-0.7511,149986.47,3759819.343,-0.007510772028303747,-0.007539119908711868,257.95,259.96750000000003,287.3635,0.47776317475551544
2022-01-21,002594.SZ,251.08,255.74,246.33,250.4,251.07,-0.67,-0.2669,112394.32,2822719.636,-0.00266857848408808,-0.002672145486948893,257.402,258.488,286.40383333333335,0.4770016639235647
2022-01-24,002594.SZ,246.08,252.88,244.27,251.4,250.4,1.0,0.3994,108376.86,2706367.141,0.003993610223642197,0.003985656930203611,254.38400000000001,257.558,285.4053333333334,0.46392386997079327
2022-01-25,002594.SZ,248.0,251.0,240.0,240.31,251.4,-11.09,-4.4113,172772.23,4222848.972,-0.04411296738265713,-0.04511553963123307,249.23000000000002,256.222,284.3771666666667,0.48572465605017295
2022-01-26,002594.SZ,245.0,251.38,242.31,249.49,240.31,9.18,3.8201,174445.84,4321964.224,0.03820065748408319,0.03748907770310776,248.53400000000002,255.154,283.30400000000003,0.5052146591846762
2022-01-27,002594.SZ,247.0,249.3,241.0,241.27,249.49,-8.22,-3.2947,132649.63,3242987.819,-0.0329472123131187,-0.03350219589066607,246.574,253.7675,282.275,0.5158106236219016
2022-01-28,002594.SZ,239.98,242.0,219.76,226.8,241.27,-14.47,-5.9974,324373.11,7392709.579,-0.059974302648485134,-0.061848066483758526,241.85399999999998,251.75100000000003,280.6383333333333,0.551664948077115
2022-02-07,002594.SZ,240.79,249.28,238.01,244.4,226.8,17.6,7.7601,251124.53,6117950.238,0.07760141093474426,0.07473765544384325,240.454,250.565,279.4783333333333,0.6286911467291659
2022-02-08,002594.SZ,243.0,243.0,230.64,236.97,244.4,-7.43,-3.0401,199039.53,4669048.973,-0.030400981996726695,-0.03087267645300286,239.786,248.86350000000002,278.1778333333333,0.6329466437896886
2022-02-09,002594.SZ,239.05,246.4,235.03,245.18,236.97,8.21,3.4646,199928.64,4854528.826,0.03464573574714103,0.03405908382241079,238.92400000000004,248.4595,276.9193333333333,0.6073148210782692
2022-02-10,002594.SZ,246.77,248.0,238.1,240.12,245.18,-5.06,-2.0638,146284.6,3521519.984,-0.0206378986866792,-0.020853836283205848,238.69400000000002,247.96450000000004,275.75033333333334,0.609979170928086
2022-02-11,002594.SZ,236.05,240.12,228.5,230.19,240.12,-9.93,-4.1354,199439.26,4646313.004,-0.04135432283858076,-0.04223374352595884,239.372,247.14900000000003,274.387,0.625040374592677
2022-02-14,002594.SZ,230.2,235.0,225.0,231.98,230.19,1.79,0.7776,133199.49,3079221.402,0.007776184890742499,0.007746106196046668,236.888,246.433,273.14033333333333,0.626124991212191
2022-02-15,002594.SZ,232.18,239.96,232.18,238.31,231.98,6.33,2.7287,158524.28,3757722.229,0.027286835071989035,0.026921186081542575,237.156,246.394,272.1965,0.6259487625449535
2022-02-16,002594.SZ,242.0,244.99,240.39,240.6,238.31,2.29,0.9609,128724.91,3117890.74,0.009609332382191305,0.009563456405305879,236.23999999999995,245.62400000000002,271.3146666666667,0.5702057676952502
2022-02-17,002594.SZ,242.24,248.74,239.0,245.41,240.6,4.81,1.9992,191063.86,4670631.745,0.01999168744804658,0.019794477702233214,237.298,245.129,270.45733333333334,0.5757560867984216
2022-02-18,002594.SZ,241.0,245.39,240.0,242.96,245.41,-2.45,-0.9983,99104.66,2407158.413,-0.009983293264333115,-0.01003346050531832,239.852,244.62000000000003,269.5833333333333,0.5760243705260772
2022-02-21,002594.SZ,241.0,245.8,239.64,241.89,242.96,-1.07,-0.4404,109538.04,2657589.017,-0.004404017122160098,-0.004413743372453039,241.834,243.38999999999996,268.6678333333333,0.53929909215532
2022-02-22,002594.SZ,239.0,239.0,234.3,237.45,241.89,-4.44,-1.8355,125452.11,2966441.429,-0.018355450824755093,-0.018526002369909554,241.66199999999998,241.95850000000002,267.442,0.5414626148789604
2022-02-23,002594.SZ,241.9,252.52,239.01,252.0,237.45,14.55,6.1276,291148.9,7232161.935,0.06127605811749848,0.05947201251629251,243.942,241.91000000000003,266.50066666666663,0.5636580060627384
2022-02-24,002594.SZ,248.11,251.78,241.58,244.86,252.0,-7.14,-2.8333,238219.88,5865805.706,-0.02833333333333332,-0.02874246886565398,243.83200000000002,241.59949999999998,265.52833333333336,0.5723144256571977
2022-02-25,002594.SZ,249.9,252.38,247.83,247.84,244.86,2.98,1.217,146013.53,3646918.799,0.012170219717389408,0.012096758022789065,244.808,241.47150000000002,264.69233333333335,0.574037915553921
2022-02-28,002594.SZ,246.9,250.19,246.0,249.6,247.84,1.76,0.7101,118290.9,2936223.651,0.007101355713363455,0.007076259826714094,246.35,241.38150000000002,263.8913333333333,0.5744231892712761
2022-03-01,002594.SZ,255.0,256.61,249.25,251.78,249.6,2.18,0.8734,176519.58,4476714.982,0.008733974358974494,0.00869605384284074,249.21599999999998,241.955,263.0133333333333,0.5504096768186899
2022-03-02,002594.SZ,249.0,249.36,243.96,248.6,251.78,-3.18,-1.263,121242.47,2998567.642,-0.012630073874017045,-0.012710511261502515,248.53599999999997,241.9105,262.0783333333333,0.5365712384686216
2022-03-03,002594.SZ,249.52,250.86,244.0,245.21,248.6,-3.39,-1.3636,99633.4,2449485.385,-0.013636363636363558,-0.013730192811901907,248.606,242.1075,261.0765,0.5249253185150582
2022-03-04,002594.SZ,237.31,241.86,230.0,233.8,245.21,-11.41,-4.6532,291706.34,6857430.687,-0.04653154439052243,-0.04764893722674073,245.798,242.45749999999998,259.8265,0.5059301234675403
2022-03-07,002594.SZ,226.89,227.69,220.02,223.61,233.8,-10.19,-4.3584,236129.2,5286036.163,-0.043584260051325874,-0.04456258603791356,240.6,241.41799999999998,258.43833333333333,0.4449353835193004
2022-03-08,002594.SZ,221.08,225.49,210.0,216.19,223.61,-7.42,-3.3183,291499.34,6317187.685,-0.033182773578999236,-0.03374581233368148,233.48200000000003,240.379,257.01233333333334,0.44722309418747935
2022-03-09,002594.SZ,217.0,223.6,210.0,223.59,216.19,7.4,3.4229,251135.22,5484773.703,0.03422915028447204,0.03365636689533916,228.48000000000002,239.29950000000002,255.8255,0.4467453363096945
2022-03-10,002594.SZ,232.91,233.43,229.0,229.1,223.59,5.51,2.4643,248342.83,5744789.049,0.024643320363164634,0.024344571897737602,225.25799999999998,238.74849999999998,254.63066666666666,0.45354112340962466
2022-03-11,002594.SZ,222.0,231.79,220.02,229.85,229.1,0.75,0.3274,186116.04,4186645.901,0.003273679615888314,0.003268332792787217,224.46800000000002,238.7315,253.46983333333336,0.4291357097882568
2022-03-14,002594.SZ,225.0,225.0,219.0,219.0,229.85,-10.85,-4.7205,150840.61,3336922.826,-0.047204698716554305,-0.04835519243573621,223.546,238.08250000000004,252.09616666666668,0.45967634326951184
2022-03-15,002594.SZ,211.13,222.0,209.43,212.8,219.0,-6.2,-2.8311,198203.62,4269341.883,-0.028310502283104944,-0.02871897234901142,222.868,236.80700000000002,250.6695,0.45426312569810096
2022-03-16,002594.SZ,221.0,230.0,214.2,229.43,212.8,16.63,7.8148,333766.27,7432043.601,0.07814849624060138,0.07524521461458102,224.036,236.24849999999998,249.60333333333335,0.5408994182408289
2022-03-17,002594.SZ,240.38,240.88,234.66,234.9,229.43,5.47,2.3842,315844.3,7518685.379,0.02384169463452901,0.02356191958279663,225.196,235.723,248.62916666666666,0.5431274787406729
2022-03-18,002594.SZ,234.9,238.87,232.05,234.5,234.9,-0.4,-0.1703,150548.56,3530653.259,-0.001702852277564948,-0.0017043037785330801,226.12600000000003,235.3,247.76749999999998,0.5422343664107679
2022-03-21,002594.SZ,240.0,248.87,238.17,245.38,234.5,10.88,4.6397,279177.68,6829415.269,0.04639658848614081,0.04535244147670281,231.402,235.47450000000003,247.2075,0.5676691100039543
2022-03-22,002594.SZ,245.0,247.4,242.02,244.8,245.38,-0.58,-0.2364,115079.07,2815900.951,-0.002363680821582781,-0.002366478724865693,237.802,235.84199999999996,246.77916666666667,0.5631388252168849
2022-03-23,002594.SZ,250.0,251.0,246.27,247.17,244.8,2.37,0.9681,148500.96,3696654.258,0.009681372549019462,0.009634808357437186,241.35,235.60049999999995,246.2951666666667,0.5193266937359037
2022-03-24,002594.SZ,243.7,250.0,242.4,247.08,247.17,-0.09,-0.0364,113681.27,2794432.827,-0.00036412185944889597,-0.00036418816790988884,243.786,235.71149999999997,245.7595,0.5088018764317228
2022-03-25,002594.SZ,247.1,248.96,234.01,235.31,247.08,-11.77,-4.7636,208023.73,4984988.435,-0.04763639307107015,-0.04880837705990934,243.948,235.08499999999998,245.0148333333333,0.5349056247561002
2022-03-28,002594.SZ,234.9,234.9,228.88,230.4,235.31,-4.91,-2.0866,143103.54,3306510.715,-0.02086609153882113,-0.021086864946052927,240.952,234.125,244.35483333333335,0.5377608233976495
2022-03-29,002594.SZ,232.92,236.5,228.8,231.0,230.4,0.6,0.2604,138587.31,3224438.27,0.0026041666666667407,0.0026007817000574403,238.192,233.08599999999996,243.75433333333334,0.53635667636836
2022-03-30,002594.SZ,227.0,237.02,222.22,237.02,231.0,6.02,2.6061,251259.96,5807876.452,0.026060606060606117,0.025726815238509077,236.16199999999998,232.507,243.19050000000001,0.5453773765965817
2022-03-31,002594.SZ,234.21,235.0,226.89,229.8,237.02,-7.22,-3.0462,161731.43,3721363.312,-0.030461564424943077,-0.030935160345647292,232.706,231.73650000000004,242.53716666666668,0.5534210211836946
2022-04-01,002594.SZ,226.79,239.56,226.6,235.96,229.8,6.16,2.6806,182948.05,4301758.39,0.026805918189730216,0.026452933720219233,232.836,231.8445,242.01766666666666,0.5373160529016795
2022-04-06,002594.SZ,245.0,246.0,239.61,241.9,235.96,5.94,2.5174,205293.3,4976485.481,0.0251737582641125,0.024862118481106987,235.13600000000002,232.75900000000001,241.58066666666667,0.5166810352797612
2022-04-07,002594.SZ,240.0,245.3,239.01,240.0,241.9,-1.9,-0.7854,122699.53,2964659.964,-0.007854485324514271,-0.007885494273990276,236.936,233.9495,241.064,0.4997660878839112
2022-04-08,002594.SZ,240.01,246.5,239.1,243.98,240.0,3.98,1.6583,171718.97,4185742.781,0.016583333333333394,0.016447331378600275,238.32799999999997,234.969,240.90933333333336,0.4902425848135049
2022-04-11,002594.SZ,240.0,241.48,229.5,233.0,243.98,-10.98,-4.5004,193070.07,4519392.606,-0.04500368882695294,-0.046047801154890856,238.96800000000002,235.16400000000004,240.6256666666667,0.5146241453965621
2022-04-12,002594.SZ,232.0,238.56,231.2,238.16,233.0,5.16,2.2146,128888.67,3034073.575,0.022145922746781066,0.02190426314182033,239.408,235.5795,240.48666666666668,0.5198977108187041
2022-04-13,002594.SZ,235.02,241.95,233.01,237.0,238.16,-1.16,-0.4871,109672.51,2614119.776,-0.0048706751763519796,-0.004882575572389706,238.42800000000003,236.4795,240.33166666666668,0.48713571550950346
2022-04-14,002594.SZ,242.0,244.99,240.87,241.29,237.0,4.29,1.8101,131637.5,3198011.078,0.018101265822784818,0.017939388448956133,238.686,237.904,240.36833333333334,0.4734667856701006
2022-04-15,002594.SZ,238.5,240.0,232.75,236.2,241.29,-5.09,-2.1095,129239.31,3049510.858,-0.02109494798789835,-0.021320625820825348,237.13000000000002,238.2425,240.03833333333336,0.40029245842747485
2022-04-18,002594.SZ,234.79,241.0,230.0,239.1,236.2,2.9,1.2278,110592.38,2613800.696,0.012277730736663939,0.01220297070101721,238.35,238.45250000000001,239.76816666666667,0.3938846007805443
2022-04-19,002594.SZ,243.16,250.9,243.13,244.86,239.1,5.76,2.409,207781.54,5140377.761,0.02409033877038902,0.02380474418149033,239.69,238.9705,239.63016666666667,0.40193887302143944
2022-04-20,002594.SZ,247.66,248.33,240.86,241.78,244.86,-3.08,-1.2579,130780.93,3187144.24,-0.012578616352201255,-0.012658396871923465,240.64600000000002,238.79049999999998,239.21833333333333,0.36967619250106837
2022-04-21,002594.SZ,237.77,240.77,232.1,234.04,241.78,-7.74,-3.2013,154048.76,3625535.264,-0.032012573413847334,-0.03253618085381053,239.196,238.2525,238.6843333333333,0.38628908663734596
2022-04-22,002594.SZ,230.01,235.66,229.06,235.4,234.04,1.36,0.5811,108162.19,2522975.078,0.005810972483336174,0.0057941539061409815,239.036,237.66400000000004,238.39150000000004,0.3849840517526429
2022-04-25,002594.SZ,230.0,236.44,226.62,227.5,235.4,-7.9,-3.356,161889.17,3741670.659,-0.03355989804587933,-0.034135956435171214,236.71599999999998,236.68500000000003,237.99866666666668,0.40065060819919884
2022-04-26,002594.SZ,228.99,235.85,228.43,231.81,227.5,4.31,1.8945,158176.2,3670084.739,0.01894505494505494,0.01876783222259709,234.106,236.51,237.68883333333332,0.3728014059029007
2022-04-27,002594.SZ,226.61,235.81,218.81,235.01,231.81,3.2,1.3804,254341.67,5794106.499,0.013804408783055111,0.013709995816684774,232.752,236.74050000000003,237.41566666666668,0.36794388417623447
2022-04-28,002594.SZ,234.6,235.5,230.0,231.98,235.01,-3.03,-1.2893,146372.13,3405250.082,-0.012893068380068984,-0.012976905376556847,232.34,236.7895,237.27683333333334,0.3712834729463601
2022-04-29,002594.SZ,233.8,243.83,230.75,243.0,231.98,11.02,4.7504,248163.1,5912448.351,0.047504095180619155,0.04641028228681843,233.85999999999999,237.08849999999998,237.16866666666667,0.3977430963653115
2022-05-05,002594.SZ,246.2,252.39,241.77,248.8,243.0,5.8,2.3868,253258.79,6282897.504,0.023868312757201693,0.023587917524475966,238.11999999999998,238.03849999999997,237.29416666666665,0.38634639104483764
2022-05-06,002594.SZ,241.02,246.0,240.1,242.08,248.8,-6.72,-2.701,145488.66,3530097.27,-0.027009646302250778,-0.027381110824978565,240.17399999999998,238.34449999999998,237.54883333333333,0.39188355260521673
2022-05-09,002594.SZ,231.0,236.89,231.0,232.73,242.08,-9.35,-3.8624,175116.35,4086613.976,-0.038623595505618113,-0.039389266683472327,239.718,237.88600000000002,237.35433333333333,0.4060954279005964
2022-05-10,002594.SZ,224.1,233.66,222.28,233.33,232.73,0.6,0.2578,209696.64,4792958.516,0.002578094787951901,0.0025747772023940753,239.988,237.5525,237.29366666666667,0.40565888087642493
2022-05-11,002594.SZ,232.0,256.66,231.5,252.7,233.33,19.37,8.3015,459525.71,11482476.078,0.083015471649595,0.07974925383518107,241.92799999999997,237.9885,237.41899999999998,0.5013201031464042
2022-05-12,002594.SZ,249.99,257.7,248.71,254.09,252.7,1.39,0.5501,241156.06,6107994.847,0.005500593589236269,0.005485520572748759,242.98600000000002,239.04299999999998,237.65183333333331,0.46924285956778333
2022-05-13,002594.SZ,259.8,271.5,255.91,270.08,254.09,15.99,6.293,367120.61,9733352.389,0.06293045771183436,0.06102967644069499,248.58599999999996,240.63899999999998,238.31666666666666,0.5098700636980928
2022-05-16,002594.SZ,271.11,273.0,265.3,267.12,270.08,-2.96,-1.096,202368.8,5441551.55,-0.010959715639810352,-0.011020215772193136,255.464,242.14499999999998,238.90233333333333,0.5121698387114006
2022-05-17,002594.SZ,268.98,285.0,268.5,282.5,267.12,15.38,5.7577,293489.03,8193618.911,0.057577118897873536,0.055980554951096474,265.298,244.20549999999997,239.63883333333334,0.5423258257841088
2022-05-18,002594.SZ,282.5,288.0,279.0,281.42,282.5,-1.08,-0.3823,205302.7,5812000.946,-0.003823008849557441,-0.0038303352263859033,271.04200000000003,246.4665,240.31916666666666,0.5332315478814504
2022-05-19,002594.SZ,275.31,285.35,274.3,284.51,281.42,3.09,1.098,173636.51,4879756.543,0.010980029848624673,0.010920186973436417,277.12600000000003,248.737,240.97083333333333,0.5331560381113384
2022-05-20,002594.SZ,287.01,291.61,281.2,287.7,284.51,3.19,1.1212,178683.36,5125699.547,0.011212259674528102,0.011149868223955972,280.65,250.879,241.7165,0.5303563918183614
2022-05-23,002594.SZ,292.7,298.0,287.81,295.2,287.7,7.5,2.6069,255588.16,7496178.213,0.026068821689259725,0.02573482216881528,286.26599999999996,253.55,242.605,0.5276098251069674
2022-05-24,002594.SZ,290.0,292.96,281.0,281.0,295.2,-14.2,-4.8103,290496.53,8303003.901,-0.048102981029810254,-0.04929842339257162,285.966,255.898,243.33083333333335,0.5475390182399078
2022-05-25,002594.SZ,281.26,288.65,278.03,287.2,281.0,6.2,2.2064,230857.73,6563211.987,0.02206405693950164,0.02182416784032322,287.12199999999996,258.48799999999994,243.9175,0.5490291208105827
2022-05-26,002594.SZ,287.37,291.22,282.5,286.64,287.2,-0.56,-0.195,143094.99,4106312.149,-0.001949860724233976,-0.001951764177370738,287.54799999999994,261.445,244.61383333333333,0.5263397660645707
2022-05-27,002594.SZ,292.95,297.61,286.65,288.88,286.64,2.24,0.7815,153186.85,4467796.259,0.007814680435389354,0.007784303972503952,287.784,264.2985,245.29783333333333,0.5259122132049125
2022-05-30,002594.SZ,292.0,299.7,291.08,298.12,288.88,9.24,3.1986,218523.5,6485731.977,0.03198559955690938,0.03148471304429071,288.36800000000005,267.454,246.1065,0.5308695640376934
2022-05-31,002594.SZ,300.0,300.96,293.51,295.91,298.12,-2.21,-0.7413,177011.19,5242211.08,-0.007413122232657887,-0.0074407359772925025,291.35,270.6505,246.842,0.527741952923634
2022-06-01,002594.SZ,298.0,304.8,293.12,299.98,295.91,4.07,1.3754,216911.75,6501902.117,0.013754182014801719,0.013660451731012851,293.906,273.4995,247.69833333333332,0.5116243199919506
2022-06-02,002594.SZ,296.0,305.0,295.22,301.02,299.98,1.04,0.3467,177727.77,5355773.611,0.0034668977931859857,0.003460901957002981,296.782,276.1105,248.6285,0.509979904042084
2022-06-06,002594.SZ,304.0,320.47,302.55,318.23,301.02,17.21,5.7172,294757.29,9260502.507,0.05717228091156756,0.05559768406219788,302.652,279.918,250.03566666666666,0.5163406609266521
2022-06-07,002594.SZ,318.0,319.87,311.11,314.89,318.23,-3.34,-1.0496,200220.89,6296538.086,-0.010495553530465496,-0.010551020296723215,306.006,284.02599999999995,251.55699999999996,0.486946216478854
2022-06-08,002594.SZ,318.6,328.06,313.01,327.41,314.89,12.52,3.976,290513.4,9321932.807,0.03975991616119923,0.03898983665835359,312.30600000000004,288.73,253.41066666666669,0.49155328272110826
2022-06-09,002594.SZ,334.03,334.8,321.0,322.41,327.41,-5.0,-1.5271,307541.72,10050640.39,-0.015271372285513563,-0.015389180626873054,316.79200000000003,292.2155,255.05766666666668,0.43886908154659
2022-06-10,002594.SZ,321.5,350.0,321.06,348.8,322.41,26.39,8.1852,438249.0,14790622.515,0.08185229986662934,0.07867466451365286,326.34800000000007,296.951,257.05266666666665,0.5016499860329715
2022-06-13,002594.SZ,346.0,358.86,340.6,348.8,348.8,0.0,0.0,360681.32,12573534.324,0.0,0.0,332.46200000000005,300.887,259.03516666666667,0.4732122728128834
2022-06-14,002594.SZ,342.0,344.79,327.23,343.59,348.8,-5.21,-1.4937,404789.34,13634616.448,-0.014936926605504719,-0.01504960595709013,338.202,304.7105,261.1116666666666,0.4761165413257563
2022-06-15,002594.SZ,343.97,346.23,332.52,335.0,343.59,-8.59,-2.5001,303947.87,10285857.695,-0.025000727611397267,-0.025318554252668095,339.71999999999997,307.3355,263.1483333333333,0.4638425841477648
2022-06-16,002594.SZ,335.5,342.7,333.41,336.0,335.0,1.0,0.2985,190172.45,6410739.474,0.0029850746268655914,0.00298062813813772,342.438,310.0645,264.92449999999997,0.46198050912177185
2022-06-17,002594.SZ,330.1,341.2,327.07,338.0,336.0,2.0,0.5952,262147.59,8830738.834,0.005952380952380931,0.0059347355198145265,340.27799999999996,312.739,266.64283333333333,0.46208231297829966
2022-06-20,002594.SZ,338.08,348.66,335.02,342.18,338.0,4.18,1.2367,245415.57,8405361.56,0.012366863905325376,0.012291018913483637,338.954,315.463,268.4375,0.46217227444395176
2022-06-21,002594.SZ,339.76,341.8,332.2,341.0,342.18,-1.18,-0.3448,197827.39,6666969.509,-0.0034484774095505655,-0.003454437112985732,338.43600000000004,317.75300000000004,270.03116666666665,0.4596713257699992
2022-06-22,002594.SZ,342.42,347.63,338.0,339.88,341.0,-1.12,-0.3284,186787.83,6412052.153,-0.0032844574780058755,-0.0032898631481762166,339.412,320.697,271.61583333333334,0.4127356592344381
2022-06-23,002594.SZ,344.7,354.05,338.0,353.5,339.88,13.62,4.0073,323142.26,11251775.974,0.04007296692950457,0.0392908712012869,342.912,324.01200000000006,273.388,0.4245739248580654
2022-06-24,002594.SZ,352.99,356.28,346.01,351.05,353.5,-2.45,-0.6931,235983.55,8273168.197,-0.006930693069306937,-0.00695482187336961,345.52200000000005,327.23249999999996,275.12083333333334,0.4269146054651731
2022-06-27,002594.SZ,352.07,357.0,348.33,349.69,351.05,-1.36,-0.3874,217155.24,7630684.845,-0.0038740920096852483,-0.00388161574217598,347.024,330.273,277.0271666666667,0.4299028091237132
2022-06-28,002594.SZ,347.0,358.8,342.71,352.9,349.69,3.21,0.918,269634.71,9447959.128,0.009179559038005047,0.00913768296014246,349.404,333.012,279.0688333333333,0.42193665283089904
2022-06-29,002594.SZ,349.99,350.0,331.49,331.61,352.9,-21.29,-6.0329,361146.02,12246017.195,-0.06032870501558507,-0.06222515105935172,347.75,334.797,280.74566666666664,0.4858625234451306
2022-06-30,002594.SZ,331.0,339.35,330.0,333.49,331.61,1.88,0.5669,220144.78,7372602.921,0.0056693103344289675,0.005653300276750221,343.748,336.47249999999997,282.3535,0.48503102326739655
2022-07-01,002594.SZ,332.18,333.0,320.1,329.2,333.49,-4.29,-1.2864,234112.63,7658689.348,-0.012863953941647521,-0.012947411095708183,339.37800000000004,337.8815,284.0101666666667,0.48949206505539605
2022-07-04,002594.SZ,332.0,338.21,330.2,336.16,329.2,6.96,2.1142,209512.06,7020823.754,0.0211421628189552,0.020921768293775695,336.672,338.77799999999996,285.6801666666667,0.4539029506398345
2022-07-05,002594.SZ,337.0,340.6,329.59,333.89,336.16,-2.27,-0.6753,173757.03,5819208.075,-0.006752736792003944,-0.006775639682117293,332.87,339.728,287.2133333333333,0.4526056565937966
2022-07-06,002594.SZ,333.8,340.6,331.99,336.1,333.89,2.21,0.6619,183434.2,6179119.713,0.006618946359579603,0.006597137316486947,333.76800000000003,340.1625,288.81499999999994,0.43203152647102433
2022-07-07,002594.SZ,337.7,351.95,333.37,349.38,336.1,13.28,3.9512,304648.74,10511816.689,0.039512049985123365,0.038751420346023496,336.946,341.51099999999997,290.57166666666666,0.44706349020709446
2022-07-08,002594.SZ,349.38,351.88,338.0,338.0,349.38,-11.38,-3.2572,190477.57,6547699.048,-0.032571984658537945,-0.03311425959406476,338.706,340.971,292.32166666666666,0.36019239900751615
2022-07-11,002594.SZ,335.88,335.88,318.88,324.3,338.0,-13.7,-4.0533,254317.44,8284856.773,-0.04053254437869824,-0.04137688216974651,336.334,339.746,293.7573333333333,0.38602419982239633
2022-07-12,002594.SZ,320.0,321.0,300.08,309.0,324.3,-15.3,-4.7179,450514.69,13935271.931,-0.04717853839037933,-0.04832773641552688,331.35600000000005,338.0165,294.95733333333334,0.41475447627767204
2022-07-13,002594.SZ,309.0,313.84,296.77,309.88,309.0,0.88,0.2848,341066.95,10439432.846,0.002847896440129505,0.002843848865956365,326.11199999999997,336.7605,296.10049999999995,0.4086454892637572
2022-07-14,002594.SZ,308.91,323.0,307.0,323.0,309.88,13.12,4.2339,272489.36,8631732.044,0.04233896992384145,0.04146719745895473,320.836,336.1105,297.54716666666667,0.4397147321880845
2022-07-15,002594.SZ,335.0,349.89,333.0,338.19,323.0,15.19,4.7028,444507.84,15284697.866,0.047027863777089784,0.045955544501893084,320.874,336.12,299.1986666666666,0.47205951337676294
2022-07-18,002594.SZ,345.0,346.0,328.0,337.1,338.19,-1.09,-0.3223,238911.56,8007559.907,-0.0032230403027883048,-0.003228245484534511,323.434,335.866,300.736,0.47007939268918253
2022-07-19,002594.SZ,337.1,337.1,327.62,331.1,337.1,-6.0,-1.7799,158180.25,5239778.187,-0.017798872738059912,-0.017959177686814442,327.85400000000004,335.371,302.2246666666667,0.47408531030525497
2022-07-20,002594.SZ,332.98,333.86,329.08,331.7,331.1,0.6,0.1812,103263.48,3425066.981,0.0018121413470248982,0.0018105013998059771,332.218,334.962,303.8523333333333,0.47411139129025676
2022-07-21,002594.SZ,329.0,331.0,322.94,324.5,331.7,-7.2,-2.1706,132003.28,4303073.903,-0.02170636116973168,-0.021945409808862046,332.51800000000003,333.512,305.33733333333333,0.45376622747363266
2022-07-22,002594.SZ,326.01,334.66,326.0,329.62,324.5,5.12,1.5778,141773.74,4687025.063,0.01577812018489988,0.015654939661889303,330.804,332.44050000000004,307.03933333333333,0.4588727338599636
2022-07-25,002594.SZ,326.0,327.0,320.0,322.95,329.62,-6.67,-2.0235,115017.1,3705167.359,-0.020235422607851494,-0.020442963327552258,327.97400000000005,331.1035,308.55833333333334,0.4630627055553995
2022-07-26,002594.SZ,322.48,327.68,320.0,325.0,322.95,2.05,0.6348,107656.16,3493834.391,0.006347731847035076,0.0063276698512556885,326.754,329.7085,310.0581666666667,0.46213731470944547
2022-07-27,002594.SZ,324.0,329.8,321.01,325.8,325.0,0.8,0.2462,91055.72,2961812.249,0.002461538461538515,0.0024585138382073233,325.574,329.418,311.6218333333333,0.411017635193371
2022-07-28,002594.SZ,329.02,331.45,324.0,325.43,325.8,-0.37,-0.1136,109065.17,3572559.082,-0.0011356660527931384,-0.0011363114101380933,325.76,329.015,312.99566666666664,0.4103578335126969
2022-07-29,002594.SZ,323.0,327.8,317.96,320.36,325.33,-4.97,-1.5277,114853.64,3695131.506,-0.01557938727222441,-0.01570202130232513,323.908,328.573,314.18833333333333,0.4115189244876448
2022-08-01,002594.SZ,317.98,332.08,316.32,330.54,320.36,10.18,3.1777,187583.76,6141512.246,0.03177675115495071,0.03128231725719868,325.42600000000004,328.29200000000003,315.6626666666667,0.420750172408922
2022-08-02,002594.SZ,324.9,330.48,321.3,326.6,330.54,-3.94,-1.192,156642.66,5110091.378,-0.011919888667029754,-0.011991500176315473,325.746,327.9275,317.2271666666667,0.42216446523335205
2022-08-03,002594.SZ,326.7,334.85,318.89,321.99,326.6,-4.61,-1.4115,188723.11,6197191.078,-0.014115125535823725,-0.014215691374822105,324.98400000000004,327.222,318.70483333333334,0.42376502478672234
2022-08-04,002594.SZ,328.0,331.47,322.1,326.8,321.99,4.81,1.4938,186636.77,6098858.889,0.014938352122736642,0.01482787382430501,325.258,326.093,319.9398333333333,0.40031639167160377
2022-08-05,002594.SZ,330.0,331.89,318.28,324.49,326.8,-2.31,-0.7069,157563.85,5115620.394,-0.00706854345165242,-0.0070936439575317355,326.084,325.4175,321.11316666666664,0.38531200341960326
2022-08-08,002594.SZ,322.11,324.9,319.0,321.35,324.49,-3.14,-0.9677,129487.86,4158491.944,-0.009676723473758808,-0.00972384721102091,324.24600000000004,325.27000000000004,321.9676666666667,0.3587828154465012
2022-08-09,002594.SZ,321.18,323.8,318.15,319.72,321.35,-1.63,-0.5072,116106.61,3719885.52,-0.005072351019137944,-0.005085259059476835,322.87,325.80600000000004,322.8443333333334,0.3140221128047536
2022-08-10,002594.SZ,319.7,319.7,305.0,308.35,319.72,-11.37,-3.5562,258499.01,7998810.821,-0.03556236707118732,-0.0362101113203165,320.142,325.72950000000003,323.2751666666667,0.34091522334589525
2022-08-11,002594.SZ,311.43,315.89,305.6,315.02,308.35,6.67,2.1631,165444.81,5159742.999,0.021631263174963333,0.021400627436087376,317.786,325.33050000000003,323.8351666666667,0.31361219232040083
2022-08-12,002594.SZ,315.02,316.28,310.0,311.93,315.02,-3.09,-0.9809,101337.63,3165436.406,-0.009808901022157257,-0.009857325210705764,315.274,324.0175,324.29216666666673,0.2579654988421932
2022-08-15,002594.SZ,312.2,319.23,311.22,315.21,311.93,3.28,1.0515,135119.26,4265356.112,0.010515179687750287,0.01046027970590987,314.046,322.923,324.7506666666667,0.26300924487135957
2022-08-16,002594.SZ,315.8,321.89,315.5,318.92,315.21,3.71,1.177,157243.31,5029761.317,0.01176993115700653,0.011701204265501202,313.88599999999997,322.31399999999996,325.14599999999996,0.26221363134068304
2022-08-17,002594.SZ,319.99,329.6,316.72,327.93,318.92,9.01,2.8252,210871.13,6808620.194,0.028251599147121498,0.02785988333955906,317.802,322.1255,325.92816666666664,0.2829433904434222
2022-08-18,002594.SZ,327.0,330.0,323.84,326.04,327.93,-1.89,-0.5763,142790.44,4659424.799,-0.00576342512121486,-0.005780097747597075,320.00600000000003,322.2025,326.5755,0.2725025751897591
2022-08-19,002594.SZ,325.03,327.44,317.0,319.39,326.04,-6.65,-2.0396,124289.23,3993178.34,-0.020396270396270455,-0.020607146639292043,321.498,321.69100000000003,327.1213333333333,0.27562109512210936
2022-08-22,002594.SZ,316.0,326.09,312.22,323.09,319.39,3.7,1.1585,147667.65,4747212.897,0.011584583111556412,0.011517995594295543,323.07399999999996,321.698,327.69149999999996,0.269913622127579
2022-08-23,002594.SZ,324.0,325.55,318.98,321.61,323.09,-1.48,-0.4581,92999.75,2989844.195,-0.004580766968955929,-0.004591290832510451,323.61199999999997,321.5285,328.08299999999997,0.2693772705872894
2022-08-24,002594.SZ,321.68,322.96,309.3,309.5,321.61,-12.11,-3.7654,186782.83,5854016.197,-0.037654301794098455,-0.03838153922409891,319.92600000000004,320.7135,328.3095,0.2996820048636688
2022-08-25,002594.SZ,309.56,311.08,302.66,309.58,309.5,0.08,0.0258,140220.73,4308297.637,0.00025848142164774934,0.00025844802108057423,316.634,319.921,328.46950000000004,0.29980043931275907
2022-08-26,002594.SZ,312.99,317.93,310.0,315.73,309.58,6.15,1.9866,122126.55,3849213.721,0.01986562439434092,0.019670877827737788,315.902,319.6895,328.7146666666667,0.30536349581527633
2022-08-29,002594.SZ,313.67,316.87,311.49,313.55,315.73,-2.18,-0.6905,85911.66,2696123.151,-0.0069046337060146845,-0.006928580984439249,313.994,318.84000000000003,328.63666666666666,0.2809422884820067
2022-08-30,002594.SZ,315.5,318.5,310.0,310.85,313.55,-2.7,-0.8611,110247.37,3454778.56,-0.008611066815499835,-0.008648356273683211,311.842,318.0525,328.5693333333333,0.27971136228025956
2022-08-31,002594.SZ,291.0,296.6,284.0,287.98,310.85,-22.87,-7.3572,408059.74,11841919.126,-0.07357246260254147,-0.07641944743522218,307.538,316.352,327.9121666666667,0.3760116715941688
2022-09-01,002594.SZ,285.0,294.6,284.03,286.7,287.98,-1.28,-0.4445,192582.33,5566420.145,-0.00444475310785486,-0.004454660390800411,302.962,314.34700000000004,327.317,0.3683972578347634
2022-09-02,002594.SZ,288.7,289.6,278.1,282.0,286.7,-4.7,-1.6393,161661.92,4561284.362,-0.016393442622950727,-0.01652930195121047,296.216,312.2225,326.2036666666666,0.3701508620498575
2022-09-05,002594.SZ,269.0,270.88,261.1,268.76,282.0,-13.24,-4.695,351208.27,9364600.412,-0.046950354609929135,-0.04808828288616443,287.258,309.59299999999996,324.86966666666666,0.3967775168370806
2022-09-06,002594.SZ,268.77,274.45,267.21,272.94,268.76,4.18,1.5553,189902.84,5154529.158,0.015552909659175551,0.01543320275801858,279.676,307.254,323.69216666666665,0.40585472183097826
2022-09-07,002594.SZ,272.0,285.05,270.6,282.7,272.94,9.76,3.5759,190873.17,5345727.757,0.03575877482230516,0.035134273889576836,278.62,305.9715,322.8205,0.4193262095675235
2022-09-08,002594.SZ,283.0,284.99,277.0,278.26,282.7,-4.44,-1.5706,116429.11,3267426.059,-0.015705695083127025,-0.015830336285813984,276.932,304.1335,321.85816666666665,0.4099015954249627
2022-09-09,002594.SZ,280.99,281.49,276.99,279.7,278.26,1.44,0.5175,76098.26,2125233.636,0.005175016171925506,0.0051616717941832995,276.472,302.52200000000005,320.88649999999996,0.41143560342652363
2022-09-13,002594.SZ,282.0,286.69,279.37,284.8,279.7,5.1,1.8234,111524.11,3162351.107,0.018233821952091667,0.0180695793299068,279.67999999999995,301.0015,319.93016666666665,0.4162086061205618
2022-09-14,002594.SZ,282.0,283.8,276.26,278.33,284.8,-6.47,-2.2718,105151.06,2935617.133,-0.022717696629213524,-0.02297971947469258,280.758,298.97200000000004,318.8856666666667,0.4160826087806012
2022-09-15,002594.SZ,280.0,280.5,266.91,269.5,278.33,-8.83,-3.1725,152395.23,4126260.385,-0.03172493083749506,-0.03223906971407632,278.118,296.0505,317.7126666666667,0.40402897037145247
2022-09-16,002594.SZ,268.0,271.45,264.36,265.98,269.5,-3.52,-1.3061,104476.36,2797971.959,-0.013061224489795853,-0.01314727236403462,275.662,293.0475,316.254,0.4039763462223548
2022-09-19,002594.SZ,268.0,273.9,266.68,270.35,265.98,4.37,1.643,110949.99,3006108.121,0.016429806752387366,0.016296297842996667,273.79200000000003,290.5955,314.90899999999993,0.4122469104996654
2022-09-20,002594.SZ,273.8,277.49,272.01,274.21,270.35,3.86,1.4278,111245.02,3058894.059,0.014277788052524443,0.014176820365319654,271.674,288.15150000000006,313.651,0.4140484575431401
2022-09-21,002594.SZ,271.8,272.61,267.0,270.0,274.21,-4.21,-1.5353,83753.63,2258898.398,-0.015353196455271445,-0.015472277194958752,270.008,285.571,312.2693333333334,0.4146895241039884
2022-09-22,002594.SZ,267.49,269.38,261.3,268.55,270.0,-1.45,-0.537,92799.5,2468839.436,-0.005370370370370359,-0.005384842646906392,269.81800000000004,283.5235,311.21833333333336,0.40003441378151733
2022-09-23,002594.SZ,267.09,269.77,264.28,266.4,268.55,-2.15,-0.8006,79644.12,2125444.095,-0.008005957922174733,-0.008038177685234375,269.902,281.3645,310.10016666666667,0.3991852519517247
2022-09-26,002594.SZ,266.4,276.0,263.58,272.95,266.4,6.55,2.4587,143606.4,3911414.127,0.024587087087087234,0.024289689561532685,270.42199999999997,279.2255,309.16266666666667,0.40375306124192495
2022-09-27,002594.SZ,272.96,274.83,270.06,273.96,272.95,1.01,0.37,83095.93,2262822.665,0.003700311412346613,0.003693482101937888,270.372,277.246,308.126,0.4055163976653602
2022-09-28,002594.SZ,273.0,273.0,265.5,265.62,273.96,-8.34,-3.0442,85620.18,2293531.516,-0.03044240035041601,-0.0309153943575997,269.496,274.98449999999997,306.9881666666667,0.414395431164993
2022-09-29,002594.SZ,270.0,271.8,264.0,264.57,265.62,-1.05,-0.3953,88356.68,2355802.796,-0.003953015586175779,-0.003960849403905587,268.7,273.814,305.79600000000005,0.3328324532927476
2022-09-30,002594.SZ,263.0,263.55,249.0,252.01,264.57,-12.56,-4.7473,214035.88,5421385.039,-0.04747325849491624,-0.04863709730442437,265.822,272.07949999999994,304.17316666666665,0.3668652604674714
2022-10-10,002594.SZ,252.27,256.4,249.44,251.2,252.01,-0.81,-0.3214,117478.5,2967008.054,-0.0032141581683267084,-0.003219334669731141,261.472,270.5395,302.7265,0.36497286749453156
2022-10-11,002594.SZ,252.0,257.38,249.33,255.01,251.2,3.81,1.5167,132820.39,3370369.988,0.015167197452229386,0.015053325481742208,257.68199999999996,269.852,301.57166666666666,0.33696404893752363
2022-10-12,002594.SZ,254.0,263.25,249.95,262.34,255.01,7.33,2.8744,144871.43,3708582.158,0.028743970824673504,0.028338612311213863,257.026,269.322,300.794,0.3493158517270581
2022-10-13,002594.SZ,260.0,263.0,258.08,258.18,262.34,-4.16,-1.5857,96186.6,2497932.932,-0.015857284440039532,-0.01598435630843625,255.748,268.096,299.9323333333333,0.3228588647497642
2022-10-14,002594.SZ,262.08,269.1,259.95,264.54,258.18,6.36,2.4634,145694.51,3854443.049,0.024633976295607818,0.02433545251933809,258.254,267.40999999999997,298.95799999999997,0.33551015515548027
2022-10-17,002594.SZ,263.0,263.0,256.69,260.66,264.54,-3.88,-1.4667,109678.36,2842978.645,-0.01466696907840026,-0.014775592495327559,260.146,266.45799999999997,297.66583333333335,0.33702740232296324
2022-10-18,002594.SZ,279.0,279.0,272.5,273.67,260.66,13.01,4.9912,244141.79,6717206.761,0.049911762449167396,0.04870612487553175,263.878,265.9015,296.6086666666667,0.3799067153297253
2022-10-19,002594.SZ,273.67,276.44,266.88,267.5,273.67,-6.17,-2.2545,134004.03,3642369.174,-0.022545401395841713,-0.022803434642044332,264.91,265.36,295.5486666666667,0.37978087997182647
2022-10-20,002594.SZ,264.0,265.58,257.4,263.51,267.5,-3.99,-1.4916,128416.78,3355270.263,-0.014915887850467269,-0.015028248410615813,265.976,265.0605,294.4121666666667,0.36662080691405213
2022-10-21,002594.SZ,263.52,270.88,262.01,266.3,263.51,2.79,1.0588,104785.54,2794657.482,0.01058783347880543,0.010532174894441214,266.32800000000003,265.0765,293.44216666666665,0.36580065169368753
2022-10-24,002594.SZ,264.9,266.31,253.57,255.57,266.3,-10.73,-4.0293,167412.56,4324097.663,-0.04029290274126929,-0.04112714809702779,265.31,264.3375,292.20799999999997,0.3874258046507863
2022-10-25,002594.SZ,253.0,260.59,250.03,257.91,255.57,2.34,0.9156,113242.67,2897739.554,0.00915600422584828,0.009114342131603774,262.158,263.5225,291.12399999999997,0.3848981090376189
2022-10-26,002594.SZ,260.0,264.04,255.29,257.87,257.91,-0.04,-0.0155,126415.27,3279130.696,-0.00015509286185111382,-0.00015510488999268107,260.23199999999997,262.916,290.0051666666667,0.3820838982183596
2022-10-27,002594.SZ,258.99,260.72,255.0,255.0,257.87,-2.87,-1.113,97765.82,2516238.985,-0.011129638965370114,-0.011192036806043621,258.53000000000003,262.2385,288.8251666666667,0.3832986374285953
2022-10-28,002594.SZ,253.0,253.0,235.81,239.89,255.0,-15.11,-5.9255,263163.93,6372054.067,-0.05925490196078431,-0.061083060216595375,253.248,260.913,287.39950000000005,0.43330932769847563
2022-10-31,002594.SZ,237.5,251.0,237.11,246.67,239.89,6.78,2.8263,187942.33,4625511.532,0.028262953853849693,0.0278709260104818,251.468,259.59900000000005,286.17133333333334,0.436806095468376
2022-11-01,002594.SZ,247.11,262.2,247.0,261.82,246.67,15.15,6.1418,219282.71,5620272.304,0.06141808894474399,0.05960583379964041,252.25,258.992,285.02599999999995,0.49559615041701527
2022-11-02,002594.SZ,261.0,271.6,258.36,267.56,261.82,5.74,2.1923,187319.29,4980989.815,0.021923458864869128,0.02168659549825445,254.18800000000002,259.089,284.04200000000003,0.49028765733471014
2022-11-03,002594.SZ,265.02,271.76,264.1,267.98,267.56,0.42,0.157,102383.97,2747240.766,0.0015697413664226278,0.0015685106102548024,256.784,259.2595,283.1418333333333,0.4899667831743056
2022-11-04,002594.SZ,268.98,283.02,268.0,280.2,267.98,12.22,4.56,224886.89,6270505.264,0.04560041794163738,0.04459128304244463,264.846,260.669,282.36516666666665,0.47886437916665203
2022-11-07,002594.SZ,275.0,282.03,272.99,278.88,280.2,-1.32,-0.4711,135842.06,3781158.42,-0.004710920770877869,-0.004722052131195763,271.288,262.053,281.6050000000001,0.4792651853611728
2022-11-08,002594.SZ,279.45,282.6,273.5,276.41,278.88,-2.47,-0.8857,105634.49,2925766.812,-0.008856855995410085,-0.008896311082583989,274.206,263.123,280.856,0.4805376945351601
2022-11-09,002594.SZ,278.15,278.88,268.64,269.63,276.41,-6.78,-2.4529,111946.36,3038705.77,-0.02452877971129852,-0.024834621877293978,274.62,263.4875,280.0211666666666,0.48205228610148876
2022-11-10,002594.SZ,264.63,264.97,255.8,260.26,269.63,-9.37,-3.4751,155496.77,4039239.83,-0.03475132589103591,-0.03536951746322157,273.07599999999996,263.5915,279.2196666666667,0.4957073795989572
2022-11-11,002594.SZ,270.5,272.97,265.16,268.8,260.26,8.54,3.2813,166099.59,4467701.122,0.032813340505648325,0.03228647730038334,270.796,263.8045,278.4493333333333,0.5017234000773444
2022-11-14,002594.SZ,269.23,272.54,262.76,263.79,268.8,-5.01,-1.8638,115236.97,3071390.41,-0.01863839285714286,-0.018814276589974036,267.778,263.961,277.647,0.5035913022259726
2022-11-15,002594.SZ,263.99,268.3,260.1,267.0,263.79,3.21,1.2169,112848.35,2985500.714,0.0121687706129876,0.01209532634122908,265.896,263.6275,276.8435,0.47186542667608306
2022-11-16,002594.SZ,265.78,266.6,260.1,261.08,267.0,-5.92,-2.2172,103549.41,2719934.793,-0.02217228464419485,-0.022421784633232952,264.18600000000004,263.3065,275.8795,0.4716393220602916
2022-11-17,002594.SZ,259.91,259.91,253.58,257.0,261.08,-4.08,-1.5627,111260.57,2842104.513,-0.015627393902252096,-0.015750788871796786,263.534,262.981,274.69733333333335,0.47192852764479526
2022-11-18,002594.SZ,257.77,259.56,253.5,254.68,257.0,-2.32,-0.9027,101183.76,2595461.705,-0.009027237354085615,-0.00906822974639523,260.71,262.4,273.508,0.4707685803246381
2022-11-21,002594.SZ,252.84,254.6,248.51,254.2,254.68,-0.48,-0.1885,82515.07,2082807.825,-0.0018847180775876105,-0.0018864963934709553,258.79200000000003,262.3315,272.4215,0.4483354402543923
2022-11-22,002594.SZ,255.0,255.25,250.0,250.49,254.2,-3.71,-1.4595,80145.51,2013576.333,-0.014594807238394902,-0.014702359186945542,255.48999999999995,261.9605,271.2115,0.44990263680251635
2022-11-23,002594.SZ,250.49,251.5,247.2,251.5,250.49,1.01,0.4032,88468.81,2209509.306,0.00403209708970409,0.004023989971385738,253.57399999999998,261.642,270.043,0.4502620207509707
2022-11-24,002594.SZ,253.35,255.0,248.28,249.39,251.5,-2.11,-0.839,85314.06,2137710.348,-0.008389662027833089,-0.008425053328687556,252.052,261.3615,269.0411666666667,0.4495383781362427
2022-11-25,002594.SZ,249.0,249.0,245.0,245.05,249.39,-4.34,-1.7402,87821.64,2160628.974,-0.01740246200729767,-0.017555664855549782,250.12599999999998,261.61949999999996,267.96566666666666,0.3989788412954305
2022-11-28,002594.SZ,240.0,245.13,237.22,245.11,245.05,0.06,0.0245,99109.28,2387430.973,0.0002448479902061873,0.0002448180198290579,248.308,261.5415,266.78866666666664,0.38610971128694294
2022-11-29,002594.SZ,246.28,249.68,243.0,248.3,245.11,3.19,1.3015,123580.78,3051509.362,0.013014564889233471,0.012930603138735532,247.86999999999998,260.8655,265.70116666666667,0.3157375359422874
2022-11-30,002594.SZ,248.36,260.0,246.48,259.52,248.3,11.22,4.5187,212873.38,5434244.563,0.04518727345952467,0.04419607841292708,249.474,260.4635,264.84566666666666,0.3486502994588189
2022-12-01,002594.SZ,268.0,270.95,264.92,266.66,259.52,7.14,2.7512,257985.85,6927128.718,0.02751233045622703,0.027140667760264442,252.92800000000003,260.3975,264.49033333333335,0.3633322337489001
2022-12-02,002594.SZ,264.92,267.57,260.48,262.08,266.66,-4.58,-1.7175,116075.38,3062453.852,-0.017175429385734797,-0.01732463802260795,256.334,259.4915,264.08,0.32516024845570846
2022-12-05,002594.SZ,265.95,267.59,261.9,263.36,262.08,1.28,0.4884,105233.09,2776465.999,0.004884004884005089,0.004872116824000592,259.98400000000004,258.7155,263.76933333333335,0.3263268045873915
2022-12-06,002594.SZ,260.55,271.63,260.01,267.6,263.36,4.24,1.61,123006.79,3283672.654,0.016099635479951413,0.01597141076536841,263.844,258.275,263.75,0.3320153519981766
2022-12-07,002594.SZ,267.65,278.28,267.65,273.74,267.6,6.14,2.2945,192665.93,5284876.703,0.022944693572496178,0.02268542252904679,266.688,258.4805,263.7633333333334,0.33093813451435294
2022-12-08,002594.SZ,273.75,275.0,270.87,274.29,273.74,0.55,0.2009,94580.65,2587392.486,0.0020092058157377135,0.0020071900613247815,268.214,259.182,263.62316666666663,0.30285667450710396
2022-12-09,002594.SZ,275.48,277.7,271.45,274.7,274.29,0.41,0.1495,100992.32,2768392.889,0.001494768310911665,0.0014936522567831501,270.738,259.477,263.5638333333333,0.2813303615176773
2022-12-12,002594.SZ,271.96,273.47,268.0,269.88,274.7,-4.82,-1.7546,80128.21,2168695.196,-0.01754641427011283,-0.017702177342003536,272.04200000000003,259.7815,263.4001666666667,0.2803322492409543
2022-12-13,002594.SZ,272.0,275.0,269.5,269.8,269.88,-0.08,-0.0296,61384.33,1667300.818,-0.00029642804209273343,-0.0002964719855690699,272.482,259.9215,263.1501666666667,0.27739210109647155
2022-12-14,002594.SZ,269.41,269.44,263.6,266.4,269.8,-3.4,-1.2602,94364.62,2507895.817,-0.012601927353595332,-0.012682005107421512,271.014,260.1875,262.9513333333333,0.26889167459728114
2022-12-15,002594.SZ,266.33,272.28,263.51,271.46,266.4,5.06,1.8994,97123.45,2610706.544,0.01899399399399404,0.018815860203585024,270.448,260.9105,262.984,0.2683342437903858
2022-12-16,002594.SZ,270.07,271.37,267.55,270.51,271.46,-0.95,-0.35,56196.64,1512400.641,-0.003499594783761828,-0.0035057326898939815,269.61,261.70200000000006,263.0595,0.2657876376968875
2022-12-19,002594.SZ,268.99,275.0,265.61,266.5,270.51,-4.01,-1.4824,84038.91,2264390.155,-0.014823851243946584,-0.014934822574025751,268.934,262.317,262.99533333333335,0.2729122105152436
2022-12-20,002594.SZ,265.9,265.9,258.68,261.6,266.5,-4.9,-1.8386,84908.21,2218820.935,-0.01838649155722316,-0.01855762402285549,267.294,262.8725,262.78516666666667,0.2763730190265219
2022-12-21,002594.SZ,261.58,262.85,259.6,260.8,261.6,-0.8,-0.3058,41966.3,1095313.222,-0.003058103975535187,-0.003062789530545767,266.17400000000004,263.3375,262.6318333333333,0.27693404946329764
2022-12-22,002594.SZ,263.0,263.5,258.51,259.19,260.8,-1.61,-0.6173,59209.95,1543323.319,-0.006173312883435589,-0.006192446565528713,263.71999999999997,263.8275,262.4758333333333,0.2759454185127197
2022-12-23,002594.SZ,256.1,256.4,250.5,252.18,259.19,-7.01,-2.7046,90818.68,2294101.018,-0.027045796519927445,-0.027418265241888833,260.054,264.184,262.23883333333333,0.2868779653478609
2022-12-26,002594.SZ,252.2,263.5,252.19,262.42,252.18,10.24,4.0606,93547.53,2430254.725,0.04060591640891431,0.039803155432489384,259.238,265.04949999999997,262.06333333333333,0.3184110320013104
2022-12-27,002594.SZ,263.46,263.98,259.8,262.12,262.42,-0.3,-0.1143,55536.54,1453871.979,-0.001143205548357673,-0.0011438595062736269,259.342,265.7405,261.866,0.31682502812055036
2022-12-28,002594.SZ,257.5,259.2,253.0,254.62,262.12,-7.5,-2.8613,102563.78,2612261.022,-0.028612849076758762,-0.029030176537796826,258.106,265.4955,261.6826666666667,0.29362927679694506
2022-12-29,002594.SZ,253.99,258.86,252.13,254.76,254.62,0.14,0.055,72255.77,1841122.254,0.0005498389757285782,0.000549687869665761,257.22,264.9005,261.51916666666665,0.27410783936645927
2022-12-30,002594.SZ,258.5,260.37,256.51,256.97,254.76,2.21,0.8675,74889.73,1931977.379,0.008674831213691503,0.008637421060891376,258.178,264.64500000000004,261.60183333333333,0.27063677566129885
2023-01-03,002594.SZ,256.41,261.92,250.0,260.48,256.97,3.51,1.3659,121374.3,3108609.041,0.013659182005681503,0.013566736250119154,257.79,264.501,261.7565,0.27486074933867305
2023-01-04,002594.SZ,260.0,260.48,256.5,259.1,260.48,-1.38,-0.5298,72674.59,1881537.612,-0.0052979115479114824,-0.005311995246111124,257.186,264.076,261.82466666666664,0.26823090517449394
2023-01-05,002594.SZ,262.52,267.59,261.06,265.08,259.1,5.98,2.308,118936.0,3143084.205,0.023079891933616148,0.022817579651961618,259.278,263.64300000000003,261.87033333333335,0.2683945511478632
2023-01-06,002594.SZ,267.91,271.2,265.1,266.2,265.08,1.12,0.4225,138855.23,3726792.589,0.004225139580503967,0.00421623874098511,261.566,263.2385,262.004,0.26889044046972166
2023-01-09,002594.SZ,268.0,268.0,262.29,263.38,266.2,-2.82,-1.0594,114168.82,3020383.48,-0.010593538692712179,-0.010650049678937132,262.848,262.6725,261.98466666666667,0.2706064097467379
2023-01-10,002594.SZ,262.05,269.58,257.31,266.59,263.38,3.21,1.2188,173512.54,4568518.535,0.012187713569747016,0.012114041381695499,264.07,262.508,262.0835,0.2684729316011591
2023-01-11,002594.SZ,264.9,271.0,261.41,268.99,266.59,2.4,0.9003,128363.75,3429408.754,0.009002588244120258,0.008962306525882842,266.048,262.46750000000003,262.0055,0.27057716728619263
2023-01-12,002594.SZ,271.51,284.45,270.7,277.3,268.99,8.31,3.0893,223479.19,6213489.747,0.030893341759916648,0.030425748432079836,268.492,263.0125,262.16883333333334,0.28727043981396067
2023-01-13,002594.SZ,277.41,279.93,275.0,278.58,277.3,1.28,0.4616,128411.01,3556565.563,0.004615939415794967,0.004605318638152788,270.968,263.3685,262.42,0.2805519076490353
2023-01-16,002594.SZ,278.58,278.77,272.0,273.8,278.58,-4.78,-1.7158,164999.89,4536354.778,-0.017158446406777106,-0.017307358405536703,273.052,263.533,262.54499999999996,0.2878382762413209
2023-01-17,002594.SZ,273.81,274.5,268.93,269.99,273.8,-3.81,-1.3915,111665.71,3020383.061,-0.01391526661796938,-0.014012991578898844,273.732,263.7075,262.7853333333333,0.2872032053575103
2023-01-18,002594.SZ,269.85,272.5,266.49,269.0,269.99,-0.99,-0.3667,86108.17,2315435.133,-0.0036668024741657312,-0.0036735416736106445,273.73400000000004,264.0775,262.97016666666667,0.278786721456489
2023-01-19,002594.SZ,267.88,270.85,266.52,270.5,269.0,1.5,0.5576,81238.63,2185520.061,0.005576208178438735,0.005560718684697179,272.37399999999997,264.5625,263.1806666666667,0.27858197287756603
2023-01-20,002594.SZ,271.0,271.88,267.02,270.07,270.5,-0.43,-0.159,104649.35,2819530.181,-0.0015896487985213037,-0.0015909136307763914,270.67199999999997,265.1065,263.4318333333333,0.27727626774333775
2023-01-30,002594.SZ,285.0,288.0,281.0,281.99,270.07,11.92,4.4137,281854.41,8014418.508,0.044136705298626344,0.043190424660690105,272.31,266.59700000000004,264.1335,0.29240218870376694
2023-01-31,002594.SZ,285.0,288.8,280.39,285.8,281.99,3.81,1.3511,187110.17,5339962.478,0.013511117415511142,0.013420656179317073,275.47200000000004,267.76599999999996,264.78566666666666,0.26401795598696454
2023-02-01,002594.SZ,287.98,304.33,286.14,304.33,285.8,18.53,6.4836,272986.97,8144001.077,0.0648355493351993,0.06282037346858897,282.538,269.87649999999996,265.4941666666667,0.33888402582558674
2023-02-02,002594.SZ,305.87,306.13,299.96,302.62,304.33,-1.71,-0.5619,148029.93,4485489.933,-0.005618900535602767,-0.0056347459409313945,288.962,272.27650000000006,266.0785,0.31520149225630023
2023-02-03,002594.SZ,299.95,299.95,292.8,295.0,302.62,-7.62,-2.518,152948.28,4517779.88,-0.025180093847068985,-0.025502536683604936,293.948,274.2885,266.52883333333335,0.33669310940781116
2023-02-06,002594.SZ,291.69,291.69,287.61,289.98,295.0,-5.02,-1.7017,100446.6,2906251.55,-0.01701694915254226,-0.017163401254772007,295.546,275.93899999999996,266.69183333333336,0.3477432766694641
2023-02-07,002594.SZ,291.99,292.48,287.6,289.0,289.98,-0.98,-0.338,76834.74,2223584.358,-0.0033795434167874783,-0.0033852669726156565,296.186,277.365,266.8605,0.3482098961981383
2023-02-08,002594.SZ,289.0,289.0,282.8,285.66,289.0,-3.34,-1.1557,92901.44,2653105.085,-0.011557093425605403,-0.011624395677949628,292.452,278.693,267.0146666666667,0.3514617264856727
2023-02-09,002594.SZ,284.0,288.82,282.3,288.33,285.66,2.67,0.9347,90648.89,2602093.564,0.00934677588741839,0.009303365068820063,289.594,279.8555,267.3263333333333,0.34548353826246475
2023-02-10,002594.SZ,285.88,285.9,280.0,281.86,288.33,-6.47,-2.244,129708.11,3659502.384,-0.022439565775326797,-0.022695163739937595,286.966,280.6385,267.6863333333333,0.35841930231587155
2023-02-13,002594.SZ,279.01,283.29,277.06,282.32,281.86,0.46,0.1632,93461.44,2628940.179,0.0016320158944156393,0.0016306856036496032,285.434,281.5855,267.9116666666667,0.35483377215513223
2023-02-14,002594.SZ,284.0,284.5,279.1,281.97,282.32,-0.35,-0.124,73643.68,2068766.543,-0.0012397279682628826,-0.0012404970666947996,284.028,282.35450000000003,268.21466666666663,0.35377877226151727
2023-02-15,002594.SZ,283.0,283.9,278.56,279.0,281.97,-2.97,-1.0533,90832.16,2549250.814,-0.010533035429301063,-0.010588900478954192,282.696,282.855,268.4146666666667,0.35619927546351665
2023-02-16,002594.SZ,280.0,281.79,274.85,277.02,279.0,-1.98,-0.7097,103348.15,2883947.589,-0.007096774193548483,-0.007122076074413176,280.434,282.841,268.68033333333335,0.34060102856746893
2023-02-17,002594.SZ,276.49,278.1,271.28,271.66,277.02,-5.36,-1.9349,100996.5,2764372.531,-0.01934878348133695,-0.01953842135260772,278.394,282.495,268.92466666666667,0.3470082191112978
2023-02-20,002594.SZ,271.59,273.3,267.0,272.8,271.66,1.14,0.4196,130701.48,3524868.435,0.0041964219980858974,0.0041876415749624,276.49,282.445,269.22666666666663,0.3420926297190968
2023-02-21,002594.SZ,272.0,276.56,270.28,274.75,272.8,1.95,0.7148,113690.06,3115649.014,0.007148093841642167,0.007122667314423648,275.046,282.683,269.56916666666666,0.33885748181138386
2023-02-22,002594.SZ,271.9,272.62,268.9,270.42,274.75,-4.33,-1.576,85087.96,2301668.445,-0.01575978161965419,-0.015885287353118793,273.33000000000004,282.754,269.90133333333335,0.34379000641347596
2023-02-23,002594.SZ,269.9,271.67,268.5,270.44,270.42,0.02,0.0074,100358.21,2705234.15,7.395902669915522e-05,7.395629186518302e-05,272.014,282.75100000000003,270.217,0.3432628498431696
2023-02-24,002594.SZ,269.02,269.88,267.0,267.58,270.44,-2.86,-1.0575,66867.61,1790064.872,-0.010575358674752344,-0.010631675177003985,271.198,282.6265,270.5201666666666,0.3453617832714986
2023-02-27,002594.SZ,265.0,265.89,258.0,259.81,267.58,-7.77,-2.9038,169703.81,4428436.083,-0.029038044696912957,-0.029467992402702977,268.6,281.5175,270.76616666666666,0.3171719050777915
2023-02-28,002594.SZ,261.0,262.0,257.57,260.8,259.81,0.99,0.381,120330.03,3122819.224,0.0038104768869557937,0.0038032354097276757,265.81,280.26750000000004,271.0276666666667,0.3119341740519669
2023-03-01,002594.SZ,260.75,266.54,257.76,265.5,260.8,4.7,1.8021,143657.61,3781045.101,0.01802147239263796,0.01786101062949556,264.82599999999996,278.326,271.31433333333337,0.19737180101819557
2023-03-02,002594.SZ,266.12,268.13,262.0,263.71,265.5,-1.79,-0.6742,114904.96,3043464.76,-0.006741996233521785,-0.006764826160843704,263.48,276.3805,271.38416666666666,0.19732837408923878
2023-03-03,002594.SZ,264.99,265.23,262.08,263.79,263.71,0.08,0.0303,63981.61,1686348.718,0.00030336354328630577,0.0003033175378706169,262.722,274.82,271.33633333333336,0.18624042063775426
2023-03-06,002594.SZ,264.0,264.63,258.0,264.27,263.79,0.48,0.182,112124.47,2932174.905,0.0018196292505401335,0.0018179757307934888,263.614,273.53450000000004,271.37283333333335,0.18277422254237718
2023-03-07,002594.SZ,264.18,266.99,260.5,260.68,264.27,-3.59,-1.3585,105932.88,2789608.646,-0.013584591516252242,-0.013677706325634302,263.59000000000003,272.1185,271.3281666666666,0.18546410497836266
2023-03-08,002594.SZ,258.5,259.79,255.0,256.99,260.68,-3.69,-1.4155,120897.6,3104294.281,-0.014155286174620252,-0.014256427831829802,261.88800000000003,270.68500000000006,271.15133333333335,0.18689174763845068
2023-03-09,002594.SZ,256.5,259.83,254.01,256.07,256.99,-0.92,-0.358,96731.43,2481897.868,-0.0035799058329119005,-0.003586329030007294,260.36,269.072,270.8568333333333,0.1790060581692839
2023-03-10,002594.SZ,252.0,253.0,242.3,243.14,256.07,-12.93,-5.0494,283464.08,6951755.744,-0.05049400554535877,-0.05181343547469486,256.23,267.13599999999997,270.3376666666667,0.2330287634630054
2023-03-13,002594.SZ,241.72,242.95,237.0,240.49,243.14,-2.65,-1.0899,167343.41,4010230.472,-0.010899070494365337,-0.010958900487885908,251.47400000000002,265.0445,269.7675,0.23092463623273
2023-03-14,002594.SZ,240.0,242.5,233.03,239.98,240.49,-0.51,-0.2121,198568.16,4715842.057,-0.002120670298141336,-0.0021229221035191435,247.334,262.945,269.26916666666665,0.2306094313677997
2023-03-15,002594.SZ,241.5,242.48,237.41,238.62,239.98,-1.36,-0.5667,120714.59,2895736.124,-0.005667138928243998,-0.005683258088588553,243.66,260.926,268.7495,0.23052712811504045
2023-03-16,002594.SZ,235.0,239.62,234.0,234.79,238.62,-3.83,-1.6051,118370.25,2793057.411,-0.016050624423770032,-0.016180830838488175,239.404,258.8145,268.22266666666667,0.23240772019641887
2023-03-17,002594.SZ,236.78,240.98,235.53,237.91,234.79,3.12,1.3288,135002.62,3213067.916,0.013288470548149522,0.01320095328458647,238.358,257.127,267.6635,0.24025806934329444
2023-03-20,002594.SZ,237.91,239.36,234.6,235.57,237.91,-2.34,-0.9836,86323.33,2041533.811,-0.009835652137362927,-0.00988434168923741,237.37399999999997,255.26550000000003,267.08116666666666,0.23711467537373518
2023-03-21,002594.SZ,236.89,239.51,234.79,239.51,235.57,3.94,1.6725,108872.69,2585297.268,0.016725389480833686,0.01658706042823993,237.28000000000003,253.50350000000003,266.6313333333334,0.24703178611289736
2023-03-22,002594.SZ,242.2,247.58,242.08,243.2,239.51,3.69,1.5406,155339.32,3800940.796,0.015406454845309225,0.015288980459256916,238.196,252.1425,266.32466666666664,0.25650058882522186
2023-03-23,002594.SZ,242.99,245.5,239.5,245.49,243.2,2.29,0.9416,97461.04,2374450.293,0.00941611842105261,0.009372063115388077,240.336,250.89499999999998,266.0695,0.26113296675005426
2023-03-24,002594.SZ,245.5,247.63,243.49,246.02,245.49,0.53,0.2159,81018.26,1990565.427,0.0021589474112999607,0.002156620233239024,241.958,249.817,265.85,0.2612435341500627
2023-03-27,002594.SZ,245.99,245.99,240.3,243.65,246.02,-2.37,-0.9633,92495.36,2246213.086,-0.009633363141207996,-0.009680064151123728,243.574,249.00900000000001,265.7078333333333,0.24522636763307878
2023-03-28,002594.SZ,244.5,245.67,242.4,245.01,243.65,1.36,0.5582,81845.04,1998797.291,0.005581777139339161,0.005566256748778764,244.67400000000004,248.2195,265.41766666666666,0.24596698635899852
2023-03-29,002594.SZ,246.55,250.25,246.55,247.7,245.01,2.69,1.0979,144302.62,3588758.349,0.010979143708420125,0.010919310457019927,245.57399999999998,247.3295,265.17733333333337,0.23915958862809306
2023-03-30,002594.SZ,250.0,257.2,250.0,257.2,247.7,9.5,3.8353,209267.22,5317797.712,0.0383528461849012,0.037635655868150555,247.916,247.004,265.2203333333333,0.2806553621904173
2023-03-31,002594.SZ,258.97,260.86,255.0,256.02,257.2,-1.18,-0.4588,167007.61,4304295.452,-0.004587869362363994,-0.004598425935500798,249.916,246.61549999999997,265.24133333333333,0.2808680689227625
2023-04-03,002594.SZ,256.0,258.24,252.26,255.92,256.02,-0.1,-0.0391,133691.25,3412119.593,-0.0003905944848058285,-0.00039067078670098867,252.36999999999998,246.19799999999995,265.22383333333335,0.2806473682485227
2023-04-04,002594.SZ,255.81,255.81,247.99,250.92,255.92,-5.0,-1.9537,137744.33,3448255.051,-0.019537355423569824,-0.019730732412720005,253.552,245.70999999999998,265.0645,0.2848242179225017
2023-04-06,002594.SZ,248.0,250.88,245.68,250.0,250.92,-0.92,-0.3667,81942.27,2036216.982,-0.003666507253307749,-0.003673245366296006,254.012,245.36049999999994,264.91283333333337,0.2811762812118387
2023-04-07,002594.SZ,250.05,252.13,248.33,249.28,250.0,-0.72,-0.288,68722.91,1718631.441,-0.0028799999999999937,-0.002884155179862984,252.42799999999997,245.02100000000002,264.64950000000005,0.2811095911205885
2023-04-10,002594.SZ,249.28,251.2,246.0,251.0,249.28,1.72,0.69,98057.91,2436804.939,0.006899871630295262,0.0068761764494004556,251.42399999999998,245.41400000000004,264.39616666666666,0.2132346597843766
2023-04-11,002594.SZ,252.15,254.49,248.6,249.83,251.0,-1.17,-0.4661,87455.12,2194591.845,-0.0046613545816732715,-0.004672252574401567,250.206,245.881,264.17033333333336,0.20947169541570673
2023-04-12,002594.SZ,248.8,248.8,243.33,243.4,249.83,-6.43,-2.5738,112329.7,2751446.164,-0.02573750150102072,-0.026074506003955514,248.702,246.052,263.78383333333335,0.23125875001673524
2023-04-13,002594.SZ,240.58,243.0,237.77,242.82,243.4,-0.58,-0.2383,80964.64,1952037.226,-0.002382908792111782,-0.0023857524375976245,247.266,246.262,263.34766666666667,0.2303310791111714
2023-04-14,002594.SZ,243.4,247.47,242.99,246.06,242.82,3.24,1.3343,105506.44,2589957.803,0.013343217197924417,0.013254980516193707,246.62199999999999,246.8255,262.827,0.22509077651757486
2023-04-17,002594.SZ,245.0,249.68,244.21,249.44,246.06,3.38,1.3736,90393.85,2244153.587,0.013736487035682421,0.013642996677443571,246.31,247.402,262.34133333333335,0.22538253961459326
2023-04-18,002594.SZ,250.4,252.18,248.44,249.0,249.44,-0.44,-0.1764,78432.2,1961474.846,-0.001763951250801754,-0.0017655088447587322,246.144,248.07349999999997,261.928,0.22132470089862674
2023-04-19,002594.SZ,249.0,253.2,246.09,250.85,249.0,1.85,0.743,111927.47,2793037.791,0.007429718875501923,0.007402254465554281,247.63400000000001,248.64049999999997,261.60900000000004,0.21600096061451593
2023-04-20,002594.SZ,249.93,249.93,245.0,245.02,250.85,-5.83,-2.3241,100308.3,2470721.41,-0.023240980665736433,-0.02351531106423741,248.074,248.7315,261.20933333333335,0.22835375800983626
2023-04-21,002594.SZ,244.5,248.95,243.0,243.0,245.02,-2.02,-0.8244,104052.48,2553937.672,-0.008244224961227675,-0.00827839652547607,247.462,248.60700000000003,260.75100000000003,0.22778204460587118
2023-04-24,002594.SZ,244.1,258.6,243.18,253.49,243.0,10.49,4.3169,267017.34,6747607.047,0.043168724279835535,0.04226293118085188,248.27200000000002,248.98050000000003,260.4746666666667,0.2754494288867334
2023-04-25,002594.SZ,251.0,251.8,242.2,244.3,253.49,-9.19,-3.6254,187418.73,4589549.733,-0.03625389561718406,-0.036927396257705365,247.33200000000002,249.013,259.8465,0.30456659043345197
2023-04-26,002594.SZ,243.0,254.54,241.0,251.0,244.3,6.7,2.7425,174492.04,4353221.18,0.027425296766270923,0.02705596086808905,247.362,249.3125,259.2665,0.31910653929068805
2023-04-27,002594.SZ,250.0,258.99,249.55,258.92,251.0,7.92,3.1554,242464.38,6228404.693,0.03155378486055782,0.031066194545525602,250.142,249.87349999999998,258.50966666666665,0.33524780397388715
2023-04-28,002594.SZ,261.47,262.97,254.0,255.86,258.92,-3.06,-1.1818,191944.8,4933612.984,-0.01181832226170243,-0.011888713788420501,252.71400000000003,249.8065,257.7303333333333,0.31031679238579624
2023-05-04,002594.SZ,255.0,257.61,251.4,252.52,255.86,-3.34,-1.3054,118124.27,3002183.827,-0.013054013913859186,-0.01313996638946408,252.52000000000004,249.63150000000002,257.02233333333334,0.3133877596230491
2023-05-05,002594.SZ,252.55,253.8,247.95,250.07,252.52,-2.45,-0.9702,102439.59,2560075.787,-0.009702201805797617,-0.009749574829862702,253.67399999999998,249.33900000000003,256.35716666666667,0.31508164054915216
2023-05-08,002594.SZ,253.0,259.1,252.52,254.03,250.07,3.96,1.5836,121626.2,3104234.524,0.015835566041508375,0.015711491610730037,254.28000000000003,249.49450000000002,255.77433333333332,0.3124411331015843
2023-05-09,002594.SZ,250.04,253.36,249.0,250.11,254.03,-3.92,-1.5431,89884.83,2253697.879,-0.015431248277762433,-0.0155515491896605,252.51800000000003,249.5,255.18183333333334,0.31742258443047155
2023-05-10,002594.SZ,251.0,262.18,249.2,259.79,250.11,9.68,3.8703,253690.89,6542224.183,0.03870297069289519,0.0379727912580281,253.304,250.02549999999997,254.7061666666667,0.34515892696676304
2023-05-11,002594.SZ,260.77,269.8,258.68,263.75,259.79,3.96,1.5243,214236.87,5669565.808,0.015243080949997934,0.01512807244161634,255.55,250.66299999999995,254.40433333333334,0.34789644474795395
2023-05-12,002594.SZ,266.0,268.25,259.52,260.1,263.75,-3.65,-1.3839,104573.53,2750523.184,-0.013838862559241605,-0.013935512335670289,257.55600000000004,251.17649999999998,254.034,0.3519759722031713
2023-05-15,002594.SZ,260.1,266.55,258.7,264.9,260.1,4.8,1.8454,136926.27,3615695.776,0.018454440599769084,0.018286223823417932,259.72999999999996,252.2515,253.7495,0.34012844300369494
2023-05-16,002594.SZ,264.39,267.42,263.2,265.13,264.9,0.23,0.0868,81639.31,2162966.661,0.000868252170630468,0.0008678754577533114,262.73400000000004,253.36700000000002,253.51833333333335,0.3394562707849066
2023-05-17,002594.SZ,264.99,265.8,259.01,261.0,265.13,-4.13,-1.5577,89556.05,2336687.603,-0.015577263983706069,-0.015699864413083842,262.976,254.11399999999998,253.25133333333332,0.34507623582168173
2023-05-18,002594.SZ,262.3,263.88,256.56,259.08,261.0,-1.92,-0.7356,100696.65,2610927.791,-0.007356321839080526,-0.007383513007977182,262.04200000000003,254.596,253.04166666666666,0.3446359534897275
2023-05-19,002594.SZ,258.18,260.92,256.3,259.18,259.08,0.1,0.0386,60105.82,1557739.695,0.00038598116411936445,0.00038590669255230217,261.858,255.10500000000002,252.81466666666668,0.3443990095860648
2023-05-22,002594.SZ,260.92,266.0,257.08,265.1,259.18,5.92,2.2841,120165.21,3160916.357,0.022841268616405674,0.022584312287711517,261.898,255.81750000000002,252.65383333333335,0.35175288981246033
2023-05-23,002594.SZ,265.04,266.88,262.93,262.93,265.1,-2.17,-0.8186,90619.4,2401159.869,-0.008185590343266713,-0.008219276239810915,261.45799999999997,256.71299999999997,252.52900000000002,0.3407449572308361
2023-05-24,002594.SZ,261.6,265.0,259.52,261.91,262.93,-1.02,-0.3879,68092.95,1787131.273,-0.003879359525348902,-0.003886903758026955,261.64,257.6585,252.38683333333336,0.339055075068058
2023-05-25,002594.SZ,261.96,263.85,255.14,255.6,261.91,-6.31,-2.4092,132078.95,3413072.494,-0.024092245427818848,-0.024387210793762354,260.944,257.764,252.18716666666666,0.3194085766636398
2023-05-26,002594.SZ,253.0,253.0,242.8,246.99,255.6,-8.61,-3.3685,185813.4,4583193.89,-0.03368544600938961,-0.03426587252493533,258.506,257.89849999999996,251.97350000000003,0.31558459332819055
2023-05-29,002594.SZ,250.0,250.55,242.0,244.93,246.99,-2.06,-0.834,124722.91,3051361.333,-0.00834041864043078,-0.008375394543534377,254.47200000000004,257.59499999999997,251.70899999999997,0.30064753851482323
2023-05-30,002594.SZ,245.95,255.0,245.83,252.2,244.93,7.27,2.9682,166880.58,4201064.907,0.029681949944882158,0.029249968095909167,252.32600000000002,257.25899999999996,251.48733333333334,0.298016827310522
2023-05-31,002594.SZ,252.2,254.9,249.65,253.66,252.2,1.46,0.5789,118381.17,2995495.154,0.0057890563045202015,0.005772364108464307,250.676,257.149,251.31983333333335,0.2962031811267466
2023-06-01,002594.SZ,253.66,257.88,253.23,255.45,253.66,1.79,0.7057,86735.71,2217698.926,0.007056690057557269,0.007031908137523376,250.64600000000002,257.29550000000006,251.18083333333334,0.293276127957776
2023-06-02,002594.SZ,257.88,259.59,255.6,259.06,255.45,3.61,1.4132,110679.75,2854069.098,0.014131924055588163,0.014032999325302931,253.06,257.745,251.094,0.2942236610620286
2023-06-05,002594.SZ,259.0,259.06,251.67,258.32,259.06,-0.74,-0.2856,104794.52,2682476.684,-0.002856481124064003,-0.0028605686520902277,255.738,257.95950000000005,251.0546666666667,0.28995724989270705
2023-06-06,002594.SZ,257.95,265.0,256.18,260.88,258.32,2.56,0.991,128981.11,3371155.485,0.009910188912976237,0.009861405031044001,257.474,258.498,251.11949999999996,0.28482344563251555
2023-06-07,002594.SZ,262.0,263.44,255.5,256.55,260.88,-4.33,-1.6598,100490.28,2598158.541,-0.01659766942655616,-0.016736954093089777,258.052,258.336,251.1275,0.25729781181421024
2023-06-08,002594.SZ,256.19,258.84,254.47,255.0,256.55,-1.55,-0.6042,64454.26,1650438.582,-0.006041707269538121,-0.006060032229547678,257.962,257.8985,251.32516666666666,0.25103888137868907
2023-06-09,002594.SZ,258.8,259.1,252.5,258.0,255.0,3.0,1.1765,107484.01,2753073.835,0.0117647058823529,0.011696039763191236,257.75,257.7935,251.61700000000002,0.25088924426448955
2023-06-12,002594.SZ,256.5,263.0,255.5,260.51,258.0,2.51,0.9729,102891.21,2682484.32,0.00972868217054268,0.009681663250945619,258.188,257.574,251.95916666666668,0.24406344535268423
2023-06-13,002594.SZ,260.5,262.0,257.13,261.22,260.51,0.71,0.2725,81511.47,2117925.896,0.002725423208322253,0.002721715976812269,258.256,257.37850000000003,252.33583333333334,0.24431291381009518
2023-06-14,002594.SZ,262.68,265.39,261.5,263.0,261.22,1.78,0.6814,125776.0,3318766.726,0.006814179618712002,0.006791068028389204,259.546,257.47850000000005,252.806,0.2390145027662958
2023-06-15,002594.SZ,263.5,275.01,263.29,271.88,263.0,8.88,3.3764,243961.07,6622887.119,0.03376425855513299,0.03320676030067283,262.922,258.11850000000004,253.37216666666666,0.2643387809355097
2023-06-16,002594.SZ,273.86,275.86,270.0,271.08,271.88,-0.8,-0.2942,152296.82,4146755.899,-0.002942474621156488,-0.0029468122105253515,265.538,258.7135,253.964,0.2649627766551345
2023-06-19,002594.SZ,271.08,274.99,267.88,269.21,271.08,-1.87,-0.6898,123564.75,3342857.529,-0.0068983325955437325,-0.006922236084749977,267.278,258.919,254.45899999999997,0.2553570499655215
2023-06-20,002594.SZ,269.01,269.2,264.9,268.25,269.21,-0.96,-0.3566,102366.16,2734002.025,-0.003565989376323242,-0.003572362672354288,268.684,259.18500000000006,254.8765,0.25370000802825
2023-06-21,002594.SZ,267.01,273.28,266.25,267.78,268.25,-0.47,-0.1752,107811.76,2906861.071,-0.0017520969245108375,-0.0017536336415744326,269.64,259.4785,255.24800000000002,0.25325563620124125
2023-06-26,002594.SZ,262.43,268.69,262.3,262.89,267.78,-4.89,-1.8261,101512.22,2681452.522,-0.018261259242661865,-0.01843005413336454,267.842,259.84299999999996,255.52916666666667,0.24627253091562532
2023-06-27,002594.SZ,262.02,263.85,257.08,260.05,262.89,-2.84,-1.0803,99028.65,2570404.964,-0.01080299745140545,-0.01086177351678742,265.63599999999997,260.496,255.80249999999998,0.21419053767864799
2023-06-28,002594.SZ,260.0,262.5,258.1,260.25,260.05,0.2,0.0769,57269.51,1489543.301,0.0007690828686790496,0.0007687872759967379,263.84399999999994,261.262,256.05649999999997,0.21038943467873691
2023-06-29,002594.SZ,260.25,260.78,255.23,255.7,260.25,-4.55,-1.7483,83485.05,2148587.117,-0.01748318924111436,-0.017637825197937378,261.33399999999995,261.437,256.1898333333333,0.19764109737033544
2023-06-30,002594.SZ,254.13,260.0,253.7,258.27,255.7,2.57,1.0051,75724.36,1952424.866,0.010050840829096463,0.010000667040831886,259.43199999999996,261.6675,256.2076666666667,0.1996474213585638
2023-07-03,002594.SZ,258.88,269.27,258.88,267.48,258.27,9.21,3.566,162565.06,4313305.226,0.03566035544197943,0.03503924784780495,260.35,262.26899999999995,256.39866666666666,0.23405552650601325
2023-07-04,002594.SZ,268.5,275.0,266.51,271.5,267.48,4.02,1.5029,157120.02,4271284.305,0.015029161058770724,0.014917342188212305,262.64,262.89099999999996,256.65833333333336,0.23467257519972995
2023-07-05,002594.SZ,271.51,272.48,265.69,267.0,271.5,-4.5,-1.6575,93033.13,2493339.683,-0.016574585635359074,-0.016713480973740556,263.98999999999995,263.325,256.92633333333333,0.24366701195633036
2023-07-06,002594.SZ,267.0,272.0,266.8,268.1,267.0,1.1,0.412,83711.85,2249759.123,0.0041198501872659055,0.004111386841664069,266.47,263.68600000000004,257.228,0.24196067489156434
2023-07-07,002594.SZ,267.0,267.66,264.11,264.4,268.1,-3.7,-1.3801,62191.5,1650354.364,-0.013800820589332519,-0.013896937264382573,267.696,264.07849999999996,257.47999999999996,0.23937981068344422
2023-07-10,002594.SZ,267.0,269.5,262.75,263.55,264.4,-0.85,-0.3215,68877.62,1824432.454,-0.0032148260211799506,-0.0032200046763152515,266.91,264.506,257.68916666666667,0.23838880108252025
2023-07-11,002594.SZ,265.0,270.69,263.8,269.33,263.55,5.78,2.1931,102405.2,2744333.129,0.02193132232972861,0.021694290237559682,266.476,265.0725,258.01416666666665,0.24663860163235382
2023-07-12,002594.SZ,270.5,271.15,264.66,265.61,269.33,-3.72,-1.3812,87031.95,2328017.076,-0.013812052129357877,-0.013908326042853218,266.198,265.3275,258.3843333333333,0.25130121055680243
2023-07-13,002594.SZ,267.5,269.5,265.01,267.83,265.61,2.22,0.8358,82753.01,2213414.441,0.008358119046722567,0.008323383385373103,266.14399999999995,265.658,258.8011666666667,0.25258018129128684
2023-07-14,002594.SZ,267.8,267.8,263.5,264.41,267.83,-3.42,-1.2769,102722.03,2718639.361,-0.012769293955120609,-0.012851522136376178,266.146,265.7285,259.107,0.2565162351420304
2023-07-17,002594.SZ,267.0,267.0,262.35,264.49,264.41,0.08,0.0303,78926.63,2086663.751,0.000302560417533293,0.0003025146553604794,266.33399999999995,265.359,259.3578333333333,0.2242438995402707
2023-07-18,002594.SZ,265.25,267.57,260.5,265.48,264.49,0.99,0.3743,98456.48,2603934.532,0.003743052667397606,0.0037360648774445284,265.56399999999996,265.079,259.6325,0.22484255469322736
2023-07-19,002594.SZ,265.49,265.9,262.74,264.83,265.48,-0.65,-0.2448,50250.0,1328126.187,-0.0024483953593492647,-0.0024513975806847842,265.408,264.86,259.8655,0.22383334087052728
2023-07-20,002594.SZ,265.5,269.5,264.0,264.95,264.83,0.12,0.0453,91270.51,2434017.185,0.0004531208699920519,0.00045301824173147486,264.832,264.695,260.19766666666663,0.22361154735110017
2023-07-21,002594.SZ,264.0,264.8,261.55,264.32,264.95,-0.63,-0.2378,75287.03,1979318.622,-0.0023778071334213946,-0.002380638606157838,264.814,264.522,260.553,0.2236681080682241
2023-07-24,002594.SZ,261.01,262.77,257.49,257.5,264.32,-6.82,-2.5802,95950.37,2491708.306,-0.025802058111380144,-0.026140770228822406,263.416,264.2525,260.6198333333333,0.23299228107983128
2023-07-25,002594.SZ,262.68,266.99,262.65,264.59,257.5,7.09,2.7534,173882.84,4604657.752,0.027533980582524098,0.027161737967959104,263.238,264.47950000000003,260.95799999999997,0.2505337821784559
2023-07-26,002594.SZ,263.76,263.76,260.6,262.09,264.59,-2.5,-0.9449,65864.88,1723363.551,-0.009448580823160357,-0.00949350184682186,262.69,264.5715,261.14283333333333,0.2532601779836537
2023-07-27,002594.SZ,264.5,265.77,260.8,261.63,262.09,-0.46,-0.1755,112650.69,2962230.532,-0.0017551222862374205,-0.0017566643179241755,262.026,264.86800000000005,261.188,0.24447155062367643
2023-07-28,002594.SZ,260.0,267.65,258.22,267.0,260.49,6.51,2.4991,173308.25,4584230.666,0.020525169131980325,0.02031736649324564,262.562,265.3045,261.3736666666667,0.25217353750400995
2023-07-31,002594.SZ,270.0,276.58,269.88,272.0,267.0,5.0,1.8727,215060.16,5874722.583,0.01872659176029967,0.018553407895747834,265.462,265.5305,261.6983333333333,0.22800666046696394
2023-08-01,002594.SZ,271.76,272.76,266.5,268.5,272.0,-3.5,-1.2868,120339.93,3239067.594,-0.012867647058823484,-0.012951152347077893,266.24399999999997,265.38050000000004,262.0055,0.2266358395211992
2023-08-02,002594.SZ,270.7,272.0,266.36,268.0,268.5,-0.5,-0.1862,87393.51,2346829.431,-0.0018621973929237035,-0.0018639334380627533,267.42600000000004,265.43050000000005,262.23833333333334,0.21863604940927275
2023-08-03,002594.SZ,267.28,268.48,265.51,268.23,268.0,0.23,0.0858,66169.88,1766952.896,0.000858208955224038,0.000857840904479868,268.746,265.437,262.5403333333333,0.21818171817067722
2023-08-04,002594.SZ,268.99,270.07,266.65,268.3,268.23,0.07,0.0261,88053.15,2358257.628,0.00026097006300562775,0.0002609360162420637,269.006,265.632,262.68216666666666,0.21190682399172772
2023-08-07,002594.SZ,267.93,267.93,265.19,266.99,268.3,-1.31,-0.4883,64203.8,1710317.723,-0.004882594111069727,-0.004894552916237544,268.004,265.804,262.73616666666663,0.2124097560660791
2023-08-08,002594.SZ,265.2,266.5,262.51,263.3,266.99,-3.69,-1.3821,91711.88,2419517.105,-0.013820742349900716,-0.013917138013077193,266.964,265.5025,262.78950000000003,0.20278026464354748
2023-08-09,002594.SZ,262.0,263.5,260.23,262.9,263.3,-0.4,-0.1519,72499.37,1897124.688,-0.0015191796429928628,-0.0015203347664282702,265.9440000000001,265.367,262.7561666666667,0.19713891925845226
2023-08-10,002594.SZ,263.0,264.87,260.74,262.7,262.9,-0.2,-0.0761,60016.1,1575799.641,-0.0007607455306199995,-0.0007610350443413372,264.838,265.1105,262.71566666666666,0.19437955822615374
2023-08-11,002594.SZ,262.69,262.7,259.01,259.25,262.7,-3.45,-1.3133,86125.28,2242256.361,-0.013132851161020143,-0.013219849581857438,263.02799999999996,264.8525,262.6865,0.1946781615732594
2023-08-14,002594.SZ,255.0,256.99,243.49,245.82,259.25,-13.43,-5.1803,252890.35,6237439.722,-0.051803278688524634,-0.05319328632280205,258.794,263.919,262.4655,0.2653822054977034
2023-08-15,002594.SZ,245.82,246.13,241.9,244.54,245.82,-1.28,-0.5207,115021.29,2804377.793,-0.005207062077943192,-0.0052206660707906785,255.042,262.87199999999996,262.2215,0.264032045916703
2023-08-16,002594.SZ,243.28,245.5,242.21,244.2,244.54,-0.34,-0.139,79979.36,1953463.842,-0.0013903655843624518,-0.0013913330394396814,251.302,261.84049999999996,261.87316666666663,0.26413941948623026
2023-08-17,002594.SZ,243.37,246.34,240.4,246.01,244.2,1.81,0.7412,86835.55,2118628.433,0.007411957411957326,0.007384623836057095,247.964,260.8935,261.59116666666665,0.2668067799573728
2023-08-18,002594.SZ,245.56,245.56,240.0,240.29,246.01,-5.72,-2.3251,98466.5,2385483.843,-0.023251087354172584,-0.02352565828450797,244.17199999999997,259.692,261.2308333333333,0.27571342383496494
2023-08-21,002594.SZ,239.8,239.88,234.05,234.41,240.29,-5.88,-2.447,127879.2,3022536.162,-0.024470431561862682,-0.024774808319257123,241.89000000000001,258.5375,260.87766666666664,0.2743932233039196
2023-08-22,002594.SZ,237.97,238.5,230.9,234.54,234.41,0.13,0.0555,112115.89,2620973.083,0.000554583848811907,0.0005544301240221234,239.89000000000001,257.03499999999997,260.67016666666666,0.24800577889954104
2023-08-23,002594.SZ,234.54,234.54,230.03,230.09,234.54,-4.45,-1.8973,81237.55,1882331.986,-0.018973309456808973,-0.019155612301476995,237.06799999999998,255.435,260.42283333333336,0.25208848870075257
2023-08-24,002594.SZ,231.01,237.0,231.01,234.9,230.09,4.81,2.0905,106810.59,2501734.161,0.02090486331435537,0.020689354933425882,234.846,254.09849999999997,260.1345,0.26979825856854966
2023-08-25,002594.SZ,233.28,234.33,231.5,232.6,234.9,-2.3,-0.9791,66775.26,1554437.027,-0.009791400595998367,-0.00983965158030313,233.308,252.37849999999997,259.7835,0.25230087877509916
2023-08-28,002594.SZ,248.0,248.0,234.25,235.53,232.6,2.93,1.2597,133527.36,3189524.811,0.012596732588134207,0.012518053793709892,233.532,250.55499999999998,259.45149999999995,0.24492140224957212
2023-08-29,002594.SZ,236.81,247.5,236.81,246.71,235.53,11.18,4.7467,213223.46,5201525.92,0.04746741391754772,0.04637526389834309,235.96600000000004,249.46549999999996,259.24566666666664,0.31073335529724405
2023-08-30,002594.SZ,249.33,251.47,247.84,249.8,246.71,3.09,1.2525,152187.35,3798606.951,0.012524826719630289,0.012447039914860352,239.908,248.5555,259.10366666666664,0.316219185566564
2023-08-31,002594.SZ,250.51,250.99,248.0,249.4,249.8,-0.4,-0.1601,88733.96,2214559.039,-0.0016012810248199338,-0.001602564445541303,242.808,247.61400000000003,258.9123333333334,0.3159084105202178
2023-09-01,002594.SZ,253.0,254.47,248.0,249.12,249.4,-0.28,-0.1123,77771.83,1949444.069,-0.0011226944667200867,-0.001123325160247835,246.112,246.65500000000003,258.7885,0.31573130342419764
2023-09-04,002594.SZ,251.6,253.0,248.88,252.45,249.12,3.33,1.3367,96511.6,2427791.469,0.013367052023121273,0.013278501219236393,249.496,245.92800000000003,258.746,0.3212784255431654
2023-09-05,002594.SZ,252.2,252.2,248.69,249.03,252.45,-3.42,-1.3547,74570.5,1864915.96,-0.013547237076648844,-0.013639838169870787,249.95999999999998,245.2145,258.5965,0.3211531845804354
2023-09-06,002594.SZ,250.0,252.3,249.3,250.45,249.03,1.42,0.5702,65928.56,1653726.027,0.005702124242059181,0.005685928668571877,250.09,244.59199999999996,258.42883333333333,0.3224918641110304
2023-09-07,002594.SZ,250.42,250.42,248.11,248.4,250.45,-2.05,-0.8185,60913.02,1517662.852,-0.008185266520263412,-0.008218949744301993,249.89000000000001,243.877,258.2151666666667,0.3231206621063552
2023-09-08,002594.SZ,247.01,247.01,242.69,244.05,248.4,-4.35,-1.7512,67634.4,1651599.178,-0.017512077294685957,-0.01766722772616717,248.87600000000003,243.11700000000002,257.89933333333335,0.32538047834953676
2023-09-11,002594.SZ,243.7,248.5,242.2,247.01,244.05,2.96,1.2129,76513.44,1876707.032,0.012128662159393455,0.01205569930525101,247.788,243.17649999999998,257.4848333333333,0.2725735896721194
2023-09-12,002594.SZ,248.7,253.37,247.1,251.99,247.01,4.98,2.0161,119532.4,3004363.229,0.020161127079875385,0.019960582545960417,248.38000000000002,243.54899999999998,257.1666666666667,0.28043743611145644
2023-09-13,002594.SZ,252.0,254.28,250.4,251.55,251.99,-0.44,-0.1746,91478.97,2305291.96,-0.001746101035755343,-0.001747627247040366,248.6,243.91649999999998,256.87233333333336,0.280491404242661
2023-09-14,002594.SZ,246.8,246.95,242.0,243.63,251.55,-7.92,-3.1485,152580.25,3722930.909,-0.031484794275492,-0.0319910959748984,247.64600000000002,243.79749999999999,256.462,0.30294205786277884
2023-09-15,002594.SZ,244.0,246.84,241.51,244.29,243.63,0.66,0.2709,82255.95,2010812.284,0.0027090259820219398,0.002705363184720462,247.69400000000002,243.9975,256.0705,0.29063764299903233
2023-09-18,002594.SZ,244.5,251.2,244.29,247.38,244.29,3.09,1.2649,96405.22,2395846.503,0.012648900896475412,0.012569571799713918,247.76799999999997,244.64600000000002,255.81199999999998,0.27706960414423754
2023-09-19,002594.SZ,246.0,248.28,243.8,247.17,247.38,-0.21,-0.0849,62396.93,1533948.927,-0.0008488964346350381,-0.0008492569512553615,246.804,245.2775,255.59733333333332,0.27726786821871785
2023-09-20,002594.SZ,245.0,246.28,244.0,244.0,247.17,-3.17,-1.2825,54497.1,1332673.933,-0.01282518104948005,-0.012908133702406413,245.294,245.973,255.3265,0.2716757402888175
2023-09-21,002594.SZ,243.0,243.87,238.55,239.68,244.0,-4.32,-1.7705,92964.62,2232606.21,-0.017704918032786843,-0.017863524964347167,244.504,246.21200000000005,255.05949999999999,0.27263924906969167
2023-09-22,002594.SZ,239.52,245.66,238.5,245.05,239.68,5.37,2.2405,96763.96,2356419.361,0.02240487316421902,0.02215757102670191,244.656,246.83450000000002,254.83916666666667,0.2793771032902089
2023-09-25,002594.SZ,246.83,246.98,244.35,245.8,245.05,0.75,0.3061,64786.8,1592828.38,0.003060599877575898,0.003055925776377834,244.34,247.348,254.47783333333334,0.27696252687002526
2023-09-26,002594.SZ,245.0,245.0,238.3,238.5,245.8,-7.3,-2.9699,118462.63,2846103.7,-0.029698942229454905,-0.030148886803538603,242.606,246.9375,253.92783333333333,0.24339373148628693
2023-09-27,002594.SZ,239.11,242.22,237.79,237.83,238.5,-0.67,-0.2809,75733.67,1808518.866,-0.0028092243186582655,-0.0028131775947900046,241.372,246.339,253.44166666666666,0.2376269571591414
2023-09-28,002594.SZ,238.8,239.5,236.05,236.7,237.83,-1.13,-0.4751,85257.68,2022931.184,-0.004751292940335605,-0.004762616213667709,240.77599999999998,245.704,252.91833333333335,0.2377591925425661
2023-10-09,002594.SZ,236.7,238.51,229.66,237.97,236.7,1.27,0.5365,91790.71,2162900.147,0.005365441487114486,0.005351098786346505,239.35999999999999,245.14649999999997,252.47783333333334,0.23936865297425758
2023-10-10,002594.SZ,237.96,240.02,237.0,237.91,237.97,-0.06,-0.0252,63936.61,1524841.111,-0.00025213262175904916,-0.00025216441253229964,237.782,244.41949999999997,252.0505,0.2324186006193961
2023-10-11,002594.SZ,241.96,242.5,238.0,238.59,237.91,0.68,0.2858,76683.73,1838352.974,0.00285822369803701,0.0028541467434010283,237.8,243.89749999999998,251.53816666666668,0.22969198015357006
2023-10-12,002594.SZ,240.4,245.5,239.0,244.45,238.59,5.86,2.4561,139340.94,3391600.251,0.024560962320298252,0.024264191387500845,239.12399999999997,243.59750000000003,251.18550000000002,0.24720882798003677
2023-10-13,002594.SZ,241.9,242.77,239.8,240.36,244.45,-4.09,-1.6731,66445.23,1598611.952,-0.016731437921865266,-0.01687298955892722,239.856,243.19549999999998,250.72766666666666,0.2522688756616923
2023-10-16,002594.SZ,240.4,241.08,236.5,237.51,240.36,-2.85,-1.1857,66022.21,1573224.653,-0.011857214178731978,-0.01192807161427519,239.76399999999998,242.86850000000004,250.27933333333334,0.24828240206899907
2023-10-17,002594.SZ,237.52,239.99,236.5,238.0,237.51,0.49,0.2063,49163.59,1169236.112,0.0020630710285882703,0.002060945820022612,239.78199999999998,242.41800000000003,249.83783333333335,0.24362080440875108
2023-10-18,002594.SZ,245.6,251.0,244.0,249.07,238.0,11.07,4.6513,307862.84,7646061.771,0.04651260504201682,0.0454633077831375,241.87800000000001,242.27200000000002,249.5643333333333,0.28881190951411806
2023-10-19,002594.SZ,246.95,247.97,240.34,240.6,249.07,-8.47,-3.4007,147753.28,3595894.522,-0.03400650419560769,-0.03459817791403371,241.108,241.72450000000003,249.16049999999998,0.31249794141355103
2023-10-20,002594.SZ,240.0,241.8,238.21,239.2,240.6,-1.4,-0.5819,85658.61,2050294.971,-0.005818786367414841,-0.005835781464101877,240.87599999999998,241.50300000000001,248.73133333333334,0.2931005765140253
2023-10-23,002594.SZ,240.0,240.0,236.2,238.65,239.2,-0.55,-0.2299,73536.83,1747793.907,-0.002299331103678859,-0.0023019786245710343,241.10399999999998,241.221,248.3035,0.2928543261250307
2023-10-24,002594.SZ,239.3,240.5,234.67,235.55,238.65,-3.1,-1.299,110778.92,2614866.694,-0.012989733919966495,-0.013074838305855466,240.61399999999998,240.6295,247.93766666666667,0.29113423878719874
2023-10-25,002594.SZ,237.97,240.01,236.22,237.4,235.55,1.85,0.7854,83675.73,1993861.828,0.007853958819783458,0.007823277029517519,238.28000000000003,240.141,247.4845,0.2933356083649236
2023-10-26,002594.SZ,236.06,238.8,235.7,238.61,237.4,1.21,0.5097,73199.35,1738279.51,0.005096882898062427,0.005083937758365986,237.882,239.87150000000003,247.09316666666666,0.29133619334935773
2023-10-27,002594.SZ,238.0,243.5,237.52,241.95,238.61,3.34,1.3998,103205.56,2490630.305,0.013997736892837676,0.013900673305393987,238.43200000000002,239.98499999999999,246.76516666666666,0.28888820521155206
2023-10-30,002594.SZ,239.51,244.99,238.7,244.6,241.95,2.65,1.0953,117295.47,2849732.929,0.010952676172762965,0.010893130013744418,239.622,239.9625,246.39183333333332,0.2801668044328798
2023-10-31,002594.SZ,243.5,243.99,237.5,238.54,244.6,-6.06,-2.4775,127204.75,3044814.889,-0.024775143090760454,-0.025087212102549047,240.22000000000003,239.59950000000003,245.83416666666665,0.29332112707167096
2023-11-01,002594.SZ,238.0,238.0,235.42,236.2,238.54,-2.34,-0.981,93390.42,2206820.551,-0.009809675526117223,-0.009858107387261042,239.97999999999996,239.48450000000003,245.29583333333332,0.27578591143873027
2023-11-02,002594.SZ,237.86,237.88,234.8,234.8,236.2,-1.4,-0.5927,85414.16,2015702.321,-0.005927180355630779,-0.005944815809320505,239.218,239.33300000000003,244.74249999999998,0.2763773238169262
2023-11-03,002594.SZ,235.51,239.15,234.88,238.65,234.8,3.85,1.6397,90679.42,2154652.391,0.016396933560477,0.01626395549796418,238.558,239.4305,244.24949999999998,0.282194302164425
2023-11-06,002594.SZ,240.51,243.43,240.0,242.9,238.65,4.25,1.7809,143547.86,3472633.48,0.01780850618059926,0.0176517925562213,238.218,239.677,243.82616666666667,0.28839339236037564
2023-11-07,002594.SZ,243.0,244.3,240.51,240.97,242.9,-1.93,-0.7946,94512.93,2287202.177,-0.007945656648826738,-0.007977391593716226,238.704,239.83,243.3925,0.2901881608946045
2023-11-08,002594.SZ,240.36,240.86,239.18,240.0,240.97,-0.97,-0.4025,80128.14,1921682.141,-0.00402539735236751,-0.0040335210724193405,239.464,239.90050000000002,243.00416666666666,0.2905681414160913
2023-11-09,002594.SZ,240.0,240.75,238.34,239.3,240.0,-0.7,-0.2917,73182.74,1750698.708,-0.0029166666666665675,-0.002920928427663565,240.36400000000003,239.64299999999997,242.61083333333332,0.27635336194374893
2023-11-10,002594.SZ,239.0,239.0,235.66,236.96,239.3,-2.34,-0.9779,81901.9,1940054.003,-0.009778520685332248,-0.009826644394839016,240.02599999999998,239.473,242.18183333333334,0.27214757754129076
2023-11-13,002594.SZ,237.88,238.18,235.1,237.12,236.96,0.16,0.0675,69738.46,1649215.951,0.0006752194463199857,0.000674991588233346,238.86999999999998,239.4535,241.813,0.26887188639794923
2023-11-14,002594.SZ,237.3,238.2,236.6,237.63,237.12,0.51,0.2151,55216.55,1310694.854,0.0021508097165992,0.0021485000365759435,238.202,239.435,241.6765,0.26888076524222837
2023-11-15,002594.SZ,239.9,240.0,238.3,238.64,237.63,1.01,0.425,78691.67,1881360.641,0.004250305096157758,0.004241298062194944,237.92999999999998,238.91349999999997,241.57816666666668,0.2066949431477408
2023-11-16,002594.SZ,239.8,239.8,237.22,238.3,238.64,-0.34,-0.1425,61690.07,1471253.077,-0.001424740194435059,-0.0014257561017965653,237.73000000000002,238.79849999999996,241.47983333333332,0.16877248718039242
2023-11-17,002594.SZ,237.0,238.59,236.0,236.76,238.3,-1.54,-0.6462,59462.29,1408060.178,-0.006462442299622451,-0.006483414282172278,237.69,238.67649999999998,241.32566666666665,0.16906046647695744
2023-11-20,002594.SZ,235.8,236.5,234.58,235.0,236.76,-1.76,-0.7434,76770.94,1804923.944,-0.00743368812299372,-0.007461455678365298,237.266,238.494,241.2375,0.17077558630738682
2023-11-21,002594.SZ,235.69,236.68,233.66,234.2,235.0,-0.8,-0.3404,82386.34,1937039.109,-0.0034042553191490077,-0.003410062980542066,236.57999999999998,238.42649999999998,241.234,0.1649273033308243
2023-11-22,002594.SZ,233.5,233.5,229.88,230.0,234.2,-4.2,-1.7933,105571.08,2440478.827,-0.017933390264730953,-0.018096142240421546,234.852,238.0565,241.15833333333333,0.17333771108308885
2023-11-23,002594.SZ,230.5,231.28,227.12,228.83,230.0,-1.17,-0.5087,105763.94,2425947.586,-0.005086956521739072,-0.0050999391317627625,232.958,237.56749999999997,241.13733333333332,0.17194120480362468
2023-11-24,002594.SZ,228.8,228.8,215.4,216.85,228.83,-11.98,-5.2353,280659.48,6162803.841,-0.052353275357252205,-0.053773499510057415,228.97600000000003,236.3125,240.8365,0.23836336693477345
2023-11-27,002594.SZ,212.0,212.0,205.0,208.9,216.85,-7.95,-3.6661,215480.87,4487132.027,-0.036661286603642984,-0.03735020171885505,223.756,234.52749999999997,240.4415,0.25453699195027185
2023-11-28,002594.SZ,208.92,211.77,207.01,209.91,208.9,1.01,0.4835,122211.43,2562912.238,0.004834849210148429,0.004823198863394984,218.898,233.09599999999995,240.01450000000003,0.249900709138788
2023-11-29,002594.SZ,209.88,209.9,201.39,201.98,209.91,-7.93,-3.7778,219246.3,4464902.232,-0.037778095374208065,-0.03851018482750427,213.294,231.385,239.26899999999998,0.2737621029312164
2023-11-30,002594.SZ,201.6,202.73,198.45,199.15,201.98,-2.83,-1.4011,187242.15,3745049.006,-0.014011288246360998,-0.014110372970757599,207.358,229.60249999999996,238.42483333333334,0.2745897485742886
2023-12-01,002594.SZ,200.48,200.82,192.81,197.05,199.15,-2.1,-1.0545,194189.85,3799477.664,-0.010544815465729274,-0.010600805986640462,203.398,227.52249999999998,237.55233333333334,0.25897958176167274
2023-12-04,002594.SZ,197.05,199.29,193.6,196.39,197.05,-0.66,-0.3349,117613.15,2317283.54,-0.0033494037046436498,-0.0033550255138811817,200.896,225.19700000000003,236.6735,0.23966480606976
2023-12-05,002594.SZ,197.0,199.96,195.61,196.34,196.39,-0.05,-0.0255,152372.47,3021632.365,-0.0002545954478333501,-0.00025462786275629013,198.182,222.96550000000002,235.73833333333332,0.24227565198336307
2023-12-06,002594.SZ,196.35,201.24,196.0,201.19,196.34,4.85,2.4702,176347.37,3523669.818,0.02470204746867677,0.02440188493676952,198.02400000000003,221.025,234.941,0.2714887356923011
2023-12-07,002594.SZ,201.19,201.2,197.3,199.45,201.19,-1.74,-0.8649,103169.24,2051259.486,-0.008648541179979152,-0.00868615684972927,198.084,219.03249999999997,234.09099999999998,0.27064745022883346
2023-12-08,002594.SZ,199.03,200.36,198.32,198.55,199.45,-0.9,-0.4512,77700.19,1547061.882,-0.004512409125093875,-0.004522620774155026,198.38400000000001,217.112,233.26016666666666,0.2710725366795491
2023-12-11,002594.SZ,196.75,199.58,194.64,199.19,198.55,0.64,0.3223,101086.35,1989856.428,0.003223369428355438,0.003218185509921904,198.94400000000002,215.21549999999996,232.5125,0.27238444133974526
2023-12-12,002594.SZ,198.18,198.73,196.12,196.33,199.19,-2.86,-1.4358,79797.21,1572793.711,-0.014358150509563683,-0.01446222617652481,198.942,213.15050000000002,231.66783333333336,0.2700886126190339
2023-12-13,002594.SZ,195.82,195.82,191.72,191.8,196.33,-4.53,-2.3073,117534.92,2270646.821,-0.023073396831864712,-0.0233437544613198,197.064,210.8085,230.66466666666665,0.2692394294337567
2023-12-14,002594.SZ,193.0,196.18,191.11,191.18,191.8,-0.62,-0.3233,92496.7,1787086.925,-0.003232533889468203,-0.003237769813721329,195.41000000000003,208.45250000000001,229.6585,0.26848648002415354
2023-12-15,002594.SZ,193.08,194.39,191.08,193.28,191.18,2.1,1.0984,101841.34,1966549.057,0.01098441259545968,0.010924522110833508,194.356,206.27849999999998,228.81933333333333,0.27916946637611706
2023-12-18,002594.SZ,191.06,192.5,188.31,189.06,193.28,-4.22,-2.1834,100511.47,1906643.036,-0.021833609271523224,-0.022075489749211936,192.33,203.9815,227.89883333333333,0.28211557829443384
2023-12-19,002594.SZ,188.53,188.68,186.16,188.0,189.06,-1.06,-0.5607,79369.72,1487629.709,-0.005606685708240744,-0.005622462167289007,190.664,201.6715,226.9091666666667,0.2814714085041823
2023-12-20,002594.SZ,188.33,189.33,184.87,184.88,188.0,-3.12,-1.6596,84924.82,1585187.697,-0.01659574468085112,-0.016734996863823976,189.28000000000003,199.4155,225.871,0.2810599367673054
2023-12-21,002594.SZ,183.33,189.98,182.85,189.68,184.88,4.8,2.5963,133149.43,2494208.947,0.025962786672436344,0.02563147579102492,188.98,197.458,224.96566666666666,0.30947004407509315
2023-12-22,002594.SZ,189.9,195.38,188.04,192.25,189.68,2.57,1.3549,117997.66,2267509.852,0.01354913538591318,0.013458166628603378,188.774,196.228,224.17516666666668,0.273822366946775
2023-12-25,002594.SZ,193.0,194.2,190.21,192.18,192.25,-0.07,-0.0364,53769.86,1032287.275,-0.00036410923276974927,-0.00036417553663149727,189.398,195.392,223.29399999999998,0.24884287483662024
2023-12-26,002594.SZ,192.16,192.16,190.0,191.75,192.18,-0.43,-0.2237,41380.33,790091.023,-0.0022374856904985307,-0.0022399926017562487,190.148,194.48399999999998,222.39316666666667,0.24675301888712883
2023-12-27,002594.SZ,193.0,193.5,190.7,191.45,191.75,-0.3,-0.1565,61364.02,1174486.108,-0.0015645371577575062,-0.00156576232406206,191.46200000000002,193.9575,221.609,0.2129473067035355
2023-12-28,002594.SZ,191.03,198.66,190.66,198.05,191.45,6.6,3.4474,138777.8,2722971.14,0.03447375293810406,0.03389284614462225,193.13600000000002,193.90249999999997,220.946,0.2455099888567546
2023-12-29,002594.SZ,198.97,199.8,197.15,198.0,198.05,-0.05,-0.0252,80367.29,1591969.846,-0.0002524614996213259,-0.00025249337339043403,194.286,193.95,220.301,0.2424371256403767
