date,ts_code,open,high,low,close,pre_close,change,pct_chg,volume,amount,returns,logReturns,ma5,ma20,ma60,volatility
2014-01-02,002594.SZ,37.68,38.05,37.2,37.97,37.68,0.29,0.77,53763.73,203707.6358,,,,,,
2014-01-03,002594.SZ,37.9,38.79,37.6,38.41,37.97,0.44,1.16,52345.17,199728.8739,0.011588095865156633,0.011521468114102405,,,,
2014-01-06,002594.SZ,38.35,39.2,37.6,38.0,38.41,-0.41,-1.07,58809.37,226039.5219,-0.010674303566779342,-0.010731682631427516,,,,
2014-01-07,002594.SZ,37.9,38.97,37.71,38.48,38.0,0.48,1.26,39963.04,153426.1611,0.012631578947368327,0.012552466071119879,,,,
2014-01-08,002594.SZ,38.5,39.56,38.49,39.54,38.48,1.06,2.75,69399.18,271427.9206,0.0275467775467777,0.027174191944965263,38.48,,,
2014-01-09,002594.SZ,39.42,39.49,38.53,38.56,39.54,-0.98,-2.48,53816.8,210489.6537,-0.024785027819929084,-0.025097348000125884,38.598,,,
2014-01-10,002594.SZ,38.7,38.81,37.01,37.01,38.56,-1.55,-4.02,56431.53,213395.6625,-0.04019709543568473,-0.04102732334428034,38.318,,,
2014-01-13,002594.SZ,37.06,37.97,37.0,37.85,37.01,0.84,2.27,32760.74,123123.619,0.022696568495001346,0.02244283348539317,38.288,,,
2014-01-14,002594.SZ,37.99,38.5,37.61,38.18,37.85,0.33,0.87,25696.42,98085.0416,0.008718626155878484,0.008680838414143788,38.228,,,
2014-01-15,002594.SZ,38.4,39.3,38.4,39.0,38.18,0.82,2.15,42813.0,166542.0862,0.021477213200628675,0.021249827832044946,38.120000000000005,,,
2014-01-16,002594.SZ,39.17,39.17,37.99,38.0,39.0,-1.0,-2.56,43986.79,169226.0334,-0.02564102564102566,-0.025975486403260677,38.008,,,
2014-01-17,002594.SZ,38.01,38.29,37.37,37.4,38.0,-0.6,-1.58,32427.1,122435.1532,-0.015789473684210575,-0.015915455305899568,38.086,,,
2014-01-20,002594.SZ,37.44,37.98,36.7,37.01,37.4,-0.39,-1.04,30958.05,115369.9842,-0.01042780748663108,-0.010482558022421706,37.918,,,
2014-01-21,002594.SZ,37.1,37.47,36.98,37.16,37.01,0.15,0.41,30966.11,115113.5267,0.004052958659821693,0.004044767547573183,37.714,,,
2014-01-22,002594.SZ,37.45,38.1,37.07,38.04,37.16,0.88,2.37,38101.45,143335.1724,0.023681377825619077,0.02340532373155192,37.522,,,
2014-01-23,002594.SZ,38.1,38.27,37.01,37.46,38.04,-0.58,-1.52,41436.52,156108.2452,-0.01524710830704512,-0.015364540661247005,37.414,,,
2014-01-24,002594.SZ,37.45,38.8,37.4,38.6,37.46,1.14,3.04,61648.9,236783.4306,0.0304324612920448,0.029978579454842676,37.654,,,
2014-01-27,002594.SZ,38.73,39.1,38.05,38.58,38.6,-0.02,-0.05,63881.31,247015.5779,-0.0005181347150260418,-0.0005182689932022923,37.967999999999996,,,
2014-01-28,002594.SZ,39.7,40.68,39.12,40.2,38.58,1.62,4.2,132412.01,529618.8987,0.04199066874028001,0.04113298814739243,38.576,,,
2014-01-29,002594.SZ,40.3,40.33,39.52,39.76,40.2,-0.44,-1.09,55746.67,221854.4318,-0.010945273631840946,-0.011005613836602242,38.92,38.2605,,
2014-01-30,002594.SZ,39.92,40.45,38.51,38.65,39.76,-1.11,-2.79,47364.81,187597.8599,-0.02791750503018109,-0.02831460675494232,39.158,38.2945,,0.3612141031901607
2014-02-07,002594.SZ,38.46,39.66,38.31,39.5,38.65,0.85,2.2,48154.95,187686.3219,0.02199223803363526,0.021753896873645286,39.338,38.349000000000004,,0.3670487398820207
2014-02-10,002594.SZ,40.3,43.45,40.3,43.45,39.5,3.95,10.0,110837.42,475592.8375,0.10000000000000009,0.09531017980432493,40.312,38.6215,,0.5028586339438759
2014-02-11,002594.SZ,45.9,46.45,43.81,44.29,43.45,0.84,1.93,200754.18,904745.3014,0.019332566168009047,0.019148066223705625,41.13,38.912,,0.504381073355193
2014-02-12,002594.SZ,44.2,46.23,43.5,45.26,44.29,0.97,2.19,130327.23,586214.6279,0.02190110634454734,0.021664722270284525,42.230000000000004,39.198,,0.5017998446956705
2014-02-13,002594.SZ,46.2,49.79,46.01,49.0,45.26,3.74,8.26,225216.85,1092764.5635,0.0826336721166594,0.07939665790523538,44.3,39.72,,0.5531164439379344
2014-02-14,002594.SZ,48.0,50.2,47.48,48.43,49.0,-0.57,-1.16,132654.14,651997.8402,-0.011632653061224518,-0.011700841695488873,46.086,40.291,,0.5255521530042114
2014-02-17,002594.SZ,49.14,50.48,48.0,50.15,48.43,1.72,3.55,135797.17,668977.3093,0.0355151765434647,0.03489905799280668,47.426,40.906,,0.5303009663124765
2014-02-18,002594.SZ,49.8,49.8,47.45,47.94,50.15,-2.21,-4.41,123191.29,594298.4496,-0.04406779661016946,-0.04506828540170621,48.15599999999999,41.394,,0.5698032662798576
2014-02-19,002594.SZ,49.67,49.99,46.76,48.06,47.94,0.12,0.25,111926.78,538941.2881,0.0025031289111390187,0.002500001302084649,48.715999999999994,41.846999999999994,,0.5696162433594193
2014-02-20,002594.SZ,47.26,49.02,47.26,47.99,48.06,-0.07,-0.15,104729.38,505710.6355,-0.0014565126924677152,-0.0014575744381686664,48.513999999999996,42.3465,,0.5552178130893507
2014-02-21,002594.SZ,48.01,48.48,46.32,46.7,47.99,-1.29,-2.69,73410.11,346626.9143,-0.026880600125026022,-0.0272484911953025,48.168,42.8115,,0.5639870420459365
2014-02-24,002594.SZ,46.01,49.15,45.59,48.71,46.7,2.01,4.3,95699.44,454881.3555,0.04304068522483928,0.042140183143599554,47.879999999999995,43.3965,,0.5680247430803382
2014-02-25,002594.SZ,48.69,50.45,47.8,48.56,48.71,-0.15,-0.31,121966.32,600809.8038,-0.003079449804968104,-0.0030842010672083946,48.004,43.9665,,0.570310962154534
2014-02-26,002594.SZ,50.0,53.42,49.99,53.42,48.56,4.86,10.01,249910.8,1320899.4782,0.1000823723228994,0.09538506093057189,49.076,44.7355,,0.6467560088450073
2014-02-27,002594.SZ,55.92,57.0,52.83,52.95,53.42,-0.47,-0.88,261737.97,1443345.9638,-0.008798202920254572,-0.00883713563439933,50.068000000000005,45.510000000000005,,0.6427672677648253
2014-02-28,002594.SZ,53.28,57.88,51.51,56.91,52.95,3.96,7.48,221796.98,1239742.9921,0.07478753541076477,0.07212300056761697,52.11,46.4255,,0.6725500407162445
2014-03-03,002594.SZ,56.91,58.05,55.4,57.0,56.91,0.09,0.16,147360.1,834030.5882,0.001581444385872599,0.0015801952195177915,53.76800000000001,47.3465,,0.6717237075419897
2014-03-04,002594.SZ,55.85,56.99,55.3,56.48,57.0,-0.52,-0.91,80020.56,449361.5955,-0.009122807017543866,-0.00916467464956352,55.352,48.1605,,0.6745610914446764
2014-03-05,002594.SZ,56.03,59.29,55.6,56.1,56.48,-0.38,-0.67,105949.58,609022.3251,-0.006728045325778975,-0.0067507806563359436,55.888,48.9775,,0.6723255836276841
2014-03-06,002594.SZ,55.01,55.78,53.5,55.1,56.1,-1.0,-1.78,81867.82,446697.6517,-0.017825311942959,-0.017986096369781827,56.318000000000005,49.8,,0.6640505787200442
2014-03-07,002594.SZ,54.82,57.99,54.61,56.0,55.1,0.9,1.63,82384.04,465786.4636,0.016333938294010864,0.016201974576280406,56.136,50.625,,0.6639810016644966
2014-03-10,002594.SZ,55.0,57.59,54.0,54.75,56.0,-1.25,-2.23,81474.23,454110.7348,-0.022321428571428603,-0.022574322038539065,55.686,51.190000000000005,,0.6038606249861098
2014-03-11,002594.SZ,54.47,55.94,50.7,51.92,54.75,-2.83,-5.17,108357.22,572298.6896,-0.051689497716894905,-0.05307329630077557,54.774,51.5715,,0.6441550724156826
2014-03-12,002594.SZ,51.5,52.68,49.3,50.63,51.92,-1.29,-2.48,90054.98,457313.7325,-0.02484591679506931,-0.025159786414016724,53.67999999999999,51.839999999999996,,0.6528007189149834
2014-03-13,002594.SZ,50.62,53.03,50.3,52.49,50.63,1.86,3.67,73948.52,382312.54,0.036737112383962156,0.036078389282390676,53.158,52.0145,,0.5999003774392384
2014-03-14,002594.SZ,52.0,52.05,49.84,50.23,52.49,-2.26,-4.31,78315.26,398569.6459,-0.04305582015622034,-0.04401021750225517,52.004,52.10450000000001,,0.6208391550975372
2014-03-17,002594.SZ,50.31,53.6,50.31,53.49,50.23,3.26,6.49,89672.52,472444.3825,0.06490145331475228,0.06288226278120551,51.751999999999995,52.2715,,0.6496383638830717
2014-03-18,002594.SZ,53.45,54.92,52.98,53.15,53.49,-0.34,-0.64,64237.3,346076.4716,-0.006356328285660906,-0.006376615755201832,51.998000000000005,52.532000000000004,,0.6259871371044086
2014-03-19,002594.SZ,53.16,54.65,52.73,54.4,53.15,1.25,2.35,51444.48,278336.7078,0.0235183443085607,0.023246049073940032,52.751999999999995,52.849000000000004,,0.6289167689920618
2014-03-20,002594.SZ,52.39,53.0,49.98,50.42,54.4,-3.98,-7.32,113729.57,587803.1799,-0.07316176470588232,-0.07597623210212313,52.338,52.9705,,0.6901405630846303
2014-03-21,002594.SZ,50.0,52.35,48.02,51.4,50.42,0.98,1.94,91096.74,460050.0048,0.019436731455771517,0.019250250701345655,52.572,53.205499999999994,,0.6827703262697056
2014-03-24,002594.SZ,51.99,51.99,49.7,49.95,51.4,-1.45,-2.82,54114.34,271999.475,-0.02821011673151741,-0.028615667366556796,51.864,53.2675,,0.6778741531269185
2014-03-25,002594.SZ,49.95,50.73,49.06,49.96,49.95,0.01,0.02,43803.0,219322.9039,0.00020020020020017348,0.00020018016281437456,51.226,53.3375,,0.6776411264128098
2014-03-26,002594.SZ,50.5,51.92,49.96,51.2,49.96,1.24,2.48,57808.2,296281.4143,0.024819855884707698,0.024516846788085106,50.586,53.2265,,0.5790506299463658
2014-03-27,002594.SZ,51.2,51.62,49.5,50.14,51.2,-1.06,-2.07,47332.16,237768.305,-0.020703125000000044,-0.020920439315314815,50.53,53.086,,0.5825747168417836
2014-03-28,002594.SZ,50.0,50.31,48.89,49.1,50.14,-1.04,-2.07,34416.48,170151.1242,-0.020741922616673292,-0.020960057929672413,50.07,52.6955,,0.5094904071313099
2014-03-31,002594.SZ,48.88,50.0,47.71,48.11,49.1,-0.99,-2.02,43180.71,209355.4133,-0.020162932790224075,-0.0203689790891126,49.702,52.251,,0.5105565777439225
2014-04-01,002594.SZ,48.1,49.1,48.08,48.5,48.11,0.39,0.81,22966.72,111438.1476,0.008106422781126499,0.00807374223207509,49.410000000000004,51.852,,0.5136844953033954
2014-04-02,002594.SZ,48.78,49.78,48.48,48.7,48.5,0.2,0.41,22990.58,112801.5948,0.004123711340206171,0.0041152321451065794,48.910000000000004,51.482000000000006,46.24,0.515227124239999
2014-04-03,002594.SZ,49.25,49.85,48.78,48.95,48.7,0.25,0.51,24853.48,122542.608,0.005133470225872738,0.005120338887975331,48.672000000000004,51.1745,46.423,0.5150054048881982
2014-04-04,002594.SZ,48.95,49.79,48.64,49.69,48.95,0.74,1.51,21077.1,103833.2038,0.015117466802859969,0.015004336637709729,48.79,50.858999999999995,46.611,0.5143422902101517
2014-04-08,002594.SZ,49.03,49.84,48.5,49.69,49.69,0.0,0.0,31248.14,153925.0359,0.0,0.0,49.105999999999995,50.606,46.80583333333333,0.5107257516000664
2014-04-09,002594.SZ,48.85,50.32,48.85,50.1,49.69,0.41,0.83,25336.98,126411.3078,0.008251157174481882,0.00821730247659,49.426,50.515,46.9995,0.48044539571791817
2014-04-10,002594.SZ,50.12,51.63,49.4,51.0,50.1,0.9,1.8,54157.25,274835.6183,0.017964071856287456,0.017804624633506686,49.886,50.533500000000004,47.1905,0.4766884166625568
2014-04-11,002594.SZ,50.58,50.98,49.52,49.75,51.0,-1.25,-2.45,32434.48,162123.1838,-0.02450980392156865,-0.02481516911972402,50.04600000000001,50.3965,47.376999999999995,0.46487062882546176
2014-04-14,002594.SZ,49.8,50.76,49.65,50.07,49.75,0.32,0.64,21580.57,108508.7111,0.006432160804020093,0.006411562737251616,50.122,50.3885,47.59466666666667,0.43979230418766585
2014-04-15,002594.SZ,50.0,50.73,48.52,48.57,50.07,-1.5,-3.0,38564.2,190314.506,-0.02995805871779511,-0.03041596998419997,49.898,50.1425,47.773333333333326,0.379486044733741
2014-04-16,002594.SZ,48.5,49.1,48.34,48.78,48.57,0.21,0.43,22505.57,109793.3526,0.004323656578134605,0.004314336430120725,49.634,49.924,47.95,0.3806978635870231
2014-04-17,002594.SZ,48.95,49.3,48.56,48.66,48.78,-0.12,-0.25,20692.28,100996.8051,-0.00246002460024608,-0.0024630554323977483,49.166,49.637,48.111,0.3667020770779714
2014-04-18,002594.SZ,48.51,49.4,48.19,49.28,48.66,0.62,1.27,25267.09,123737.3187,0.012741471434443152,0.012660981869887861,49.071999999999996,49.58,48.299,0.2698405753775068
2014-04-21,002594.SZ,49.5,50.26,48.9,49.06,49.28,-0.22,-0.45,31506.92,156325.9563,-0.004464285714285698,-0.004474280394921077,48.87,49.463,48.49333333333333,0.25894353639772494
2014-04-22,002594.SZ,49.1,49.58,47.0,47.99,49.06,-1.07,-2.18,43727.84,209655.6247,-0.021810028536485948,-0.022051382960189103,48.754000000000005,49.364999999999995,48.67633333333333,0.2513007746074978
2014-04-23,002594.SZ,48.1,48.2,45.59,46.15,47.99,-1.84,-3.83,56388.86,261200.9648,-0.038341321108564363,-0.03909569492129307,48.228,49.1745,48.82616666666666,0.2823865950666224
2014-04-24,002594.SZ,45.84,46.33,45.0,45.26,46.15,-0.89,-1.93,30741.51,140505.9793,-0.019284940411701035,-0.01947332074346991,47.548,48.8775,48.9465,0.26600864588965994
2014-04-25,002594.SZ,45.45,47.2,45.45,46.14,45.26,0.88,1.94,38860.94,180877.7388,0.01944321696862583,0.019256612540216402,46.92,48.677499999999995,49.091166666666666,0.2746332967922143
2014-04-28,002594.SZ,46.18,46.99,45.5,46.25,46.14,0.11,0.24,29113.63,134312.2729,0.0023840485478976436,0.002381211212826534,46.358000000000004,48.535,49.218666666666664,0.26813194832493886
2014-04-29,002594.SZ,46.29,46.54,45.5,46.1,46.25,-0.15,-0.32,19168.6,88162.7669,-0.00324324324324321,-0.0032485139558313327,45.980000000000004,48.4345,49.344,0.26025145122046905
2014-04-30,002594.SZ,46.4,46.7,46.11,46.22,46.1,0.12,0.26,13543.84,62655.4121,0.0026030368763556577,0.0025996548436317433,45.994,48.320499999999996,49.44433333333334,0.2581408230181822
2014-05-05,002594.SZ,46.1,46.1,44.71,45.65,46.22,-0.57,-1.23,27640.32,125476.1166,-0.012332323669407175,-0.012408997805257185,46.072,48.168,49.542500000000004,0.2593346137285621
2014-05-06,002594.SZ,45.65,46.43,45.65,45.9,45.65,0.25,0.55,21206.69,97525.0092,0.005476451259583737,0.005461510025521943,46.024,48.015499999999996,49.66333333333333,0.25948186269461376
2014-05-07,002594.SZ,45.8,45.81,42.99,43.32,45.9,-2.58,-5.62,55856.62,244919.9398,-0.0562091503267973,-0.057850694933709514,45.438,47.697,49.727,0.31144277555540206
2014-05-08,002594.SZ,43.0,43.65,41.15,42.07,43.32,-1.25,-2.89,62251.13,264584.4089,-0.028855032317636198,-0.029279524530360347,44.632,47.315999999999995,49.704,0.3199964535381486
2014-05-09,002594.SZ,41.01,41.39,39.87,40.74,42.07,-1.33,-3.16,52926.09,214866.6382,-0.03161397670549082,-0.032124486803769725,43.536,46.848,49.64483333333333,0.3242515372322729
2014-05-12,002594.SZ,40.82,42.2,40.8,41.83,40.74,1.09,2.68,36766.96,152380.6804,0.02675503190967099,0.026403374655447204,42.772000000000006,46.3895,49.587666666666664,0.3356393554091651
2014-05-13,002594.SZ,42.0,43.2,41.68,41.8,41.83,-0.03,-0.07,53108.71,225639.365,-0.000717188620607212,-0.0007174459233964199,41.952,45.992,49.467666666666666,0.33227336926077866
2014-05-14,002594.SZ,41.82,42.4,41.52,42.01,41.8,0.21,0.5,16181.03,68148.8911,0.005023923444976042,0.005011345650580029,41.690000000000005,45.589,49.36066666666667,0.33147308689680516
2014-05-15,002594.SZ,42.05,42.45,40.9,41.06,42.01,-0.95,-2.26,20415.43,85160.2237,-0.02261366341347293,-0.022873273590503125,41.488,45.213499999999996,49.20916666666666,0.32615770318167486
2014-05-16,002594.SZ,40.8,41.53,40.8,40.97,41.06,-0.09,-0.22,15586.6,64026.2,-0.002191914271797435,-0.0021943200320078704,41.534,44.823,49.092999999999996,0.3236606222251553
2014-05-19,002594.SZ,41.0,41.2,40.41,40.9,40.97,-0.07,-0.17,13221.74,53905.4552,-0.0017085672443251099,-0.0017100285100236398,41.348,44.435,48.97366666666667,0.3238571005006905
2014-05-20,002594.SZ,41.1,41.64,40.51,40.69,40.9,-0.21,-0.51,18147.17,74330.8504,-0.005134474327628369,-0.005147701035157484,41.126,44.0055,48.852000000000004,0.31442343156673136
2014-05-21,002594.SZ,40.5,41.61,40.0,41.58,40.69,0.89,2.19,18362.19,75337.0085,0.0218726959941018,0.021636920416268333,41.04,43.6315,48.766666666666666,0.3331807374524813
2014-05-22,002594.SZ,41.6,43.22,41.59,42.16,41.58,0.58,1.39,39134.17,166359.9666,0.013949013949013933,0.013852621803240006,41.26,43.339999999999996,48.6575,0.33770571443763137
2014-05-23,002594.SZ,42.21,42.69,42.01,42.16,42.16,0.0,0.0,9197.31,38973.1493,0.0,0.0,41.498,43.140499999999996,48.55083333333333,0.3160948529820705
2014-05-26,002594.SZ,44.45,46.38,44.3,46.38,42.16,4.22,10.01,122116.0,557563.9491,0.10009487666034178,0.09539642759427891,42.593999999999994,43.1965,48.433499999999995,0.48176272742896253
2014-05-27,002594.SZ,46.18,46.65,45.25,46.65,46.38,0.27,0.58,66330.26,304523.0121,0.00582147477360917,0.005804595465967094,43.785999999999994,43.222,48.3285,0.47749729002083785
2014-05-28,002594.SZ,46.64,48.9,46.25,47.8,46.65,1.15,2.47,97009.87,464148.2479,0.024651661307609762,0.024352712204057363,45.029999999999994,43.2995,48.17666666666667,0.48485846088938483
2014-05-29,002594.SZ,47.83,47.99,46.2,46.29,47.8,-1.51,-3.16,47464.46,223183.3071,-0.03158995815899579,-0.0320996844542311,45.856,43.309,47.99816666666667,0.49921547190116045
2014-05-30,002594.SZ,46.18,48.09,45.6,46.68,46.29,0.39,0.84,61013.91,286252.0005,0.008425145819831448,0.008389852375176024,46.760000000000005,43.332,47.834833333333336,0.4999426340036773
2014-06-03,002594.SZ,46.68,46.93,45.65,45.91,46.68,-0.77,-1.65,33226.72,153274.627,-0.016495287060839803,-0.0166328491572246,46.666,43.345,47.66499999999999,0.5016256717060862
2014-06-04,002594.SZ,45.9,45.91,44.38,44.69,45.91,-1.22,-2.66,34682.86,155793.3478,-0.026573731213243246,-0.026933195315770486,46.274,43.2845,47.491499999999995,0.510441383081168
2014-06-05,002594.SZ,44.34,45.35,44.12,45.35,44.69,0.66,1.48,28052.75,126027.7723,0.01476840456477957,0.01466041361578545,45.784,43.385999999999996,47.31399999999999,0.46883729590942314
2014-06-06,002594.SZ,45.32,46.31,45.17,46.07,45.35,0.72,1.59,39217.03,180205.9751,0.015876515986769535,0.015751802386679968,45.739999999999995,43.586,47.169333333333334,0.45561569330338214
2014-06-09,002594.SZ,46.1,46.36,45.5,45.7,46.07,-0.37,-0.8,18917.4,86951.7205,-0.008031256783155971,-0.0080636810476665,45.544,43.834,47.06566666666666,0.4378727390518603
2014-06-10,002594.SZ,45.72,46.16,44.5,45.64,45.7,-0.06,-0.13,37502.64,169362.2516,-0.0013129102844638973,-0.0013137729062841275,45.49,44.0245,46.9825,0.4316100745315267
2014-06-11,002594.SZ,45.31,45.55,44.91,45.3,45.64,-0.34,-0.75,19576.4,88437.286,-0.0074496056091148954,-0.007477492504886638,45.612,44.1995,46.86266666666666,0.43338991328105075
2014-06-12,002594.SZ,45.3,46.13,45.06,45.14,45.3,-0.16,-0.35,33456.99,152811.9408,-0.0035320088300220265,-0.003538261099598653,45.57,44.356,46.777833333333334,0.43428167581545296
2014-06-13,002594.SZ,45.7,48.0,45.16,47.8,45.14,2.66,5.89,104806.45,493899.7017,0.0589277802392556,0.05725686810802061,45.916,44.693,46.683,0.4636159933079892
2014-06-16,002594.SZ,47.58,47.97,46.6,47.15,47.8,-0.65,-1.36,60499.5,285677.4975,-0.013598326359832602,-0.013691630417943758,46.206,45.001999999999995,46.583,0.4686880213387493
2014-06-17,002594.SZ,46.9,47.69,46.59,46.67,47.15,-0.48,-1.02,46524.7,219405.6766,-0.010180275715800602,-0.010232449117742225,46.412,45.290499999999994,46.454166666666666,0.4718373351345081
2014-06-18,002594.SZ,46.75,47.37,46.6,47.0,46.67,0.33,0.71,36708.97,172522.7502,0.007070923505463789,0.0070460417483342395,46.751999999999995,45.606,46.397166666666664,0.4696497396415777
2014-06-19,002594.SZ,47.0,47.37,45.2,45.8,47.0,-1.2,-2.55,29173.85,135195.9006,-0.025531914893617058,-0.025863510589919352,46.884,45.817,46.30383333333334,0.4806056437522137
2014-06-20,002594.SZ,46.3,47.24,45.5,46.6,45.8,0.8,1.75,45452.8,212481.405,0.017467248908296984,0.017316450011460958,46.644000000000005,46.039,46.248000000000005,0.48161004370388494
2014-06-23,002594.SZ,47.0,47.36,46.5,46.8,46.6,0.2,0.43,25603.61,120016.815,0.0042918454935620964,0.004282661792000728,46.574,46.271,46.19533333333333,0.4812078020014267
2014-06-24,002594.SZ,47.45,48.6,46.95,48.46,46.8,1.66,3.55,79872.32,382208.6511,0.035470085470085566,0.034855512464778714,46.932,46.37499999999999,46.14966666666667,0.34969830433930743
2014-06-25,002594.SZ,48.52,49.08,48.1,48.85,48.46,0.39,0.8,61967.85,301497.1289,0.00804787453569955,0.008015663100412079,47.302,46.485,46.128166666666665,0.35007430853872895
2014-06-26,002594.SZ,48.55,50.0,48.25,49.5,48.85,0.65,1.33,49005.74,240679.1313,0.013306038894575156,0.013218291085852797,48.042,46.57,46.134833333333326,0.34280867833927947
2014-06-27,002594.SZ,49.99,51.08,48.51,48.91,49.5,-0.59,-1.19,94201.95,472773.5718,-0.011919191919191996,-0.011990795023378874,48.504000000000005,46.701,46.148166666666675,0.3238564569181433
2014-06-30,002594.SZ,47.99,48.25,46.4,47.49,48.91,-1.42,-2.9,86162.25,409053.6151,-0.02903291760376192,-0.029462711990235254,48.642,46.741499999999995,46.13133333333334,0.3422327675925538
2014-07-01,002594.SZ,47.5,48.42,47.01,47.7,47.49,0.21,0.44,63513.75,304176.0228,0.004421983575489508,0.0044122353332649925,48.489999999999995,46.831,46.11466666666667,0.3359839790380625
2014-07-02,002594.SZ,47.47,48.17,47.13,47.9,47.7,0.2,0.42,41099.41,195965.0809,0.00419287211740027,0.0041841065225738695,48.3,46.991499999999995,46.097166666666666,0.31841953122152616
2014-07-03,002594.SZ,47.95,49.49,47.5,48.85,47.9,0.95,1.98,87857.4,427928.027,0.019832985386221358,0.019638874071922257,48.17,47.1665,46.08316666666667,0.3212571951281062
2014-07-04,002594.SZ,48.93,49.1,48.29,48.29,48.85,-0.56,-1.15,49950.92,242779.8407,-0.011463664278403285,-0.01152987860334123,48.04600000000001,47.277499999999996,46.05983333333334,0.3224131581412698
2014-07-07,002594.SZ,48.39,48.8,47.6,47.75,48.29,-0.54,-1.12,42012.52,201892.4862,-0.011182439428453095,-0.011245432958711271,48.098,47.379999999999995,46.02066666666667,0.3239749182627487
2014-07-08,002594.SZ,47.73,49.46,47.73,49.23,47.75,1.48,3.1,103291.39,502775.6712,0.030994764397905605,0.030524126843369817,48.404,47.5595,45.99116666666667,0.3390234673158939
2014-07-09,002594.SZ,49.22,49.25,47.59,47.96,49.23,-1.27,-2.58,73689.69,356088.1042,-0.02579727808247001,-0.026135863610795694,48.416,47.6925,45.96133333333333,0.353205719025424
2014-07-10,002594.SZ,49.0,49.45,46.58,46.59,47.96,-1.37,-2.86,137175.23,657638.4177,-0.0285654712260216,-0.028981404330608015,47.964,47.765,45.90333333333333,0.37019891773268593
2014-07-11,002594.SZ,45.89,47.0,44.5,46.91,46.59,0.32,0.69,89035.76,408352.2154,0.006868426701008623,0.006844946511661092,47.688,47.7205,45.87566666666667,0.303903352037836
2014-07-14,002594.SZ,47.5,49.5,47.48,48.74,46.91,1.83,3.9,115634.55,559960.472,0.03901087188232788,0.038269175856693524,47.885999999999996,47.8,45.875,0.33063846824981796
2014-07-15,002594.SZ,48.69,48.69,47.33,47.71,48.74,-1.03,-2.11,68858.58,328972.9326,-0.021132540008206857,-0.021359028669044572,47.582,47.852,45.85916666666667,0.3381311366407176
2014-07-16,002594.SZ,47.68,48.3,46.8,47.1,47.71,-0.61,-1.28,40425.21,192249.3775,-0.01278557954307269,-0.012868018505643532,47.41,47.857,45.82283333333333,0.3409841247465877
2014-07-17,002594.SZ,47.6,47.64,46.3,46.49,47.1,-0.61,-1.3,35236.87,164428.6618,-0.012951167728237789,-0.01303576531987869,47.39,47.89149999999999,45.78,0.3311125922695383
2014-07-18,002594.SZ,46.52,46.91,46.27,46.36,46.49,-0.13,-0.28,30669.34,143083.8118,-0.0027963002796300707,-0.0028002172309424538,47.28000000000001,47.8795,45.752833333333335,0.325473431346753
2014-07-21,002594.SZ,46.36,46.5,45.91,46.03,46.36,-0.33,-0.71,38701.51,178588.7672,-0.007118205349439188,-0.007143660642400908,46.738,47.840999999999994,45.75083333333334,0.3259698610751005
2014-07-22,002594.SZ,46.39,49.25,46.3,48.6,46.03,2.57,5.58,124710.01,602510.1055,0.05583315229198349,0.05433017307729802,46.916000000000004,47.848,45.8065,0.36191253760033
2014-07-23,002594.SZ,48.2,48.49,47.2,47.7,48.6,-0.9,-1.85,53186.7,254576.006,-0.01851851851851849,-0.01869213301215252,47.036,47.7905,45.832499999999996,0.3667091453089878
2014-07-24,002594.SZ,47.9,48.22,46.79,47.71,47.7,0.01,0.02,39677.05,188541.8164,0.00020964360587005793,0.00020962163372014367,47.28,47.701,45.856833333333334,0.3628878535454613
2014-07-25,002594.SZ,47.8,48.58,47.8,48.43,47.71,0.72,1.51,48531.61,234148.862,0.015091175854118566,0.014978436887122061,47.694,47.677,45.89566666666667,0.36535306824716013
2014-07-28,002594.SZ,48.65,49.4,48.65,49.07,48.43,0.64,1.32,69013.26,338823.1957,0.013214949411521903,0.01312839368667438,48.302,47.75600000000001,45.94316666666666,0.35172385354839
2014-07-29,002594.SZ,49.1,52.7,48.55,51.41,49.07,2.34,4.77,125138.46,638548.2463,0.04768697778683495,0.04658485596560109,48.864,47.941500000000005,46.03916666666667,0.38759028397337963
2014-07-30,002594.SZ,51.51,52.45,50.85,51.39,51.41,-0.02,-0.04,72718.73,375434.6607,-0.0003890293717174753,-0.00038910506327496735,49.602,48.116,46.13066666666667,0.3879060512205481
2014-07-31,002594.SZ,51.45,51.86,50.5,50.71,51.39,-0.68,-1.32,50825.13,259450.4576,-0.013232146331971228,-0.013320471197210566,50.202,48.209,46.25383333333333,0.3875385492364173
2014-08-01,002594.SZ,50.88,51.2,49.69,49.69,50.71,-1.02,-2.01,49990.75,252787.4617,-0.020114375862749,-0.020319424192698523,50.45399999999999,48.279,46.380833333333335,0.39275022223466244
2014-08-04,002594.SZ,49.99,51.49,49.8,51.47,49.69,1.78,3.58,51804.92,264549.9805,0.035822097001408704,0.03519540805043392,50.934,48.465,46.559666666666665,0.4074414899082331
2014-08-05,002594.SZ,51.48,51.8,50.39,51.39,51.47,-0.08,-0.16,35296.32,179941.7802,-0.0015543034777539821,-0.0015555126605248763,50.93,48.573,46.719,0.3951044786546682
2014-08-06,002594.SZ,50.8,52.5,50.6,52.5,51.39,1.11,2.16,71172.26,370257.7071,0.021599532983070713,0.021369568593439903,51.152,48.8,46.89733333333333,0.3858916235313862
2014-08-07,002594.SZ,52.68,53.66,51.29,51.3,52.5,-1.2,-2.29,62287.05,325731.6336,-0.02285714285714291,-0.023122417420854264,51.27,49.0355,47.05216666666667,0.3798280258714861
2014-08-08,002594.SZ,51.5,52.28,51.22,51.45,51.3,0.15,0.29,33868.74,175394.7639,0.0029239766081872176,0.002919710103334846,51.622,49.2625,47.22533333333333,0.37984173899995666
2014-08-11,002594.SZ,51.3,52.6,51.08,51.9,51.45,0.45,0.87,34470.63,179231.7238,0.008746355685131046,0.008708327891784193,51.708000000000006,49.4205,47.4075,0.35837675814483083
2014-08-12,002594.SZ,51.85,52.19,51.27,51.59,51.9,-0.31,-0.6,37074.96,191574.7364,-0.005973025048169434,-0.005990934915284289,51.748000000000005,49.61450000000001,47.58566666666666,0.3485266230895898
2014-08-13,002594.SZ,51.85,52.19,50.54,51.21,51.54,-0.33,-0.64,40772.09,208812.762,-0.007365768559798425,-0.007393029782099619,51.489999999999995,49.82000000000001,47.760999999999996,0.3455536136961769
2014-08-14,002594.SZ,50.9,51.9,50.65,51.55,51.21,0.34,0.66,39605.21,203878.9453,0.006639328256199839,0.006617384988509875,51.54,50.073,47.92716666666666,0.33944005456120346
2014-08-15,002594.SZ,51.5,51.94,51.01,51.6,51.55,0.05,0.1,32477.48,167076.0225,0.0009699321047527132,0.0009694620245481637,51.57000000000001,50.335,48.084500000000006,0.3384969533590315
2014-08-18,002594.SZ,51.62,52.25,51.31,51.5,51.6,-0.1,-0.19,33620.01,174154.9809,-0.0019379844961240345,-0.0019398648178265917,51.49000000000001,50.60850000000001,48.240166666666674,0.3364124197231988
2014-08-19,002594.SZ,51.5,52.09,51.1,51.35,51.5,-0.15,-0.29,36451.13,187895.9164,-0.002912621359223322,-0.0029168712951232454,51.44199999999999,50.746,48.323,0.28062709668589964
2014-08-20,002594.SZ,51.18,51.18,50.24,50.6,51.35,-0.75,-1.46,38910.18,197065.4139,-0.014605647517039966,-0.01471336008114742,51.32000000000001,50.891,48.38883333333333,0.276985759651824
2014-08-21,002594.SZ,50.61,50.97,49.99,50.95,50.6,0.35,0.69,33797.34,170149.8197,0.006916996047430901,0.0068931833753140305,51.2,51.053,48.441333333333326,0.2770813052726045
2014-08-22,002594.SZ,50.9,50.9,49.83,49.98,50.95,-0.97,-1.9,43729.6,218923.5723,-0.019038272816486845,-0.01922183426192759,50.876,51.1305,48.50283333333333,0.28442347507737203
2014-08-25,002594.SZ,49.0,50.14,48.4,49.87,49.98,-0.11,-0.22,58067.62,284571.0704,-0.0022008803521408327,-0.002203305848775122,50.55,51.1705,48.556000000000004,0.2814131489211115
2014-08-26,002594.SZ,49.72,49.94,48.94,49.35,49.87,-0.52,-1.04,26003.9,128330.742,-0.010427110487266855,-0.010481853678540548,50.15,51.0675,48.61333333333334,0.22295452677685046
2014-08-27,002594.SZ,49.5,50.58,49.49,50.33,49.35,0.98,1.99,43652.97,218520.0459,0.019858156028368823,0.019663554908778063,50.096,51.0145,48.70733333333333,0.2360342715452494
2014-08-28,002594.SZ,50.32,50.33,49.09,49.24,50.33,-1.09,-2.17,25672.52,127507.9136,-0.02165706338168083,-0.021895019472015786,49.754,50.940999999999995,48.77216666666667,0.2436272299449822
2014-08-29,002594.SZ,49.65,50.66,49.4,50.55,49.24,1.31,2.66,36934.03,185304.0808,0.02660438667749787,0.026256644150227566,49.868,50.984,48.84683333333333,0.25221354473606117
2014-09-01,002594.SZ,51.0,51.55,50.56,51.09,50.55,0.54,1.07,48679.29,248174.9711,0.010682492581602476,0.010625837876226282,50.112,50.964999999999996,48.936666666666675,0.2198599419868735
2014-09-02,002594.SZ,51.1,51.3,50.81,51.3,51.09,0.21,0.41,51910.24,265306.4009,0.004110393423370384,0.004101968834017109,50.501999999999995,50.9605,49.03099999999999,0.22034324662370472
2014-09-03,002594.SZ,51.5,51.88,51.48,51.76,51.3,0.46,0.9,54860.01,283899.8181,0.008966861598440623,0.008926898015921352,50.788,50.923500000000004,49.13866666666667,0.20814710724565488
2014-09-04,002594.SZ,51.85,52.14,51.38,51.61,51.76,-0.15,-0.29,34054.06,175865.8348,-0.0028979907264296,-0.0029021980320092684,51.262,50.93900000000001,49.2465,0.1912472324742178
2014-09-05,002594.SZ,51.75,51.94,51.19,51.75,51.61,0.14,0.27,34638.16,178641.4674,0.002712652586708053,0.002708979984842724,51.501999999999995,50.954,49.312333333333335,0.19121127223412293
2014-09-09,002594.SZ,51.81,54.29,51.79,54.13,51.75,2.38,4.6,105487.99,555227.3765,0.04599033816425124,0.044964128663408105,52.11,51.0655,49.428666666666665,0.24964993221616857
2014-09-10,002594.SZ,53.38,53.98,53.06,53.66,54.13,-0.47,-0.87,62156.5,333458.9701,-0.00868280066506566,-0.008720715811408522,52.581999999999994,51.169,49.54516666666667,0.25101126075246666
2014-09-11,002594.SZ,53.65,53.65,52.0,52.11,53.66,-1.55,-2.89,47561.39,251256.8293,-0.02888557584793139,-0.02931097607635479,52.652,51.214,49.630333333333326,0.2724653235631628
2014-09-12,002594.SZ,52.55,52.64,51.46,51.9,52.11,-0.21,-0.4,39677.74,205888.8338,-0.004029936672423684,-0.0040380787492802685,52.71,51.2315,49.732,0.27217372860056294
2014-09-15,002594.SZ,51.5,51.99,51.39,51.6,51.9,-0.3,-0.58,30795.73,159116.3888,-0.00578034682080919,-0.005797117684325846,52.67999999999999,51.2315,49.81533333333333,0.2730647837887672
2014-09-16,002594.SZ,51.48,51.49,49.95,49.98,51.6,-1.62,-3.14,53350.99,269193.9706,-0.0313953488372094,-0.03189874708071083,51.85,51.1555,49.86833333333333,0.29516272789830417
2014-09-17,002594.SZ,50.28,50.86,49.45,50.26,49.98,0.28,0.56,41954.36,209811.5861,0.0056022408963585235,0.005586606708639776,51.169999999999995,51.101,49.89833333333333,0.2961045663996876
2014-09-18,002594.SZ,49.87,50.4,49.61,49.91,50.26,-0.35,-0.7,29476.67,147207.8221,-0.0069637883008356605,-0.0069881486339282515,50.73,51.066500000000005,49.916000000000004,0.2926380666819047
2014-09-19,002594.SZ,49.91,50.24,49.85,50.0,49.91,0.09,0.18,30537.34,152801.0943,0.0018032458425165654,0.0018016219466282205,50.35,51.019,49.92433333333334,0.2914737306457863
2014-09-22,002594.SZ,49.96,50.02,48.1,48.45,50.0,-1.55,-3.1,37467.36,183138.8305,-0.030999999999999917,-0.03149066709137074,49.72,50.942499999999995,49.916666666666664,0.30422473722730736
2014-09-23,002594.SZ,48.4,49.06,48.3,48.85,48.45,0.4,0.83,30307.25,147469.526,0.008255933952528327,0.008222040152016457,49.494,50.89149999999999,49.93933333333334,0.30610880946234126
2014-09-24,002594.SZ,48.98,49.7,48.52,49.54,48.85,0.69,1.41,50304.95,246777.2445,0.014124872057318383,0.014026045572421812,49.35,50.900999999999996,49.97,0.3083259656723134
2014-09-25,002594.SZ,49.99,50.08,48.89,49.04,49.54,-0.5,-1.01,46778.81,231682.4177,-0.010092854259184492,-0.010144132433257534,49.176,50.8365,49.989000000000004,0.3014722120233427
2014-09-26,002594.SZ,49.05,49.33,48.68,48.88,49.04,-0.16,-0.33,25729.69,125856.3616,-0.0032626427406198255,-0.0032679767646159995,48.952,50.8185,49.9895,0.2917725389595299
2014-09-29,002594.SZ,48.89,49.7,48.89,49.05,48.88,0.17,0.35,43785.62,215882.4577,0.0034779050736495343,0.0034718711480319873,49.072,50.7435,50.00216666666666,0.27463151213083786
2014-09-30,002594.SZ,49.15,49.39,48.7,48.83,49.05,-0.22,-0.45,35292.31,172464.6914,-0.004485219164118259,-0.004495307937803212,49.068,50.6305,50.02016666666667,0.2710621766881722
2014-10-08,002594.SZ,48.88,49.49,48.75,49.45,48.83,0.62,1.27,45329.47,222534.9854,0.012697112430882784,0.012617179995152359,49.05,50.538,50.02383333333333,0.27536014686151966
2014-10-09,002594.SZ,49.55,50.86,49.53,50.32,49.45,0.87,1.76,77747.14,390501.2284,0.017593528816986836,0.017440554323463947,49.306,50.465999999999994,50.063166666666675,0.2814250568084753
2014-10-10,002594.SZ,50.32,50.32,49.45,49.5,50.32,-0.82,-1.63,47902.76,238248.8117,-0.01629570747217801,-0.016429942817540417,49.43,50.360499999999995,50.11166666666667,0.286432443570585
2014-10-13,002594.SZ,49.5,49.51,48.34,49.08,49.5,-0.42,-0.85,42344.07,206322.8591,-0.00848484848484854,-0.008521049731933985,49.436,50.227,50.14783333333334,0.2867823916885151
2014-10-14,002594.SZ,49.25,49.3,48.1,48.25,49.08,-0.83,-1.69,49805.92,241958.5545,-0.016911165444172704,-0.01705579205771568,49.32,49.933,50.13966666666667,0.22628410801991916
2014-10-15,002594.SZ,48.26,48.47,47.58,48.35,48.25,0.1,0.21,43520.55,208542.5953,0.002072538860103723,0.002070394114308495,49.1,49.667500000000004,50.150333333333336,0.22758012960712745
2014-10-16,002594.SZ,48.1,48.42,47.62,47.93,48.35,-0.42,-0.87,42323.03,203049.3982,-0.008686659772492278,-0.008724608727763452,48.622,49.4585,50.16416666666667,0.2102094640497669
2014-10-17,002594.SZ,48.0,48.4,47.4,47.87,47.93,-0.06,-0.13,45701.45,218804.5752,-0.0012518255789694122,-0.0012526097671223353,48.296,49.257,50.18716666666666,0.21045081942411994
2014-10-20,002594.SZ,47.83,48.54,47.76,48.2,47.87,0.33,0.69,36596.49,176673.9361,0.006893670357217552,0.0068700176521370475,48.120000000000005,49.087,50.21783333333334,0.21377056781667514
2014-10-21,002594.SZ,48.21,48.43,47.3,47.31,48.2,-0.89,-1.85,38393.76,183028.2547,-0.018464730290456477,-0.01863733141349796,47.932,48.9535,50.23916666666666,0.1953794639555029
2014-10-22,002594.SZ,47.3,47.9,47.2,47.3,47.31,-0.01,-0.02,33378.81,158488.8193,-0.00021137180300156988,-0.00021139414516951362,47.721999999999994,48.805499999999995,50.2175,0.19319281666721402
2014-10-23,002594.SZ,47.3,47.78,47.1,47.3,47.3,0.0,0.0,26058.22,123686.3901,0.0,0.0,47.596000000000004,48.675,50.21083333333333,0.19285959912985678
2014-10-24,002594.SZ,47.36,47.85,47.3,47.41,47.3,0.11,0.23,24240.89,115191.9868,0.0023255813953488857,0.0023228814161397287,47.504,48.5455,50.20583333333334,0.19302702032361907
2014-10-27,002594.SZ,47.39,47.68,46.2,46.76,47.41,-0.65,-1.37,36263.26,169396.5124,-0.013710187724108813,-0.013805040310159276,47.216,48.461,50.178,0.16731427083424127
2014-10-28,002594.SZ,46.76,47.6,46.7,47.38,46.76,0.62,1.33,42265.49,198888.3858,0.013259195893926545,0.01317206212677185,47.23,48.3875,50.14983333333334,0.17214403870941256
2014-10-29,002594.SZ,47.43,48.23,47.42,48.1,47.38,0.72,1.52,52268.58,250255.8368,0.015196285352469419,0.015081978381076114,47.39,48.3155,50.09466666666666,0.17346835013030584
2014-10-30,002594.SZ,48.2,48.66,47.3,47.33,48.1,-0.77,-1.6,69116.77,330607.2515,-0.016008316008316092,-0.016137833193558965,47.396,48.230000000000004,50.027,0.1785876272802846
2014-10-31,002594.SZ,47.17,47.18,46.34,46.97,47.33,-0.36,-0.76,50544.21,235841.9176,-0.0076061694485527465,-0.007635243879252919,47.308,48.134499999999996,49.964666666666666,0.17974932411797467
2014-11-03,002594.SZ,46.96,46.96,46.0,46.18,46.97,-0.79,-1.68,59168.46,274244.5242,-0.016819246327443027,-0.01696229611255441,47.19199999999999,47.991,49.906166666666664,0.18598124428417948
2014-11-04,002594.SZ,46.2,46.56,46.17,46.34,46.18,0.16,0.35,27857.0,129152.1335,0.0034647033347769973,0.0034587150778808864,46.984,47.8665,49.82066666666667,0.18724456858749325
2014-11-05,002594.SZ,46.3,46.3,45.97,46.01,46.34,-0.33,-0.71,25878.13,119361.4743,-0.0071212775140269136,-0.007146754836853075,46.566,47.6945,49.731,0.1788721536996014
2014-11-06,002594.SZ,45.92,46.29,45.85,46.15,46.01,0.14,0.3,23658.71,108991.1288,0.0030428167789611216,0.0030381967814839613,46.33,47.486000000000004,49.62516666666667,0.16280836778490113
2014-11-07,002594.SZ,46.18,46.48,45.9,46.08,46.15,-0.07,-0.15,33179.61,153640.3424,-0.0015167930660888729,-0.0015179445612253967,46.152,47.315,49.53816666666667,0.15666058117963585
2014-11-10,002594.SZ,46.1,46.55,45.96,46.54,46.08,0.46,1.0,42755.66,198373.1172,0.00998263888888884,0.009933141486509825,46.224,47.188,49.45633333333333,0.16251451217750296
2014-11-11,002594.SZ,46.6,46.65,44.5,44.63,46.54,-1.91,-4.1,60778.51,277231.3823,-0.04103996562097112,-0.04190587923296704,45.88199999999999,47.007,49.335166666666666,0.20713343328226788
2014-11-12,002594.SZ,44.5,44.86,42.99,43.9,44.63,-0.73,-1.64,58654.14,257856.002,-0.01635671073269107,-0.016491958560052932,45.459999999999994,46.784499999999994,49.207,0.21049458807694627
2014-11-13,002594.SZ,43.71,43.84,42.25,42.9,43.9,-1.0,-2.28,67810.62,289922.1604,-0.02277904328018221,-0.023042494147154355,44.809999999999995,46.533,49.0685,0.21974716516353499
2014-11-14,002594.SZ,42.9,44.95,42.38,44.19,42.9,1.29,3.01,60820.76,266901.119,0.030069930069930084,0.02962669320867732,44.432,46.349000000000004,48.94583333333333,0.2532321703488167
2014-11-17,002594.SZ,43.8,44.8,43.66,44.01,44.19,-0.18,-0.41,43588.78,192953.095,-0.004073319755600768,-0.004081638319648507,43.926,46.1395,48.81933333333333,0.25002141803256095
2014-11-18,002594.SZ,44.0,44.0,42.6,42.83,44.01,-1.18,-2.68,43170.93,185774.5952,-0.026812088161781378,-0.027178089195720394,43.566,45.915499999999994,48.67483333333333,0.25787377387542254
2014-11-19,002594.SZ,42.7,43.45,42.47,42.8,42.83,-0.03,-0.07,43144.41,184994.7582,-0.0007004436142891146,-0.0007006890395285669,43.346,45.6905,48.532333333333334,0.25776327282673656
2014-11-20,002594.SZ,42.72,43.2,42.36,42.6,42.8,-0.2,-0.47,34150.77,146172.2055,-0.004672897196261627,-0.004683849312426314,43.286,45.4555,48.399,0.257127600648391
2014-11-21,002594.SZ,42.78,42.89,42.51,42.82,42.6,0.22,0.52,33391.77,142550.8092,0.00516431924882621,0.0051510298862119195,43.012,45.226,48.2635,0.25840825334947204
2014-11-24,002594.SZ,43.34,43.97,42.91,43.85,42.82,1.03,2.41,63556.31,276043.047,0.024054180289584393,0.023769435656655392,42.980000000000004,45.0805,48.16133333333334,0.2756276497576214
2014-11-25,002594.SZ,43.95,44.75,43.7,44.03,43.85,0.18,0.41,64009.71,283077.9984,0.00410490307867728,0.004096500949470386,43.22,44.913,48.06399999999999,0.27030137519262204
2014-11-26,002594.SZ,44.25,45.1,44.25,44.51,44.03,0.48,1.09,68487.53,306081.8655,0.010901657960481481,0.010842663260100483,43.562,44.7335,47.983333333333334,0.2667637596439654
2014-11-27,002594.SZ,44.55,44.73,43.8,43.99,44.51,-0.52,-1.17,74294.65,327465.1815,-0.011682767917321812,-0.011751547667134425,43.839999999999996,44.5665,47.87766666666666,0.2645572234493967
2014-11-28,002594.SZ,43.7,43.72,42.88,43.3,43.99,-0.69,-1.57,63553.59,274507.0795,-0.015685383041600498,-0.015809700352184364,43.936,44.383,47.778666666666666,0.2677475203463365
2014-12-01,002594.SZ,43.3,44.15,43.0,43.4,43.3,0.1,0.23,52345.73,227036.807,0.002309468822170979,0.002306806097915092,43.846,44.244,47.6595,0.2641132466593499
2014-12-02,002594.SZ,43.4,43.83,43.12,43.52,43.4,0.12,0.28,62345.39,271758.1383,0.0027649769585254003,0.0027611614413280655,43.744,44.102999999999994,47.53333333333333,0.2638988266508596
2014-12-03,002594.SZ,43.68,43.69,42.68,43.15,43.52,-0.37,-0.85,124525.33,536217.601,-0.008501838235294268,-0.008538185018250388,43.472,43.959999999999994,47.39750000000001,0.26422991480579583
2014-12-04,002594.SZ,43.19,44.85,43.19,44.58,43.15,1.43,3.31,175551.64,774405.7194,0.033140208574739205,0.032602910428285774,43.589999999999996,43.8815,47.277833333333334,0.29344940818143855
2014-12-05,002594.SZ,44.66,44.73,43.0,43.36,44.58,-1.22,-2.74,128937.93,564595.1499,-0.027366532077164663,-0.027747970826332045,43.602,43.7455,47.140333333333324,0.30740517255404726
2014-12-08,002594.SZ,43.0,43.18,41.7,41.96,43.36,-1.4,-3.23,163034.31,688408.1354,-0.032287822878228734,-0.032820573603294295,43.314,43.51649999999999,46.97716666666666,0.3203318953101663
2014-12-09,002594.SZ,41.85,41.85,39.53,39.66,41.96,-2.3,-5.48,183163.97,738368.917,-0.05481410867492864,-0.056373660436446656,42.541999999999994,43.268,46.736000000000004,0.3437751166681246
2014-12-10,002594.SZ,39.88,40.4,39.48,40.25,39.66,0.59,1.49,159386.81,637486.5619,0.014876449823499893,0.014766880772922602,41.962,43.0855,46.5125,0.348728396285688
2014-12-11,002594.SZ,40.02,40.25,39.53,40.16,40.25,-0.09,-0.22,81294.74,325000.608,-0.00223602484472063,-0.0022385284810987546,41.077999999999996,42.9485,46.31333333333334,0.341686757840538
2014-12-12,002594.SZ,40.14,43.0,39.9,42.28,40.16,2.12,5.28,186347.36,777808.8764,0.05278884462151412,0.05144268561856329,40.862,42.852999999999994,46.153000000000006,0.3784527555077271
2014-12-15,002594.SZ,42.42,42.63,41.09,42.18,42.28,-0.1,-0.24,85177.87,358141.166,-0.002365184484389826,-0.0023679859514083913,40.906,42.7615,45.996,0.3783733962810823
2014-12-16,002594.SZ,42.12,42.19,41.39,41.72,42.18,-0.46,-1.09,105280.03,438667.5634,-0.010905642484589917,-0.010965544918056905,41.318,42.706,45.858333333333334,0.36854084078297716
2014-12-17,002594.SZ,41.42,41.48,40.02,40.48,41.72,-1.24,-2.97,105079.5,427093.4112,-0.029721955896452545,-0.030172605153361596,41.364,42.589999999999996,45.69533333333333,0.3823103503266465
2014-12-18,002594.SZ,40.71,41.48,36.43,36.43,40.48,-4.05,-10.0,349596.21,1337368.8821,-0.1000494071146244,-0.10541541395873756,40.618,42.2815,45.47066666666667,0.5160035477357741
2014-12-19,002594.SZ,36.7,39.0,36.7,37.47,36.43,1.04,2.85,285312.53,1073647.8936,0.028547900082349642,0.028148001785123503,39.656,42.013999999999996,45.261833333333335,0.5299674180885255
2014-12-22,002594.SZ,37.2,37.21,33.8,34.81,37.47,-2.66,-7.1,160885.42,562713.8624,-0.07099012543368022,-0.0736359109822484,38.182,41.562,45.034499999999994,0.5644877660553892
2014-12-23,002594.SZ,34.75,36.0,34.54,35.16,34.81,0.35,1.01,106431.55,376762.2422,0.010054582016661762,0.0100043709936286,36.87,41.1185,44.806333333333335,0.5669691793126688
2014-12-24,002594.SZ,35.36,36.94,34.85,36.68,35.16,1.52,4.32,134518.09,485244.0705,0.04323094425483509,0.0423225745712879,36.11,40.727,44.592,0.594162728291356
2014-12-25,002594.SZ,37.06,37.99,36.5,37.15,36.68,0.47,1.28,120622.61,449960.8354,0.012813522355507034,0.012732123775504018,36.254000000000005,40.385000000000005,44.39383333333333,0.5990083489227461
2014-12-26,002594.SZ,37.14,37.14,36.22,36.76,37.15,-0.39,-1.05,90435.72,331042.7074,-0.010497981157469694,-0.010553473676281847,36.112,40.058,44.19183333333333,0.598376118809274
2014-12-29,002594.SZ,36.8,37.29,36.03,36.5,36.76,-0.26,-0.71,91185.36,335076.714,-0.007072905331882429,-0.007098036899040428,36.45,39.713,43.98266666666667,0.5972701228081022
2014-12-30,002594.SZ,37.99,39.23,37.45,38.06,36.5,1.56,4.27,169037.28,647925.6028,0.042739726027397396,0.04185160127955774,37.03,39.44,43.80316666666667,0.6230622004573326
2014-12-31,002594.SZ,38.07,38.84,37.51,38.15,38.06,0.09,0.24,106964.32,409463.2319,0.0023646873357854314,0.00236189586246241,37.324,39.19,43.61483333333333,0.6236611672663679
2015-01-05,002594.SZ,38.3,41.1,37.75,40.26,38.15,2.11,5.53,192148.92,749732.271,0.055307994757536116,0.05383266248117948,37.946,38.974000000000004,43.44716666666667,0.646374881924999
2015-01-06,002594.SZ,39.38,41.45,39.05,40.33,40.26,0.07,0.17,138890.67,562214.832,0.0017386984600098465,0.0017371886736312623,38.660000000000004,38.8225,43.294333333333334,0.6408193297880875
2015-01-07,002594.SZ,40.25,40.25,38.9,38.94,40.33,-1.39,-3.45,111673.98,438781.1853,-0.034465658318869385,-0.03507360894122321,39.148,38.6715,43.12533333333333,0.6421925760549005
2015-01-08,002594.SZ,38.93,39.2,38.38,38.51,38.94,-0.43,-1.1,68917.85,266454.782,-0.011042629686697447,-0.011104052117236068,39.238,38.614,42.962999999999994,0.6134435378605289
2015-01-09,002594.SZ,38.54,39.5,38.35,38.44,38.51,-0.07,-0.18,85150.94,331242.7503,-0.0018177096857958652,-0.001819363724725748,39.296,38.5235,42.79783333333333,0.6106612511192854
2015-01-12,002594.SZ,38.48,40.33,38.48,39.48,38.44,1.04,2.71,113488.54,447585.4869,0.027055150884495394,0.026695630463189166,39.14,38.4895,42.657000000000004,0.6190372026559033
2015-01-13,002594.SZ,40.0,40.89,39.5,40.32,39.48,0.84,2.13,133270.85,539057.9554,0.021276595744680993,0.02105340919783248,39.138,38.3915,42.53116666666667,0.5928719442256364
2015-01-14,002594.SZ,40.3,40.7,39.0,39.48,40.32,-0.84,-2.08,69894.17,277811.4309,-0.02083333333333337,-0.02105340919783238,39.246,38.256499999999996,42.38583333333334,0.5967624638180684
2015-01-15,002594.SZ,39.6,39.88,38.58,39.08,39.48,-0.4,-1.01,59575.5,232630.8323,-0.010131712259371817,-0.010183387390698826,39.36,38.1245,42.248666666666665,0.5966261383947279
2015-01-16,002594.SZ,39.11,39.68,38.79,39.57,39.08,0.49,1.25,72732.3,285132.3766,0.01253838280450359,0.012460428222750938,39.586,38.079,42.119833333333325,0.5899433439361808
2015-01-19,002594.SZ,39.42,40.43,37.79,38.31,39.57,-1.26,-3.18,108004.47,421254.5438,-0.03184230477634564,-0.03236029668477523,39.352,38.172999999999995,41.970000000000006,0.4758871249517323
2015-01-20,002594.SZ,38.44,39.35,38.28,38.95,38.31,0.64,1.67,87504.57,340120.9157,0.01670582093448192,0.016567813604199715,39.078,38.247,41.82899999999999,0.46924846176376384
2015-01-21,002594.SZ,39.09,39.78,38.95,39.48,38.95,0.53,1.36,92543.67,364431.9169,0.013607188703465889,0.013515442248523472,39.078,38.48049999999999,41.70766666666667,0.38180432999185543
2015-01-22,002594.SZ,39.65,39.95,39.2,39.81,39.48,0.33,0.84,95294.65,377569.7895,0.008358662613981993,0.008323922446945227,39.224000000000004,38.713,41.5815,0.3816474378703802
2015-01-23,002594.SZ,39.95,40.96,39.88,40.11,39.81,0.3,0.75,141481.46,571837.1483,0.007535795026375247,0.007507542769735634,39.33200000000001,38.884499999999996,41.44833333333334,0.35627440949608924
2015-01-26,002594.SZ,40.3,40.8,39.56,40.1,40.11,-0.01,-0.02,95294.17,381414.5422,-0.0002493143854399582,-0.0002493454694379178,39.690000000000005,39.032,41.32783333333334,0.3553532577664206
2015-01-27,002594.SZ,40.1,40.4,39.6,40.0,40.1,-0.1,-0.25,106373.39,426213.9054,-0.0024937655860349794,-0.002496880198587266,39.9,39.194,41.211666666666666,0.3521241333276596
2015-01-28,002594.SZ,40.21,40.9,39.88,40.4,40.0,0.4,1.0,108933.55,440078.8862,0.010000000000000009,0.009950330853168092,40.084,39.388999999999996,41.11533333333333,0.3499132331315828
2015-01-29,002594.SZ,40.54,40.59,39.42,39.76,40.4,-0.64,-1.58,92448.37,368366.4621,-0.015841584158415856,-0.015968403178731112,40.074,39.474000000000004,41.00566666666666,0.3279140395897664
2015-01-30,002594.SZ,39.7,39.98,38.25,38.26,39.76,-1.5,-3.77,101893.46,395335.1137,-0.03772635814889336,-0.03845641777626647,39.70399999999999,39.4795,40.8765,0.3574980712813691
2015-02-02,002594.SZ,38.0,38.91,37.5,38.47,38.26,0.21,0.55,52506.15,201662.5361,0.005488761108207063,0.005473752752096996,39.378,39.39,40.7485,0.2940991575167932
2015-02-03,002594.SZ,39.19,39.3,38.61,38.73,38.47,0.26,0.68,58742.92,227921.7815,0.006758513127111954,0.006735776762456987,39.123999999999995,39.31,40.626,0.29550616554852455
2015-02-04,002594.SZ,39.35,39.35,38.0,38.27,38.73,-0.46,-1.19,91584.83,354400.0123,-0.01187709785695823,-0.011948194089049726,38.69799999999999,39.2765,40.488166666666665,0.2724215819490651
2015-02-05,002594.SZ,38.33,38.52,37.7,37.73,38.27,-0.54,-1.41,69629.99,265432.0735,-0.014110269140318987,-0.014210765461392005,38.291999999999994,39.2375,40.37316666666666,0.2741742910718321
2015-02-06,002594.SZ,37.99,38.12,35.91,36.23,37.73,-1.5,-3.98,109645.33,401582.8677,-0.039756162205141776,-0.04056802906923321,37.886,39.126999999999995,40.24533333333333,0.3070029376291517
2015-02-09,002594.SZ,36.36,36.59,36.03,36.23,36.23,0.0,0.0,48008.13,174416.4985,0.0,0.0,37.438,38.9645,40.134166666666665,0.2864683748978694
2015-02-10,002594.SZ,36.49,37.32,36.11,37.14,36.23,0.91,2.51,59569.94,218138.6927,0.025117306099917247,0.02480705101757392,37.12,38.805499999999995,40.016666666666666,0.2912702776155752
2015-02-11,002594.SZ,36.8,37.34,36.46,36.61,37.14,-0.53,-1.43,71370.68,263054.407,-0.01427032848680676,-0.014373128792414981,36.788,38.662,39.89333333333333,0.2871230964162284
2015-02-12,002594.SZ,36.65,37.97,36.45,37.88,36.61,1.27,3.47,102848.68,382626.2546,0.03468997541655283,0.03410184118573264,36.818,38.602,39.810833333333335,0.3162248628001253
2015-02-13,002594.SZ,38.49,41.67,38.06,41.67,37.88,3.79,10.01,369387.35,1494306.0003,0.100052798310454,0.09535817711648453,37.906000000000006,38.707,39.792,0.47831187897791894
2015-02-16,002594.SZ,43.86,45.84,43.58,45.84,41.67,4.17,10.01,377527.51,1698779.3094,0.10007199424046087,0.09537562697212214,39.827999999999996,39.0835,39.846,0.5710460880647302
2015-02-17,002594.SZ,48.8,50.42,45.84,50.42,45.84,4.58,9.99,350387.93,1740619.7564,0.09991273996509586,0.09523084935328953,42.484,39.657,39.97266666666666,0.6549849670518593
2015-02-25,002594.SZ,52.5,52.55,49.37,49.89,50.42,-0.53,-1.05,508310.85,2570060.777,-0.010511701705672394,-0.01056733988682781,45.14,40.1775,40.07333333333333,0.6606322419581594
2015-02-26,002594.SZ,49.89,50.8,48.27,49.28,49.89,-0.61,-1.22,330742.8,1637213.887,-0.012226899178191974,-0.012302262647681613,47.42,40.650999999999996,40.160833333333336,0.6663836845392787
2015-02-27,002594.SZ,48.95,50.8,48.1,50.58,49.28,1.3,2.64,368404.14,1824774.3689,0.026379870129870087,0.02603792201655471,49.202,41.1745,40.26199999999999,0.6682408214045186
2015-03-02,002594.SZ,52.1,55.64,51.3,51.78,50.58,1.2,2.37,502599.46,2681467.5406,0.023724792408066575,0.023447733081572632,50.39,41.7585,40.39183333333334,0.6676066904574524
2015-03-03,002594.SZ,51.0,54.68,50.53,51.36,51.78,-0.42,-0.81,328627.01,1711219.8574,-0.008111239860950192,-0.008144314941685863,50.577999999999996,42.326499999999996,40.52616666666666,0.6697049696740885
2015-03-04,002594.SZ,51.0,53.88,50.36,51.99,51.36,0.63,1.23,298976.65,1568522.4871,0.012266355140186924,0.012191733013918677,50.998000000000005,42.906,40.669333333333334,0.6696012016805203
2015-03-05,002594.SZ,51.5,57.19,51.39,57.19,51.99,5.2,10.0,372516.21,2028158.4187,0.10001923446816696,0.09532766553160042,52.58,43.777499999999996,40.897166666666664,0.7261698511072229
2015-03-06,002594.SZ,59.15,59.6,51.8,52.3,57.19,-4.89,-8.55,514540.68,2803548.2345,-0.08550445882147228,-0.0893826868563476,52.924,44.4795,41.04966666666666,0.7926867803392067
2015-03-09,002594.SZ,50.5,52.0,49.08,51.2,52.3,-1.1,-2.1,259237.01,1312632.1083,-0.021032504780114647,-0.021256839025415038,52.80800000000001,45.116,41.16,0.8032725830843658
2015-03-10,002594.SZ,51.1,52.88,50.7,51.2,51.2,0.0,0.0,215636.0,1121268.4164,0.0,0.0,52.775999999999996,45.7395,41.29066666666667,0.8046140803304481
2015-03-11,002594.SZ,50.6,51.5,49.58,50.0,51.2,-1.2,-2.34,188309.45,949154.7186,-0.0234375,-0.023716526617316044,52.378,46.326,41.42466666666667,0.8108044379623105
2015-03-12,002594.SZ,50.58,50.58,48.3,49.12,50.0,-0.88,-1.76,193814.82,951119.6958,-0.01760000000000006,-0.017756721589259096,50.763999999999996,46.8955,41.582333333333324,0.8125397713287709
2015-03-13,002594.SZ,49.5,50.35,48.8,49.98,49.12,0.86,1.75,175096.17,868710.1122,0.017508143322475522,0.017356641567919252,50.3,47.583000000000006,41.744499999999995,0.7868541690539573
2015-03-16,002594.SZ,50.54,51.49,50.01,51.14,49.98,1.16,2.32,201114.94,1022957.561,0.023209283713485407,0.02294404445623425,50.288,48.328500000000005,41.9275,0.7843746524820508
2015-03-17,002594.SZ,51.3,52.66,50.48,51.5,51.14,0.36,0.7,223454.5,1149694.4677,0.0070394994133751165,0.007014837806649968,50.348,49.0465,42.08116666666667,0.7849804458653441
2015-03-18,002594.SZ,51.5,53.99,51.01,53.35,51.5,1.85,3.59,269895.59,1429298.6648,0.03592233009708745,0.035292170078071984,51.017999999999994,49.883500000000005,42.26733333333333,0.7781340100247056
2015-03-19,002594.SZ,53.35,55.79,53.1,53.88,53.35,0.53,0.99,262972.76,1430433.2377,0.009934395501405735,0.009885373794400788,51.96999999999999,50.6835,42.470000000000006,0.7769463822136532
2015-03-20,002594.SZ,53.0,53.62,52.0,52.8,53.88,-1.08,-2.0,218475.51,1147790.2432,-0.020044543429844186,-0.020248160829947535,52.534000000000006,51.239999999999995,42.675333333333334,0.7258012531733866
2015-03-23,002594.SZ,52.79,53.33,52.48,53.11,52.8,0.31,0.59,196598.97,1040592.4484,0.0058712121212121104,0.0058540437220919875,52.928,51.6035,42.95333333333333,0.6486230259915885
2015-03-24,002594.SZ,53.15,54.88,51.91,53.4,53.11,0.29,0.55,278551.15,1482318.5009,0.005460365279608359,0.005445511531841367,53.30800000000001,51.7525,43.218833333333336,0.5506817973659851
2015-03-25,002594.SZ,53.2,53.68,51.95,52.19,53.4,-1.21,-2.27,213325.17,1120596.4405,-0.02265917602996259,-0.022919840310827333,53.076,51.86749999999999,43.508500000000005,0.5564228707483388
2015-03-26,002594.SZ,52.38,55.0,52.01,54.22,52.19,2.03,3.89,295858.13,1583253.4003,0.038896340295075715,0.03815893841519763,53.14399999999999,52.1145,43.82616666666666,0.5675479544724066
2015-03-27,002594.SZ,54.48,54.48,51.9,52.85,54.22,-1.37,-2.53,195416.04,1029417.0398,-0.025267428992991503,-0.025592131754272815,53.153999999999996,52.227999999999994,44.095666666666666,0.5718102721401767
2015-03-30,002594.SZ,53.05,53.6,52.3,52.71,52.85,-0.14,-0.26,184939.63,975959.9274,-0.0026490066225165476,-0.002652521449131117,53.074,52.2745,44.355,0.5666560743867409
2015-03-31,002594.SZ,52.73,53.68,52.27,52.4,52.71,-0.31,-0.59,187404.9,989549.2144,-0.0058812369569342104,-0.005898599540119078,52.874,52.326499999999996,44.61566666666667,0.5662099901017704
2015-04-01,002594.SZ,54.0,57.64,54.0,57.64,52.4,5.24,10.0,336530.26,1886140.0579,0.10000000000000009,0.09531017980432493,53.964,52.609,44.967999999999996,0.6651283235173717
2015-04-02,002594.SZ,60.0,62.44,57.55,59.84,57.64,2.2,3.82,468449.34,2808275.4348,0.03816793893129766,0.037457562534900415,55.088,52.741499999999995,45.331,0.5799346966813851
2015-04-03,002594.SZ,59.06,61.75,58.03,61.35,59.84,1.51,2.52,308114.12,1850824.2333,0.025233957219251257,0.024920837490698563,56.788,53.193999999999996,45.717666666666666,0.48079229708143806
2015-04-07,002594.SZ,61.36,61.58,59.7,60.39,61.35,-0.96,-1.56,193108.94,1163222.5644,-0.015647921760391204,-0.01577164283711064,58.324,53.653499999999994,46.05316666666666,0.476778582719636
2015-04-08,002594.SZ,60.37,60.88,56.85,57.88,60.39,-2.51,-4.16,221233.44,1294200.9164,-0.041563172710713636,-0.042451626556526637,59.42,53.9875,46.345666666666666,0.508605260973675
2015-04-09,002594.SZ,57.7,57.7,53.36,56.0,57.88,-1.88,-3.25,224859.84,1250441.9858,-0.03248099516240499,-0.03302021102813389,59.092,54.2875,46.629999999999995,0.516644397276236
2015-04-10,002594.SZ,56.68,57.95,56.58,56.9,56.0,0.9,1.61,159684.79,911729.567,0.016071428571428514,0.015943650397135946,58.504,54.67650000000001,46.9365,0.509876237630919
2015-04-13,002594.SZ,56.9,59.2,55.5,59.2,56.9,2.3,4.04,215657.71,1228043.2013,0.040421792618629215,0.0396262007576748,58.074,55.1375,47.2825,0.5219730782501897
2015-04-14,002594.SZ,58.88,59.1,56.98,57.05,59.2,-2.15,-3.63,160445.19,930473.6225,-0.036317567567567655,-0.03699346558187544,57.406000000000006,55.43300000000001,47.57533333333333,0.5428344359833995
2015-04-15,002594.SZ,56.05,56.97,55.45,56.0,57.05,-1.05,-1.84,128143.42,719634.9765,-0.018404907975460127,-0.01857638557293542,57.029999999999994,55.658,47.836666666666666,0.5496746623223056
2015-04-16,002594.SZ,55.86,58.28,55.44,57.7,56.0,1.7,3.04,150818.69,863928.4688,0.03035714285714297,0.029905482778904754,57.370000000000005,55.8755,48.140333333333324,0.5458307086048484
2015-04-17,002594.SZ,58.62,58.99,57.0,57.15,57.7,-0.55,-0.95,163225.9,946480.3392,-0.00953206239168114,-0.009577783273234245,57.42,56.039,48.4415,0.5476191392238197
2015-04-20,002594.SZ,56.58,56.58,54.7,54.8,57.15,-2.35,-4.11,169069.2,939476.4792,-0.04111986001749779,-0.041989196286849786,56.54,56.138999999999996,48.69533333333334,0.5644880321263093
2015-04-21,002594.SZ,54.81,56.49,54.81,56.11,54.8,1.31,2.39,127653.27,713394.19,0.023905109489051224,0.0236238558089109,56.352,56.28900000000001,48.992,0.5695455873243247
2015-04-22,002594.SZ,56.5,58.78,56.3,57.25,56.11,1.14,2.03,155827.87,897460.1833,0.02031723400463381,0.02011359267146846,56.602,56.481500000000004,49.297000000000004,0.5727086552103808
2015-04-23,002594.SZ,58.0,62.98,58.0,62.98,57.25,5.73,10.01,440926.11,2724936.9506,0.10008733624454136,0.09538957323852944,57.657999999999994,57.021,49.68866666666666,0.6563019839441387
2015-04-28,002594.SZ,64.0,66.5,58.89,59.51,62.98,-3.47,-5.51,385418.99,2393255.5404,-0.05509685614480786,-0.056672850016117875,58.129999999999995,57.2855,50.017,0.6859850244596999
2015-04-29,002594.SZ,59.52,64.0,57.5,61.19,59.51,1.68,2.82,222428.87,1355397.5034,0.02823054948748105,0.02783941181768841,59.408,57.7025,50.36833333333333,0.6803912476341291
2015-04-30,002594.SZ,62.2,62.56,59.88,60.0,61.19,-1.19,-1.94,161950.42,994285.7174,-0.01944762216048368,-0.01963921525234841,60.186,58.06699999999999,50.7,0.6865307473421235
2015-05-04,002594.SZ,60.0,64.6,60.0,61.39,60.0,1.39,2.32,186161.93,1159606.4254,0.02316666666666678,0.022902393217304404,61.013999999999996,58.51649999999999,51.0565,0.6868401697151472
2015-05-05,002594.SZ,61.0,61.0,57.8,58.39,61.39,-3.0,-4.89,158617.49,937090.8477,-0.04886789379377754,-0.05010231314395879,60.096000000000004,58.553999999999995,51.356333333333325,0.6252309543575116
2015-05-06,002594.SZ,59.5,60.6,57.7,58.15,58.39,-0.24,-0.41,130048.55,771230.9841,-0.004110292858366171,-0.004118763330772822,59.824,58.469500000000004,51.66283333333333,0.610058801647542
2015-05-07,002594.SZ,57.77,59.3,57.06,58.75,58.15,0.6,1.03,112169.62,655754.3176,0.010318142734307756,0.010265274059594843,59.336,58.3395,52.00433333333333,0.6039024357271339
2015-05-08,002594.SZ,59.21,59.85,57.98,59.5,58.75,0.75,1.28,133633.21,787786.2379,0.012765957446808418,0.012685159527315642,59.236000000000004,58.295,52.35483333333333,0.6034869074232446
2015-05-11,002594.SZ,59.8,63.8,59.38,63.09,59.5,3.59,6.03,248832.47,1545565.4783,0.06033613445378161,0.058585965831134124,59.576,58.555499999999995,52.76083333333334,0.6187552247876534
2015-05-12,002594.SZ,63.11,65.17,62.0,64.5,63.09,1.41,2.23,241220.56,1538169.1567,0.022349025202092143,0.022102945419008597,60.798,58.98049999999999,53.198,0.6051284230325457
2015-05-13,002594.SZ,64.2,64.48,61.76,63.13,64.5,-1.37,-2.12,176840.38,1116497.8272,-0.021240310077519364,-0.021469131422192533,61.794000000000004,59.291999999999994,53.62133333333334,0.6127861578000112
2015-05-14,002594.SZ,63.13,64.0,61.08,62.75,63.13,-0.38,-0.6,153779.06,955488.8826,-0.006019325201964243,-0.006037514367641031,62.59400000000001,59.469500000000004,54.06333333333334,0.6001347510891899
2015-05-15,002594.SZ,62.6,63.2,60.38,60.82,62.75,-1.93,-3.08,148109.72,910362.9433,-0.030756972111553815,-0.031239895762674712,62.858000000000004,59.657999999999994,54.473166666666664,0.5955382220161373
2015-05-18,002594.SZ,61.34,62.6,60.48,62.5,60.82,1.68,2.76,208026.78,1284634.1941,0.027622492601118154,0.027247874493137324,62.739999999999995,59.98299999999999,54.895833333333336,0.595124203319473
2015-05-19,002594.SZ,63.55,66.89,62.8,64.56,62.5,2.06,3.3,252954.09,1640835.2983,0.0329600000000001,0.03242846721933764,62.751999999999995,60.326,55.361666666666665,0.596597544668584
2015-05-20,002594.SZ,64.57,68.68,64.41,66.19,64.56,1.63,2.52,275732.1,1839636.7938,0.025247831474597193,0.02493437016913799,63.364,60.778,55.833499999999994,0.597134690415967
2015-05-21,002594.SZ,67.0,72.81,66.01,72.81,66.19,6.62,10.0,258846.29,1847246.0838,0.10001510802235991,0.09532391427578832,65.376,61.6785,56.35249999999999,0.65079534659296
2015-05-22,002594.SZ,75.16,80.07,75.16,76.0,72.81,3.19,4.38,352264.24,2729553.1896,0.04381266309572851,0.04288003187971128,68.412,62.67299999999999,56.85516666666667,0.658166844641993
2015-06-04,002594.SZ,83.6,83.6,80.01,83.6,76.0,7.6,10.0,266185.45,2220425.7415,0.09999999999999987,0.09531017980432474,72.632,63.9905,57.40816666666667,0.722587034164592
2015-06-05,002594.SZ,85.9,87.6,79.0,79.49,83.6,-4.11,-4.92,417002.06,3413771.0375,-0.0491626794258373,-0.05041229250563464,75.61800000000001,64.816,57.901500000000006,0.6971412141955613
2015-06-08,002594.SZ,78.76,78.76,73.25,74.95,79.49,-4.54,-5.71,278890.91,2105844.3609,-0.05711410240281789,-0.05881000303641448,77.37,65.588,58.32933333333334,0.6997713482721682
2015-06-09,002594.SZ,74.95,76.95,73.53,74.14,74.95,-0.81,-1.08,184408.17,1383725.0202,-0.010807204803202186,-0.010866026826020553,77.636,66.2355,58.722,0.7018530453793854
2015-06-10,002594.SZ,74.14,77.92,74.0,75.83,74.14,1.69,2.28,270899.12,2059268.4747,0.022794712705692,0.022538794990258015,77.602,67.027,59.12283333333333,0.6938762101694452
2015-06-11,002594.SZ,75.65,75.65,72.9,74.0,75.83,-1.83,-2.41,194653.42,1437425.0592,-0.024132928919952557,-0.02442889950867444,75.68199999999999,67.6575,59.50016666666667,0.7046118918941731
2015-06-12,002594.SZ,74.0,76.5,73.49,74.9,74.0,0.9,1.22,206111.78,1547423.8869,0.012162162162162149,0.012088797319004028,74.764,68.483,59.882,0.6690447218142336
2015-06-15,002594.SZ,74.97,77.5,72.54,75.77,74.9,0.87,1.16,303138.27,2263020.7849,0.011615487316421813,0.01154854542010814,74.928,69.364,60.19166666666667,0.6659222701808386
2015-06-16,002594.SZ,74.5,75.0,71.99,72.87,75.77,-2.9,-3.83,143026.34,1048463.8918,-0.03827372310940991,-0.03902540426109104,74.674,70.07000000000001,60.5345,0.6914674679718317
2015-06-17,002594.SZ,72.9,73.77,70.09,70.9,72.87,-1.97,-2.7,184206.04,1316898.2033,-0.027034444901880006,-0.02740659814410895,73.68800000000002,70.64,60.862833333333334,0.7049612585745185
2015-06-18,002594.SZ,70.96,72.87,67.4,67.64,70.9,-3.26,-4.6,201248.74,1408885.9706,-0.045980253878702415,-0.047070909507702284,72.41600000000001,70.8675,61.136833333333335,0.7047268842234888
2015-06-19,002594.SZ,66.85,66.88,61.58,61.9,67.64,-5.74,-8.49,204946.99,1307006.5654,-0.0848610289769367,-0.0886793443398291,69.816,70.7375,61.335166666666666,0.7683928005762349
2015-06-23,002594.SZ,61.8,63.35,58.09,63.12,61.9,1.22,1.97,196983.25,1204132.9739,0.019709208400646272,0.019517496847068452,67.286,70.737,61.5685,0.7678047346174068
2015-06-24,002594.SZ,63.35,64.5,61.5,63.58,63.12,0.46,0.73,183030.13,1157977.8339,0.00728770595690742,0.007261278945037785,65.428,70.7785,61.79516666666667,0.7676235006187074
2015-06-25,002594.SZ,63.86,64.62,61.2,61.99,63.58,-1.59,-2.5,158426.53,1001999.1994,-0.0250078641082101,-0.025325873768828586,63.646,70.837,61.976,0.76465946941182
2015-06-26,002594.SZ,59.9,60.91,55.79,55.79,61.99,-6.2,-10.0,202336.0,1169166.5149,-0.10001613163413459,-0.1053784398563911,61.275999999999996,70.5015,62.0475,0.8386720083708064
2015-06-29,002594.SZ,57.1,57.27,50.21,50.21,55.79,-5.58,-10.0,239642.97,1255322.1474,-0.10001792435920409,-0.10538043181082277,58.938,69.784,61.99516666666667,0.891407963702722
2015-06-30,002594.SZ,49.33,55.23,45.58,55.23,50.21,5.02,10.0,296001.59,1491820.8074,0.0999800836486755,0.09529207386648199,57.36,69.236,62.01766666666666,0.9678900911149758
2015-07-01,002594.SZ,55.1,57.97,52.58,52.99,55.23,-2.24,-4.06,245696.68,1368399.094,-0.040557667934093655,-0.04140306740842532,55.242000000000004,68.245,62.020833333333336,0.8864602766430583
2015-07-02,002594.SZ,53.0,55.18,47.75,49.27,52.99,-3.72,-7.02,255483.25,1317805.1542,-0.07020192489148891,-0.07278783994879895,52.698,66.9085,61.95683333333333,0.8797204360405302
2015-07-03,002594.SZ,48.5,52.95,45.61,49.55,49.27,0.28,0.57,275336.3,1349516.7228,0.005682971382179769,0.005666884220125224,51.45,65.20599999999999,61.89266666666666,0.7653859262762575
2015-07-06,002594.SZ,54.2,54.2,45.9,50.75,49.55,1.2,2.42,299274.4,1517176.6596,0.024217961654894093,0.023929357145899763,51.55800000000001,63.76899999999999,61.86866666666666,0.7784855483141337
2015-07-07,002594.SZ,48.9,49.85,45.68,46.99,50.75,-3.76,-7.41,436155.65,2037049.4437,-0.07408866995073893,-0.07697680480717238,49.91,62.370999999999995,61.74816666666666,0.7911504058425953
2015-07-08,002594.SZ,42.29,46.59,42.29,44.68,46.99,-2.31,-4.92,509342.39,2236149.0132,-0.04915939561608862,-0.05040883891372448,48.248000000000005,60.898,61.612,0.795732963817708
2015-07-09,002594.SZ,44.68,49.15,43.51,49.15,44.68,4.47,10.0,230352.93,1090391.5018,0.10004476275738594,0.09535087239217568,48.224000000000004,59.56400000000001,61.552666666666674,0.8965769323050118
2015-07-10,002594.SZ,51.9,54.07,50.1,54.07,49.15,4.92,10.01,206392.27,1104304.6775,0.10010172939979656,0.09540265680073794,49.128,58.56750000000001,61.5805,0.9922077696352962
2015-07-13,002594.SZ,55.9,59.48,54.2,59.48,54.07,5.41,10.01,347982.44,1991226.2298,0.10005548363232841,0.0953606181980408,50.873999999999995,57.7965,61.61116666666667,1.0687178183203745
2015-07-14,002594.SZ,58.0,61.02,55.84,56.2,59.48,-3.28,-5.51,330449.58,1931883.6024,-0.055144586415601826,-0.056723364692308875,52.715999999999994,56.818000000000005,61.55050000000001,1.0776042888287574
2015-07-15,002594.SZ,54.95,55.98,50.58,50.58,56.2,-5.62,-10.0,240410.62,1266540.8751,-0.10000000000000009,-0.1053605156578264,53.896,55.7035,61.371,1.1185582804140741
2015-07-16,002594.SZ,50.58,53.45,48.0,52.19,50.58,1.61,3.18,184014.39,946006.3509,0.031830763147489005,0.03133466441350266,54.504,54.76800000000001,61.23433333333334,1.1301379839732149
2015-07-17,002594.SZ,52.8,56.5,52.35,55.55,52.19,3.36,6.44,183378.7,996065.5013,0.06438014945391846,0.062392610430317214,54.8,54.1635,61.1955,1.1547974300417094
2015-07-20,002594.SZ,55.55,56.4,53.83,54.99,55.55,-0.56,-1.01,191992.58,1056735.8358,-0.01008100810081003,-0.010132165565915612,53.902,53.818,61.17866666666667,1.118096840453517
2015-07-21,002594.SZ,54.0,56.48,52.5,54.82,54.99,-0.17,-0.31,154057.24,849697.9945,-0.003091471176577598,-0.0030962596450836437,53.626,53.403,61.144,1.1147303726600382
2015-07-22,002594.SZ,55.32,56.8,54.9,55.56,54.82,0.74,1.35,156527.22,874525.5058,0.013498723093761544,0.013408427011503425,54.622,53.001999999999995,61.083333333333336,1.1158329350953409
2015-07-23,002594.SZ,55.56,57.18,54.19,56.58,55.56,1.02,1.84,167036.22,934727.3369,0.018358531317494542,0.018192047987278054,55.5,52.731500000000004,61.075500000000005,1.115817406288451
2015-07-24,002594.SZ,56.7,58.05,55.49,55.59,56.58,-0.99,-1.75,186909.72,1056946.996,-0.017497348886532205,-0.017652236908042882,55.508,52.721500000000006,61.068666666666665,1.0567674265462632
2015-07-27,002594.SZ,53.98,55.49,50.03,50.03,55.59,-5.56,-10.0,181208.18,954348.2597,-0.10001798884691493,-0.10538050346526445,54.516,52.7125,60.94083333333334,1.0567675090476896
2015-07-28,002594.SZ,47.8,50.97,45.5,49.8,50.03,-0.23,-0.46,204326.35,982651.4006,-0.004597241655007078,-0.004607841469506517,53.512,52.440999999999995,60.818333333333335,0.9912216717991267
2015-07-29,002594.SZ,50.68,54.78,49.1,54.78,49.8,4.98,10.0,199882.39,1039550.1686,0.10000000000000009,0.09531017980432493,53.355999999999995,52.530499999999996,60.818,1.045268885807127
2015-07-30,002594.SZ,54.02,55.78,51.18,51.8,54.78,-2.98,-5.44,162351.33,878649.0509,-0.05439941584519903,-0.055935014569494776,52.4,52.657000000000004,60.74616666666667,1.0318667628106752
2015-07-31,002594.SZ,50.98,55.63,50.76,55.6,51.8,3.8,7.34,224725.94,1218020.2072,0.07335907335907343,0.07079305199109939,52.402,52.959500000000006,60.718666666666664,1.0604588351143294
2015-08-03,002594.SZ,54.6,57.84,54.3,57.78,55.6,2.18,3.92,249985.38,1412324.7912,0.03920863309352507,0.03845949378155239,53.952,53.311,60.632,1.0648463649447046
2015-08-04,002594.SZ,57.88,60.48,55.19,59.66,57.78,1.88,3.25,261998.93,1528937.7503,0.032537210107303594,0.0320190840485133,55.924,53.94449999999999,60.6345,1.0213543132446539
2015-08-05,002594.SZ,58.68,62.99,58.41,59.45,59.66,-0.21,-0.35,200543.8,1220519.3311,-0.003519946362722015,-0.003526155949811544,56.85799999999999,54.68300000000001,60.6055,0.9964855008513689
2015-08-06,002594.SZ,58.95,65.4,57.18,65.4,59.45,5.95,10.01,360399.46,2319434.8698,0.1000841042893188,0.09538663532636221,59.577999999999996,55.49550000000001,60.6955,0.9965293867128222
2015-08-07,002594.SZ,67.0,67.71,63.88,65.0,65.4,-0.4,-0.61,338395.92,2222391.4919,-0.006116207951070374,-0.006134988567515944,61.45799999999999,56.04200000000001,60.75566666666667,0.9481446201052298
2015-08-10,002594.SZ,65.95,67.88,63.0,66.81,65.0,1.81,2.78,232231.1,1523307.0819,0.027846153846153854,0.027465500041748844,63.26400000000001,56.408500000000004,60.896,0.8910586382109718
2015-08-11,002594.SZ,65.55,68.58,65.06,65.7,66.81,-1.11,-1.66,204553.49,1357478.4835,-0.016614279299506096,-0.016753844446821153,64.47200000000001,56.883500000000005,61.02183333333333,0.865353161945496
2015-08-12,002594.SZ,64.5,64.92,61.8,61.99,65.7,-3.71,-5.65,174192.32,1102034.5859,-0.056468797564688034,-0.05812584377673686,64.98,57.45400000000001,61.075833333333335,0.8040830255058191
2015-08-13,002594.SZ,61.97,64.2,61.0,63.84,61.99,1.85,2.98,131594.82,828197.5227,0.029843523148894935,0.02940687142772525,64.66799999999999,58.036500000000004,61.148166666666675,0.8034451595842956
2015-08-14,002594.SZ,63.6,66.35,63.6,63.75,63.84,-0.09,-0.14,134380.02,872372.4608,-0.0014097744360902498,-0.0014107691030178229,64.418,58.4465,61.15916666666667,0.7794161036580838
2015-08-17,002594.SZ,62.7,65.23,62.1,64.2,63.75,0.45,0.71,109520.22,699740.8458,0.007058823529411784,0.007034026657379982,63.896,58.907000000000004,61.15416666666667,0.7764981603680565
2015-08-18,002594.SZ,64.18,64.18,57.78,57.78,64.2,-6.42,-10.0,171937.62,1039710.1369,-0.09999999999999998,-0.10536051565782628,62.31200000000001,59.05499999999999,61.065000000000005,0.8672444319572366
2015-08-19,002594.SZ,56.0,59.6,52.2,58.48,57.78,0.7,1.21,166604.95,926777.1501,0.012114918656974671,0.012042120403433816,61.61,59.201,60.993833333333335,0.8670585207667462
2015-08-20,002594.SZ,57.0,57.4,54.0,54.4,58.48,-4.08,-6.98,111732.74,624928.4958,-0.06976744186046513,-0.07232066157962613,59.722,59.092000000000006,60.886833333333335,0.9033560887601385
2015-08-21,002594.SZ,53.0,54.04,49.56,49.8,54.4,-4.6,-8.46,166083.06,852199.7728,-0.0845588235294118,-0.08834916983128974,56.932,58.802499999999995,60.67516666666667,0.9503158258199856
2015-08-24,002594.SZ,47.3,47.3,44.82,44.82,49.8,-4.98,-10.0,161167.87,734111.8083,-0.09999999999999998,-0.10536051565782628,53.056,58.541999999999994,60.346166666666676,0.9502916635914539
2015-08-25,002594.SZ,40.8,45.99,40.34,40.34,44.82,-4.48,-10.0,200305.02,840397.0687,-0.09995537706381075,-0.10531093584671516,49.568,58.068999999999996,59.915333333333336,1.0098122650377597
2015-08-26,002594.SZ,41.6,44.37,39.85,44.37,40.34,4.03,9.99,247529.48,1059971.1823,0.09990084283589473,0.09522003286475227,46.746,57.548500000000004,59.44133333333333,1.009670961309611
2015-08-27,002594.SZ,45.99,48.81,45.99,48.81,44.37,4.44,10.01,209849.09,997453.7899,0.1000676132521976,0.09537164450823815,45.628,57.399,58.98816666666667,1.064038353716819
2015-08-28,002594.SZ,50.5,52.25,47.84,51.01,48.81,2.2,4.51,230969.69,1149489.5536,0.045072730997746335,0.044086482035779036,45.87,57.16949999999999,58.445,1.0424013205424705
2015-08-31,002594.SZ,50.87,52.78,49.0,49.85,51.01,-1.16,-2.27,178550.32,906500.0049,-0.02274063909037438,-0.023003195526987794,46.876,56.773,57.951,1.0328862049045562
2015-09-01,002594.SZ,49.0,49.65,45.32,49.59,49.85,-0.26,-0.52,196694.5,948461.1384,-0.005215646940822438,-0.005229295906804806,48.726,56.26950000000001,57.52833333333333,1.023176059826873
2015-09-02,002594.SZ,47.2,51.5,45.76,45.8,49.59,-3.79,-7.64,135880.24,657789.0227,-0.07642669893123621,-0.07950510938090331,49.012,55.587,57.056000000000004,1.0520026697094758
2015-09-07,002594.SZ,47.8,50.05,47.01,47.69,45.8,1.89,4.13,128832.63,624449.4987,0.04126637554585155,0.040437641189993725,48.788,54.701499999999996,56.586999999999996,0.9885322738341029
2015-09-08,002594.SZ,48.4,51.96,47.26,51.8,47.69,4.11,8.62,148378.95,739834.4457,0.08618158943174659,0.08266841695530429,48.946,54.0415,56.217,1.050408942145199
2015-09-09,002594.SZ,52.58,56.0,52.17,55.5,51.8,3.7,7.14,221248.01,1208202.791,0.0714285714285714,0.06899287148695142,50.076,53.476,55.89366666666667,1.0817156760797462
2015-09-10,002594.SZ,53.8,54.99,52.4,52.7,55.5,-2.8,-5.05,134767.08,724323.4014,-0.05045045045045038,-0.05176756520507211,50.698,52.826,55.509166666666665,1.092315739664849
2015-09-11,002594.SZ,52.53,53.99,51.68,52.85,52.7,0.15,0.28,93250.96,492777.4315,0.002846299810246755,0.0028422567689300737,52.10799999999999,52.36899999999999,55.17550000000001,1.0781134801413246
2015-09-14,002594.SZ,52.85,54.13,47.61,47.85,52.85,-5.0,-9.46,133426.59,672308.5755,-0.09460737937559127,-0.09938659441728334,52.14,51.569500000000005,54.791333333333334,1.113560934548732
2015-09-15,002594.SZ,46.7,49.4,46.24,47.15,47.85,-0.7,-1.46,97655.8,465990.8972,-0.014629049111807846,-0.014737108819496882,51.21,50.73950000000001,54.44983333333334,1.1128882982063677
2015-09-16,002594.SZ,48.02,51.87,47.31,51.87,47.15,4.72,10.01,135238.34,671951.2248,0.1001060445387063,0.09540657928384237,50.484,50.123000000000005,54.282666666666664,1.181601213142629
2015-09-17,002594.SZ,53.0,56.21,52.61,52.85,51.87,0.98,1.89,241314.43,1317726.179,0.018893387314440124,0.01871712395293799,50.514,49.8765,54.1115,1.1331551707408976
2015-09-18,002594.SZ,54.0,56.8,53.47,55.18,52.85,2.33,4.41,184409.1,1019277.4115,0.044087038789025534,0.04314285647289338,50.98,49.7115,53.9715,1.144076715202594
2015-09-21,002594.SZ,54.5,56.75,53.23,56.07,55.18,0.89,1.61,150531.06,831851.5861,0.016129032258064502,0.01600034134644112,52.624,49.795,53.87283333333333,1.1152932739512371
2015-09-22,002594.SZ,56.05,56.66,54.51,55.24,56.07,-0.83,-1.48,111336.38,617916.7961,-0.014802924915284454,-0.014913581594489777,54.242,50.06699999999999,53.86366666666667,1.0684399310579928
2015-09-23,002594.SZ,54.6,60.76,54.2,59.01,55.24,3.77,6.82,234872.83,1382839.7015,0.06824764663287475,0.06601959252798605,55.669999999999995,50.7765,54.01033333333333,1.0095046910609016
2015-09-24,002594.SZ,59.5,59.75,56.88,57.8,59.01,-1.21,-2.05,160829.67,933405.3376,-0.020504999152686,-0.02071814539074562,56.660000000000004,51.6495,54.05316666666667,0.9245222412391298
2015-09-25,002594.SZ,57.67,60.18,56.28,58.52,57.8,0.72,1.25,176073.97,1034477.5489,0.012456747404844482,0.012379800473591962,57.327999999999996,52.35699999999999,54.14533333333334,0.8747307932267934
2015-09-28,002594.SZ,59.2,62.6,58.85,61.8,58.52,3.28,5.6,175365.07,1067749.8464,0.05604921394395057,0.05453478831172132,58.474000000000004,53.0065,54.354166666666664,0.8310664527346364
2015-09-29,002594.SZ,60.45,62.5,59.55,61.08,61.8,-0.72,-1.17,130593.53,793899.2622,-0.011650485436893177,-0.011718884113213375,59.641999999999996,53.510000000000005,54.54633333333333,0.8265643096887185
2015-09-30,002594.SZ,63.05,64.0,59.5,60.01,61.08,-1.07,-1.75,153533.78,948363.0467,-0.017518009168303816,-0.017673265349010158,59.842,54.01800000000001,54.70066666666666,0.8239965299834435
2015-10-08,002594.SZ,63.13,64.8,60.6,60.68,60.01,0.67,1.12,245787.96,1535450.7259,0.01116480586568902,0.011102939478909989,60.418000000000006,54.57249999999999,54.92883333333334,0.821876796541361
2015-10-09,002594.SZ,60.7,62.18,59.25,60.94,60.68,0.26,0.43,149604.16,907526.4673,0.00428477257745552,0.004275619077231502,60.902,55.329499999999996,55.19983333333333,0.7546513027397418
2015-10-12,002594.SZ,61.1,63.99,58.5,59.46,60.94,-1.48,-2.43,433964.93,2661699.2723,-0.024286183130948436,-0.024585955987611322,60.43399999999999,55.918000000000006,55.37166666666666,0.7607557873144433
2015-10-13,002594.SZ,58.99,60.5,58.16,60.46,59.46,1.0,1.68,199954.56,1191402.0368,0.016818028927009676,0.016678171781360294,60.31,56.351,55.47816666666667,0.709362961560403
2015-10-14,002594.SZ,60.45,60.46,58.35,58.65,60.46,-1.81,-2.99,170178.91,1006418.482,-0.029937148527952373,-0.030394414251827533,60.038,56.50849999999999,55.464333333333336,0.681176179146899
2015-10-15,002594.SZ,58.3,60.64,58.2,60.35,58.65,1.7,2.9,170151.65,1019440.3927,0.02898550724637694,0.028573372444056163,59.972,56.891000000000005,55.5335,0.6553948980168331
2015-10-16,002594.SZ,60.9,62.51,59.81,60.6,60.35,0.25,0.41,200108.47,1219171.0359,0.0041425020712511085,0.004133945531728332,59.903999999999996,57.278499999999994,55.7005,0.6552861709798713
2015-10-19,002594.SZ,61.5,66.66,61.37,66.66,60.6,6.06,10.0,323398.46,2074792.553,0.09999999999999987,0.09531017980432474,61.34400000000001,58.21900000000001,55.94166666666667,0.615306586660727
2015-10-20,002594.SZ,68.88,68.97,64.51,66.22,66.66,-0.44,-0.66,327913.04,2168912.5038,-0.0066006600660065695,-0.006622540760493382,62.496,59.1725,56.1195,0.6104039034466927
2015-10-21,002594.SZ,65.51,65.95,59.6,59.75,66.22,-6.47,-9.77,338379.39,2113130.2668,-0.09770462096043486,-0.10281334130748011,62.71600000000001,59.566500000000005,56.19883333333333,0.6586050742305688
2015-10-22,002594.SZ,59.79,62.31,57.69,61.44,59.75,1.69,2.83,306107.23,1846113.3323,0.028284518828451954,0.02789189802779675,62.93399999999999,59.995999999999995,56.30916666666667,0.6615189390052564
2015-10-23,002594.SZ,63.01,64.66,61.7,62.69,61.44,1.25,2.03,301703.12,1898851.2976,0.02034505208333326,0.020140856446460353,63.352,60.371500000000005,56.428000000000004,0.6497870918800641
2015-10-26,002594.SZ,64.0,68.96,62.75,68.96,62.69,6.27,10.0,633458.53,4287444.5859,0.10001595150741749,0.09532468106956055,63.812,61.016,56.63433333333333,0.7285392587080375
2015-10-27,002594.SZ,68.2,69.19,65.0,68.35,68.96,-0.61,-0.88,295275.22,2002712.7247,-0.008845707656612523,-0.008885063185479084,64.238,61.671499999999995,56.847,0.7260011031586552
2015-10-28,002594.SZ,68.27,71.7,67.33,68.81,68.35,0.46,0.67,309746.25,2164859.1358,0.006730065837600607,0.006707520044429944,66.05,62.161500000000004,57.16,0.6945963849701583
2015-10-29,002594.SZ,69.5,69.85,66.38,68.89,68.81,0.08,0.12,188263.72,1274021.7348,0.0011626217119604654,0.0011619463907159844,67.53999999999999,62.715999999999994,57.47816666666667,0.6867638719965073
2015-10-30,002594.SZ,68.15,69.76,65.8,67.1,68.89,-1.79,-2.6,183150.35,1243187.512,-0.02598345187980844,-0.02632698562746842,68.422,63.145,57.6835,0.6981738666144113
2015-11-02,002594.SZ,66.0,66.88,63.0,63.66,67.1,-3.44,-5.13,217540.84,1417507.3917,-0.05126676602086433,-0.05262762212368929,67.362,63.238,57.881166666666665,0.7036541580316924
2015-11-03,002594.SZ,63.81,66.18,62.4,65.49,63.66,1.83,2.87,200332.47,1291132.7479,0.02874646559849192,0.028341037376015385,66.78999999999999,63.458499999999994,58.046,0.7075503454271428
2015-11-04,002594.SZ,65.4,70.23,65.02,69.9,65.49,4.41,6.73,308797.34,2079295.1199,0.06733852496564374,0.06516819000980248,67.008,63.952999999999996,58.248000000000005,0.7361786429194206
2015-11-05,002594.SZ,69.0,69.5,67.2,67.3,69.9,-2.6,-3.72,267191.8,1820855.7898,-0.0371959942775395,-0.037905412589082615,66.69,64.284,58.37533333333333,0.7538081121778505
2015-11-06,002594.SZ,66.8,68.8,66.6,67.75,67.3,0.45,0.67,251361.58,1695306.5367,0.006686478454680511,0.0066642231091281375,66.82000000000001,64.6245,58.51366666666667,0.7537732026528909
2015-11-09,002594.SZ,67.15,73.05,66.7,71.6,67.75,3.85,5.68,352803.68,2465833.6541,0.05682656826568255,0.05527061420678955,68.40799999999999,65.2315,58.617,0.7649239387387778
2015-11-10,002594.SZ,71.0,71.25,68.88,69.8,71.6,-1.8,-2.51,260700.73,1823695.1065,-0.025139664804469275,-0.025461064198273143,69.27,65.6985,58.696999999999996,0.774711309151173
2015-11-11,002594.SZ,70.0,71.02,67.4,68.8,69.8,-1.0,-1.43,265269.81,1825453.9918,-0.014326647564469885,-0.014430264829028783,69.05,66.206,58.73016666666667,0.7664217323525444
2015-11-12,002594.SZ,68.95,71.28,68.0,70.6,68.8,1.8,2.62,322355.57,2256188.8798,0.026162790697674465,0.02582639955989846,69.71,66.71849999999999,58.81183333333333,0.7655158157275432
2015-11-13,002594.SZ,70.0,74.83,68.18,70.7,70.6,0.1,0.14,402411.95,2876014.4318,0.0014164305949009304,0.0014154284033307597,70.3,67.2235,58.957,0.7658048773904579
2015-11-16,002594.SZ,68.5,69.8,68.19,69.49,70.7,-1.21,-1.71,195330.44,1348563.8626,-0.017114568599717273,-0.017262715576291252,69.878,67.365,59.05116666666666,0.6899667920502074
2015-11-17,002594.SZ,70.3,70.6,66.7,67.88,69.49,-1.61,-2.32,302548.36,2077666.4365,-0.02316880126636922,-0.023441416960210373,69.494,67.448,59.12,0.6955013737314947
2015-11-18,002594.SZ,67.95,68.8,65.67,66.18,67.88,-1.7,-2.5,187859.14,1258937.8689,-0.025044195639363442,-0.025363137872559317,68.97,67.7695,59.153,0.5981522906351804
2015-11-19,002594.SZ,66.5,68.67,65.5,68.4,66.18,2.22,3.35,175349.25,1170532.6542,0.03354487760652769,0.03299452213503871,68.53,68.1175,59.33,0.6010614355086089
2015-11-20,002594.SZ,68.12,68.2,66.27,66.6,68.4,-1.8,-2.63,169425.48,1133723.9024,-0.026315789473684403,-0.026668247082161523,67.71,68.313,59.46533333333333,0.6091039588870069
2015-11-23,002594.SZ,66.0,66.99,64.7,64.9,66.6,-1.7,-2.55,171631.87,1126657.6908,-0.02552552552552534,-0.02585695383629895,66.792,68.11,59.64033333333334,0.4988820496179064
2015-11-24,002594.SZ,64.99,64.99,62.86,64.51,64.9,-0.39,-0.6,187262.28,1194439.5237,-0.006009244992295826,-0.006027373165893993,66.11800000000001,67.918,59.8855,0.49850993279589517
2015-11-25,002594.SZ,64.2,65.69,63.82,65.12,64.51,0.61,0.95,157092.62,1019115.4698,0.009455898310339439,0.009411471150134512,65.90599999999999,67.73349999999999,60.22383333333333,0.4992671175060923
2015-11-26,002594.SZ,65.5,65.7,63.68,63.73,65.12,-1.39,-2.13,156347.91,1009955.2891,-0.021345208845208963,-0.021576312368082225,64.97200000000001,67.4755,60.61366666666667,0.5035781478126515
2015-11-27,002594.SZ,63.05,64.43,60.0,60.3,63.73,-3.43,-5.38,201411.8,1257538.7967,-0.05382080652753807,-0.05532330559306301,63.712,67.1355,60.87916666666667,0.529170606361668
2015-11-30,002594.SZ,60.8,62.83,58.28,62.68,60.3,2.38,3.95,203184.11,1241626.3646,0.03946932006633497,0.038710313754680294,63.26800000000001,67.0865,61.11033333333333,0.5214678047719092
2015-12-01,002594.SZ,62.65,62.67,61.35,61.95,62.68,-0.73,-1.16,90904.49,562915.2533,-0.011646458200382792,-0.011714809412668519,62.75600000000001,66.90950000000001,61.29266666666667,0.5112714003811186
2015-12-02,002594.SZ,61.75,63.55,61.5,63.12,61.95,1.17,1.89,120695.69,756385.4651,0.018886198547215516,0.01871006846246737,62.35600000000001,66.5705,61.51383333333333,0.4488772251197945
2015-12-03,002594.SZ,63.11,63.89,62.61,63.29,63.12,0.17,0.27,115975.73,732490.207,0.002693282636248462,0.002689662249595232,62.267999999999994,66.36999999999999,61.74216666666666,0.4326264008496872
2015-12-04,002594.SZ,63.15,63.15,61.51,61.82,63.29,-1.47,-2.32,109078.26,679399.3651,-0.02322641807552539,-0.02350040208324377,62.572,66.0735,62.009166666666665,0.43701187076907233
2015-12-07,002594.SZ,61.84,63.0,61.2,62.06,61.82,0.24,0.39,95078.12,590640.1921,0.003882238757683565,0.0038747223162638586,62.448,65.5965,62.248666666666665,0.3749341832905128
2015-12-08,002594.SZ,61.8,61.93,60.0,60.3,62.06,-1.76,-2.84,104372.48,635856.9043,-0.028359651949726117,-0.02876955528709443,62.11800000000001,65.1215,62.39033333333334,0.3771839703038095
2015-12-09,002594.SZ,59.87,63.49,59.58,62.88,60.3,2.58,4.28,210746.4,1313684.5711,0.042786069651741476,0.04189604438781152,62.07000000000001,64.8255,62.513333333333335,0.4150868968394123
2015-12-10,002594.SZ,63.5,63.98,62.21,62.42,62.88,-0.46,-0.73,130993.49,825302.1399,-0.007315521628498689,-0.007342411278317695,61.896,64.4165,62.675333333333334,0.39935861262728034
2015-12-11,002594.SZ,62.15,62.45,60.62,61.59,62.42,-0.83,-1.33,99867.46,610441.9581,-0.013297020185837893,-0.013386217143681498,61.85,63.961,62.821,0.3992288864900256
2015-12-14,002594.SZ,60.8,62.0,60.51,62.0,61.59,0.41,0.67,81755.42,501215.13,0.006656924825458654,0.006634865346139637,61.838,63.5865,63.05683333333333,0.3998211095131833
2015-12-15,002594.SZ,62.14,63.21,62.14,62.56,62.0,0.56,0.9,102443.72,643587.3969,0.00903225806451613,0.008991711191964086,62.290000000000006,63.3205,63.31366666666666,0.39715421343775675
2015-12-16,002594.SZ,62.6,63.0,62.03,62.9,62.56,0.34,0.54,77039.28,482091.1614,0.005434782608695565,0.005420067469339113,62.294000000000004,63.15650000000001,63.497499999999995,0.39017993222717273
2015-12-17,002594.SZ,62.99,64.42,62.98,63.8,62.9,0.9,1.43,146785.76,936837.0823,0.014308426073131875,0.014207026644349276,62.57000000000001,62.9265,63.68,0.3723402495335248
2015-12-18,002594.SZ,63.7,63.89,62.51,63.79,63.8,-0.01,-0.02,139513.04,882077.7951,-0.00015673981191222097,-0.0001567520968802526,63.010000000000005,62.786,63.8235,0.3622542745455073
2015-12-21,002594.SZ,63.85,64.88,62.6,63.02,63.79,-0.77,-1.21,184738.4,1181361.8677,-0.012070857501175647,-0.012144301924735305,63.214,62.69199999999999,63.93933333333334,0.3536648587160704
2015-12-22,002594.SZ,63.1,63.26,62.05,62.82,63.02,-0.2,-0.32,104192.64,651366.0661,-0.0031735956839099577,-0.0031786422186281483,63.266,62.607499999999995,64.06566666666666,0.3532998953641955
2015-12-23,002594.SZ,63.0,63.1,62.0,62.03,62.82,-0.79,-1.26,96203.18,600272.2824,-0.012575612862145813,-0.012655355125474324,63.092,62.452999999999996,64.116,0.3532326684678541
2015-12-24,002594.SZ,63.0,64.51,62.75,63.47,62.03,1.44,2.32,211588.07,1353368.3873,0.023214573593422605,0.02294921433335264,63.025999999999996,62.44,64.2105,0.3565841187250408
2015-12-25,002594.SZ,63.5,63.95,62.58,63.45,63.47,-0.02,-0.03,100884.58,638018.5736,-0.0003151095005513582,-0.0003151591579819865,62.95799999999999,62.597500000000004,64.29266666666666,0.29459245574998033
2015-12-28,002594.SZ,63.45,64.17,62.05,62.14,63.45,-1.31,-2.06,126179.17,797895.7182,-0.020646178092986633,-0.020862290195495355,62.782000000000004,62.5705,64.29833333333333,0.2714842448852955
2015-12-29,002594.SZ,62.1,65.45,61.3,64.55,62.14,2.41,3.88,194985.23,1241166.2875,0.03878339233987771,0.038050213327750174,63.128,62.7005,64.35616666666667,0.3009348902547723
2015-12-30,002594.SZ,65.0,67.0,65.0,66.0,64.55,1.45,2.25,223650.46,1478921.0734,0.022463206816421444,0.022214624733774103,63.922000000000004,62.844500000000004,64.456,0.30381527900015265
2015-12-31,002594.SZ,66.01,66.95,64.01,64.4,66.0,-1.6,-2.42,143745.04,938969.6476,-0.024242424242424176,-0.024541108916117545,64.108,62.9,64.518,0.3181825113468441
2016-01-04,002594.SZ,64.4,64.4,58.4,58.76,64.4,-5.64,-8.76,114880.14,709177.5866,-0.08757763975155286,-0.09165228180463145,63.17,62.747,64.48166666666667,0.4414444223522635
2016-01-05,002594.SZ,55.8,60.61,55.8,59.35,58.76,0.59,1.0,166704.92,983037.0613,0.010040844111640634,0.00999076975000055,62.612,62.6115,64.47983333333333,0.4431003381209155
2016-01-06,002594.SZ,59.5,60.78,59.37,60.42,59.35,1.07,1.8,98824.86,594339.8698,0.018028643639427022,0.01786805490284878,61.786,62.61750000000001,64.47916666666667,0.43684290305393547
2016-01-07,002594.SZ,59.0,59.47,55.0,55.41,60.42,-5.01,-8.29,41293.1,236717.5525,-0.08291956305858994,-0.08656009307926772,59.668000000000006,62.24399999999999,64.42516666666667,0.49882752294647426
2016-01-08,002594.SZ,58.0,60.68,56.7,59.43,55.41,4.02,7.26,203567.18,1201830.6845,0.0725500812127775,0.07003906649931099,58.674,62.094500000000004,64.40983333333334,0.57098349141834
2016-01-11,002594.SZ,57.99,60.99,57.2,57.88,59.43,-1.55,-2.61,200493.5,1184370.7886,-0.0260811038196197,-0.026427247615286118,58.498000000000005,61.90899999999999,64.36449999999999,0.5761704449604406
2016-01-12,002594.SZ,58.75,60.18,57.95,59.82,57.88,1.94,3.35,153174.36,909233.3424,0.033517622667588176,0.03296815143851891,58.592,61.8,64.2505,0.5895428921232929
2016-01-13,002594.SZ,60.48,61.3,57.36,57.36,59.82,-2.46,-4.11,148988.71,881214.0375,-0.04112337011033096,-0.041992856910437006,57.98,61.54,64.10283333333334,0.6047736811928295
2016-01-14,002594.SZ,56.5,59.98,56.3,59.9,57.36,2.54,4.43,146238.55,853221.3133,0.04428172942817299,0.04332930883003879,58.878,61.39,64.10533333333333,0.6277766914130484
2016-01-15,002594.SZ,59.01,59.8,57.02,58.05,59.9,-1.85,-3.09,109584.0,639074.9572,-0.03088480801335558,-0.03137179697750315,58.602,61.1025,64.04883333333333,0.6329814154215782
2016-01-18,002594.SZ,57.01,58.6,56.52,57.68,58.05,-0.37,-0.64,105704.97,607753.5816,-0.006373815676141259,-0.00639421516720687,58.562,60.797000000000004,63.965333333333334,0.63287269704263
2016-01-19,002594.SZ,57.5,59.1,56.98,58.87,57.68,1.19,2.06,137399.99,798925.2821,0.020631067961164984,0.020421130063476293,58.372,60.5895,63.79716666666666,0.6381400378600105
2016-01-20,002594.SZ,59.0,59.7,57.1,57.74,58.87,-1.13,-1.92,113692.67,663507.6674,-0.019194836079497124,-0.019381448805380883,58.448,60.3355,63.62033333333333,0.6408526379394874
2016-01-21,002594.SZ,57.1,58.3,56.0,56.02,57.74,-1.72,-2.98,115329.17,660993.1444,-0.029788708001385555,-0.030241404402826605,57.672000000000004,60.035000000000004,63.40716666666666,0.6469971302521704
2016-01-22,002594.SZ,56.2,56.85,53.4,55.16,56.02,-0.86,-1.54,123017.58,677639.106,-0.015351660121385335,-0.01547071690686152,57.09400000000001,59.6195,63.178333333333335,0.6397003899400336
2016-01-25,002594.SZ,55.7,56.0,54.25,55.0,55.16,-0.16,-0.29,89777.12,494629.2683,-0.0029006526468454696,-0.0029048676926300733,56.55799999999999,59.197,62.976666666666674,0.6394501627343353
2016-01-26,002594.SZ,54.17,54.89,49.5,49.97,55.0,-5.03,-9.15,151616.15,787099.0756,-0.09145454545454546,-0.09591035987635728,54.778,58.588499999999996,62.7485,0.7063589005767711
2016-01-27,002594.SZ,50.48,50.68,45.01,48.18,49.97,-1.79,-3.58,132860.38,632329.6575,-0.03582149289573744,-0.036478828169388335,52.866,57.769999999999996,62.46,0.68758195050785
2016-01-28,002594.SZ,47.0,48.2,45.07,45.3,48.18,-2.88,-5.98,94022.02,439850.3734,-0.05977584059775842,-0.06163696469773699,50.721999999999994,56.735,62.05,0.6923093300125222
2016-01-29,002594.SZ,45.2,48.4,45.2,47.59,45.3,2.29,5.06,105753.49,494660.8506,0.05055187637969105,0.04931562264403085,49.208,55.89450000000001,61.7215,0.7326952861915246
2016-02-01,002594.SZ,47.85,49.58,47.3,48.6,47.59,1.01,2.12,116492.75,567275.3911,0.021222945997058096,0.021000875773428886,47.928,55.38649999999999,61.40233333333333,0.6881815275701123
2016-02-02,002594.SZ,48.61,50.79,48.6,50.46,48.6,1.86,3.83,105173.34,528591.539,0.03827160493827164,0.03755741230646364,48.025999999999996,54.94199999999999,61.05,0.7053735412580848
2016-02-03,002594.SZ,50.39,50.68,49.73,50.41,50.46,-0.05,-0.1,66779.99,334550.9351,-0.0009908838684107302,-0.0009913751183723205,48.471999999999994,54.4415,60.72683333333334,0.6995830364837359
2016-02-04,002594.SZ,51.0,52.3,50.71,51.21,50.41,0.8,1.59,71640.66,369396.7081,0.015869867089863154,0.015745257379919494,49.654,54.231500000000004,60.43366666666667,0.645190058445711
2016-02-05,002594.SZ,51.5,51.9,50.01,50.07,51.21,-1.14,-2.23,65890.92,333300.4346,-0.022261277094317578,-0.0225127991326056,50.15,53.7635,60.0915,0.5823814462816437
2016-02-15,002594.SZ,48.19,50.47,47.9,50.0,50.07,-0.07,-0.14,52054.95,256365.4964,-0.0013980427401637519,-0.0013990209137073222,50.42999999999999,53.3695,59.7465,0.5787308533506405
2016-02-16,002594.SZ,50.25,52.63,50.25,52.08,50.0,2.08,4.16,80021.15,415262.2286,0.04159999999999986,0.04075799247216761,50.754000000000005,52.982499999999995,59.45633333333333,0.5868253331459234
2016-02-17,002594.SZ,52.2,54.98,52.2,53.81,52.08,1.73,3.32,129986.86,700028.0664,0.03321812596006146,0.03267832560101449,51.434000000000005,52.80500000000001,59.22183333333333,0.5875530654388463
2016-02-18,002594.SZ,54.61,54.76,53.1,53.25,53.81,-0.56,-1.04,67409.5,361546.2454,-0.010406987548782776,-0.010461518911793805,51.842,52.472500000000004,59.00633333333334,0.5612465995538866
2016-02-19,002594.SZ,53.9,55.25,53.5,54.29,53.25,1.04,1.95,93274.95,506556.6954,0.019530516431924827,0.019342243327825172,52.686,52.2845,58.771166666666666,0.5592467042055493
2016-02-22,002594.SZ,55.2,55.5,54.01,54.51,54.29,0.22,0.41,109220.75,597064.4712,0.004052311659605845,0.004044123158829814,53.588,52.126,58.56966666666667,0.559572935432642
2016-02-23,002594.SZ,54.76,55.71,54.05,54.7,54.51,0.19,0.35,99202.18,543904.058,0.003485598972665649,0.003479538351746096,54.112,51.917500000000004,58.39966666666667,0.5535640225162365
2016-02-24,002594.SZ,54.23,55.25,53.02,55.02,54.7,0.32,0.59,99757.6,541977.6448,0.005850091407678226,0.005833046068492942,54.354,51.78150000000001,58.241499999999995,0.5510250874577697
2016-02-25,002594.SZ,56.03,56.65,51.15,51.8,55.02,-3.22,-5.85,213720.12,1169319.5293,-0.058524173027989956,-0.06030660623099125,54.064,51.5705,58.0195,0.5790925144043414
2016-02-26,002594.SZ,52.81,53.09,51.22,52.35,51.8,0.55,1.06,88412.62,462164.3787,0.010617760617760652,0.010561788051108521,53.676,51.42999999999999,57.82983333333333,0.5792384837793935
2016-02-29,002594.SZ,53.1,53.3,49.0,50.51,52.35,-1.84,-3.51,124177.34,630542.5892,-0.035148042024832904,-0.03578060083658471,52.876,51.205499999999994,57.666666666666664,0.5911191272023872
2016-03-01,002594.SZ,50.54,51.88,50.08,51.54,50.51,1.03,2.04,80229.88,409803.5939,0.0203920015838448,0.020186868744257812,52.24399999999999,51.28399999999999,57.480999999999995,0.49630353312844344
2016-03-02,002594.SZ,51.09,54.21,51.09,53.9,51.54,2.36,4.58,118288.17,623608.1316,0.045789677920062166,0.04477227269073254,52.02,51.57000000000001,57.34683333333333,0.4983212216605509
2016-03-03,002594.SZ,54.0,54.92,53.55,53.58,53.9,-0.32,-0.59,97766.04,529712.8847,-0.005936920222634479,-0.0059546137984887604,52.376,51.984,57.18783333333333,0.4367723451430815
2016-03-04,002594.SZ,53.41,55.0,52.75,53.7,53.58,0.12,0.22,115790.03,625504.3132,0.002239641657334923,0.0022371373983564205,52.646,52.2895,57.028000000000006,0.4082385902358823
2016-03-07,002594.SZ,54.53,54.99,53.62,53.95,53.7,0.25,0.47,68695.2,371520.5169,0.004655493482309092,0.00464469018932463,53.334,52.556999999999995,56.89683333333333,0.4044642714297467
2016-03-08,002594.SZ,54.0,54.0,51.55,53.11,53.95,-0.84,-1.56,77846.8,408570.936,-0.015569972196478266,-0.015692457269835924,53.648,52.689499999999995,56.74766666666667,0.39163425204529667
2016-03-09,002594.SZ,52.12,52.7,51.8,52.0,53.11,-1.11,-2.09,56794.26,296179.734,-0.020900018828845734,-0.021121515852880374,53.26800000000001,52.76899999999999,56.60933333333333,0.40050198306141505
2016-03-10,002594.SZ,52.0,52.45,51.25,51.5,52.0,-0.5,-0.96,52084.23,268636.2849,-0.009615384615384581,-0.009661910911736859,52.852,52.78349999999999,56.419666666666664,0.3988896173105167
2016-03-11,002594.SZ,51.4,52.1,50.62,51.26,51.5,-0.24,-0.47,40147.69,205633.4754,-0.004660194174757271,-0.0046710867337654,52.364,52.842999999999996,56.233666666666664,0.39032080744862796
2016-03-14,002594.SZ,52.1,54.0,51.62,53.33,51.26,2.07,4.04,97799.23,519334.8282,0.04038236441669918,0.03958830367658579,52.239999999999995,53.0095,56.096000000000004,0.41373113204463
2016-03-15,002594.SZ,53.2,55.49,53.2,54.44,53.33,1.11,2.08,161424.19,880730.7525,0.0208138008625538,0.02060015317075437,52.50599999999999,53.1275,55.970000000000006,0.39451090601815353
2016-03-16,002594.SZ,54.62,54.75,52.9,53.0,54.44,-1.44,-2.65,86341.95,462486.0074,-0.02645113886847905,-0.02680726423114348,52.705999999999996,53.087,55.81066666666667,0.38974396962106483
2016-03-17,002594.SZ,53.68,55.3,53.28,55.06,53.0,2.06,3.89,143350.13,783634.2803,0.0388679245283019,0.038131586162339436,53.41799999999999,53.177499999999995,55.68,0.41171003471171463
2016-03-18,002594.SZ,55.06,57.39,55.06,56.95,55.06,1.89,3.43,150854.03,855458.1175,0.03432618961133316,0.033750190178729954,54.556,53.310500000000005,55.56583333333333,0.4232567213245451
2016-03-21,002594.SZ,57.66,57.86,56.02,57.03,56.95,0.08,0.14,142481.92,810929.5443,0.0014047410008779515,0.0014037552752563266,55.29600000000001,53.4365,55.45316666666667,0.4232516302003228
2016-03-22,002594.SZ,56.9,58.2,56.1,57.71,57.03,0.68,1.19,132023.36,758552.8201,0.011923549009293266,0.011853023554427482,55.95,53.587,55.36466666666667,0.42454334749096595
2016-03-23,002594.SZ,57.2,57.98,56.68,57.3,57.71,-0.41,-0.71,82493.42,472493.4247,-0.007104487957026562,-0.007129845002181225,56.81,53.701,55.272666666666666,0.4258873810422441
2016-03-24,002594.SZ,56.9,58.39,56.1,56.48,57.3,-0.82,-1.43,91007.98,518424.8897,-0.01431064572425833,-0.014414030535707285,57.09400000000001,53.935,55.180166666666665,0.36686092842009954
2016-03-25,002594.SZ,56.48,57.61,56.1,56.96,56.48,0.48,0.85,81350.57,462177.833,0.008498583569405138,0.008462673918733728,57.096000000000004,54.165499999999994,55.07166666666667,0.36647571113214483
2016-03-28,002594.SZ,57.57,59.86,57.2,58.05,56.96,1.09,1.91,140569.2,824880.2573,0.019136235955056202,0.0189554410401802,57.3,54.542500000000004,54.98166666666667,0.3381881786019479
2016-03-29,002594.SZ,58.3,59.38,56.86,56.87,58.05,-1.18,-2.03,145902.0,844984.5297,-0.02032730404823424,-0.020536746825192156,57.132000000000005,54.809000000000005,54.89383333333333,0.3478610385474997
2016-03-30,002594.SZ,57.15,58.92,57.15,58.8,56.87,1.93,3.39,104241.55,605828.1355,0.033937049410937226,0.03337389358587293,57.431999999999995,55.053999999999995,54.797999999999995,0.33166636528858173
2016-03-31,002594.SZ,58.83,59.77,58.38,58.81,58.8,0.01,0.02,101934.15,601474.5963,0.0001700680272109789,0.00017005356728346354,57.898,55.31550000000001,54.67816666666667,0.3298047205592457
2016-04-01,002594.SZ,58.79,58.8,57.26,58.3,58.81,-0.51,-0.87,58376.44,338765.969,-0.008671994558748564,-0.008709815115417963,58.166,55.545500000000004,54.576499999999996,0.3332160586973317
2016-04-05,002594.SZ,59.18,60.23,58.53,58.97,58.3,0.67,1.15,143295.41,853440.9613,0.011492281303602025,0.01142674665596604,58.35,55.7965,54.580000000000005,0.33418823932732866
2016-04-06,002594.SZ,58.54,58.95,57.9,58.35,58.97,-0.62,-1.05,96696.31,563382.6699,-0.010513820586738998,-0.010569481279847753,58.646,56.0585,54.56333333333334,0.3305898949472005
2016-04-07,002594.SZ,58.48,58.66,56.69,57.05,58.35,-1.3,-2.23,88805.72,510245.3065,-0.02227934875749793,-0.02253128242448042,58.29600000000001,56.311,54.50716666666666,0.33205174834814183
2016-04-08,002594.SZ,56.6,57.95,56.57,57.7,57.05,0.65,1.14,71666.21,410464.8402,0.011393514460999121,0.01132909720596923,58.074,56.621,54.54533333333334,0.3282647774239195
2016-04-11,002594.SZ,57.7,58.83,57.41,57.83,57.7,0.13,0.23,84675.9,491337.522,0.002253032928942744,0.0022504986560729487,57.98,56.9495,54.51866666666667,0.32622560761576164
2016-04-12,002594.SZ,57.75,58.4,56.8,57.9,57.83,0.07,0.12,89768.73,516656.7256,0.0012104444060176967,0.0012097124088227282,57.766,57.178,54.519,0.30047880041086056
2016-04-13,002594.SZ,58.6,59.33,58.43,58.59,57.9,0.69,1.19,119290.95,702845.5357,0.011917098445595853,0.011846648977747697,57.814,57.38549999999999,54.4985,0.29560934240470527
2016-04-14,002594.SZ,58.8,59.08,58.33,58.75,58.59,0.16,0.27,65735.34,385405.5434,0.0027308414405187165,0.0027271194675709425,58.153999999999996,57.67299999999999,54.52166666666666,0.27324718770626183
2016-04-15,002594.SZ,58.59,58.89,57.6,58.24,58.75,-0.51,-0.87,65158.69,379621.9933,-0.008680851063829764,-0.00871874913583779,58.262,57.831999999999994,54.494,0.2466081428593802
2016-04-18,002594.SZ,58.27,60.18,57.66,60.02,58.24,1.78,3.06,125881.02,743192.1942,0.030563186813186816,0.03010543612379053,58.7,57.98549999999999,54.526833333333336,0.24054022024269303
2016-04-19,002594.SZ,59.76,65.5,59.66,62.44,60.02,2.42,4.03,228641.52,1433670.5301,0.04031989336887687,0.03952825563501009,59.608000000000004,58.25599999999999,54.60616666666667,0.27489185021219165
2016-04-20,002594.SZ,62.0,62.31,58.05,60.21,62.44,-2.23,-3.57,171497.32,1039526.6371,-0.0357142857142857,-0.03636764417087483,59.931999999999995,58.38099999999999,54.6285,0.30823655354957963
2016-04-21,002594.SZ,60.01,63.8,59.77,62.13,60.21,1.92,3.19,154117.8,961752.3433,0.03188839063278537,0.031390512599246134,60.608000000000004,58.6225,54.701666666666675,0.3231701608828756
2016-04-22,002594.SZ,61.27,62.99,60.67,61.9,62.13,-0.23,-0.37,88989.6,551830.7476,-0.003701915338805817,-0.0037087843850521526,61.339999999999996,58.893499999999996,54.79966666666667,0.3172281303030569
2016-04-25,002594.SZ,61.91,62.0,60.0,60.75,61.9,-1.15,-1.86,88199.6,535873.8365,-0.018578352180936952,-0.018753097469892538,61.486000000000004,59.08299999999999,54.89283333333333,0.327416231177435
2016-04-26,002594.SZ,60.5,62.96,60.5,62.03,60.75,1.28,2.11,72850.94,452928.6436,0.021069958847736547,0.02085105676436825,61.403999999999996,59.282,55.01,0.32871612499878244
2016-04-27,002594.SZ,62.5,63.29,62.03,62.33,62.03,0.3,0.48,91475.18,573415.7432,0.004836369498629756,0.0048247118357331205,61.827999999999996,59.55500000000001,55.216,0.31640492799997694
2016-04-28,002594.SZ,62.57,62.79,60.51,61.89,62.33,-0.44,-0.71,76025.05,467163.4768,-0.007059201026792805,-0.007084235069489004,61.779999999999994,59.709500000000006,55.4445,0.2993048134654208
2016-04-29,002594.SZ,62.2,64.61,62.2,63.71,61.89,1.82,2.94,161383.31,1029449.9092,0.029407012441428293,0.02898292037712663,62.141999999999996,59.954499999999996,55.751333333333335,0.31363470710341534
2016-05-03,002594.SZ,63.8,64.32,62.77,64.3,63.71,0.59,0.93,135670.26,864598.7198,0.009260712603986754,0.00921809511517682,62.852,60.25449999999999,56.029833333333336,0.3103198370392941
2016-05-04,002594.SZ,63.93,64.69,63.37,63.55,64.3,-0.75,-1.17,96593.07,617598.4853,-0.011664074650077794,-0.01173263360811068,63.15599999999999,60.48349999999999,56.278999999999996,0.31483737621069285
2016-05-05,002594.SZ,63.51,63.55,62.6,63.47,63.55,-0.08,-0.13,71386.3,449741.4341,-0.0012588512981903666,-0.001259644317084284,63.384,60.7395,56.49583333333333,0.3108940958332212
2016-05-06,002594.SZ,63.01,63.47,61.0,61.2,63.47,-2.27,-3.58,102812.04,638044.8469,-0.035764928312588595,-0.03642016380009831,63.246,60.947,56.675666666666665,0.32937645575219926
2016-05-09,002594.SZ,60.11,60.8,58.25,59.0,61.2,-2.2,-3.59,101203.99,603200.5209,-0.03594771241830075,-0.03660974561256104,62.303999999999995,61.012,56.8055,0.35650149191940866
2016-05-10,002594.SZ,59.0,59.49,58.43,58.7,59.0,-0.3,-0.51,56623.32,333635.9783,-0.005084745762711784,-0.005097717071668606,61.184000000000005,61.05550000000001,56.949333333333335,0.35720695653494
2016-05-11,002594.SZ,59.0,59.38,57.82,58.31,58.7,-0.39,-0.66,69451.19,407011.314,-0.006643952299829614,-0.006666121599986108,60.136,61.076,57.087833333333336,0.3582285062855636
2016-05-12,002594.SZ,58.03,59.97,57.41,59.51,58.31,1.2,2.06,82474.41,487780.115,0.020579660435602776,0.020370760422696033,59.34400000000001,61.122,57.211666666666666,0.3631458200885813
2016-05-13,002594.SZ,59.46,60.38,58.85,59.17,59.51,-0.34,-0.57,58160.09,346461.6863,-0.005713325491513932,-0.005729708968157895,58.938,61.14300000000001,57.301,0.3638569233696765
2016-05-16,002594.SZ,59.33,60.58,59.03,60.56,59.17,1.39,2.35,65887.42,395406.3889,0.023491634274125373,0.023219952440590604,59.25,61.259,57.42283333333333,0.3708213392131096
2016-05-17,002594.SZ,60.56,61.0,59.66,60.34,60.56,-0.22,-0.36,54326.43,327224.2699,-0.003632760898282683,-0.0036393753982782904,59.57800000000001,61.275,57.52366666666667,0.35570683256115243
2016-05-18,002594.SZ,59.79,59.79,58.11,58.56,60.34,-1.78,-2.95,58725.86,346260.4578,-0.02949950281736824,-0.029943364077858907,59.62800000000001,61.081,57.591166666666666,0.3379481907939734
2016-05-19,002594.SZ,58.92,59.48,58.44,58.57,58.56,0.01,0.02,37542.17,221050.1819,0.00017076502732238374,0.00017075044863476858,59.44,60.999,57.65566666666667,0.3150887780414474
2016-05-20,002594.SZ,58.3,59.17,57.99,59.1,58.57,0.53,0.9,36587.36,215447.5894,0.009049001195151174,0.009008304310361677,59.426,60.84749999999999,57.72366666666667,0.29293658477682716
2016-05-23,002594.SZ,59.2,60.21,59.2,59.43,59.1,0.33,0.56,51618.59,307939.0298,0.005583756345177715,0.005568224966516789,59.2,60.724000000000004,57.85083333333333,0.2942131464249991
2016-05-24,002594.SZ,59.55,60.16,59.03,59.23,59.43,-0.2,-0.34,62206.34,370386.5134,-0.003365303718660617,-0.0033709790896954603,58.977999999999994,60.648,57.9655,0.28763667952147914
2016-05-25,002594.SZ,59.76,60.0,59.01,59.12,59.23,-0.11,-0.19,42040.15,250309.431,-0.0018571669761945353,-0.0018588936489275058,59.089999999999996,60.5025,58.109,0.2754438160815897
2016-05-26,002594.SZ,59.39,59.72,57.6,58.77,59.12,-0.35,-0.59,57422.66,334900.6148,-0.00592016238159665,-0.005937756015387155,59.13000000000001,60.3245,58.22950000000001,0.27441498627073857
2016-05-27,002594.SZ,58.6,58.69,57.6,57.79,58.77,-0.98,-1.67,59010.42,342420.4686,-0.016675174408712023,-0.016815770294872568,58.867999999999995,60.1195,58.29433333333334,0.27849014078421086
2016-05-30,002594.SZ,57.81,58.36,57.38,57.92,57.79,0.13,0.23,42734.73,248092.6519,0.0022495241391244925,0.0022469977477743955,58.565999999999995,59.83,58.36666666666667,0.25160768841513614
2016-05-31,002594.SZ,57.95,59.95,57.95,59.8,57.92,1.88,3.25,87393.02,517580.0839,0.03245856353591159,0.03194291287912511,58.67999999999999,59.605000000000004,58.468333333333334,0.2804211231636621
2016-06-01,002594.SZ,59.89,60.2,59.56,59.74,59.8,-0.06,-0.1,69499.04,416050.005,-0.0010033444816052173,-0.0010038481686221788,58.803999999999995,59.41450000000001,58.56483333333334,0.2788394562357744
2016-06-02,002594.SZ,59.84,60.13,59.0,59.92,59.74,0.18,0.3,49215.05,293575.2869,0.003013056578506923,0.0030085264210003592,59.034000000000006,59.237,58.67833333333333,0.2795921960644251
2016-06-03,002594.SZ,59.98,60.44,59.94,60.0,59.92,0.08,0.13,62744.84,377694.6221,0.001335113484646211,0.0013342230131366622,59.476,59.177,58.81166666666666,0.250997406211773
2016-06-06,002594.SZ,60.45,60.92,59.78,60.15,60.0,0.15,0.25,58724.78,354139.2707,0.0024999999999999467,0.002496880198587146,59.922000000000004,59.234500000000004,58.95583333333333,0.21412857380058153
2016-06-07,002594.SZ,60.26,61.98,60.01,61.26,60.15,1.11,1.85,89950.53,549160.7773,0.01845386533665838,0.01828565898394133,60.214,59.3625,59.12250000000001,0.22136096722408335
2016-06-08,002594.SZ,61.27,61.38,60.0,60.35,61.26,-0.91,-1.49,66884.07,404215.0739,-0.014854717597126976,-0.014966153861088656,60.336,59.4645,59.2395,0.22755791829136504
2016-06-13,002594.SZ,59.53,60.0,57.43,57.44,60.35,-2.91,-4.82,106828.07,625226.9353,-0.04821872410936212,-0.049420022803571835,59.839999999999996,59.361000000000004,59.2895,0.27781656407991684
2016-06-14,002594.SZ,57.06,57.86,56.82,57.06,57.44,-0.38,-0.66,56651.08,324573.7791,-0.006615598885793772,-0.006637578954614704,59.251999999999995,59.2555,59.357166666666664,0.27801120254720396
2016-06-15,002594.SZ,56.52,59.89,56.52,59.14,57.06,2.08,3.65,112730.76,662195.1519,0.03645285664213116,0.035804168638977285,59.05,59.1845,59.42516666666666,0.29674361515642117
2016-06-16,002594.SZ,58.73,60.98,58.07,59.42,59.14,0.28,0.47,102583.29,609670.0995,0.004734528238079072,0.004723355610130362,58.681999999999995,59.1385,59.46633333333333,0.2972519814626447
2016-06-17,002594.SZ,59.48,60.34,58.85,59.21,59.42,-0.21,-0.35,67172.4,400331.848,-0.0035341635812857763,-0.0035404234907768467,58.45399999999999,59.17099999999999,59.50266666666666,0.27739679946720525
2016-06-20,002594.SZ,59.51,60.16,59.28,59.6,59.21,0.39,0.66,44497.36,265601.7911,0.006586725215335321,0.006565127527619397,58.886,59.222500000000004,59.534166666666664,0.278168932236001
2016-06-21,002594.SZ,59.95,60.6,59.21,59.39,59.6,-0.21,-0.35,98047.29,589060.148,-0.0035234899328858704,-0.0035297120435352053,59.352,59.237,59.568999999999996,0.2769322345735483
2016-06-22,002594.SZ,60.42,61.8,60.15,60.92,59.39,1.53,2.58,133208.45,813809.734,0.02576191277992934,0.025435665999192284,59.708000000000006,59.3115,59.643,0.2908635740669238
2016-06-23,002594.SZ,60.36,60.99,59.77,60.03,60.92,-0.89,-1.46,65656.58,395510.3099,-0.014609323703217325,-0.014717090763209319,59.83,59.3515,59.69416666666667,0.29599932223050346
2016-06-24,002594.SZ,59.99,60.49,57.3,59.11,60.03,-0.92,-1.53,82357.35,487675.5231,-0.01532567049808431,-0.015444322427473631,59.81,59.35100000000001,59.71183333333333,0.3014360436544289
2016-06-27,002594.SZ,59.0,59.94,58.86,59.67,59.11,0.56,0.95,47690.61,283438.8488,0.009473862290644508,0.009429266697712348,59.824,59.395999999999994,59.7585,0.3022671473600569
2016-06-28,002594.SZ,59.3,60.4,58.87,60.3,59.67,0.63,1.06,70130.72,417605.439,0.010558069381598756,0.0105027221991492,60.00600000000001,59.52149999999999,59.783500000000004,0.29663128078291046
2016-06-29,002594.SZ,60.04,60.5,59.76,60.4,60.3,0.1,0.17,67588.38,406484.5025,0.0016583747927032544,0.0016570012076296086,59.902,59.645500000000006,59.809999999999995,0.296639895426181
2016-06-30,002594.SZ,60.45,61.48,60.03,61.01,60.4,0.61,1.01,87859.76,533814.9391,0.010099337748344261,0.010048680222991704,60.098,59.705999999999996,59.85516666666667,0.27638093984517054
2016-07-01,002594.SZ,60.98,62.05,60.46,61.39,61.01,0.38,0.62,91117.74,558680.3255,0.006228487133256966,0.006209170275644022,60.553999999999995,59.7885,59.8955,0.27682641084085285
2016-07-04,002594.SZ,61.25,61.93,60.62,61.45,61.39,0.06,0.1,82442.65,505874.2491,0.0009773578758756063,0.0009768805726389068,60.910000000000004,59.864999999999995,59.94716666666667,0.2767739939575066
2016-07-05,002594.SZ,61.4,61.56,60.21,60.8,61.45,-0.65,-1.06,91866.83,557273.8676,-0.01057770545158676,-0.010634047039922611,61.00999999999999,59.90500000000001,60.009666666666675,0.28002620126343486
2016-07-06,002594.SZ,60.77,61.2,60.38,60.82,60.8,0.02,0.03,49594.88,301374.688,0.0003289473684211508,0.0003288932770973625,61.09400000000001,59.9385,60.06166666666666,0.27995858762200987
2016-07-07,002594.SZ,60.8,62.53,60.6,61.93,60.82,1.11,1.83,123337.95,763077.2315,0.018250575468595764,0.01808603270075088,61.278,59.972,60.13,0.2797885059077317
2016-07-08,002594.SZ,62.17,63.09,61.83,62.19,61.93,0.26,0.42,91199.91,568456.8305,0.004198288390117932,0.0041895001658284105,61.438,60.064,60.201499999999996,0.27385748728786075
2016-07-11,002594.SZ,62.59,62.91,61.15,61.23,62.19,-0.96,-1.54,68910.37,428221.7674,-0.015436565364206456,-0.015556949625934787,61.394000000000005,60.253499999999995,60.2455,0.21255016304663818
2016-07-12,002594.SZ,60.98,61.47,60.18,61.07,61.23,-0.16,-0.26,88768.36,539495.2614,-0.0026130981544993936,-0.0026165182548196974,61.448,60.45400000000001,60.28416666666667,0.2105429447815065
2016-07-13,002594.SZ,61.0,61.12,60.45,60.93,61.07,-0.14,-0.23,89922.94,546125.7611,-0.002292451285410224,-0.002295082974640416,61.470000000000006,60.543499999999995,60.32899999999999,0.17134615552725627
2016-07-14,002594.SZ,60.73,61.36,60.47,61.2,60.93,0.27,0.44,70836.08,431523.2708,0.004431314623338345,0.004421525257877477,61.324,60.63249999999999,60.34866666666667,0.1712747129933446
2016-07-15,002594.SZ,61.69,64.18,61.46,62.99,61.2,1.79,2.92,191155.16,1201518.3417,0.02924836601307179,0.028828794115557145,61.484,60.8215,60.35783333333333,0.19613925203181345
2016-07-18,002594.SZ,63.35,63.88,62.46,62.65,62.99,-0.34,-0.54,98431.98,620707.2535,-0.005397682171773388,-0.005412302291760426,61.76800000000001,60.974000000000004,60.3985,0.1979759587865571
2016-07-19,002594.SZ,62.76,62.96,62.18,62.8,62.65,0.15,0.24,51609.45,322840.6856,0.002394253790901857,0.0023913921320757054,62.114,61.14450000000001,60.409666666666666,0.19666949860898175
2016-07-20,002594.SZ,62.81,63.3,62.5,62.5,62.8,-0.3,-0.48,54593.47,343176.6358,-0.004777070063694211,-0.004788516731797121,62.428,61.2235,60.41966666666667,0.1785604465678476
2016-07-21,002594.SZ,62.65,62.85,61.81,61.94,62.5,-0.56,-0.9,66111.99,410895.5747,-0.008960000000000079,-0.009000382197299159,62.576,61.319,60.4395,0.17290381757092335
2016-07-22,002594.SZ,62.65,62.8,61.0,61.5,61.94,-0.44,-0.71,76550.26,472178.972,-0.00710364869228286,-0.007128999732584555,62.278,61.4385,60.43066666666667,0.16447167064799373
2016-07-25,002594.SZ,61.5,61.98,60.31,60.52,61.5,-0.98,-1.59,76704.06,469124.8941,-0.015934959349593436,-0.016063285892316956,61.852,61.48100000000001,60.4005,0.173699201225483
2016-07-26,002594.SZ,60.9,61.35,60.59,61.17,60.52,0.65,1.07,53647.39,327261.2563,0.010740251156642344,0.010682984334318243,61.525999999999996,61.5245,60.3885,0.1738365944983984
2016-07-27,002594.SZ,61.14,61.14,58.53,59.38,61.17,-1.79,-2.93,100834.12,603839.0914,-0.02926271047899298,-0.029699403918859765,60.902,61.4735,60.31633333333333,0.20381384869485974
2016-07-28,002594.SZ,59.5,60.32,59.01,59.75,59.38,0.37,0.62,52083.63,310691.7171,0.0062310542270123115,0.0062117214760061545,60.464,61.4105,60.2405,0.2015266937362237
2016-07-29,002594.SZ,59.75,60.25,59.19,59.35,59.75,-0.4,-0.67,37382.5,222997.0483,-0.006694560669456062,-0.006717069755943,60.034000000000006,61.308499999999995,60.1705,0.2006262126050697
2016-08-01,002594.SZ,59.36,59.77,58.7,58.9,59.35,-0.45,-0.76,34770.49,205289.0281,-0.0075821398483572056,-0.0076110303981360245,59.71,61.181000000000004,60.09433333333333,0.20145963233588796
2016-08-02,002594.SZ,58.6,59.09,58.55,58.96,58.9,0.06,0.1,38069.89,223826.9371,0.0010186757215620013,0.0010181572235401738,59.26800000000001,61.089,60.057,0.19913375197243496
2016-08-03,002594.SZ,58.96,59.08,58.64,58.84,58.96,-0.12,-0.2,26517.9,155989.7341,-0.002035278154681075,-0.00203735214784433,59.160000000000004,60.989999999999995,60.05433333333334,0.19902875673099746
2016-08-04,002594.SZ,58.87,59.17,58.7,59.08,58.84,0.24,0.41,31541.62,185958.6518,0.004078857919782353,0.004070561929942175,59.025999999999996,60.84749999999999,60.06066666666666,0.18624888221490474
2016-08-05,002594.SZ,59.09,59.5,58.72,58.77,59.08,-0.31,-0.52,42907.14,253389.4352,-0.0052471225457007,-0.00526093703861993,58.910000000000004,60.67650000000001,60.068333333333335,0.18489929515095668
2016-08-08,002594.SZ,58.83,58.98,58.07,58.91,58.77,0.14,0.24,38192.99,223518.5082,0.0023821677726729718,0.0023793349090367342,58.912,60.560500000000005,60.05833333333333,0.17943365885933232
2016-08-09,002594.SZ,58.95,59.19,58.55,59.15,58.91,0.24,0.41,47191.54,277422.4106,0.004074011203530903,0.004065734890799906,58.95,60.4645,60.058,0.18063180439009022
2016-08-10,002594.SZ,59.16,59.47,58.76,58.89,59.15,-0.26,-0.44,33802.22,199634.7808,-0.00439560439560438,-0.0044052934679163795,58.96,60.3625,60.030166666666666,0.18090293177249928
2016-08-11,002594.SZ,58.88,59.39,58.59,58.6,58.89,-0.29,-0.49,48134.53,284372.939,-0.004924435388011572,-0.004936600373512482,58.864,60.2325,60.00116666666667,0.17978351156714917
2016-08-12,002594.SZ,59.0,59.75,58.7,59.27,58.6,0.67,1.14,52718.47,312370.9589,0.01143344709897609,0.011368579216779844,58.964,60.0465,60.013000000000005,0.14664033739243904
2016-08-15,002594.SZ,59.49,60.6,59.0,60.07,59.27,0.8,1.35,96417.72,577711.4825,0.013497553568415643,0.013407273062323186,59.196000000000005,59.9175,60.038,0.157477798798942
2016-08-16,002594.SZ,60.2,60.35,59.8,59.92,60.07,-0.15,-0.25,78102.69,468587.3385,-0.00249708673214577,-0.002500209653105961,59.35,59.7735,60.05166666666666,0.1566002550843815
2016-08-17,002594.SZ,60.0,61.2,60.0,60.72,59.92,0.8,1.34,87137.95,529854.4284,0.013351134846461887,0.013262793878410386,59.71600000000001,59.6845,60.07316666666667,0.16574753534806758
2016-08-18,002594.SZ,60.7,60.7,59.94,60.06,60.72,-0.66,-1.09,59420.44,358107.544,-0.010869565217391242,-0.010929070532190206,60.008,59.5905,60.087,0.16703760765177791
2016-08-19,002594.SZ,60.0,60.18,59.65,59.86,60.06,-0.2,-0.33,37769.39,225968.6923,-0.0033300033300033283,-0.003335560130631342,60.126,59.50849999999999,60.099333333333334,0.1658877920580458
2016-08-22,002594.SZ,59.89,60.1,58.63,58.68,59.86,-1.18,-1.97,63053.16,373599.8344,-0.019712662880053466,-0.019909549149771916,59.848,59.4165,60.097833333333334,0.17077848708639898
2016-08-23,002594.SZ,58.96,59.06,58.56,58.91,58.68,0.23,0.39,34301.08,201622.1364,0.0039195637355144974,0.0039119022588148455,59.646,59.30350000000001,60.116499999999995,0.1659493331616026
2016-08-24,002594.SZ,59.0,59.17,58.78,59.08,58.91,0.17,0.29,30901.19,182378.7533,0.0028857579358343433,0.0028816021295831004,59.318000000000005,59.2885,60.13583333333334,0.13101908384080257
2016-08-25,002594.SZ,58.96,58.96,57.63,58.2,59.08,-0.88,-1.49,65348.26,380306.8444,-0.014895057549085933,-0.01500710292578686,58.946000000000005,59.211,60.10916666666667,0.13846994925587308
2016-08-26,002594.SZ,58.5,58.5,58.0,58.35,58.2,0.15,0.26,44163.57,257151.3417,0.002577319587628857,0.0025740039951728426,58.64399999999999,59.161,60.086,0.13756709946145362
2016-08-29,002594.SZ,58.85,59.13,58.15,58.29,58.35,-0.06,-0.1,67373.27,393911.9877,-0.0010282776349614942,-0.0010288066751066353,58.565999999999995,59.1305,60.05883333333334,0.1352375439177872
2016-08-30,002594.SZ,58.4,58.54,58.15,58.47,58.29,0.18,0.31,39551.93,230860.856,0.0030880082346886883,0.0030832501301207866,58.477999999999994,59.105999999999995,60.03333333333333,0.1357414203643041
2016-08-31,002594.SZ,58.63,58.64,58.2,58.55,58.47,0.08,0.14,28026.45,163867.9828,0.0013682230203522217,0.0013672878561471183,58.372,59.091499999999996,60.00666666666667,0.13572936429523208
2016-09-01,002594.SZ,58.65,58.72,58.45,58.46,58.55,-0.09,-0.15,31025.06,181784.4064,-0.001537147736976885,-0.0015383303606264105,58.424,59.060500000000005,59.96,0.13483550261269178
2016-09-02,002594.SZ,58.45,58.45,57.8,57.86,58.46,-0.6,-1.03,44156.33,256123.3332,-0.010263427984946949,-0.01031646013511082,58.326,59.015,59.9185,0.13831223783850763
2016-09-05,002594.SZ,58.0,58.26,57.6,57.92,57.86,0.06,0.1,26712.51,154861.3518,0.0010369858278604926,0.0010364485294720293,58.251999999999995,58.9655,59.9265,0.13799105708720893
2016-09-06,002594.SZ,58.12,59.52,57.78,59.51,57.92,1.59,2.75,84732.65,500155.3023,0.027451657458563483,0.02708161757929972,58.46,58.98349999999999,59.967333333333336,0.17016744317993318
2016-09-07,002594.SZ,59.5,59.6,58.9,58.97,59.51,-0.54,-0.91,51287.28,303663.8519,-0.009074105192404591,-0.009115525644347885,58.544,58.9875,59.9645,0.17269240906125166
2016-09-08,002594.SZ,58.98,59.25,58.75,58.9,58.97,-0.07,-0.12,32724.36,192775.7113,-0.001187044259793102,-0.0011877493548717306,58.632000000000005,59.0025,59.95583333333333,0.1717503382230735
2016-09-09,002594.SZ,59.03,60.28,58.99,59.01,58.9,0.11,0.19,67664.29,403114.8087,0.0018675721561969283,0.001865830411536356,58.862,58.9895,59.9525,0.16681966788356248
2016-09-12,002594.SZ,58.0,58.47,57.61,57.67,59.01,-1.34,-2.27,57353.14,332129.5847,-0.02270801559057778,-0.022969813441756047,58.812,58.8695,59.92033333333334,0.17669599627602156
2016-09-13,002594.SZ,58.0,58.1,56.8,57.02,57.67,-0.65,-1.13,67381.3,385278.7878,-0.011271024796254525,-0.011335024142795294,58.314,58.7245,59.88083333333334,0.17975623798527587
2016-09-14,002594.SZ,57.0,57.0,56.0,56.01,57.02,-1.01,-1.77,61515.39,346762.0766,-0.01771308312872688,-0.017871837262785118,57.722,58.489,59.799,0.17742120758562224
2016-09-19,002594.SZ,56.09,56.92,56.09,56.68,56.01,0.67,1.2,41144.24,233140.453,0.01196214961613995,0.011891168600738725,57.278,58.31999999999999,59.74316666666666,0.18403171024549772
2016-09-20,002594.SZ,56.85,57.05,56.12,56.31,56.68,-0.37,-0.65,30931.48,174746.9779,-0.006527875793930771,-0.006549275555952475,56.738,58.142500000000005,59.6965,0.18449687155389566
2016-09-21,002594.SZ,56.52,56.93,56.17,56.75,56.31,0.44,0.78,31946.48,180758.6901,0.00781388740898592,0.007783517094984864,56.553999999999995,58.04600000000001,59.64783333333334,0.17712789513478253
2016-09-22,002594.SZ,56.9,57.18,56.81,57.1,56.75,0.35,0.62,46557.86,265300.7844,0.006167400881057272,0.00614846030045248,56.57000000000001,57.955499999999994,59.594500000000004,0.17823514729635612
2016-09-23,002594.SZ,57.15,57.2,56.82,56.98,57.1,-0.12,-0.21,27230.45,155163.7424,-0.0021015761821366885,-0.002103787592202384,56.763999999999996,57.8505,59.5375,0.17748534964089888
2016-09-26,002594.SZ,56.98,57.01,55.16,55.4,56.98,-1.58,-2.77,50539.71,283005.016,-0.027729027729027744,-0.028120735316524124,56.507999999999996,57.7105,59.444,0.19506904913853415
2016-09-27,002594.SZ,55.33,55.73,55.08,55.44,55.4,0.04,0.07,31539.43,174990.7544,0.0007220216606498298,0.0007217611284096771,56.33399999999999,57.565,59.34483333333333,0.19455288177903943
2016-09-28,002594.SZ,55.71,55.71,55.3,55.33,55.44,-0.11,-0.2,21689.78,120304.811,-0.001984126984126977,-0.001986097971629403,56.05,57.41700000000001,59.24283333333334,0.19448765418307826
2016-09-29,002594.SZ,55.49,55.75,54.99,55.21,55.33,-0.12,-0.22,36813.61,204100.7466,-0.00216880534971986,-0.0021711606140651396,55.672000000000004,57.254000000000005,59.14966666666667,0.1933652266078303
2016-09-30,002594.SZ,55.15,55.76,55.01,55.59,55.21,0.38,0.69,30346.71,168334.9393,0.00688281108494837,0.006859232669424856,55.394000000000005,57.10600000000001,59.0625,0.1959135232912231
2016-10-10,002594.SZ,55.91,56.87,55.91,56.8,55.59,1.21,2.18,44047.87,248043.5697,0.021766504767044337,0.021532996761727468,55.674,57.023,58.977,0.21408179512173225
2016-10-11,002594.SZ,56.88,58.35,56.6,57.89,56.8,1.09,1.92,90887.48,524781.048,0.019190140845070536,0.0190083323638077,56.164,57.0245,58.90533333333334,0.22315889616563178
2016-10-12,002594.SZ,57.85,57.95,57.18,57.54,57.89,-0.35,-0.6,48286.24,277516.4311,-0.00604594921402668,-0.006064299967511477,56.60600000000001,57.005500000000005,58.843833333333336,0.2241867276216971
2016-10-13,002594.SZ,57.6,58.22,57.16,57.31,57.54,-0.23,-0.4,44595.53,256548.4682,-0.003997219325686419,-0.004005229559755698,57.025999999999996,56.895500000000006,58.781166666666664,0.19906082443365947
2016-10-14,002594.SZ,57.46,57.75,56.65,57.27,57.31,-0.04,-0.07,36706.02,209800.4155,-0.0006979584714709164,-0.0006982021578801254,57.362,56.810500000000005,58.720166666666664,0.1972169069762115
2016-10-17,002594.SZ,57.35,57.65,56.63,56.78,57.27,-0.49,-0.86,44795.83,256419.5723,-0.008555962982364274,-0.008592775360940844,57.358000000000004,56.704499999999996,58.646499999999996,0.198845234541709
2016-10-18,002594.SZ,56.79,57.48,56.6,57.35,56.78,0.57,1.0,48363.59,276291.3898,0.01003874603733701,0.009988692530554488,57.25,56.621500000000005,58.5525,0.20289457045079112
2016-10-19,002594.SZ,57.38,57.65,56.9,57.04,57.35,-0.31,-0.54,38213.11,218619.6415,-0.005405405405405461,-0.005420067469339256,57.15,56.589999999999996,58.458999999999996,0.18744232856488255
2016-10-20,002594.SZ,57.06,57.23,56.7,56.83,57.04,-0.21,-0.37,36276.99,206278.6736,-0.0036816269284712932,-0.003688420797010418,57.053999999999995,56.580499999999994,58.3595,0.18354423109631313
2016-10-21,002594.SZ,56.82,56.97,56.16,56.51,56.83,-0.32,-0.56,32391.74,183130.7273,-0.00563082878761223,-0.005646741667278219,56.902,56.60549999999999,58.25966666666667,0.17286969688467463
2016-10-24,002594.SZ,56.89,57.49,56.5,56.96,56.51,0.45,0.8,54830.39,312442.6916,0.00796319235533538,0.00793165346196841,56.938,56.6195,58.17666666666666,0.16991068654210503
2016-10-25,002594.SZ,56.88,57.22,56.7,56.89,56.96,-0.07,-0.12,34379.16,195725.1722,-0.001228932584269704,-0.0012296883411643457,56.84599999999999,56.6485,58.09983333333333,0.1681177245330737
2016-10-26,002594.SZ,56.89,57.1,56.46,56.53,56.89,-0.36,-0.63,29261.51,165646.0778,-0.006328001406222472,-0.006348108075356525,56.74399999999999,56.6375,58.03333333333333,0.16752466806792515
2016-10-27,002594.SZ,56.58,56.93,56.43,56.6,56.53,0.07,0.12,26430.82,149611.381,0.0012382805589952195,0.0012375145219378117,56.698,56.6125,57.95716666666667,0.16596922761525332
2016-10-28,002594.SZ,56.63,56.79,56.2,56.26,56.6,-0.34,-0.6,30203.06,170258.2299,-0.006007067137809297,-0.00602518214742657,56.648,56.576499999999996,57.905166666666666,0.16707940211541444
2016-10-31,002594.SZ,56.39,56.58,55.88,56.16,56.26,-0.1,-0.18,32511.87,182471.96,-0.00177746178457161,-0.001779043344155089,56.488,56.6145,57.845333333333336,0.13309427127544105
2016-11-01,002594.SZ,56.17,56.5,55.95,56.38,56.16,0.22,0.39,26959.77,151548.236,0.0039173789173789775,0.003909725968410871,56.386,56.661500000000004,57.795833333333334,0.13357904965814799
2016-11-02,002594.SZ,56.6,56.65,56.24,56.46,56.38,0.08,0.14,32493.22,183466.556,0.0014189428875488463,0.001417937139376847,56.372,56.717999999999996,57.75516666666667,0.13315870662136203
2016-11-03,002594.SZ,56.46,56.53,55.42,56.0,56.46,-0.46,-0.81,55170.45,308743.286,-0.008147360963513983,-0.008180732090194025,56.251999999999995,56.75749999999999,57.70583333333333,0.1367157846704113
2016-11-04,002594.SZ,55.95,55.95,55.27,55.35,56.0,-0.65,-1.16,48574.85,270061.971,-0.011607142857142816,-0.011675031580503308,56.07000000000001,56.74550000000001,57.647666666666666,0.1413816074317594
2016-11-07,002594.SZ,55.39,55.94,55.36,55.51,55.35,0.16,0.29,38764.28,215738.155,0.002890695573622315,0.0028865255474239495,55.94,56.681000000000004,57.588166666666666,0.11614606623444687
2016-11-08,002594.SZ,55.65,55.99,55.53,55.65,55.51,0.14,0.25,33228.31,185245.339,0.0025220680958386588,0.0025188930194839864,55.794000000000004,56.568999999999996,57.53616666666667,0.08949490463833636
2016-11-09,002594.SZ,55.68,55.8,54.5,55.09,55.65,-0.56,-1.01,67007.94,369081.095,-0.010062893081760893,-0.01011386623692856,55.52,56.4465,57.472500000000004,0.09299701242096972
2016-11-10,002594.SZ,55.49,55.63,55.2,55.34,55.09,0.25,0.45,35192.44,194849.86,0.004538028680341366,0.004527762874154789,55.388,56.348,57.409,0.09565407533830306
2016-11-11,002594.SZ,55.0,55.36,54.75,55.15,55.34,-0.19,-0.34,54404.72,298972.051,-0.003433321286592017,-0.0034392286592684106,55.348,56.242000000000004,57.34666666666667,0.09575532341994532
2016-11-14,002594.SZ,55.2,55.85,55.18,55.49,55.15,0.34,0.62,50941.77,283003.007,0.006165004533091656,0.006146078638298484,55.34400000000001,56.17750000000001,57.29483333333333,0.09637203608631636
2016-11-15,002594.SZ,55.4,55.77,55.31,55.6,55.49,0.11,0.2,30529.7,169396.819,0.001982339160208957,0.001980376918726728,55.334,56.089999999999996,57.233666666666664,0.08785416882143118
2016-11-16,002594.SZ,55.79,55.88,55.63,55.73,55.6,0.13,0.23,41843.09,233316.152,0.0023381294964028854,0.002335400324908304,55.462,56.0245,57.16133333333334,0.08762764617568776
2016-11-17,002594.SZ,55.7,55.78,55.35,55.75,55.73,0.02,0.04,29246.89,162483.983,0.00035887313834570556,0.00035880875878326236,55.544000000000004,55.9705,57.091833333333334,0.08725019596968583
2016-11-18,002594.SZ,55.78,55.98,55.21,55.28,55.75,-0.47,-0.84,30417.27,168976.973,-0.008430493273542616,-0.008466230880813698,55.57000000000001,55.909000000000006,57.00116666666666,0.08977408276688471
2016-11-21,002594.SZ,55.29,55.6,55.0,55.15,55.28,-0.13,-0.24,37008.37,204459.879,-0.002351664254703345,-0.0023544337599029964,55.501999999999995,55.81850000000001,56.919333333333334,0.08321296051996291
2016-11-22,002594.SZ,55.11,55.31,54.99,55.24,55.15,0.09,0.16,33004.78,181922.926,0.001631912964642046,0.001630582841580052,55.42999999999999,55.73599999999999,56.842333333333336,0.08399819999767956
2016-11-23,002594.SZ,55.4,56.99,55.4,56.52,55.24,1.28,2.32,123127.95,695633.537,0.023171614771904547,0.02290722927523545,55.588,55.7355,56.806333333333335,0.11920181157179105
2016-11-24,002594.SZ,56.3,56.39,55.5,55.69,56.52,-0.83,-1.47,65685.33,367478.022,-0.014685067232838023,-0.014793960214749545,55.576,55.69,56.75266666666666,0.12995507237045467
2016-11-25,002594.SZ,55.75,55.9,54.87,55.39,55.69,-0.3,-0.54,45388.35,250854.963,-0.005386963548213219,-0.005401525556564601,55.598,55.6465,56.69116666666667,0.1296424266598587
2016-11-28,002594.SZ,55.59,55.93,55.2,55.63,55.39,0.24,0.43,64679.11,359195.209,0.004332912077992468,0.004323552042189363,55.694,55.61999999999999,56.648333333333326,0.13080763548041327
2016-11-29,002594.SZ,55.63,56.32,55.21,55.58,55.63,-0.05,-0.09,59207.92,329736.295,-0.0008987956138775122,-0.0008991997728442932,55.762,55.580000000000005,56.60216666666667,0.12979208889592048
2016-11-30,002594.SZ,55.3,55.8,55.2,55.33,55.58,-0.25,-0.45,36678.17,203073.929,-0.0044980208708168545,-0.004508167404339291,55.524,55.5235,56.55283333333333,0.13022004716551758
2016-12-01,002594.SZ,55.32,55.73,55.13,55.3,55.33,-0.03,-0.05,41912.87,232043.878,-0.0005422013374299928,-0.0005423483817292943,55.446000000000005,55.4885,56.5,0.1274354860532264
2016-12-02,002594.SZ,55.2,55.45,54.51,54.75,55.3,-0.55,-0.99,51678.38,283610.543,-0.00994575045207946,-0.009995539831678807,55.318000000000005,55.458499999999994,56.43666666666666,0.12565593171278228
2016-12-05,002594.SZ,54.63,54.88,53.57,53.67,54.75,-1.08,-1.97,72361.61,391940.778,-0.01972602739726026,-0.019923182507872703,54.926,55.366499999999995,56.356833333333334,0.1420957482396977
2016-12-06,002594.SZ,53.79,54.0,53.0,53.12,53.67,-0.55,-1.02,67613.13,359844.489,-0.010247810694987924,-0.010300681020559107,54.434000000000005,55.239999999999995,56.27783333333333,0.1443398541188918
2016-12-07,002594.SZ,53.16,53.33,52.25,52.99,53.12,-0.13,-0.24,72522.21,381985.044,-0.0024472891566263977,-0.00245028866350759,53.96600000000001,55.13499999999999,56.19566666666667,0.14139808819200353
2016-12-08,002594.SZ,52.99,53.49,52.8,53.03,52.99,0.04,0.08,39496.26,209985.571,0.0007548594074353598,0.0007545746443679056,53.512,55.019499999999994,56.08766666666667,0.13974012289357413
2016-12-09,002594.SZ,53.04,53.09,52.51,52.75,53.03,-0.28,-0.53,38089.04,200980.215,-0.005280030171600947,-0.005294018792862713,53.112,54.89949999999999,55.984,0.14012828098031765
2016-12-12,002594.SZ,52.73,53.07,49.54,49.82,52.75,-2.93,-5.55,90405.89,464114.062,-0.05554502369668246,-0.05714726252214151,52.342,54.61600000000001,55.83266666666667,0.232270366334691
2016-12-13,002594.SZ,49.6,50.69,49.51,50.31,49.45,0.86,1.74,54447.62,273464.822,0.009835407466880719,0.00978735466919276,51.78000000000001,54.3515,55.687666666666665,0.23714443060983
2016-12-14,002594.SZ,50.49,50.59,49.0,49.1,50.31,-1.21,-2.41,55462.29,275447.369,-0.024050884516000792,-0.02434482970275228,51.001999999999995,54.019999999999996,55.54483333333333,0.24486834246269062
2016-12-15,002594.SZ,49.0,49.78,48.91,49.48,49.1,0.38,0.77,39346.58,194498.139,0.00773930753564156,0.007709512723812267,50.292,53.70649999999999,55.41916666666666,0.2488582336610531
2016-12-16,002594.SZ,49.75,51.1,49.75,51.1,49.48,1.62,3.27,61736.28,311817.046,0.032740501212611184,0.03221594968537163,49.962,53.4975,55.33733333333334,0.2836307202099878
2016-12-19,002594.SZ,51.3,51.48,50.28,50.4,51.1,-0.7,-1.37,36896.05,186863.666,-0.013698630136986356,-0.013793322132335873,50.078,53.260000000000005,55.23266666666667,0.2857302690928635
2016-12-20,002594.SZ,50.41,50.81,50.15,50.4,50.4,0.0,0.0,28475.38,143523.91,0.0,0.0,50.096000000000004,53.017999999999994,55.134166666666665,0.2853365437173086
2016-12-21,002594.SZ,50.79,51.2,50.52,50.75,50.4,0.35,0.69,27339.25,138989.74,0.00694444444444442,0.006920442844573757,50.426,52.729499999999994,55.034166666666664,0.2699232025491038
2016-12-22,002594.SZ,50.85,51.6,50.31,51.38,50.75,0.63,1.24,46788.25,238670.698,0.012413793103448256,0.012337373759840784,50.806,52.513999999999996,54.938833333333335,0.2744355867966827
2016-12-23,002594.SZ,51.44,51.45,50.11,50.18,51.38,-1.2,-2.34,41228.0,208839.146,-0.023355391202802722,-0.023632450743461365,50.622,52.253499999999995,54.8255,0.28302560197025595
2016-12-26,002594.SZ,50.0,50.23,49.21,50.15,50.18,-0.03,-0.06,38240.56,189851.066,-0.0005978477481067834,-0.0005980265303316598,50.571999999999996,51.979499999999994,54.73799999999999,0.28145821190775566
2016-12-27,002594.SZ,50.15,50.17,49.45,49.45,50.15,-0.7,-1.4,41945.51,209496.702,-0.01395812562313048,-0.014056456339223287,50.382,51.673,54.63816666666667,0.2827363821348173
2016-12-28,002594.SZ,49.51,49.94,49.19,49.3,49.45,-0.15,-0.3,27180.67,134413.291,-0.0030333670374116384,-0.0030379770200768094,50.092,51.371500000000005,54.53766666666666,0.2828648983961099
2016-12-29,002594.SZ,49.33,49.84,49.03,49.35,49.3,0.05,0.1,32107.06,158780.359,0.0010141987829614951,0.001013684830846201,49.686,51.074,54.43999999999999,0.2832876399375005
2016-12-30,002594.SZ,49.55,49.79,49.4,49.68,49.35,0.33,0.67,20886.73,103682.416,0.006686930091185372,0.006664671745732697,49.586,50.8205,54.3415,0.28598239974581346
2017-01-03,002594.SZ,49.6,50.2,49.58,49.83,49.68,0.15,0.3,38004.91,189836.309,0.003019323671497487,0.0030147746680897736,49.522000000000006,50.628499999999995,54.22533333333333,0.2814833818959602
2017-01-04,002594.SZ,49.9,50.98,49.71,50.8,49.83,0.97,1.95,76201.68,384790.063,0.019466185029098915,0.01927914229112299,49.791999999999994,50.5125,54.107166666666664,0.2916865766472879
2017-01-05,002594.SZ,50.81,50.85,50.38,50.43,50.8,-0.37,-0.73,39917.26,201824.019,-0.0072834645669290765,-0.007310118495802219,50.018,50.384499999999996,53.98866666666667,0.29227464199406344
2017-01-06,002594.SZ,50.44,50.6,49.8,49.8,50.43,-0.63,-1.25,42153.6,211167.708,-0.012492563950029845,-0.012571252058026793,50.108000000000004,50.223,53.8635,0.29420893895255157
2017-01-09,002594.SZ,49.85,50.12,49.71,49.91,49.8,0.11,0.22,32204.73,160778.322,0.0022088353413654005,0.0022063994509105723,50.153999999999996,50.081,53.740833333333335,0.29463028486829157
2017-01-10,002594.SZ,49.97,50.05,49.4,49.65,49.91,-0.26,-0.52,29611.42,147345.868,-0.005209376878381078,-0.005222992990336267,50.117999999999995,50.0725,53.622,0.21916784313578294
2017-01-11,002594.SZ,49.65,49.81,49.36,49.43,49.65,-0.22,-0.44,23978.51,118771.245,-0.004431017119838843,-0.004440863172313641,49.844,50.028499999999994,53.49,0.21644048949434258
2017-01-12,002594.SZ,49.45,49.75,48.93,48.96,49.43,-0.47,-0.95,35498.23,174899.617,-0.00950839571110662,-0.009553889114797291,49.55,50.021499999999996,53.355333333333334,0.20134444190537149
2017-01-13,002594.SZ,48.95,49.35,48.8,48.91,48.96,-0.05,-0.1,32049.75,157329.022,-0.0010212418300654669,-0.0010217636528049288,49.372,49.992999999999995,53.223333333333336,0.1992299972702787
2017-01-16,002594.SZ,48.91,49.15,46.5,47.76,48.91,-1.15,-2.35,44753.74,215981.347,-0.023512574115722717,-0.023793405466919135,48.94199999999999,49.826,53.0775,0.1730780074715684
2017-01-17,002594.SZ,47.98,48.44,47.6,48.2,47.76,0.44,0.92,27794.17,133517.236,0.009212730318258089,0.009170551972208105,48.652,49.715999999999994,52.9315,0.1739565891315945
2017-01-18,002594.SZ,48.46,48.46,48.02,48.11,48.2,-0.09,-0.19,22201.89,107149.056,-0.0018672199170125525,-0.0018689653451923886,48.388,49.6015,52.78516666666667,0.1737735663903298
2017-01-19,002594.SZ,48.16,48.3,48.0,48.1,48.11,-0.01,-0.02,17477.68,84220.141,-0.0002078569943878561,-0.0002078785996468354,48.215999999999994,49.469,52.644666666666666,0.17057114866264972
2017-01-20,002594.SZ,48.05,48.7,48.05,48.58,48.1,0.48,1.0,24796.38,120324.606,0.00997920997920998,0.009929746462310943,48.15,49.32899999999999,52.510999999999996,0.1679229792447715
2017-01-23,002594.SZ,48.77,49.24,48.77,48.86,48.58,0.28,0.58,23733.1,116240.578,0.0057636887608070175,0.005747142255568071,48.37,49.263,52.38766666666667,0.15153106962501137
2017-01-24,002594.SZ,49.14,49.14,48.49,48.65,48.86,-0.21,-0.43,25628.14,124811.91,-0.004297994269340966,-0.004307257197580332,48.459999999999994,49.188,52.2625,0.15187618236865186
2017-01-25,002594.SZ,48.66,49.17,48.45,48.9,48.65,0.25,0.51,30003.54,146682.673,0.005138746145940454,0.0051255878488123355,48.618,49.1605,52.13783333333333,0.14607257051569347
2017-01-26,002594.SZ,49.27,49.27,48.56,48.68,48.9,-0.22,-0.45,38626.5,188188.764,-0.0044989775051124115,-0.004509128361499855,48.734,49.12949999999999,52.00816666666667,0.14649922110182598
2017-02-03,002594.SZ,48.7,48.78,48.31,48.35,48.68,-0.33,-0.68,29216.51,141629.649,-0.006778964667214393,-0.006802046220023022,48.688,49.0795,51.88066666666667,0.14797031544176562
2017-02-06,002594.SZ,48.4,48.84,48.4,48.67,48.35,0.32,0.66,35549.9,172961.702,0.006618407445708296,0.006596601946059524,48.65,49.028999999999996,51.76933333333333,0.1479234075544005
2017-02-07,002594.SZ,48.81,49.88,48.8,49.34,48.67,0.67,1.38,81573.07,402822.682,0.01376618039860289,0.013672287255847758,48.788,49.0045,51.666500000000006,0.1564549046062163
2017-02-08,002594.SZ,49.34,50.8,48.66,50.5,49.34,1.16,2.35,74522.34,368336.378,0.023510336441021407,0.023238225180103426,49.108,48.9895,51.580666666666666,0.16376969123491011
2017-02-09,002594.SZ,50.45,50.46,49.89,49.98,50.5,-0.52,-1.03,71268.96,357318.483,-0.010297029702970306,-0.010350410874507828,49.36800000000001,48.967,51.49549999999999,0.16582382177544566
2017-02-10,002594.SZ,50.12,50.2,49.51,49.63,49.98,-0.35,-0.7,48338.99,240664.687,-0.007002801120448043,-0.00702743580745675,49.624,48.9585,51.400333333333336,0.16160374114025952
2017-02-13,002594.SZ,49.63,50.18,49.32,49.73,49.63,0.1,0.2,50190.77,250044.338,0.002014910336489928,0.0020128831272976425,49.836,48.9495,51.309999999999995,0.1615681098341751
2017-02-14,002594.SZ,49.8,49.98,49.4,49.54,49.73,-0.19,-0.38,42461.66,210712.341,-0.003820631409611863,-0.003827948665433637,49.876,48.944,51.210833333333326,0.16106362995878074
2017-02-15,002594.SZ,49.6,49.89,48.56,48.75,49.54,-0.79,-1.59,74108.68,364115.474,-0.01594670972951151,-0.01607522661735732,49.525999999999996,48.910000000000004,51.096666666666664,0.1701381350883609
2017-02-16,002594.SZ,48.96,49.36,48.65,48.9,48.75,0.15,0.31,36928.81,180934.599,0.003076923076922977,0.003072199036970059,49.309999999999995,48.907,50.98283333333333,0.16727619858490786
2017-02-17,002594.SZ,48.91,49.2,48.48,48.56,48.9,-0.34,-0.7,38078.38,185633.83,-0.006952965235173747,-0.006977249729583441,49.096,48.889500000000005,50.86299999999999,0.1690680536101924
2017-02-20,002594.SZ,48.58,49.28,48.58,49.16,48.56,0.6,1.24,36633.34,179319.037,0.012355848434925765,0.012280137946591151,48.982,48.9595,50.760999999999996,0.1507102182333295
2017-02-21,002594.SZ,49.33,50.26,49.32,50.04,49.16,0.88,1.79,107344.19,536939.621,0.017900732302685185,0.017742400900876393,49.082,49.0515,50.67583333333334,0.15951430874687494
2017-02-22,002594.SZ,50.19,50.22,49.76,49.97,50.04,-0.07,-0.14,48579.59,242490.259,-0.0013988808952837273,-0.001399860242596702,49.326,49.1445,50.588,0.1593753279387937
2017-02-23,002594.SZ,50.1,50.4,49.77,50.31,49.97,0.34,0.68,58000.03,290350.835,0.006804082449469728,0.006781039147113577,49.608,49.255,50.4845,0.16006049946623396
2017-02-24,002594.SZ,50.23,50.3,49.9,50.22,50.31,-0.09,-0.18,34802.5,174310.517,-0.0017889087656530744,-0.0017905107737883443,49.94,49.337,50.39333333333334,0.15800668457206618
2017-02-27,002594.SZ,50.52,51.52,50.19,50.27,50.22,0.05,0.1,101589.85,517619.636,0.000995619275189208,0.0009951239750449626,50.162,49.407500000000006,50.308,0.15728841042247596
2017-02-28,002594.SZ,50.27,50.83,49.86,50.11,50.27,-0.16,-0.32,49203.12,247467.411,-0.003182812810821667,-0.0031878887328506984,50.176,49.48049999999999,50.216,0.15679505744674752
2017-03-01,002594.SZ,50.09,50.49,49.91,50.19,50.11,0.08,0.16,50052.68,251094.394,0.0015964877270004951,0.0015952146952089117,50.220000000000006,49.545,50.12616666666666,0.15621553262804386
2017-03-02,002594.SZ,50.35,50.5,49.74,49.75,50.19,-0.44,-0.88,46598.15,232762.851,-0.008766686590954365,-0.00880534006224051,50.108000000000004,49.5985,50.033166666666666,0.15904326002164987
2017-03-03,002594.SZ,49.75,51.09,49.68,51.01,49.75,1.26,2.53,115375.4,583642.782,0.02532663316582906,0.025011228330233327,50.266000000000005,49.7315,49.96166666666667,0.17760192895430565
2017-03-06,002594.SZ,51.59,51.59,50.58,50.9,51.01,-0.11,-0.22,75697.96,385768.331,-0.0021564399137423695,-0.0021587683783580933,50.391999999999996,49.843,49.89750000000001,0.17779191734698324
2017-03-07,002594.SZ,50.89,51.28,50.68,51.0,50.9,0.1,0.2,49004.75,249591.943,0.0019646365422396617,0.001962709167848689,50.56999999999999,49.926,49.853,0.172556873745459
2017-03-08,002594.SZ,51.05,51.36,50.8,50.84,51.0,-0.16,-0.31,52024.05,265455.137,-0.0031372549019607066,-0.003142186403072393,50.7,49.943,49.815000000000005,0.15269042251644324
2017-03-09,002594.SZ,50.8,50.83,50.1,50.17,50.84,-0.67,-1.32,47188.61,237145.109,-0.013178599527930768,-0.013266207825091698,50.784,49.9525,49.768,0.15567612205693038
2017-03-10,002594.SZ,50.12,50.58,49.91,50.19,50.17,0.02,0.04,51983.85,260642.993,0.00039864460833149984,0.00039856517068051695,50.62,49.9805,49.72066666666667,0.15331095697635908
2017-03-13,002594.SZ,49.98,49.98,49.07,49.84,50.19,-0.35,-0.7,64984.39,323000.221,-0.006973500697349921,-0.0069979291876444425,50.408,49.986000000000004,49.67216666666666,0.15551885384324876
2017-03-14,002594.SZ,49.88,50.21,49.61,49.76,49.84,-0.08,-0.16,42289.93,210950.302,-0.0016051364365972098,-0.001606426048273799,50.160000000000004,49.997,49.671166666666664,0.1549653792068015
2017-03-15,002594.SZ,49.9,49.9,49.0,49.47,49.76,-0.29,-0.58,37819.02,187281.184,-0.005827974276527259,-0.005845023191306705,49.885999999999996,50.033,49.65716666666667,0.14474982617975096
2017-03-16,002594.SZ,49.75,50.16,49.69,50.02,49.47,0.55,1.11,49327.68,246285.782,0.011117849201536467,0.011056500209855949,49.856,50.089,49.67250000000001,0.14919351117757043
2017-03-17,002594.SZ,50.15,50.28,49.48,49.49,50.02,-0.53,-1.06,57737.3,288105.663,-0.010595761695321948,-0.010652296485678378,49.716,50.13549999999999,49.67266666666667,0.1523524489542635
2017-03-20,002594.SZ,49.45,49.45,48.98,49.19,49.49,-0.3,-0.61,52836.84,259912.157,-0.006061830672863255,-0.0060802781565463026,49.586,50.137,49.64083333333333,0.14810027484644797
2017-03-21,002594.SZ,49.2,49.39,49.06,49.3,49.19,0.11,0.22,38819.54,191104.216,0.0022362268753810532,0.00223373024139586,49.494,50.1,49.62250000000001,0.1327291430771744
2017-03-22,002594.SZ,49.2,49.23,48.8,48.9,49.3,-0.4,-0.81,39045.07,191186.268,-0.008113590263691628,-0.008146684567818026,49.38,50.0465,49.5975,0.13530531191216547
2017-03-23,002594.SZ,48.93,49.77,48.93,49.45,48.9,0.55,1.12,55821.1,275918.231,0.011247443762781195,0.011184661587894789,49.266,50.003499999999995,49.575833333333335,0.13957693134466
2017-03-24,002594.SZ,49.82,49.84,49.38,49.65,49.45,0.2,0.4,41430.71,205578.832,0.004044489383215222,0.004036332422460332,49.297999999999995,49.975,49.547000000000004,0.14057511790969396
2017-03-27,002594.SZ,49.8,50.25,49.52,49.6,49.65,-0.05,-0.1,36709.93,182935.046,-0.001007049345417843,-0.0010075567602997166,49.379999999999995,49.941500000000005,49.537333333333336,0.14046587550487408
2017-03-28,002594.SZ,49.73,49.99,49.62,49.9,49.6,0.3,0.6,39118.1,194960.714,0.006048387096774244,0.006030169026591231,49.5,49.931,49.53316666666667,0.14205693945918751
2017-03-29,002594.SZ,49.01,49.3,48.5,48.8,49.9,-1.1,-2.2,85814.36,419686.96,-0.022044088176352727,-0.02229068989837151,49.480000000000004,49.8615,49.52233333333333,0.16159490459923975
2017-03-30,002594.SZ,48.77,48.78,47.68,47.82,48.8,-0.98,-2.01,67797.89,325765.499,-0.020081967213114726,-0.020286350828922793,49.153999999999996,49.765,49.49766666666667,0.17306370311440192
2017-03-31,002594.SZ,47.82,48.29,47.8,48.02,47.82,0.2,0.42,45984.39,221134.026,0.004182350480970376,0.00417362876292856,48.828,49.6155,49.475500000000004,0.14248580263303318
2017-04-05,002594.SZ,48.63,49.67,48.63,49.4,48.02,1.38,2.87,76000.65,374764.331,0.028738025822573787,0.028332833400769523,48.788,49.5405,49.47083333333333,0.18166202966831158
2017-04-06,002594.SZ,49.45,49.97,49.01,49.48,49.4,0.08,0.16,51305.52,254071.603,0.0016194331983805377,0.0016181233304102998,48.704,49.4645,49.465,0.18158052652962037
2017-04-07,002594.SZ,49.5,49.81,49.4,49.6,49.48,0.12,0.24,43523.97,216135.567,0.0024252223120453387,0.002422286206594717,48.864,49.402499999999996,49.44500000000001,0.18196797321375208
2017-04-10,002594.SZ,49.62,50.12,49.29,49.65,49.6,0.05,0.1,43366.03,215230.59,0.0010080645161290036,0.0010075567602997706,49.230000000000004,49.3765,49.432,0.17643625858162038
2017-04-11,002594.SZ,49.85,54.43,49.8,53.01,49.65,3.36,6.77,262271.6,1385995.586,0.0676737160120846,0.06548218450853313,50.227999999999994,49.5175,49.4855,0.2994876189286231
2017-04-12,002594.SZ,52.79,53.48,52.03,52.98,53.01,-0.03,-0.06,115414.61,609650.83,-0.0005659309564233217,-0.0005660911557910797,50.944,49.6745,49.53666666666666,0.2975427745344601
2017-04-13,002594.SZ,52.5,52.98,51.98,52.45,52.98,-0.53,-1.0,59102.78,309646.887,-0.010003775009437388,-0.010054149001617328,51.538,49.809,49.58333333333333,0.3008252984561661
2017-04-14,002594.SZ,52.44,52.48,51.3,51.35,52.45,-1.1,-2.1,68709.91,355954.002,-0.02097235462345093,-0.02119539846773897,51.888,49.903000000000006,49.61533333333333,0.31121143370992277
2017-04-17,002594.SZ,51.03,51.7,50.72,51.38,51.35,0.03,0.06,46220.74,236677.848,0.0005842259006816342,0.0005840553071703186,52.234,49.971,49.65566666666666,0.3093790980081682
2017-04-18,002594.SZ,51.99,52.45,51.52,51.6,51.38,0.22,0.43,67517.43,351262.631,0.004281821720513834,0.004272680805779547,51.952,50.0765,49.700500000000005,0.30614318830172854
2017-04-19,002594.SZ,51.58,52.08,50.35,51.26,51.6,-0.34,-0.66,68488.41,350341.675,-0.006589147286821806,-0.0066109515515921004,51.608000000000004,50.18,49.75883333333333,0.3063390055387276
2017-04-20,002594.SZ,51.3,51.95,50.4,51.95,51.26,0.69,1.35,58608.07,299802.634,0.013460788138899726,0.013370996609311347,51.508,50.3125,49.821333333333335,0.3089195107423935
2017-04-21,002594.SZ,51.96,52.72,51.75,51.97,51.95,0.02,0.04,66685.47,348116.552,0.00038498556304134013,0.00038491147511404336,51.632000000000005,50.465999999999994,49.885666666666665,0.30640123144587694
2017-04-24,002594.SZ,51.96,52.49,50.75,50.84,51.97,-1.13,-2.17,58738.25,302580.817,-0.021743313450067303,-0.021983182699097145,51.524,50.5355,49.931333333333335,0.317130797227214
2017-04-25,002594.SZ,51.0,51.46,50.66,51.18,50.84,0.34,0.67,43369.28,221889.094,0.0066876475216364195,0.006665384410389364,51.44,50.612,49.974666666666664,0.31754261191839184
2017-04-26,002594.SZ,51.36,52.97,51.18,52.52,51.18,1.34,2.62,90525.42,473902.068,0.026182102383743633,0.02584521870295267,51.69199999999999,50.757999999999996,50.035666666666664,0.3289260119100217
2017-04-27,002594.SZ,52.47,52.47,51.51,52.09,52.52,-0.43,-0.82,59489.51,308908.018,-0.00818735719725816,-0.008221057677495239,51.720000000000006,50.8675,50.092999999999996,0.33108722493137904
2017-04-28,002594.SZ,51.99,52.6,51.0,51.88,52.09,-0.21,-0.4,61988.55,320502.394,-0.004031483970051819,-0.004039632308857025,51.702,51.021499999999996,50.14266666666667,0.31945298914383147
2017-05-02,002594.SZ,51.15,51.35,49.54,49.7,51.88,-2.18,-4.2,109293.11,548737.552,-0.04202004626060141,-0.04292842634566011,51.474000000000004,51.115500000000004,50.159666666666666,0.34884609300686303
2017-05-03,002594.SZ,49.5,49.6,48.53,48.8,49.7,-0.9,-1.81,69198.61,338392.883,-0.01810865191146893,-0.01827462024348167,50.998000000000005,51.1545,50.16716666666667,0.3560281862900518
2017-05-04,002594.SZ,48.82,49.27,48.58,48.71,48.8,-0.09,-0.18,38077.65,186105.336,-0.0018442622950819443,-0.0018459650406501776,50.236000000000004,51.12,50.16783333333333,0.34069326940003986
2017-05-05,002594.SZ,48.7,48.95,48.3,48.34,48.71,-0.37,-0.76,32300.5,156745.226,-0.00759597618558816,-0.007624972543114324,49.486000000000004,51.063,50.15116666666666,0.3415066617913339
2017-05-08,002594.SZ,48.34,49.2,48.34,48.79,48.34,0.45,0.93,34914.15,170485.605,0.009309060819197246,0.009265998552408762,48.868,51.0225,50.12266666666666,0.3432782611520304
2017-05-09,002594.SZ,48.79,49.15,48.41,49.0,48.79,0.21,0.43,24826.61,121222.122,0.004304160688665792,0.004294924282880871,48.727999999999994,50.99,50.10633333333333,0.34368276862694835
2017-05-10,002594.SZ,49.09,49.19,48.0,48.0,49.0,-1.0,-2.04,39103.3,190542.978,-0.020408163265306145,-0.020619287202735703,48.568,50.7395,50.079166666666666,0.23817591841156122
2017-05-11,002594.SZ,48.0,48.1,46.57,47.83,48.0,-0.17,-0.35,62121.3,294299.914,-0.003541666666666665,-0.0035479532156854044,48.391999999999996,50.482000000000006,50.0475,0.23770079418157253
2017-05-12,002594.SZ,47.84,48.11,47.5,48.03,47.83,0.2,0.42,29961.46,143557.52,0.004181476061049683,0.0041727579845276174,48.33,50.261,50.022333333333336,0.23906364873017444
2017-05-15,002594.SZ,48.24,48.48,47.91,47.93,48.03,-0.1,-0.21,19021.81,91739.725,-0.002082032063293826,-0.002084202505193147,48.158,50.089999999999996,50.00866666666666,0.230835310550136
2017-05-16,002594.SZ,47.92,48.85,47.49,48.65,47.93,0.72,1.5,31106.67,149412.636,0.015021906947631836,0.01491019546047403,48.088,49.9535,50.0045,0.2396117682553076
2017-05-17,002594.SZ,48.65,49.55,48.57,48.86,48.65,0.21,0.43,42441.65,208618.072,0.004316546762589857,0.00430725719758027,48.260000000000005,49.8165,50.0095,0.23962505980935692
2017-05-18,002594.SZ,48.5,49.13,48.33,48.37,48.86,-0.49,-1.0,20725.72,100790.587,-0.01002865329512903,-0.010079278994702668,48.368,49.672,49.99633333333333,0.24069026809645575
2017-05-19,002594.SZ,48.45,48.74,48.2,48.55,48.37,0.18,0.37,23363.25,113239.155,0.003721314864585379,0.0037144079024419765,48.472,49.502,49.9715,0.23437003993736777
2017-05-22,002594.SZ,48.55,48.86,47.93,48.39,48.55,-0.16,-0.33,24705.02,119675.389,-0.0032955715756950443,-0.0033010139321066174,48.564,49.323,49.945166666666665,0.233971701492924
2017-05-23,002594.SZ,48.39,48.91,47.45,48.79,48.39,0.4,0.83,45473.0,219324.651,0.00826617069642488,0.008232193022518635,48.592,49.2205,49.91983333333334,0.22701142255136592
2017-05-24,002594.SZ,48.6,48.95,48.0,48.8,48.79,0.01,0.02,32911.26,160081.85,0.00020496003279357744,0.000204939031355644,48.58,49.1015,49.896166666666666,0.2248933942767075
2017-05-25,002594.SZ,48.8,48.88,48.2,48.75,48.8,-0.05,-0.1,33790.34,163972.121,-0.0010245901639344135,-0.001025115415245297,48.656,48.913,49.87083333333333,0.19839706793820291
2017-05-26,002594.SZ,48.85,49.26,48.76,49.11,48.75,0.36,0.74,40699.14,199387.273,0.007384615384615323,0.007357482607296982,48.767999999999994,48.763999999999996,49.854166666666664,0.2013436018562195
2017-05-31,002594.SZ,49.38,50.0,49.3,49.85,49.11,0.74,1.51,55752.94,276534.554,0.015068214212991204,0.01495581635669407,49.06,48.6625,49.84850000000001,0.21105443934445378
2017-06-01,002594.SZ,49.85,50.07,49.01,49.33,49.85,-0.52,-1.04,38640.48,191414.29,-0.010431293881644987,-0.010486081162200508,49.16799999999999,48.644,49.8415,0.15331708919174603
2017-06-02,002594.SZ,49.39,49.7,48.8,49.44,49.33,0.11,0.22,25275.36,124282.022,0.002229880397324191,0.0022273979037884975,49.296,48.676,49.815333333333335,0.13829687288595113
2017-06-05,002594.SZ,49.51,50.2,49.51,50.2,49.44,0.76,1.54,50894.93,254333.825,0.015372168284789822,0.015255213548248355,49.586,48.7505,49.803666666666665,0.14732402461877467
2017-06-06,002594.SZ,50.2,50.3,49.7,50.0,50.2,-0.2,-0.4,26957.88,134786.202,-0.003984063745020028,-0.003992021269537561,49.763999999999996,48.8335,49.787,0.14488821782645922
2017-06-07,002594.SZ,50.06,50.57,49.9,50.5,50.0,0.5,1.0,46360.2,233517.868,0.010000000000000009,0.009950330853168092,49.894,48.919,49.781333333333336,0.14538753278517863
2017-06-08,002594.SZ,50.52,50.61,50.12,50.5,50.5,0.0,0.0,27473.71,138447.553,0.0,0.0,50.128,48.994,49.786833333333334,0.14519267985084827
2017-06-09,002594.SZ,50.6,50.78,49.96,50.24,50.5,-0.26,-0.51,38682.3,194073.372,-0.005148514851485153,-0.00516181412137091,50.288,49.106,49.78766666666666,0.12299275812813164
2017-06-12,002594.SZ,50.0,50.88,49.71,50.5,50.24,0.26,0.52,55222.11,277483.403,0.0051751592356688025,0.0051618141213709175,50.348,49.2395,49.79866666666666,0.1213721340359272
2017-06-13,002594.SZ,50.41,52.49,50.38,51.82,50.5,1.32,2.61,84470.17,436146.393,0.026138613861386162,0.025802838852649796,50.712,49.428999999999995,49.833,0.14710924608815212
2017-06-14,002594.SZ,51.82,52.83,51.58,51.6,51.82,-0.22,-0.42,91069.95,476553.923,-0.004245465071401,-0.00425450264644686,50.932,49.6125,49.8685,0.1484596163499211
2017-06-15,002594.SZ,51.7,51.96,51.35,51.7,51.6,0.1,0.19,39495.8,203844.291,0.0019379844961240345,0.0019361090268664007,51.172000000000004,49.765,49.896499999999996,0.14241007928193172
2017-06-16,002594.SZ,51.85,52.1,51.0,51.05,51.7,-0.65,-1.26,51159.3,263461.006,-0.012572533849129708,-0.012652236903709,51.33399999999999,49.8745,49.9225,0.15271534325357677
2017-06-19,002594.SZ,51.0,51.62,50.87,51.23,51.05,0.18,0.35,36318.08,186094.832,0.0035259549461312822,0.0035197533404363953,51.48,50.0175,49.9565,0.14569237593486284
2017-06-20,002594.SZ,51.4,51.81,50.55,50.58,51.23,-0.65,-1.27,49972.27,255456.823,-0.012687878196369295,-0.01276905670929181,51.23199999999999,50.119,49.97783333333333,0.1557834919419287
2017-06-21,002594.SZ,50.76,51.27,50.52,50.95,50.58,0.37,0.73,53808.53,273301.435,0.007315144325820588,0.007288518426914836,51.102,50.247,50.01200000000001,0.15546592667576253
2017-06-22,002594.SZ,50.93,51.25,50.76,50.77,50.95,-0.18,-0.35,55269.69,281679.51,-0.0035328753680078373,-0.003539130709430845,50.916000000000004,50.346000000000004,50.034,0.15543029131932565
2017-06-23,002594.SZ,50.7,50.88,50.15,50.6,50.77,-0.17,-0.33,45962.87,231809.268,-0.003348434114634702,-0.003354052665883177,50.826,50.436,50.04983333333333,0.15649373013355228
2017-06-26,002594.SZ,50.54,51.76,50.54,51.52,50.6,0.92,1.82,67567.8,346654.536,0.0181818181818183,0.01801850550267843,50.884,50.5745,50.08183333333333,0.16634102463367664
2017-06-27,002594.SZ,51.6,51.98,51.18,51.47,51.52,-0.05,-0.1,46282.17,238798.256,-0.0009704968944099779,-0.0009709681314350578,51.062,50.6925,50.108,0.16594282275628375
2017-06-28,002594.SZ,51.12,51.17,50.46,50.56,51.47,-0.91,-1.77,47055.24,238564.224,-0.017680202059452088,-0.017838363826061153,50.984,50.728,50.13733333333334,0.17333840971452866
2017-06-29,002594.SZ,50.65,50.8,50.24,50.31,50.56,-0.25,-0.49,41201.52,207772.933,-0.0049446202531645556,-0.004956885335374807,50.892,50.777,50.17883333333334,0.16969434049595664
2017-06-30,002594.SZ,50.21,50.27,49.49,49.95,50.31,-0.36,-0.72,56516.37,281261.803,-0.007155635062611743,-0.007181359408664585,50.762,50.8025,50.211,0.17207371343150715
2017-07-03,002594.SZ,49.75,50.28,49.74,50.03,49.95,0.08,0.16,25615.34,128078.311,0.00160160160160161,0.0016003204055511572,50.464,50.794,50.2215,0.16306831206630124
2017-07-04,002594.SZ,50.09,51.08,50.08,50.5,50.03,0.47,0.94,49469.45,250786.936,0.00939436338197086,0.00935051078120051,50.27,50.819,50.2385,0.16575606326400957
2017-07-05,002594.SZ,50.51,51.46,50.51,51.18,50.5,0.68,1.35,51981.84,265549.226,0.013465346534653477,0.013375494450328622,50.394,50.853,50.26483333333333,0.16880499399405052
2017-07-06,002594.SZ,50.99,51.53,50.52,50.85,51.18,-0.33,-0.64,57560.6,293959.674,-0.00644783118405623,-0.0064687082370737505,50.501999999999995,50.8705,50.28483333333333,0.17071184404185658
2017-07-07,002594.SZ,50.78,50.9,50.34,50.67,50.85,-0.18,-0.35,32924.56,166618.442,-0.0035398230088495852,-0.003546103006750589,50.646,50.892,50.24583333333333,0.17011280954785163
2017-07-10,002594.SZ,50.66,50.66,50.01,50.05,50.67,-0.62,-1.22,38057.0,191155.906,-0.012236037102822284,-0.012311513726588907,50.65,50.8695,50.197,0.17489942255110674
2017-07-11,002594.SZ,50.02,50.5,50.0,50.09,50.05,0.04,0.08,26512.77,133130.713,0.0007992007992008165,0.0007988816082958577,50.568,50.783,50.157666666666664,0.14439026679068828
2017-07-12,002594.SZ,50.39,50.4,49.41,49.84,50.09,-0.25,-0.5,44339.24,220597.889,-0.004991016170892371,-0.0050035128903277055,50.3,50.69500000000001,50.1325,0.1445916448307796
2017-07-13,002594.SZ,49.8,50.1,49.66,49.86,49.84,0.02,0.04,24887.89,124118.181,0.00040128410914919144,0.00040120361621403416,50.102,50.602999999999994,50.10716666666667,0.14418195189375146
2017-07-14,002594.SZ,50.15,50.92,49.88,50.57,49.86,0.71,1.42,46878.38,236872.536,0.014239871640593593,0.014139436996479769,50.082,50.579,50.09,0.1488768368323371
2017-07-17,002594.SZ,50.57,50.64,48.91,49.0,50.57,-1.57,-3.1,61433.5,304009.42,-0.03104607474787424,-0.031538216981265056,49.872,50.4675,50.05233333333334,0.18329156534059832
2017-07-18,002594.SZ,49.19,49.55,48.68,48.97,49.0,-0.03,-0.06,27430.47,134468.591,-0.000612244897959191,-0.0006124323964006115,49.647999999999996,50.387,50.00266666666666,0.17905459019230807
2017-07-19,002594.SZ,49.09,49.69,48.98,49.59,48.97,0.62,1.27,32708.32,161628.353,0.01266081274249542,0.01258133478681651,49.598,50.319,49.963,0.1835168863886695
2017-07-20,002594.SZ,49.61,50.29,49.57,50.08,49.59,0.49,0.99,35918.87,179475.93,0.009881024400080651,0.009832526290800574,49.642,50.2845,49.95033333333333,0.187474912401685
2017-07-21,002594.SZ,50.11,50.93,49.72,50.49,50.08,0.41,0.82,57303.82,290041.314,0.008186900958466525,0.008153570078981315,49.626,50.279,49.938833333333335,0.18970441681342834
2017-07-24,002594.SZ,50.51,50.8,49.33,49.89,50.49,-0.6,-1.19,56919.23,283645.714,-0.011883541295306,-0.01195471499787833,49.804,50.1975,49.895,0.1812303490482317
2017-07-25,002594.SZ,50.01,50.05,49.3,49.39,49.89,-0.5,-1.0,38482.76,190503.721,-0.010022048506714731,-0.010072607320412489,49.888,50.0935,49.85,0.18368205914829835
2017-07-26,002594.SZ,49.77,49.77,48.62,48.9,49.39,-0.49,-0.99,52079.67,255136.77,-0.009921036647094539,-0.009970578071707113,49.75,50.0105,49.800333333333334,0.17683215673510197
2017-07-27,002594.SZ,49.0,49.3,48.88,49.1,48.9,0.2,0.41,37924.85,186246.195,0.004089979550102374,0.004081638319648678,49.553999999999995,49.95,49.790333333333336,0.17747831217675664
2017-07-28,002594.SZ,49.1,49.54,49.09,49.47,49.1,0.37,0.75,29969.55,147881.668,0.007535641547861349,0.007507390439142174,49.35,49.926,49.8015,0.17855042623434458
2017-07-31,002594.SZ,49.61,49.67,48.85,49.0,49.47,-0.47,-0.95,51892.1,254905.211,-0.00950070749949461,-0.009546127128990582,49.172000000000004,49.8745,49.806333333333335,0.18121074972052764
2017-08-01,002594.SZ,49.0,49.3,48.92,49.06,49.0,0.06,0.12,44985.78,220751.525,0.001224489795918382,0.0012237407197166485,49.10600000000001,49.8025,49.818333333333335,0.17728687068990845
2017-08-02,002594.SZ,49.11,49.18,48.45,48.5,49.06,-0.56,-1.14,52435.45,255442.363,-0.011414594374235643,-0.011480240886905744,49.025999999999996,49.6685,49.8135,0.17154832254027758
2017-08-03,002594.SZ,48.54,48.84,48.41,48.67,48.5,0.17,0.35,50985.49,247641.072,0.003505154639175334,0.003499025901925499,48.94,49.5595,49.808,0.17224686484669136
2017-08-04,002594.SZ,48.69,48.78,48.4,48.51,48.49,0.02,0.04,26730.37,129821.463,-0.00328744606533804,-0.003292861588237816,48.748000000000005,49.451499999999996,49.816500000000005,0.1722218367856168
2017-08-07,002594.SZ,48.56,49.05,48.56,48.91,48.51,0.4,0.82,30464.23,148872.114,0.008245722531436739,0.008211912294140575,48.730000000000004,49.3945,49.834500000000006,0.17160924013056023
2017-08-08,002594.SZ,48.91,49.45,48.67,49.21,48.91,0.3,0.61,40118.7,196964.97,0.006133714986710448,0.006114980326621183,48.76,49.3505,49.854166666666664,0.1734254593861863
2017-08-09,002594.SZ,49.15,49.39,48.9,49.13,49.21,-0.08,-0.16,29892.24,146744.557,-0.001625685836212143,-0.0016270086973299597,48.886,49.315,49.874166666666675,0.17276435373588628
2017-08-10,002594.SZ,49.14,49.25,48.5,48.73,49.13,-0.4,-0.81,28966.1,141549.382,-0.008141664970486628,-0.008174989325142224,48.898,49.258500000000005,49.8755,0.1747183293230075
2017-08-11,002594.SZ,48.59,48.59,47.67,47.85,48.73,-0.88,-1.81,59257.32,284783.564,-0.018058690744920947,-0.018223738956451498,48.766000000000005,49.1225,49.858666666666664,0.17475353144047553
2017-08-14,002594.SZ,48.0,48.29,47.89,48.2,47.85,0.35,0.73,27353.05,131646.281,0.007314524555903867,0.007287903157591352,48.624,49.082499999999996,49.85583333333333,0.14226285485657653
2017-08-15,002594.SZ,48.3,48.38,47.86,48.0,48.2,-0.2,-0.41,32050.47,153941.418,-0.004149377593361092,-0.004158010148663788,48.382,49.034,49.846666666666664,0.14275924342329097
2017-08-16,002594.SZ,48.01,48.32,47.6,48.26,48.0,0.26,0.54,31572.54,151598.581,0.005416666666666625,0.005402049288994704,48.208000000000006,48.967499999999994,49.844500000000004,0.13573422547605368
2017-08-17,002594.SZ,48.3,48.39,48.04,48.32,48.26,0.06,0.12,26240.32,126497.145,0.001243265644426117,0.0012424934296739246,48.126,48.8795,49.836666666666666,0.12960168409034387
2017-08-18,002594.SZ,48.29,48.7,48.05,48.55,48.32,0.23,0.48,31674.32,153626.476,0.004759933774834302,0.004748641110774276,48.266,48.7825,49.832499999999996,0.12665214520023815
2017-08-21,002594.SZ,48.5,49.08,48.48,48.66,48.55,0.11,0.23,33868.29,164854.875,0.0022657054582904124,0.0022631426180426263,48.358,48.721000000000004,49.830999999999996,0.12176312030491493
2017-08-22,002594.SZ,48.8,48.96,48.12,48.16,48.66,-0.5,-1.03,37715.36,182505.874,-0.01027538018906704,-0.010328536354811001,48.39,48.6595,49.81516666666667,0.12200909813643784
2017-08-23,002594.SZ,48.2,48.45,48.01,48.27,48.16,0.11,0.23,21112.13,101819.233,0.002284053156146326,0.002281448671836081,48.392,48.628,49.78883333333333,0.11811027624281882
2017-08-24,002594.SZ,48.31,48.39,47.91,48.0,48.27,-0.27,-0.56,33926.72,163248.155,-0.005593536357986428,-0.0056092387645107055,48.327999999999996,48.573,49.766666666666666,0.11798837558711357
2017-08-25,002594.SZ,48.51,48.99,48.09,48.68,48.0,0.68,1.42,53405.92,260138.57,0.01416666666666666,0.014067257211435489,48.354,48.5335,49.754,0.12647254723582593
2017-08-28,002594.SZ,48.8,49.58,48.71,49.35,48.68,0.67,1.38,64106.41,316073.108,0.013763352506162674,0.013669497760164146,48.492000000000004,48.551,49.73983333333333,0.13202089960716484
2017-08-29,002594.SZ,49.0,49.0,48.13,48.42,49.35,-0.93,-1.88,74521.09,360559.689,-0.018844984802431575,-0.019024814369578123,48.544000000000004,48.519,49.713499999999996,0.14852515508473435
2017-08-30,002594.SZ,48.3,48.45,47.99,48.39,48.42,-0.03,-0.06,37789.09,182161.66,-0.0006195786864932051,-0.000619770704685266,48.568,48.5135,49.67833333333333,0.14295257302724748
2017-08-31,002594.SZ,48.31,48.67,48.3,48.49,48.39,0.1,0.21,29314.39,142056.447,0.00206654267410622,0.002064410312033724,48.666000000000004,48.5045,49.64483333333333,0.1425654137870042
2017-09-01,002594.SZ,48.49,48.6,48.11,48.29,48.49,-0.2,-0.41,33500.64,161731.351,-0.004124561765312507,-0.004133091231810455,48.588,48.4935,49.61233333333334,0.14284070328783136
2017-09-04,002594.SZ,48.42,48.99,48.41,48.76,48.29,0.47,0.97,49331.69,240744.075,0.009732863946986914,0.00968580472762021,48.47,48.486000000000004,49.58333333333334,0.14409738206169198
2017-09-05,002594.SZ,48.79,48.93,48.67,48.88,48.76,0.12,0.25,32331.5,157831.796,0.0024610336341264194,0.0024580102502691934,48.562,48.4695,49.53433333333333,0.14256686983385256
2017-09-06,002594.SZ,49.05,50.88,49.04,50.3,48.88,1.42,2.91,128700.78,644059.292,0.02905073649754497,0.028636762242353602,48.944,48.528,49.51266666666667,0.1763576621120164
2017-09-07,002594.SZ,50.01,50.3,49.51,49.57,50.3,-0.73,-1.45,67109.45,334326.437,-0.014512922465208633,-0.014619265073210883,49.16,48.57,49.47716666666667,0.18220416242805212
2017-09-08,002594.SZ,49.65,49.85,49.39,49.82,49.57,0.25,0.5,42648.69,211530.238,0.005043373007867613,0.005030697801551791,49.465999999999994,48.6685,49.45666666666667,0.16820911888935822
2017-09-11,002594.SZ,52.62,53.5,51.65,51.85,49.82,2.03,4.07,190193.88,993398.565,0.040746688077077486,0.03993842484150198,50.084,48.851,49.467,0.2168555184631867
2017-09-12,002594.SZ,52.4,57.04,52.4,55.81,51.85,3.96,7.64,495529.42,2746256.727,0.07637415621986499,0.07359813012480586,51.470000000000006,49.2415,49.55416666666667,0.33446219381780545
2017-09-13,002594.SZ,55.0,55.35,54.0,54.88,55.81,-0.93,-1.67,236513.15,1291741.256,-0.016663680344024323,-0.016804081382712374,52.386,49.572500000000005,49.61966666666667,0.34552348051810394
2017-09-14,002594.SZ,55.6,55.88,54.0,54.47,54.88,-0.41,-0.75,146047.51,798992.544,-0.007470845481049593,-0.007498892022046716,53.36600000000001,49.88,49.681333333333335,0.3487073151461795
2017-09-15,002594.SZ,54.17,54.19,53.0,53.4,54.47,-1.07,-1.96,125873.6,672584.956,-0.019643840646227262,-0.019839345429433924,54.08200000000001,50.1225,49.727999999999994,0.3606280574255374
2017-09-18,002594.SZ,53.39,58.54,53.39,57.93,53.4,4.53,8.48,372631.68,2105090.645,0.08483146067415737,0.08142463914238367,55.298,50.586,49.834833333333336,0.4581888334061517
2017-09-19,002594.SZ,57.5,57.66,56.38,57.25,57.93,-0.68,-1.17,215409.82,1228898.008,-0.011738304850681835,-0.011807742674183714,55.586,51.040499999999994,49.93116666666666,0.4590395964315869
2017-09-20,002594.SZ,57.17,62.98,56.66,61.82,57.25,4.57,7.98,548300.47,3359873.751,0.07982532751091709,0.07679929426962127,56.974000000000004,51.717999999999996,50.11883333333333,0.5220423509968722
2017-09-21,002594.SZ,61.35,64.38,60.61,62.57,61.82,0.75,1.21,447493.86,2798742.958,0.012131996117761279,0.012058993306301906,58.59400000000001,52.4465,50.323166666666665,0.5174664746100489
2017-09-22,002594.SZ,62.31,64.5,61.71,62.32,62.57,-0.25,-0.4,290495.99,1831760.254,-0.003995525011986523,-0.0040035284477792435,60.378,53.12850000000001,50.529333333333334,0.5213109104207173
2017-09-25,002594.SZ,62.0,62.65,59.65,60.29,62.32,-2.03,-3.26,248954.05,1520891.606,-0.032573812580231065,-0.03311614906117863,60.85,53.6755,50.70033333333333,0.5456951032429898
2017-09-26,002594.SZ,59.8,65.0,59.8,65.0,60.29,4.71,7.81,383172.84,2427224.404,0.07812240835959527,0.0752210173943229,62.4,54.50449999999999,50.942,0.5835315222572639
2017-09-27,002594.SZ,66.1,70.93,65.56,67.87,65.0,2.87,4.42,474803.58,3241461.154,0.04415384615384621,0.043206840820029936,63.61,55.47850000000001,51.220166666666664,0.5887951622602967
2017-09-28,002594.SZ,67.1,70.48,66.57,68.95,67.87,1.08,1.59,325263.96,2219983.031,0.01591277442168848,0.015787493523643788,64.886,56.50150000000001,51.52183333333334,0.5859665079324191
2017-09-29,002594.SZ,68.25,69.46,66.86,68.3,68.95,-0.65,-0.94,294855.76,2005780.685,-0.009427121102248082,-0.009471837662566516,66.08200000000001,57.50200000000001,51.815666666666665,0.5889625632640639
2017-10-09,002594.SZ,72.6,73.5,70.5,72.08,68.3,3.78,5.53,378033.29,2727755.023,0.05534407027818444,0.05386684672333806,68.44,58.66799999999999,52.18283333333333,0.6024487743693734
2017-10-10,002594.SZ,71.01,71.99,69.85,70.62,72.08,-1.46,-2.03,231070.49,1637321.731,-0.02025527192008869,-0.020463222799842022,69.564,59.754999999999995,52.525,0.61664845893023
2017-10-11,002594.SZ,71.25,71.6,68.08,68.65,70.62,-1.97,-2.79,229790.52,1584085.229,-0.02789578023222883,-0.02829225828626029,69.72,60.6725,52.838499999999996,0.6374405259190179
2017-10-12,002594.SZ,68.35,69.68,66.93,68.3,68.65,-0.35,-0.51,228825.96,1559905.993,-0.005098324836125379,-0.005111365637235783,69.59,61.608999999999995,53.145833333333336,0.6322367723360653
2017-10-13,002594.SZ,68.4,68.59,66.6,67.72,68.3,-0.58,-0.85,160442.63,1079412.942,-0.008491947291361601,-0.008528209311809774,69.474,62.504,53.43166666666666,0.6374039418720431
2017-10-16,002594.SZ,67.75,69.35,66.5,67.4,67.72,-0.32,-0.47,201483.71,1370037.807,-0.004725339633786074,-0.004736539346673112,68.538,63.28150000000001,53.73833333333333,0.634617900693413
2017-10-17,002594.SZ,67.1,68.35,66.71,67.37,67.4,-0.03,-0.04,115799.98,780476.725,-0.0004451038575667976,-0.00044520294569290366,67.888,63.859500000000004,54.044999999999995,0.5914916527831984
2017-10-18,002594.SZ,67.8,68.8,67.3,67.43,67.37,0.06,0.09,141560.25,962447.35,0.0008906041264657993,0.0008902077739221106,67.64399999999999,64.487,54.342333333333336,0.5841960110873825
2017-10-19,002594.SZ,67.55,67.84,65.03,65.15,67.43,-2.28,-3.38,196881.19,1295850.152,-0.033812842948242605,-0.034397719175636436,67.01400000000001,65.021,54.5935,0.6024247464804918
2017-10-20,002594.SZ,65.02,68.68,64.5,68.55,65.15,3.4,5.22,218079.3,1456656.111,0.0521872601688409,0.05087110243746905,67.17999999999999,65.77850000000001,54.8945,0.6100004637479612
2017-10-23,002594.SZ,68.28,68.66,66.63,66.91,68.55,-1.64,-2.39,173726.22,1168661.896,-0.023924142961342043,-0.02421497321359778,67.08200000000001,66.2275,55.17816666666666,0.5609079181986003
2017-10-24,002594.SZ,66.84,67.55,63.88,65.06,66.91,-1.85,-2.76,204807.16,1339470.167,-0.027649080854879604,-0.02803851174952009,66.62,66.61800000000001,55.43933333333334,0.5710144849328374
2017-10-25,002594.SZ,65.08,66.0,64.53,65.48,65.06,0.42,0.65,118238.18,772896.725,0.006455579465109107,0.0064348314577287345,66.23,66.80100000000002,55.71566666666667,0.5021720260883905
2017-10-26,002594.SZ,64.79,66.73,64.06,65.8,65.48,0.32,0.49,159153.32,1039928.786,0.004886988393402403,0.004875085828337201,66.35999999999999,66.9625,55.994,0.5011481276503167
2017-10-27,002594.SZ,65.97,66.5,64.8,65.13,65.8,-0.67,-1.02,116413.55,763542.709,-0.010182370820668751,-0.01023456577296141,65.676,67.103,56.255,0.5027693365687252
2017-10-30,002594.SZ,64.85,64.85,61.7,62.53,65.13,-2.6,-3.99,205126.98,1287173.023,-0.03992015968063867,-0.04073883097910356,64.8,67.215,56.4805,0.5102212595225747
2017-10-31,002594.SZ,62.44,63.39,62.03,63.0,62.53,0.47,0.75,103125.07,648127.183,0.0075163921317766835,0.007488284812326077,64.388,67.11500000000001,56.71283333333334,0.4256078748149925
2017-11-01,002594.SZ,64.05,65.48,63.77,64.2,63.0,1.2,1.9,150590.5,975306.221,0.019047619047619202,0.018868484304382954,64.13199999999999,66.9315,56.974500000000006,0.39857695127217174
2017-11-02,002594.SZ,64.0,64.44,62.61,63.32,64.2,-0.88,-1.37,100879.16,639052.791,-0.013707165109034358,-0.013801975683104182,63.636,66.65,57.21866666666667,0.3942933869526988
2017-11-03,002594.SZ,63.32,65.65,63.03,64.25,63.32,0.93,1.47,139520.67,903065.031,0.014687302590018936,0.014580488762517765,63.46,66.4475,57.481,0.3991206631535248
2017-11-06,002594.SZ,65.44,66.15,64.43,65.57,64.25,1.32,2.05,134877.86,882061.773,0.020544747081711945,0.020336550500198756,64.06800000000001,66.122,57.75866666666666,0.3477428225073466
2017-11-07,002594.SZ,65.85,66.77,64.85,65.52,65.57,-0.05,-0.08,113896.42,746407.099,-0.0007625438462711687,-0.0007628347307140736,64.572,65.867,58.030499999999996,0.3428749746171808
2017-11-08,002594.SZ,65.5,68.36,65.12,67.37,65.52,1.85,2.82,220709.45,1484376.001,0.028235653235653357,0.027844375427754614,65.206,65.803,58.3345,0.3478043329277811
2017-11-09,002594.SZ,67.84,69.3,67.01,67.99,67.37,0.62,0.92,167087.07,1137272.812,0.00920290930681289,0.00916082056579956,66.14000000000001,65.7875,58.655499999999996,0.34911515363437234
2017-11-10,002594.SZ,67.9,67.9,66.73,67.65,67.99,-0.34,-0.5,132075.67,889563.474,-0.0050007354022648665,-0.00501328092157105,66.82000000000001,65.784,58.9855,0.34820737586902356
2017-11-13,002594.SZ,68.01,70.23,67.75,70.1,67.65,2.45,3.62,240137.55,1664811.921,0.036215816703621506,0.03557543942374729,67.726,65.919,59.350500000000004,0.37019586331441046
2017-11-14,002594.SZ,70.11,70.25,67.71,68.0,70.1,-2.1,-3.0,172747.84,1188914.356,-0.029957203994293802,-0.030415088864437643,68.22200000000001,65.9505,59.68383333333334,0.38743787304780136
2017-11-15,002594.SZ,67.51,67.69,63.7,63.96,68.0,-4.04,-5.94,233004.18,1516989.636,-0.059411764705882386,-0.061249817210353254,67.53999999999999,65.777,59.9455,0.44237755350918107
2017-11-16,002594.SZ,63.8,64.9,62.76,64.23,63.96,0.27,0.42,117896.31,753593.296,0.004221388367729784,0.0042125033039475904,66.78800000000001,65.731,60.210666666666675,0.4267301615706864
2017-11-17,002594.SZ,64.99,65.95,63.59,63.59,64.23,-0.64,-1.0,117539.14,760782.578,-0.00996419118791847,-0.010014165990384755,65.976,65.48299999999999,60.461333333333336,0.37964272830932405
2017-11-20,002594.SZ,64.48,69.52,63.85,69.49,63.59,5.9,9.28,282147.11,1898640.794,0.09278188394401621,0.08872663204691943,65.854,65.612,60.8085,0.5024269594898207
2017-11-21,002594.SZ,69.6,73.45,69.02,72.3,69.49,2.81,4.04,362854.11,2606743.576,0.0404374730177004,0.03964127183848303,66.71399999999998,65.974,61.21083333333333,0.5065974642123986
2017-11-22,002594.SZ,72.28,73.8,71.59,72.79,72.3,0.49,0.68,288934.62,2098373.49,0.006777316735823158,0.006754453965447739,68.47999999999999,66.3395,61.6195,0.5066045568308667
2017-11-23,002594.SZ,72.59,73.78,70.51,70.61,72.79,-2.18,-2.99,216167.52,1554460.927,-0.02994916884187393,-0.030406805601911117,69.756,66.58,61.99633333333333,0.5222705199076292
2017-11-24,002594.SZ,70.65,72.28,69.83,70.7,70.61,0.09,0.13,214564.37,1528520.309,0.0012746069961762085,0.001273795374271625,71.178,66.8585,62.36333333333334,0.5197093996702552
2017-11-27,002594.SZ,70.21,70.27,63.63,63.63,70.7,-7.07,-10.0,345568.42,2290501.553,-0.09999999999999998,-0.10536051565782628,70.006,66.9135,62.601333333333336,0.6217329207305602
2017-11-28,002594.SZ,63.5,64.86,61.71,64.73,63.63,1.1,1.73,224011.01,1419502.842,0.01728744303001739,0.01713971531271815,68.492,67.0,62.87316666666667,0.623927714497259
2017-11-29,002594.SZ,64.82,64.98,63.0,64.35,64.73,-0.38,-0.59,144177.69,924072.963,-0.005870539162675881,-0.0058878385152833015,66.804,67.00750000000001,63.139166666666675,0.6212132372260534
2017-11-30,002594.SZ,63.6,64.05,62.11,62.22,64.35,-2.13,-3.31,135172.22,850257.006,-0.03310023310023302,-0.033660442572644625,65.126,66.9525,63.368,0.6309788739003299
2017-12-01,002594.SZ,62.2,63.66,61.71,63.35,62.22,1.13,1.82,98388.77,620077.095,0.018161362905818157,0.017998415297657187,63.656000000000006,66.9075,63.619,0.632179350544327
2017-12-04,002594.SZ,63.49,64.67,63.0,63.43,63.35,0.08,0.13,93559.04,599016.497,0.0012628255722177961,0.0012620288786576702,63.616,66.8005,63.8635,0.6275793769256726
2017-12-05,002594.SZ,62.62,64.4,62.01,62.69,63.43,-0.74,-1.17,107230.98,678552.969,-0.011666403909821876,-0.011734990359928645,63.20799999999999,66.659,64.09366666666668,0.6287383417941695
2017-12-06,002594.SZ,63.13,63.8,58.02,60.9,62.69,-1.79,-2.86,278179.12,1674009.228,-0.028553198277237235,-0.028968770570025847,62.517999999999994,66.3355,64.27033333333333,0.6254786128831127
2017-12-07,002594.SZ,60.0,60.46,58.8,59.07,60.9,-1.83,-3.0,114122.12,678933.558,-0.03004926108374384,-0.03050999339670747,61.888,65.8895,64.42866666666666,0.6297500131887271
2017-12-08,002594.SZ,59.2,60.57,59.2,59.75,59.07,0.68,1.15,123145.94,739118.658,0.011511765701709864,0.011446009492476213,61.168000000000006,65.49449999999999,64.59416666666667,0.6329060541111089
2017-12-11,002594.SZ,60.51,62.88,60.08,62.59,59.75,2.84,4.75,149138.6,922622.265,0.04753138075313812,0.04643633012499009,61.0,65.119,64.77316666666667,0.643959370819657
2017-12-12,002594.SZ,63.18,64.0,62.0,62.07,62.59,-0.52,-0.83,148571.85,933129.078,-0.008308036427544407,-0.008342740511048816,60.876,64.8225,64.8775,0.6373214434605176
2017-12-13,002594.SZ,62.11,63.01,61.64,63.0,62.07,0.93,1.5,88655.88,554367.593,0.014983083615273118,0.014871945965971373,61.29600000000001,64.7745,65.01283333333333,0.605088501838518
2017-12-14,002594.SZ,62.99,63.8,62.31,63.66,63.0,0.66,1.05,103337.33,654156.603,0.010476190476190528,0.010421695462414131,62.214,64.74600000000001,65.166,0.6060822111819717
2017-12-15,002594.SZ,63.08,63.3,61.7,62.75,63.66,-0.91,-1.43,108268.87,676816.593,-0.0142946905435124,-0.014397843842053492,62.814,64.704,65.32183333333334,0.6072441053332789
2017-12-18,002594.SZ,62.54,63.33,61.8,62.51,62.75,-0.24,-0.38,66222.57,414439.33,-0.00382470119521916,-0.00383203406817232,62.798,64.355,65.39816666666667,0.49866178376238207
2017-12-19,002594.SZ,62.5,62.84,61.8,62.29,62.51,-0.22,-0.35,58169.47,361975.73,-0.0035194368900975936,-0.0035256446776668364,62.842,63.854499999999994,65.48216666666666,0.46932604667522654
2017-12-20,002594.SZ,62.58,62.68,60.66,60.8,62.29,-1.49,-2.39,86651.21,531677.163,-0.023920372451436855,-0.02421111029393286,62.402,63.254999999999995,65.46516666666668,0.47002873069615514
2017-12-21,002594.SZ,60.72,62.41,60.0,62.0,60.8,1.2,1.97,79108.91,486446.532,0.019736842105263275,0.019544596072970346,62.07000000000001,62.8245,65.45566666666667,0.47307535561268693
2017-12-22,002594.SZ,62.3,62.69,61.77,62.2,62.0,0.2,0.32,57613.03,359125.181,0.003225806451612856,0.003220614700042157,61.96,62.3995,65.45366666666666,0.47352620152581903
2017-12-25,002594.SZ,61.88,62.63,61.68,61.99,62.2,-0.21,-0.34,52652.09,327164.195,-0.0033762057877814167,-0.0033819180313057967,61.85600000000001,62.317499999999995,65.482,0.3174848955970787
2017-12-26,002594.SZ,62.39,63.95,62.01,63.36,61.99,1.37,2.21,102636.65,649400.74,0.02210033876431683,0.02185966579234239,62.07000000000001,62.24899999999999,65.45466666666667,0.3216177481468736
2017-12-27,002594.SZ,63.75,69.51,63.37,67.11,63.36,3.75,5.92,267163.57,1769635.66,0.059185606060605966,0.057500316663977424,63.33200000000001,62.387,65.442,0.3848942945262815
2017-12-28,002594.SZ,67.0,68.75,65.55,65.68,67.11,-1.43,-2.13,186040.15,1243510.63,-0.021308299806288122,-0.021538599025975085,64.06800000000001,62.56,65.3875,0.37255621540228395
2017-12-29,002594.SZ,65.85,65.85,64.1,65.05,65.68,-0.63,-0.96,105532.7,684215.257,-0.009591961023142637,-0.00963826018565863,64.638,62.645,65.33333333333333,0.3705641547105947
2018-01-02,002594.SZ,65.28,66.55,64.96,65.85,65.05,0.8,1.23,127140.77,837153.614,0.012298232129131392,0.012223223230775722,65.41,62.766,65.2295,0.37250417256619767
2018-01-03,002594.SZ,64.98,67.1,64.4,66.12,65.85,0.27,0.41,151909.5,1000075.488,0.004100227790432953,0.004091844763533532,65.962,62.9375,65.1545,0.3689453952618796
2018-01-04,002594.SZ,66.0,66.36,64.91,65.05,66.12,-1.07,-1.62,118416.97,773631.609,-0.01618269812462203,-0.01631506799430928,65.55,63.145,65.0945,0.3573808676286066
2018-01-05,002594.SZ,64.9,65.2,63.83,64.38,65.05,-0.67,-1.03,104870.0,673396.088,-0.010299769408147585,-0.010353179087852184,65.28999999999999,63.41049999999999,65.02916666666667,0.33917476451930784
2018-01-08,002594.SZ,64.6,66.34,64.53,65.21,64.38,0.83,1.29,136740.15,894169.179,0.012892202547374998,0.012809805534448843,65.32199999999999,63.6835,64.98733333333334,0.3395869985300064
2018-01-09,002594.SZ,65.2,66.18,64.7,65.42,65.21,0.21,0.32,94309.26,616396.032,0.003220364974697354,0.0032151907051271604,65.236,63.825,64.95433333333334,0.29931832068562236
2018-01-10,002594.SZ,65.6,65.97,64.88,65.67,65.42,0.25,0.38,94265.04,615796.957,0.0038214613268112707,0.00381417809264331,65.146,64.005,64.926,0.2966588282393188
2018-01-11,002594.SZ,65.98,65.98,64.88,65.4,65.67,-0.27,-0.41,76298.68,498923.642,-0.004111466423024179,-0.004119941739728213,65.216,64.125,64.89216666666667,0.29414941818965573
2018-01-12,002594.SZ,65.66,67.85,65.62,67.08,65.4,1.68,2.57,195978.8,1316801.695,0.025688073394495303,0.025363678491854977,65.756,64.29599999999999,64.92433333333332,0.30470829603843613
2018-01-15,002594.SZ,67.25,68.1,64.88,65.14,67.08,-1.94,-2.89,151890.34,1006209.959,-0.028920691711389335,-0.029347137106920617,65.742,64.4155,64.8675,0.3196431108227427
2018-01-16,002594.SZ,64.5,65.75,64.46,64.8,65.14,-0.34,-0.52,95919.73,622943.133,-0.005219527172244498,-0.005233196489858524,65.618,64.53,64.83233333333334,0.32002185663405075
2018-01-17,002594.SZ,64.68,64.68,62.51,63.75,64.8,-1.05,-1.62,116525.06,738922.968,-0.01620370370370361,-0.016336419319693388,65.234,64.603,64.81049999999999,0.3260295517427654
2018-01-18,002594.SZ,64.18,64.58,62.88,63.17,63.75,-0.58,-0.91,73701.45,468859.834,-0.009098039215686193,-0.009139679127926424,64.788,64.7215,64.77199999999999,0.3148412490151935
2018-01-19,002594.SZ,63.6,63.63,62.68,63.2,63.17,0.03,0.05,52370.08,330860.117,0.0004749089757796199,0.0004747962422026947,64.012,64.78150000000001,64.72866666666667,0.30787542120456596
2018-01-22,002594.SZ,63.68,67.01,63.62,66.6,63.2,3.4,5.38,172657.08,1134014.385,0.05379746835443022,0.052400276393531564,64.304,65.0015,64.75316666666667,0.3603009938343319
2018-01-23,002594.SZ,66.64,67.37,66.06,66.81,66.6,0.21,0.32,123518.48,824929.033,0.003153153153153232,0.003148192391042574,64.70599999999999,65.24249999999999,64.8245,0.35935321097334655
2018-01-24,002594.SZ,67.05,67.09,65.5,66.51,66.81,-0.3,-0.45,76416.5,506242.911,-0.004490345756623215,-0.004500457641056114,65.258,65.4,64.883,0.3539341998678326
2018-01-25,002594.SZ,66.52,67.47,65.56,65.64,66.51,-0.87,-1.31,80839.89,535708.498,-0.013080739738385305,-0.013167046074439743,65.75200000000001,65.3265,64.907,0.28760241110747403
2018-01-26,002594.SZ,65.64,66.3,65.0,65.5,65.64,-0.14,-0.21,63558.66,416434.838,-0.0021328458257160454,-0.0021351235806839316,66.212,65.3175,64.94333333333333,0.2774785823800244
2018-01-29,002594.SZ,65.88,65.88,62.8,62.9,65.5,-2.6,-3.97,125219.38,800199.75,-0.03969465648854964,-0.04050397893481142,65.47200000000001,65.21000000000001,64.92083333333333,0.3099613030811204
2018-01-30,002594.SZ,62.88,63.95,62.76,63.45,62.9,0.55,0.87,55877.07,354826.318,0.008744038155802825,0.008706030454001791,64.8,65.09,64.88550000000001,0.30811416431554867
2018-01-31,002594.SZ,63.05,63.96,62.9,63.04,63.45,-0.41,-0.65,54297.88,343948.048,-0.006461780929866046,-0.006482748610772991,64.10600000000001,64.93599999999999,64.84416666666667,0.30776824929977414
2018-02-01,002594.SZ,63.05,63.49,59.88,60.66,63.04,-2.38,-3.78,126983.9,773267.406,-0.037753807106599035,-0.03848494328918869,63.10999999999999,64.7165,64.73233333333333,0.32951809042239816
2018-02-02,002594.SZ,60.6,62.27,60.16,61.9,60.66,1.24,2.04,69721.02,428724.465,0.020441806791955175,0.020235677430115385,62.39,64.5925,64.63083333333333,0.3387749590044263
2018-02-05,002594.SZ,60.3,61.78,60.24,61.47,61.9,-0.43,-0.69,40610.4,248908.792,-0.006946688206785123,-0.006970928771632326,62.104,64.4055,64.52783333333333,0.33469962025282557
2018-02-06,002594.SZ,60.0,60.88,58.5,58.51,61.47,-2.96,-4.82,103985.63,617879.621,-0.048153570847567884,-0.04935157111877331,61.116,64.06,64.33466666666666,0.37034857109832797
2018-02-07,002594.SZ,59.99,60.39,57.03,58.9,58.51,0.39,0.67,82085.35,483267.912,0.006665527260297344,0.006643410857396247,60.288,63.721500000000006,64.183,0.37141443547089964
2018-02-08,002594.SZ,58.9,59.88,58.51,59.51,58.9,0.61,1.04,45972.33,273521.091,0.010356536502546643,0.01030327499921963,60.05799999999999,63.427,64.10883333333332,0.37548706705600216
2018-02-09,002594.SZ,57.9,58.45,56.33,56.65,59.51,-2.86,-4.81,93076.03,533844.304,-0.04805914972273562,-0.04925237818274532,59.007999999999996,62.9055,63.982499999999995,0.3880416804391845
2018-02-12,002594.SZ,57.1,60.0,57.1,59.62,56.65,2.97,5.24,80515.16,475216.154,0.05242718446601935,0.05109910077591,58.638,62.62949999999999,63.91633333333333,0.4348462191432825
2018-02-13,002594.SZ,60.0,60.62,59.31,59.5,59.62,-0.12,-0.2,55080.74,330539.304,-0.002012747400201187,-0.0020147756983412216,58.836,62.3645,63.74983333333333,0.4348819576782649
2018-02-14,002594.SZ,61.18,61.5,60.2,60.5,59.5,1.0,1.68,55902.12,339523.509,0.01680672268907557,0.016667052485211643,59.15599999999999,62.202,63.55316666666666,0.4382692259157806
2018-02-22,002594.SZ,61.98,63.35,61.3,62.32,60.5,1.82,3.01,97413.08,608542.083,0.030082644628099287,0.029639036525697156,59.717999999999996,62.1595,63.37866666666666,0.4520023096636282
2018-02-23,002594.SZ,62.34,63.32,61.81,62.8,62.32,0.48,0.77,59836.48,374402.303,0.007702182284980763,0.007672671911660186,60.948,62.1395,63.24850000000001,0.45289206338736704
2018-02-26,002594.SZ,63.88,65.69,63.88,64.91,62.8,2.11,3.36,156114.45,1015836.694,0.03359872611464976,0.03304662157122429,62.00599999999999,62.05499999999999,63.152,0.4259865728792675
2018-02-27,002594.SZ,64.5,64.93,63.38,63.46,64.91,-1.45,-2.23,100650.76,644261.728,-0.022338622708365397,-0.022591908890327667,62.79799999999999,61.8875,63.149166666666666,0.4323012378188242
2018-02-28,002594.SZ,63.22,64.5,62.67,63.51,63.46,0.05,0.08,77371.17,491273.053,0.0007878978884336973,0.0007875876598340093,63.4,61.7375,63.12883333333333,0.4323387733959771
2018-03-01,002594.SZ,62.95,63.44,62.5,63.27,63.51,-0.24,-0.38,74934.69,472004.143,-0.0037789324515823397,-0.003786090656090472,63.589999999999996,61.61899999999999,63.110833333333325,0.43041938543040337
2018-03-02,002594.SZ,62.51,63.36,62.37,62.87,63.27,-0.4,-0.63,59276.89,372641.75,-0.006322111585269519,-0.006342180763823238,63.604,61.4875,63.12166666666667,0.4307596319635795
2018-03-05,002594.SZ,63.0,65.9,62.91,65.12,62.87,2.25,3.58,149505.07,969390.126,0.035788134245268166,0.03516261929931529,63.646,61.59849999999999,63.15116666666667,0.42574544945036286
2018-03-06,002594.SZ,65.13,66.8,64.8,66.58,65.12,1.46,2.24,149685.93,986303.922,0.022420147420147307,0.022172510452593917,64.27000000000001,61.75500000000001,63.20366666666666,0.43131643959294913
2018-03-07,002594.SZ,66.0,66.49,64.5,64.53,66.58,-2.05,-3.08,94941.93,620764.971,-0.030790027035145662,-0.031274000199130486,64.474,61.829499999999996,63.23433333333333,0.4465916937513357
2018-03-08,002594.SZ,64.81,65.59,64.11,64.87,64.53,0.34,0.53,64301.85,417031.838,0.0052688671935534614,0.0052550352772157355,64.79400000000001,62.04,63.30050000000001,0.42180063183082583
2018-03-09,002594.SZ,65.0,65.8,64.37,65.55,64.87,0.68,1.05,87514.71,570045.131,0.010482503468475235,0.010427942984744639,65.33000000000001,62.22249999999999,63.4085,0.4180214041953387
2018-03-12,002594.SZ,66.03,67.16,65.52,66.85,65.55,1.3,1.98,137195.65,911208.094,0.019832189168573544,0.019638093338243272,65.676,62.491499999999995,63.526833333333336,0.42020273035934236
2018-03-13,002594.SZ,66.85,67.5,65.68,66.0,66.85,-0.85,-1.27,118111.85,785220.076,-0.012715033657441976,-0.01279656152152658,65.55999999999999,62.866,63.583666666666666,0.37797016003094785
2018-03-14,002594.SZ,65.7,65.89,64.36,64.36,66.0,-1.64,-2.48,99780.66,649479.489,-0.024848484848484897,-0.025162419902243136,65.526,63.138999999999996,63.621833333333335,0.39379921814800434
2018-03-15,002594.SZ,64.02,65.44,64.02,64.7,64.36,0.34,0.53,78053.25,505013.096,0.005282784338098256,0.005268879382672479,65.49199999999999,63.3985,63.65016666666667,0.3932499432948001
2018-03-16,002594.SZ,64.74,65.49,64.2,64.23,64.7,-0.47,-0.73,68414.67,443482.218,-0.007264296754250332,-0.007290810237153706,65.228,63.777499999999996,63.659666666666666,0.344614740803535
2018-03-19,002594.SZ,64.25,64.85,63.9,64.25,64.23,0.02,0.03,50235.29,323461.041,0.00031138097462246606,0.0003113325056280751,64.708,64.009,63.684666666666665,0.2991962061110077
2018-03-20,002594.SZ,63.7,63.7,62.0,62.8,64.25,-1.45,-2.26,108426.84,680033.628,-0.02256809338521404,-0.02282665030117622,64.06800000000001,64.174,63.689499999999995,0.3131679002494112
2018-03-21,002594.SZ,62.99,63.82,62.4,62.6,62.8,-0.2,-0.32,83340.41,527104.976,-0.0031847133757960666,-0.003189795368100038,63.715999999999994,64.27900000000001,63.69466666666667,0.3093996827507861
2018-03-22,002594.SZ,62.95,63.19,61.9,62.59,62.6,-0.01,-0.02,58977.49,368290.682,-0.0001597444089456168,-0.00015975716944267496,63.294000000000004,64.29249999999999,63.7245,0.290918115881134
2018-03-23,002594.SZ,59.97,61.94,58.8,59.48,62.59,-3.11,-4.97,128222.71,769016.433,-0.04968844863396715,-0.05096539934465584,62.34400000000001,64.1265,63.6825,0.339086291340328
2018-03-26,002594.SZ,58.99,60.5,58.0,60.4,59.48,0.92,1.55,84012.12,498479.0,0.015467383994619999,0.015348983348814899,61.574,63.900999999999996,63.6525,0.31900233695521196
2018-03-27,002594.SZ,61.1,61.6,60.72,61.3,60.4,0.9,1.49,72053.2,440900.076,0.01490066225165565,0.014790738001396473,61.274,63.793000000000006,63.641,0.3170624582045181
2018-03-28,002594.SZ,55.17,58.04,55.17,56.19,61.3,-5.11,-8.34,330117.58,1857779.37,-0.0833605220228385,-0.08704103781805889,59.992,63.427,63.521499999999996,0.4295985407725117
2018-03-29,002594.SZ,55.71,56.3,54.51,55.99,56.19,-0.2,-0.36,140042.22,776010.888,-0.0035593521978999343,-0.00356570176330487,58.672000000000004,63.063,63.33616666666667,0.42961258488312365
2018-03-30,002594.SZ,56.88,56.98,56.01,56.3,55.99,0.31,0.55,80900.5,456258.468,0.00553670298267539,0.005521431784842692,58.036,62.734500000000004,63.179833333333335,0.43145607917229595
2018-04-02,002594.SZ,56.5,56.56,55.6,55.67,56.3,-0.63,-1.12,83266.11,465170.811,-0.011190053285967894,-0.011253132950228164,57.089999999999996,62.262,63.0235,0.40367808909368197
2018-04-03,002594.SZ,55.0,55.0,53.7,54.27,55.67,-1.4,-2.51,123634.18,669731.88,-0.02514819471887908,-0.02546981412010291,55.684000000000005,61.64649999999999,62.8305,0.39207646640535554
2018-04-04,002594.SZ,54.55,55.35,54.35,54.82,54.27,0.55,1.01,81536.62,447590.12,0.010134512622074654,0.01008350279932612,55.410000000000004,61.161,62.64216666666666,0.3900205851893011
2018-04-09,002594.SZ,54.9,56.98,54.9,56.34,54.82,1.52,2.77,119840.61,672904.833,0.027727106895293785,0.027349671573586903,55.48,60.734500000000004,62.497,0.4077630712131966
2018-04-10,002594.SZ,56.33,57.75,55.88,56.66,56.34,0.32,0.57,108469.48,615247.987,0.0056798012069576576,0.005663731954143854,55.552,60.290000000000006,62.36833333333333,0.40542849195022235
2018-04-11,002594.SZ,56.7,56.87,55.8,56.13,56.66,-0.53,-0.94,74569.37,418713.522,-0.009354041651958966,-0.009398065448262466,55.644000000000005,59.754,62.217,0.39290930858009027
2018-04-12,002594.SZ,56.15,56.39,55.8,55.9,56.13,-0.23,-0.41,52437.63,294093.347,-0.004097630500623617,-0.0041060487930545285,55.970000000000006,59.249,62.05833333333333,0.39284480246536246
2018-04-13,002594.SZ,56.21,56.4,55.47,55.6,55.9,-0.3,-0.54,41333.47,230903.158,-0.005366726296958779,-0.0053811789045167075,56.126,58.811,61.890499999999996,0.3877967829710747
2018-04-16,002594.SZ,55.5,56.07,54.7,54.92,55.6,-0.68,-1.22,53046.59,293221.747,-0.012230215827338076,-0.012305620356766337,55.842,58.322,61.715833333333336,0.3854180651991721
2018-04-17,002594.SZ,55.12,55.3,53.51,53.59,54.92,-1.33,-2.42,72272.99,391578.011,-0.024217042971594993,-0.024515097393011356,55.227999999999994,57.79,61.491,0.38973781304258914
2018-04-18,002594.SZ,54.2,54.3,51.98,53.45,53.59,-0.14,-0.26,92047.01,488104.454,-0.002612427691733532,-0.0026158460357046556,54.69200000000001,57.25,61.296166666666664,0.38897679672485996
2018-04-19,002594.SZ,53.36,54.2,53.03,53.87,53.45,0.42,0.79,51362.94,276457.848,0.00785781103835359,0.007827099221388144,54.286,56.80350000000001,61.114000000000004,0.3897528260822944
2018-04-20,002594.SZ,54.0,54.0,52.1,52.26,53.87,-1.61,-2.99,58543.71,309786.715,-0.029886764432893953,-0.030342476599975906,53.61800000000001,56.286500000000004,60.92250000000001,0.39742362042097173
2018-04-23,002594.SZ,52.24,53.19,52.1,52.95,52.26,0.69,1.32,53926.05,284605.142,0.013203214695752141,0.013116811954949167,53.224000000000004,55.8045,60.75216666666667,0.40399887795385214
2018-04-24,002594.SZ,52.88,54.1,52.88,54.08,52.95,1.13,2.13,55426.09,297599.247,0.021340887629839322,0.02111635968729304,53.322,55.5345,60.60016666666666,0.3850406253920379
2018-04-25,002594.SZ,53.86,54.19,53.6,53.84,54.08,-0.24,-0.44,44870.94,241713.28,-0.004437869822485063,-0.004447746398236142,53.4,55.206500000000005,60.3875,0.3777927850369505
2018-04-26,002594.SZ,53.91,54.1,52.5,52.53,53.84,-1.31,-2.43,52535.81,278828.634,-0.02433135215453197,-0.024632250370602217,53.132000000000005,54.767999999999994,60.149499999999996,0.37541707046458395
2018-04-27,002594.SZ,53.11,53.38,52.54,52.96,52.53,0.43,0.82,41996.09,222444.774,0.008185798591281213,0.008152476662882636,53.272000000000006,54.606500000000004,59.92366666666667,0.24922188340849977
2018-05-02,002594.SZ,50.8,50.81,48.89,49.25,52.96,-3.71,-7.01,140008.05,693760.452,-0.07005287009063443,-0.07262754401065487,52.532,54.26950000000001,59.650499999999994,0.3450983360602172
2018-05-03,002594.SZ,49.26,49.78,48.58,49.61,49.25,0.36,0.73,73997.93,363859.038,0.007309644670050686,0.007283058694859561,51.638,53.93499999999999,59.385666666666665,0.34595187291442525
2018-05-04,002594.SZ,49.1,49.45,48.96,49.25,49.61,-0.36,-0.73,49590.69,243739.61,-0.007256601491634762,-0.0072830586948596475,50.720000000000006,53.614,59.158166666666666,0.34546182227082894
2018-05-07,002594.SZ,49.88,50.8,49.0,50.36,49.25,1.11,2.25,74919.73,375182.085,0.02253807106598993,0.02228784155804861,50.286,53.418499999999995,58.940000000000005,0.3515962377339931
2018-05-08,002594.SZ,50.37,52.35,50.36,51.88,50.36,1.52,3.02,81143.48,418570.268,0.03018268467037344,0.029736150272096838,50.07,53.2715,58.754,0.36868898548285345
2018-05-09,002594.SZ,52.0,52.02,51.21,51.5,51.88,-0.38,-0.73,46744.31,240992.244,-0.007324595219737939,-0.007351551778552755,50.519999999999996,53.0295,58.60133333333333,0.35116335502923673
2018-05-10,002594.SZ,51.65,52.35,51.16,51.84,51.5,0.34,0.66,41669.91,215527.482,0.0066019417475728925,0.006580244374328869,50.966,52.7885,58.43366666666667,0.3515240394303331
2018-05-11,002594.SZ,51.83,53.4,51.32,52.95,51.84,1.11,2.14,92193.43,485080.674,0.02141203703703698,0.021186020003396155,51.705999999999996,52.62950000000001,58.291666666666664,0.3623359122894268
2018-05-14,002594.SZ,53.15,53.86,52.42,52.66,52.95,-0.29,-0.55,66234.21,351087.631,-0.005476864966950101,-0.005491917979252271,52.166,52.467499999999994,58.19416666666667,0.3624415983849634
2018-05-15,002594.SZ,52.83,53.46,52.52,53.07,52.66,0.41,0.78,55338.35,293343.587,0.007785795670337992,0.00775564277164023,52.403999999999996,52.34100000000001,58.096999999999994,0.3641743721983767
2018-05-16,002594.SZ,53.05,53.46,52.33,52.68,53.07,-0.39,-0.73,54934.8,290527.932,-0.007348784624081395,-0.0073759199647233,52.64,52.229,57.98316666666667,0.36277769729310255
2018-05-17,002594.SZ,52.72,53.19,52.53,52.77,52.68,0.09,0.17,37620.15,198769.278,0.0017084282460138045,0.0017069705424963377,52.826,52.188,57.9185,0.3530980949421725
2018-05-18,002594.SZ,52.98,54.25,52.79,54.0,52.77,1.23,2.33,88743.63,475746.084,0.023308698123934102,0.023041199146697937,53.036,52.2155,57.82483333333334,0.36292212185191847
2018-05-21,002594.SZ,54.45,55.18,54.11,54.54,54.0,0.54,1.0,74495.15,406861.057,0.010000000000000009,0.009950330853168092,53.412,52.249,57.74216666666667,0.36355642935739824
2018-05-22,002594.SZ,54.55,55.2,54.14,55.0,54.54,0.46,0.84,56239.49,308464.966,0.008434176751008549,0.008398807815028565,53.798,52.386,57.6505,0.345555378930031
2018-05-23,002594.SZ,54.49,55.79,53.71,54.68,55.0,-0.32,-0.58,78660.64,432530.174,-0.0058181818181818334,-0.005835173376722123,54.198,52.472500000000004,57.52316666666666,0.3445471765777889
2018-05-24,002594.SZ,54.5,54.99,53.8,54.15,54.68,-0.53,-0.97,50349.05,273646.243,-0.009692757863935642,-0.00974003840874921,54.474000000000004,52.476,57.379,0.338810801765695
2018-05-25,002594.SZ,54.2,55.23,54.2,54.22,54.15,0.07,0.13,50606.32,276703.124,0.0012927054478300004,0.001291870623519748,54.51800000000001,52.495000000000005,57.200833333333335,0.3383613458461341
2018-05-28,002594.SZ,54.29,54.98,52.72,52.78,54.22,-1.44,-2.66,60132.17,322785.115,-0.02655846551088159,-0.026917512995341453,54.166,52.50750000000001,57.02283333333333,0.3406202695247096
2018-05-29,002594.SZ,52.53,54.28,52.42,53.5,52.78,0.72,1.36,72877.45,391219.743,0.013641530882910091,0.013549322826782754,53.866,52.5345,56.856,0.3428047041004601
2018-05-30,002594.SZ,53.0,53.02,50.01,50.4,53.5,-3.1,-5.79,103830.38,531139.583,-0.05794392523364489,-0.05969047882463796,53.00999999999999,52.592,56.6415,0.3108461161588318
2018-05-31,002594.SZ,50.42,51.25,50.42,51.15,50.4,0.75,1.49,57928.53,295133.224,0.014880952380952328,0.014771317320312503,52.410000000000004,52.669,56.44616666666666,0.31392129719516193
2018-06-01,002594.SZ,51.36,51.37,50.02,50.91,51.15,-0.24,-0.47,45159.16,229157.934,-0.004692082111437013,-0.004703124483390912,51.748000000000005,52.751999999999995,56.20933333333333,0.3130797138962006
2018-06-04,002594.SZ,50.72,51.2,50.05,50.2,50.91,-0.71,-1.39,52796.13,265822.585,-0.013946179532508207,-0.014044341216560985,51.232000000000006,52.74399999999999,55.93633333333333,0.30784036056906783
2018-06-05,002594.SZ,50.2,51.24,49.8,51.22,50.2,1.02,2.03,55285.92,279721.414,0.02031872509960153,0.020115054073695612,50.775999999999996,52.711,55.7145,0.2968165302058177
2018-06-06,002594.SZ,50.85,51.8,50.6,51.12,51.22,-0.1,-0.2,64983.78,331700.726,-0.001952362358453752,-0.001954270702099843,50.92,52.69199999999999,55.48533333333333,0.29578201764927764
2018-06-07,002594.SZ,51.5,51.57,50.9,50.92,51.12,-0.2,-0.39,43289.99,221696.045,-0.00391236306729259,-0.0039200363800735395,50.874,52.645999999999994,55.2415,0.29492747695246496
2018-06-08,002594.SZ,50.92,50.99,49.9,50.13,50.92,-0.79,-1.55,51338.67,257351.122,-0.015514532600157116,-0.01563614241379374,50.718,52.504999999999995,54.962833333333336,0.2871872779458476
2018-06-11,002594.SZ,50.12,50.13,49.3,49.42,50.13,-0.71,-1.42,42806.18,212520.366,-0.014163175743068024,-0.014264430714948024,50.562,52.343,54.6865,0.28999315604621284
2018-06-12,002594.SZ,49.69,50.2,49.0,50.03,49.42,0.61,1.23,46212.18,229627.048,0.01234318089842179,0.012267624939649759,50.324,52.190999999999995,54.44766666666667,0.292681857496186
2018-06-13,002594.SZ,50.1,50.12,48.91,49.06,50.03,-0.97,-1.94,48819.87,240481.696,-0.019388366979812055,-0.019578786669770372,49.912,52.010000000000005,54.187,0.29824141630205014
2018-06-14,002594.SZ,48.68,49.44,48.6,49.05,49.06,-0.01,-0.02,38125.59,186776.441,-0.00020383204239715624,-0.0002038528189712458,49.538,51.824,53.934,0.29788549599699116
2018-06-15,002594.SZ,49.09,49.28,48.13,48.18,49.05,-0.87,-1.77,49375.86,239521.337,-0.017737003058103884,-0.01789618882464669,49.148,51.532999999999994,53.66616666666666,0.28425015555695127
2018-06-19,002594.SZ,47.6,47.6,43.45,44.98,48.18,-3.2,-6.64,119739.44,544796.16,-0.06641760066417601,-0.06872605065555569,48.260000000000005,51.055,53.369166666666665,0.3505652764872752
2018-06-20,002594.SZ,44.44,46.22,44.44,45.39,44.98,0.41,0.91,56962.99,257906.372,0.009115162294353052,0.009073869937204623,47.332,50.5745,53.082333333333324,0.3510315327034802
2018-06-21,002594.SZ,45.77,47.36,45.4,45.77,45.39,0.38,0.84,76182.62,353226.547,0.008371888081075252,0.0083370381971766,46.674,50.129000000000005,52.802,0.3564791736464584
2018-06-22,002594.SZ,45.82,47.25,45.52,46.85,45.77,1.08,2.36,60454.74,280666.477,0.023596242079964913,0.02332215401888035,46.233999999999995,49.763999999999996,52.5915,0.3742756219190411
2018-06-25,002594.SZ,47.7,47.7,45.92,46.06,46.85,-0.79,-1.69,57418.05,267602.978,-0.01686232657417286,-0.017006114291892024,45.81,49.356,52.3525,0.37452481408035826
2018-06-26,002594.SZ,45.99,47.12,45.22,46.38,46.06,0.32,0.69,64116.04,297323.008,0.006947459834997893,0.00692343743484652,46.089999999999996,49.035999999999994,52.103833333333334,0.3711972594854396
2018-06-27,002594.SZ,46.59,48.1,46.5,47.1,46.38,0.72,1.55,95524.88,453690.793,0.015523932729624823,0.015404669194986455,46.432,48.715999999999994,51.952333333333335,0.37258771011669306
2018-06-28,002594.SZ,47.1,47.44,45.81,46.01,47.1,-1.09,-2.31,61273.16,285276.155,-0.02314225053078567,-0.023414236854994944,46.480000000000004,48.4965,51.785999999999994,0.32589129071098855
2018-06-29,002594.SZ,46.12,47.77,45.99,47.68,46.01,1.67,3.63,74976.05,351475.14,0.036296457291893125,0.03565325858971715,46.646,48.323,51.64233333333333,0.3505762493220292
2018-07-02,002594.SZ,47.67,47.67,45.85,45.98,47.68,-1.7,-3.57,61757.49,288563.47,-0.03565436241610742,-0.03630550342205887,46.63,48.076499999999996,51.48083333333334,0.36898516802523323
2018-07-03,002594.SZ,46.46,46.72,44.06,45.35,45.98,-0.63,-1.37,93103.13,421287.431,-0.013701609395389225,-0.013796342773889804,46.42399999999999,47.833999999999996,51.33216666666667,0.368905943737559
2018-07-04,002594.SZ,45.35,46.13,45.0,45.79,45.35,0.44,0.97,63419.35,289309.686,0.009702315325248012,0.00965555010785842,46.162,47.5625,51.181666666666665,0.36115924757184426
2018-07-05,002594.SZ,45.79,46.89,45.4,45.58,45.79,-0.21,-0.46,55737.49,257799.358,-0.004586154182135815,-0.004596702851465866,46.076,47.2855,51.00233333333333,0.360952758126472
2018-07-06,002594.SZ,46.27,46.76,45.52,46.03,45.58,0.45,0.99,67812.12,314076.55,0.009872751206669639,0.009824334011611915,45.745999999999995,47.041,50.82516666666667,0.365035071420091
2018-07-09,002594.SZ,46.39,46.95,45.91,46.52,46.03,0.49,1.06,72893.41,337170.01,0.010645231370845165,0.01058896982131367,45.854,46.8605,50.665,0.3666392444642808
2018-07-10,002594.SZ,46.55,46.88,46.31,46.63,46.52,0.11,0.24,46390.56,216079.243,0.002364574376612305,0.002361783169765911,46.11,46.721000000000004,50.51049999999999,0.3649370497390721
2018-07-11,002594.SZ,45.62,46.03,44.73,45.46,46.63,-1.17,-2.51,50742.54,230516.244,-0.025091143040960828,-0.02541129239583242,46.044,46.49249999999999,50.341499999999996,0.3687165524767649
2018-07-12,002594.SZ,45.8,47.0,45.68,46.52,45.46,1.06,2.33,69617.29,322903.03,0.023317201935767695,0.023049509226066515,46.232000000000006,46.365500000000004,50.201499999999996,0.37694194384039886
2018-07-13,002594.SZ,46.62,46.62,45.8,45.95,46.52,-0.57,-1.23,53283.7,246023.438,-0.012252794496990571,-0.012328478848767649,46.216,46.2105,50.07416666666667,0.3784418611203779
2018-07-16,002594.SZ,44.8,44.8,42.8,43.95,45.95,-2.0,-4.35,125033.28,549450.646,-0.043525571273122954,-0.04450122467051005,45.702,45.999,49.91583333333333,0.402106497043603
2018-07-17,002594.SZ,43.46,43.9,42.78,43.55,43.95,-0.4,-0.91,69395.4,300926.791,-0.009101251422070633,-0.009142920832674302,45.086,45.927499999999995,49.743833333333335,0.32954535059876294
2018-07-18,002594.SZ,43.55,44.24,43.22,43.3,43.55,-0.25,-0.57,44874.54,196079.174,-0.00574052812858783,-0.005757068290067639,44.653999999999996,45.823,49.5945,0.3274659365359696
2018-07-19,002594.SZ,43.58,43.58,41.98,42.15,43.3,-1.15,-2.66,61876.97,263568.678,-0.026558891454965372,-0.026917950560579714,43.78,45.642,49.4145,0.3359428542788712
2018-07-20,002594.SZ,42.5,43.16,42.16,42.91,42.15,0.76,1.8031,56934.64,243361.983,0.018030842230130517,0.017870214555568902,43.172,45.445,49.22833333333334,0.3304375515627654
2018-07-23,002594.SZ,42.69,43.85,42.51,43.5,42.91,0.59,1.375,51941.1,225317.617,0.013749708692612606,0.013656039091205231,43.081999999999994,45.317,49.056000000000004,0.33270802228990615
2018-07-24,002594.SZ,43.7,44.43,43.41,44.29,43.5,0.79,1.8161,55479.84,244567.193,0.018160919540229914,0.017997979840468446,43.23,45.2125,48.918666666666674,0.3393115502509602
2018-07-25,002594.SZ,44.54,44.54,43.7,44.05,44.29,-0.24,-0.5419,64748.65,285047.289,-0.005418830435764299,-0.00543356555291833,43.379999999999995,45.06,48.77016666666667,0.3329813406102067
2018-07-26,002594.SZ,44.05,44.23,42.88,43.0,44.05,-1.05,-2.3837,51790.19,224937.888,-0.023836549375709337,-0.024125236688626005,43.55,44.9095,48.666000000000004,0.3335433790702942
2018-07-27,002594.SZ,43.02,43.34,42.72,42.99,43.0,-0.01,-0.0233,36789.62,158234.195,-0.00023255813953482196,-0.00023258518537218827,43.566,44.675,48.55566666666667,0.2997090635027284
2018-07-30,002594.SZ,42.95,43.1,41.85,42.5,42.99,-0.49,-1.1398,55929.82,236871.679,-0.011397999534775605,-0.011463454577819105,43.366,44.501,48.44316666666667,0.27840688382732
2018-07-31,002594.SZ,42.54,42.54,42.04,42.24,42.5,-0.26,-0.6118,30211.63,127788.053,-0.00611764705882345,-0.006136436532365032,42.956,44.3455,48.30783333333333,0.27611433944998576
2018-08-01,002594.SZ,42.82,42.97,41.88,41.98,42.24,-0.26,-0.6155,44291.8,187567.711,-0.006155303030303205,-0.00617432500551928,42.542,44.154999999999994,48.142833333333336,0.2718378531048995
2018-08-02,002594.SZ,41.95,41.98,39.5,40.1,41.98,-1.88,-4.4783,107980.45,434793.686,-0.044783230109575856,-0.045816980079963286,41.962,43.881,47.95283333333334,0.3076904725133167
2018-08-03,002594.SZ,40.28,40.48,38.2,38.33,40.1,-1.77,-4.414,96515.78,378310.911,-0.044139650872818015,-0.04514345492005984,41.029999999999994,43.495999999999995,47.727666666666664,0.32923939554538556
2018-08-06,002594.SZ,38.33,38.65,36.88,37.29,38.33,-1.04,-2.7133,73788.2,279140.177,-0.02713279415601355,-0.02750768520173427,39.988,43.034499999999994,47.46666666666667,0.326787924591721
2018-08-07,002594.SZ,37.68,38.0,36.73,38.0,37.29,0.71,1.904,68164.75,255655.37,0.019039957093054394,0.01886096553565629,39.14,42.602999999999994,47.22233333333334,0.3407552162676433
2018-08-08,002594.SZ,38.02,39.49,38.02,38.29,38.0,0.29,0.7632,73069.54,282739.399,0.007631578947368434,0.007602605762817386,38.402,42.2445,46.976000000000006,0.3412788688013785
2018-08-09,002594.SZ,37.89,39.55,37.83,39.25,38.29,0.96,2.5072,74875.55,292537.448,0.025071820318621096,0.024762678739214342,38.232,41.88099999999999,46.75216666666667,0.3434861180602968
2018-08-10,002594.SZ,39.4,41.77,39.4,41.69,39.25,2.44,6.2166,103583.65,422283.651,0.062165605095541254,0.060309847664287944,38.903999999999996,41.668,46.5675,0.42406639273662206
2018-08-13,002594.SZ,41.1,43.55,40.88,43.17,41.69,1.48,3.55,132330.97,562164.129,0.03550011993283775,0.034884517674680746,40.08,41.629,46.38699999999999,0.4204078180447313
2018-08-14,002594.SZ,43.17,43.95,42.61,43.15,43.17,-0.02,-0.0463,81990.57,354897.702,-0.0004632846884411457,-0.00046339203794928697,41.11,41.609,46.19716666666667,0.4191974839638756
2018-08-15,002594.SZ,43.0,43.9,41.78,42.13,43.15,-1.02,-2.3638,98822.81,422981.147,-0.02363847045191181,-0.023922341538511655,41.878,41.5505,45.98266666666667,0.42711336305530156
2018-08-16,002594.SZ,41.45,43.2,41.24,42.26,42.13,0.13,0.3086,74037.66,313880.308,0.0030856871587940926,0.0030809361969853593,42.480000000000004,41.556,45.775666666666666,0.41643825412487134
2018-08-17,002594.SZ,42.95,43.0,42.01,42.45,42.12,0.33,0.7835,57459.69,244648.242,0.004495977283483388,0.00448590056944587,42.632,41.533,45.580666666666666,0.4116055721927988
2018-08-20,002594.SZ,42.97,45.35,42.9,45.24,42.45,2.79,6.5724,147217.13,652700.919,0.06572438162544159,0.06365473849056327,43.04600000000001,41.62,45.431,0.4719294294712979
2018-08-21,002594.SZ,45.25,45.58,44.4,44.9,45.24,-0.34,-0.7515,98459.57,442864.999,-0.0075154730327144925,-0.007543856499711178,43.396,41.6505,45.29966666666667,0.4693341251644208
2018-08-22,002594.SZ,45.55,45.81,44.16,44.79,44.9,-0.11,-0.245,90880.71,408588.402,-0.0024498886414253684,-0.002452894528999879,43.928000000000004,41.6875,45.1545,0.4689058045360012
2018-08-23,002594.SZ,44.82,45.4,43.62,44.32,44.79,-0.47,-1.0493,83316.91,370017.549,-0.010493413708417054,-0.010548857780180337,44.339999999999996,41.753499999999995,45.05316666666667,0.46177843515371997
2018-08-24,002594.SZ,44.35,44.35,42.82,43.45,44.32,-0.87,-1.963,78309.5,339680.03,-0.019629963898916913,-0.01982519072762727,44.540000000000006,41.7765,44.92483333333333,0.4680625049415491
2018-08-27,002594.SZ,43.44,45.25,43.38,45.01,43.45,1.56,3.5903,87641.04,392169.181,0.03590333716915994,0.03527383559344027,44.494,41.902,44.8265,0.48144908375473877
2018-08-28,002594.SZ,45.05,46.15,44.92,45.59,45.01,0.58,1.2886,80942.81,368320.457,0.012886025327704997,0.01280370692050876,44.632,42.0695,44.74966666666667,0.48124179290973246
2018-08-29,002594.SZ,45.41,46.82,45.41,46.3,45.59,0.71,1.5574,91448.33,423581.624,0.015573590699714757,0.015453566866838258,44.934000000000005,42.2855,44.66766666666667,0.4811883545410679
2018-08-30,002594.SZ,45.5,46.42,44.64,45.0,46.3,-1.3,-2.8078,91240.95,413735.712,-0.028077753779697567,-0.028479471321868573,45.07000000000001,42.5305,44.565666666666665,0.46135290176522176
2018-08-31,002594.SZ,44.42,44.88,43.9,44.46,45.0,-0.54,-1.2,66898.26,296774.484,-0.01200000000000001,-0.012072581234269249,45.272,42.837,44.458,0.4277435978538512
2018-09-03,002594.SZ,44.39,44.39,43.13,43.67,44.46,-0.79,-1.7769,56080.26,244217.934,-0.017768780926675665,-0.017928541038580933,45.004000000000005,43.156,44.35033333333333,0.4188034989952135
2018-09-04,002594.SZ,43.89,44.58,43.61,44.52,43.67,0.85,1.9464,59574.3,263787.461,0.019464163040989302,0.019277158909874557,44.79,43.482,44.26866666666667,0.41895110734963914
2018-09-05,002594.SZ,44.08,44.51,42.5,42.5,44.52,-2.02,-4.5373,82855.24,358289.748,-0.04537286612758318,-0.04643445047697301,44.029999999999994,43.692499999999995,44.143166666666666,0.460240788236995
2018-09-06,002594.SZ,42.5,43.2,42.05,42.6,42.5,0.1,0.2353,46915.89,200948.426,0.0023529411764706687,0.002350177344953673,43.55,43.86,44.0355,0.45453742411809134
2018-09-07,002594.SZ,43.29,44.08,42.65,42.82,42.6,0.22,0.5164,68764.74,298371.255,0.00516431924882621,0.0051510298862119195,43.222,43.9165,43.931666666666665,0.40041434145296223
2018-09-10,002594.SZ,42.98,43.44,41.15,41.73,42.82,-1.09,-2.5455,52933.19,222230.731,-0.02545539467538538,-0.025784988558075553,42.833999999999996,43.844500000000004,43.82416666666667,0.390376492888077
2018-09-11,002594.SZ,41.55,41.86,40.91,41.52,41.73,-0.21,-0.5032,35223.14,145958.369,-0.005032350826743248,-0.005045055745827932,42.233999999999995,43.763,43.7665,0.3905662759979431
2018-09-12,002594.SZ,41.01,42.5,40.71,42.04,41.52,0.52,1.2524,55875.93,233559.547,0.012524084778420042,0.012446307151117181,42.142,43.7585,43.710666666666675,0.3845990245826332
2018-09-13,002594.SZ,42.71,43.05,42.09,42.92,42.04,0.88,2.0932,55448.31,235991.197,0.020932445290199775,0.020716371753747312,42.206,43.7915,43.66316666666667,0.39154873630765724
2018-09-14,002594.SZ,44.21,45.45,44.21,44.81,42.92,1.89,4.4035,105337.03,470960.344,0.04403541472506989,0.043093411035553926,42.604,43.9095,43.62916666666667,0.420251451949064
2018-09-17,002594.SZ,44.0,45.46,43.5,44.81,44.81,0.0,0.0,85194.87,380849.816,0.0,0.0,43.220000000000006,43.888,43.608333333333334,0.34892807654191665
2018-09-18,002594.SZ,44.17,45.34,44.05,45.08,44.81,0.27,0.6025,68125.47,305784.416,0.006025440749832578,0.006007360373523845,43.932,43.897000000000006,43.586666666666666,0.3484977432632961
2018-09-19,002594.SZ,45.1,47.38,44.7,46.96,45.08,1.88,4.1704,130011.23,605521.15,0.04170363797693,0.04085748634826555,44.916000000000004,44.0055,43.58433333333333,0.3776809281104342
2018-09-20,002594.SZ,46.96,47.5,45.95,45.95,46.96,-1.01,-2.1508,82025.3,384946.509,-0.0215076660988075,-0.021742326718144956,45.522000000000006,44.087,43.583333333333336,0.384717614055811
2018-09-21,002594.SZ,47.5,48.75,46.6,47.01,45.95,1.06,2.3069,162412.36,771531.286,0.02306855277475517,0.022806496234343096,45.962,44.265,43.57216666666667,0.3826005995432003
2018-09-25,002594.SZ,47.3,48.65,47.3,48.2,47.01,1.19,2.5314,102447.05,493193.076,0.0253137630291429,0.02499867602051563,46.64,44.4245,43.60916666666666,0.37268822754960157
2018-09-26,002594.SZ,48.66,48.95,47.78,48.26,48.2,0.06,0.1245,99681.82,481689.819,0.0012448132780082943,0.0012440391403310493,47.275999999999996,44.558,43.657666666666664,0.3711667784698217
2018-09-27,002594.SZ,48.5,48.6,47.5,47.8,48.26,-0.46,-0.9532,62774.25,301075.048,-0.009531703273932934,-0.009577420699475453,47.444,44.633,43.69116666666666,0.3706827813967649
2018-09-28,002594.SZ,48.0,49.28,47.9,49.1,47.8,1.3,2.7197,76871.14,375320.282,0.027196652719665426,0.026833395303064753,48.074,44.838,43.749833333333335,0.3633387534940312
2018-10-08,002594.SZ,47.0,47.95,46.42,46.55,49.1,-2.55,-5.1935,111389.04,525032.408,-0.05193482688391049,-0.05333203107739893,47.982,44.9425,43.7585,0.41196252017228524
2018-10-09,002594.SZ,46.61,47.6,46.61,47.09,46.55,0.54,1.16,41623.04,196036.934,0.011600429645542532,0.011533660532387238,47.760000000000005,45.1135,43.768,0.4058279823293533
2018-10-10,002594.SZ,47.35,47.56,45.45,45.91,47.09,-1.18,-2.5058,88215.47,406966.964,-0.025058398810787974,-0.02537770599433266,47.290000000000006,45.18300000000001,43.756,0.4141438643641098
2018-10-11,002594.SZ,44.41,45.18,42.67,42.82,45.91,-3.09,-6.7306,119795.39,525829.641,-0.06730559790895219,-0.06967767509959383,46.294,45.199,43.712,0.45283346221630005
2018-10-12,002594.SZ,43.21,46.8,43.21,46.42,42.82,3.6,8.4073,129205.13,582234.034,0.08407286314806162,0.08072511768475421,45.758,45.39,43.71033333333334,0.5409630695878098
2018-10-15,002594.SZ,46.58,47.85,46.3,46.93,46.42,0.51,1.0987,95431.35,449287.101,0.010986643688065456,0.010926728960035274,45.833999999999996,45.5955,43.72666666666667,0.5414021469413586
2018-10-16,002594.SZ,46.95,47.46,45.28,45.96,46.93,-0.97,-2.0669,64697.09,298245.832,-0.020669081610909856,-0.020885676825771346,45.608,45.807,43.76016666666667,0.5380705757114849
2018-10-17,002594.SZ,46.7,47.66,45.88,47.31,45.96,1.35,2.9373,110262.62,517523.05,0.02937336814621405,0.028950236662501728,45.888,46.0965,43.82283333333333,0.5430739936293095
2018-10-18,002594.SZ,47.0,47.3,45.71,46.18,47.31,-1.13,-2.3885,83864.95,389252.607,-0.023885013739167293,-0.02417488571670751,46.56,46.3035,43.87083333333333,0.5535314346462606
2018-10-19,002594.SZ,45.08,47.27,44.0,47.02,46.18,0.84,1.819,119985.53,548809.979,0.01818969250757907,0.018026239185574184,46.67999999999999,46.508500000000005,43.952,0.5525877885173636
2018-10-22,002594.SZ,47.61,50.2,47.56,50.01,47.02,2.99,6.359,168944.9,830863.889,0.06358996171841769,0.061649942318888866,47.29600000000001,46.7685,44.07033333333333,0.5747552644472343
2018-10-23,002594.SZ,49.85,49.99,47.3,48.46,50.01,-1.55,-3.0994,115358.17,561568.014,-0.03099380123975204,-0.03148427004243264,47.79600000000001,46.95100000000001,44.153,0.5894760054689601
2018-10-24,002594.SZ,48.3,49.74,48.01,48.77,48.46,0.31,0.6397,104536.87,511363.113,0.006397028477094668,0.006376654333581715,48.088,47.1355,44.227666666666664,0.5894896161691205
2018-10-25,002594.SZ,47.35,49.75,46.89,49.6,48.77,0.83,1.7019,110847.35,534735.63,0.01701865901168742,0.01687546400892048,48.772000000000006,47.2675,44.320166666666665,0.5752177042553847
2018-10-26,002594.SZ,49.99,50.14,47.98,48.62,49.6,-0.98,-1.9758,76780.49,375759.895,-0.01975806451612916,-0.01995586484290463,49.092,47.401,44.41383333333333,0.5742472767989364
2018-10-29,002594.SZ,48.63,48.98,46.9,47.38,48.62,-1.24,-2.5504,69283.76,330502.208,-0.025503907856848973,-0.025834770157337837,48.565999999999995,47.419500000000006,44.486999999999995,0.578103800025509
2018-10-30,002594.SZ,47.45,47.74,44.88,46.53,47.38,-0.85,-1.794,96486.76,446449.785,-0.017940059096665295,-0.018102932874082295,48.18000000000001,47.336,44.55416666666667,0.5743694039414228
2018-10-31,002594.SZ,46.44,47.45,46.1,46.79,46.53,0.26,0.5588,61159.22,286724.573,0.005587792821835302,0.005572239021567701,47.784000000000006,47.2625,44.63,0.5748158318510839
2018-11-01,002594.SZ,47.23,47.5,44.98,45.7,46.79,-1.09,-2.3296,109019.61,506616.966,-0.023295575977772986,-0.023571206977965862,47.004,47.157500000000006,44.692,0.5796044829047257
2018-11-02,002594.SZ,46.45,48.15,45.7,48.02,45.7,2.32,5.0766,139156.35,653896.214,0.05076586433260388,0.04951929289294809,46.884,47.103500000000004,44.824,0.6007952239570121
2018-11-05,002594.SZ,48.0,49.12,47.2,48.25,48.02,0.23,0.479,110088.11,530983.606,0.0047896709704289275,0.004778236991887711,47.05800000000001,47.1885,44.989333333333335,0.5692194813818582
2018-11-06,002594.SZ,48.17,48.18,46.9,47.63,48.25,-0.62,-1.285,55657.95,263813.779,-0.012849740932642462,-0.012933012972225884,47.278,47.215500000000006,45.16166666666666,0.570591682291126
2018-11-07,002594.SZ,46.6,48.05,46.59,47.25,47.63,-0.38,-0.7978,69529.11,328618.537,-0.007978165022044958,-0.008010160873017291,47.37,47.2825,45.31583333333333,0.5633513358237733
2018-11-08,002594.SZ,47.68,49.55,47.68,48.98,47.25,1.73,3.6614,142158.55,691476.023,0.03661375661375654,0.03595939758426985,48.025999999999996,47.590500000000006,45.494,0.5121579235735844
2018-11-09,002594.SZ,48.8,50.89,48.33,50.0,48.98,1.02,2.0825,146773.06,733720.348,0.020824826459779677,0.020610953904124547,48.422000000000004,47.7695,45.67316666666667,0.42869588377885226
2018-11-12,002594.SZ,49.98,52.1,49.7,51.61,50.0,1.61,3.22,133711.84,686089.554,0.032200000000000006,0.03169244673248973,49.094,48.0035,45.838499999999996,0.43971144257211714
2018-11-13,002594.SZ,50.62,52.45,50.5,51.0,51.61,-0.61,-1.1819,105875.44,544505.063,-0.011819414842084819,-0.01188981943630996,49.768,48.2555,45.96900000000001,0.4339102131841244
2018-11-14,002594.SZ,50.93,52.8,50.88,51.9,51.0,0.9,1.7647,102128.68,532606.599,0.01764705882352935,0.01749315744751712,50.698,48.485,46.11483333333333,0.42732346094054785
2018-11-15,002594.SZ,51.66,52.29,51.36,51.81,51.9,-0.09,-0.1734,69457.86,359591.469,-0.001734104046242746,-0.0017356093451460007,51.263999999999996,48.76649999999999,46.27616666666667,0.41452033920008374
2018-11-16,002594.SZ,52.0,52.7,50.89,51.55,51.81,-0.26,-0.5018,113240.88,586888.029,-0.005018336228527431,-0.005030970363728114,51.574,48.993,46.431000000000004,0.4137188438367382
2018-11-19,002594.SZ,51.72,55.3,51.58,54.7,51.55,3.15,6.1106,162487.77,875664.702,0.061105722599418044,0.05931149896496659,52.19199999999999,49.2275,46.63516666666667,0.40911526295942546
2018-11-20,002594.SZ,54.0,56.98,53.4,55.4,54.7,0.7,1.2797,173210.8,959224.885,0.01279707495429605,0.012715884325302495,53.072,49.5745,46.8045,0.3872411066247924
2018-11-21,002594.SZ,54.76,56.0,54.1,55.0,55.4,-0.4,-0.722,94100.96,516953.989,-0.0072202166064981865,-0.007246408520767198,53.69199999999999,49.886,46.972833333333334,0.39052167629444684
2018-11-22,002594.SZ,54.65,56.96,54.65,55.3,55.0,0.3,0.5455,102001.86,570471.566,0.005454545454545379,0.005439723295818121,54.39,50.171,47.148,0.3884684652301592
2018-11-23,002594.SZ,55.3,55.67,53.31,54.0,55.3,-1.3,-2.3508,95170.96,515611.648,-0.023508137432188048,-0.023788861964014713,54.879999999999995,50.44,47.309333333333335,0.39194479928446296
2018-11-26,002594.SZ,53.91,55.3,53.48,54.16,54.0,0.16,0.2963,82746.26,449937.036,0.002962962962962834,0.0029585820397450414,54.772000000000006,50.778999999999996,47.487833333333334,0.3746797340226116
2018-11-27,002594.SZ,54.55,57.4,54.55,57.25,54.16,3.09,5.7053,159156.1,898849.519,0.05705317577548019,0.0554850138303296,55.14200000000001,51.315,47.69183333333333,0.402113317867377
2018-11-28,002594.SZ,57.25,58.68,56.31,57.65,57.25,0.4,0.6987,120959.46,695702.141,0.00698689956331866,0.006962604280718887,55.672000000000004,51.858000000000004,47.892833333333336,0.4019071434478286
2018-11-29,002594.SZ,57.85,59.1,57.1,57.65,57.65,0.0,0.0,104920.41,609939.043,0.0,0.0,56.141999999999996,52.455499999999994,48.082,0.3838030924136356
2018-11-30,002594.SZ,57.43,58.4,56.42,57.0,57.65,-0.65,-1.1275,89648.39,514882.194,-0.011274934952298366,-0.011338978880517894,56.742,52.9045,48.282000000000004,0.36322061886125023
2018-12-03,002594.SZ,58.35,58.92,55.58,56.08,57.0,-0.92,-1.614,194258.36,1110534.662,-0.01614035087719301,-0.01627202510821553,57.126,53.29600000000001,48.47566666666667,0.3737700273672164
2018-12-04,002594.SZ,55.4,56.84,55.11,56.32,56.08,0.24,0.428,118279.68,663603.374,0.004279600570613384,0.0042704691234522855,56.94,53.73049999999999,48.6865,0.36608185962337986
2018-12-05,002594.SZ,55.65,58.15,55.14,57.93,56.32,1.61,2.8587,156248.38,887736.695,0.028586647727272707,0.028185673258745783,56.996,54.2645,48.91,0.3670456973470406
2018-12-06,002594.SZ,57.51,57.8,54.88,55.35,57.93,-2.58,-4.4537,135824.84,759428.435,-0.04453650958052824,-0.045558725953886894,56.536,54.583000000000006,49.12416666666666,0.40182502027663664
2018-12-07,002594.SZ,55.9,57.9,55.55,56.89,55.35,1.54,2.7823,126354.19,718653.311,0.027822944896115587,0.027442919607910097,56.513999999999996,54.927499999999995,49.36233333333334,0.40589673180362806
2018-12-10,002594.SZ,56.02,56.55,55.05,55.39,56.89,-1.5,-2.6367,115499.23,642323.334,-0.02636667252592728,-0.026720506717543547,56.376,55.11650000000001,49.57183333333333,0.4104666522020413
2018-12-11,002594.SZ,55.72,57.34,55.7,56.16,55.39,0.77,1.3901,111477.8,630306.945,0.013901426250225501,0.013805687672542978,56.34400000000001,55.3745,49.81233333333333,0.4075843165317986
2018-12-12,002594.SZ,56.7,58.48,56.6,58.25,56.16,2.09,3.7215,131204.08,756589.988,0.03721509971509973,0.036539332728254284,56.408,55.69199999999999,50.091166666666666,0.42123825127028874
2018-12-13,002594.SZ,58.25,58.56,57.12,58.4,58.25,0.15,0.2575,101065.04,585047.648,0.0025751072961373023,0.00257179738837139,57.01800000000001,56.0215,50.36383333333333,0.42044981159504097
2018-12-14,002594.SZ,58.37,58.99,56.9,57.3,58.4,-1.1,-1.8836,92911.18,537878.635,-0.018835616438356184,-0.019015266113487514,57.1,56.309000000000005,50.603500000000004,0.4281873474766598
2018-12-17,002594.SZ,56.67,57.0,54.0,54.89,57.3,-2.41,-4.2059,142955.98,786141.531,-0.04205933682373464,-0.04296944115889594,57.0,56.31850000000001,50.771499999999996,0.40702301429120863
2018-12-18,002594.SZ,54.05,56.1,53.98,55.04,54.89,0.15,0.2733,91365.2,504509.55,0.0027327382036801406,0.002729011063290433,56.775999999999996,56.3005,50.942,0.4045453785874594
2018-12-19,002594.SZ,55.21,55.95,53.38,53.5,55.04,-1.54,-2.798,113363.1,617053.242,-0.027979651162790664,-0.028378539723127323,55.826,56.2255,51.08233333333333,0.41599608987911985
2018-12-20,002594.SZ,53.51,54.34,52.83,53.87,53.5,0.37,0.6916,104322.25,560669.532,0.006915887850467151,0.006892082790481384,54.92,56.153999999999996,51.1975,0.41633165727134547
2018-12-21,002594.SZ,53.61,54.19,51.92,52.98,53.87,-0.89,-1.6521,103208.9,545598.258,-0.01652125487284206,-0.016659252848518775,54.056,56.102999999999994,51.31466666666667,0.4120345778227215
2018-12-24,002594.SZ,52.73,53.44,52.08,53.21,52.98,0.23,0.4341,81600.71,431280.133,0.004341260853152118,0.004331864764354268,53.720000000000006,56.055499999999995,51.418,0.41222317028433775
2018-12-25,002594.SZ,52.6,52.99,50.88,52.22,53.21,-0.99,-1.8606,112456.35,584096.975,-0.018605525277203605,-0.018780785337295214,53.15599999999999,55.803999999999995,51.485,0.3555508363702172
2018-12-26,002594.SZ,52.24,52.68,51.0,51.0,52.22,-1.22,-2.3363,77390.62,401148.28,-0.023362696284948248,-0.023639930546656966,52.65599999999999,55.471500000000006,51.53066666666666,0.35902205177108476
2018-12-27,002594.SZ,52.11,52.45,50.76,50.84,51.0,-0.16,-0.3137,100761.5,519075.086,-0.0031372549019607066,-0.003142186403072393,52.05,55.13099999999999,51.58133333333333,0.3585145939025308
2018-12-28,002594.SZ,50.86,51.4,50.11,51.0,50.84,0.16,0.3147,82507.06,419993.12,0.0031471282454760274,0.0031421864030724955,51.653999999999996,54.830999999999996,51.61299999999999,0.35936618020852357
2019-01-02,002594.SZ,51.02,51.39,48.98,49.17,51.0,-1.83,-3.5882,85554.45,424670.6,-0.035882352941176476,-0.03654195130047777,50.846000000000004,54.4855,51.656666666666666,0.3738061723084169
2019-01-03,002594.SZ,49.26,49.87,47.98,48.06,49.17,-1.11,-2.2575,83477.6,407386.244,-0.022574740695546103,-0.022833451115525195,50.013999999999996,54.072500000000005,51.67283333333333,0.3758849534140054
2019-01-04,002594.SZ,47.8,51.0,47.51,50.65,48.06,2.59,5.3891,126537.87,627892.541,0.05389096962130657,0.05248900038636941,49.944,53.7085,51.75183333333334,0.41673479384840023
2019-01-07,002594.SZ,50.85,51.88,50.0,51.39,50.65,0.74,1.461,136045.5,693197.812,0.01461006910167817,0.014504370309445831,50.054,53.5105,51.894666666666666,0.3973151732736096
2019-01-08,002594.SZ,52.3,53.64,52.05,52.88,51.39,1.49,2.8994,147051.57,777381.422,0.02899396769799578,0.028581594539292675,50.43,53.31,52.00233333333333,0.3985558542453894
2019-01-09,002594.SZ,51.8,53.0,48.5,50.46,52.88,-2.42,-4.5764,262205.3,1327590.6,-0.04576399394856279,-0.046844252330519164,50.688,53.0635,52.061166666666665,0.41884429669672374
2019-01-10,002594.SZ,49.9,50.19,48.64,48.85,50.46,-1.61,-3.1906,153455.9,757175.097,-0.03190646056282198,-0.03242656472411988,50.846,52.698,52.10933333333333,0.42394441663940424
2019-01-11,002594.SZ,48.5,49.29,48.38,49.02,48.85,0.17,0.348,96799.55,472494.719,0.0034800409416582134,0.0034739996111748453,50.52,52.2365,52.13783333333333,0.393510388304053
2019-01-14,002594.SZ,49.2,49.21,47.31,48.8,49.02,-0.22,-0.4488,109746.34,527419.471,-0.004487964096287378,-0.004498065240865172,50.001999999999995,51.756499999999996,52.18150000000001,0.3917167564769975
2019-01-15,002594.SZ,48.39,48.96,47.85,48.8,48.8,0.0,0.0,83530.65,405053.064,0.0,0.0,49.186,51.331500000000005,52.21116666666667,0.39092612355738615
2019-01-16,002594.SZ,48.8,49.12,48.32,48.93,48.8,0.13,0.2664,65923.79,321851.881,0.002663934426229586,0.0026603924419307786,48.879999999999995,51.033500000000004,52.19316666666667,0.37050430942106766
2019-01-17,002594.SZ,48.9,48.91,47.33,47.49,48.93,-1.44,-2.943,98743.78,471791.914,-0.029429797670140978,-0.029871542740001682,48.608,50.656,52.177,0.3785592314418142
2019-01-18,002594.SZ,47.49,47.49,46.04,46.82,47.49,-0.67,-1.4108,125995.91,587354.337,-0.014108233312276286,-0.014208700498265782,48.16799999999999,50.321999999999996,52.1445,0.37153937302886214
2019-01-21,002594.SZ,46.76,48.26,46.12,48.21,46.82,1.39,2.9688,131233.26,623110.349,0.029688167449807734,0.029256006354766162,48.05,50.039,52.12133333333334,0.3906549461081745
2019-01-22,002594.SZ,48.06,48.8,47.6,47.7,48.21,-0.51,-1.0579,84093.77,405187.157,-0.010578718108276264,-0.010635070523235349,47.83,49.775,52.106,0.3889463119589074
2019-01-23,002594.SZ,47.42,48.88,47.33,48.8,47.7,1.1,2.3061,96619.67,468388.887,0.023060796645702153,0.02279891496480581,47.804,49.554500000000004,52.12966666666667,0.40038576529801506
2019-01-24,002594.SZ,48.93,48.97,47.66,48.52,48.8,-0.28,-0.5738,71711.59,346868.853,-0.0057377049180327155,-0.00575422878325204,48.010000000000005,49.3695,52.16283333333333,0.39675540956276584
2019-01-25,002594.SZ,48.55,49.64,48.19,49.18,48.52,0.66,1.3603,100929.16,495909.173,0.013602638087386598,0.013510952712197079,48.482000000000006,49.278499999999994,52.202666666666666,0.3937381556906357
2019-01-28,002594.SZ,49.2,49.85,48.28,48.46,49.18,-0.72,-1.464,86253.59,421062.141,-0.014640097600650659,-0.014748321399666822,48.532000000000004,49.1595,52.248666666666665,0.3964710815700122
2019-01-29,002594.SZ,48.45,48.45,47.03,48.0,48.46,-0.46,-0.9492,61503.17,294079.276,-0.009492364836979017,-0.00953770448048881,48.592,49.0095,52.248333333333335,0.3967914623978248
2019-01-30,002594.SZ,47.95,48.27,46.9,47.15,48.0,-0.85,-1.7708,83426.14,395168.911,-0.017708333333333326,-0.01786700182842442,48.262,48.9085,52.230000000000004,0.3816058914059275
2019-01-31,002594.SZ,47.1,47.49,46.27,46.42,47.15,-0.73,-1.5483,71885.09,336548.858,-0.015482502651113395,-0.015603608233175446,47.842,48.8265,52.209833333333336,0.3772964101975734
2019-02-01,002594.SZ,46.75,48.31,46.51,48.27,46.42,1.85,3.9854,91780.0,437206.887,0.03985351141749249,0.03907984882611058,47.660000000000004,48.707499999999996,52.22683333333334,0.35245156128673993
2019-02-11,002594.SZ,48.8,50.33,48.8,50.2,48.27,1.93,3.9983,128870.65,643280.484,0.03998342655893938,0.03920477702528206,48.008,48.648,52.247166666666665,0.3789822235544096
2019-02-12,002594.SZ,50.21,51.15,49.88,50.58,50.2,0.38,0.757,102991.51,520271.543,0.007569721115537664,0.007541214544135395,48.524,48.533,52.25683333333333,0.3638979231995863
2019-02-13,002594.SZ,50.58,52.09,50.32,51.57,50.58,0.99,1.9573,122964.82,631189.934,0.019572953736654908,0.01938386682104859,49.408,48.5885,52.256166666666665,0.33213174311040244
2019-02-14,002594.SZ,51.85,54.06,51.85,53.72,51.57,2.15,4.1691,169124.15,900048.082,0.04169090556525101,0.04084526359216915,50.868,48.832,52.3015,0.337256425664481
2019-02-15,002594.SZ,53.4,53.4,51.52,51.67,53.72,-2.05,-3.8161,152915.89,798355.783,-0.03816083395383463,-0.03890802935594351,51.548,48.9645,52.29766666666667,0.3704607199236615
2019-02-18,002594.SZ,51.93,52.79,51.64,52.45,51.67,0.78,1.5096,168184.85,878505.553,0.015095800270950255,0.014982992543212932,51.998000000000005,49.147,52.30833333333333,0.3718054021789375
2019-02-19,002594.SZ,52.5,52.66,50.99,51.74,52.45,-0.71,-1.3537,144364.53,746470.487,-0.013536701620591063,-0.013629158084423132,52.230000000000004,49.294,52.3115,0.3767472917501339
2019-02-20,002594.SZ,51.8,52.8,51.54,52.36,51.74,0.62,1.1983,124998.99,653706.171,0.011982991882489413,0.01191176428381615,52.388,49.4655,52.2725,0.3780230231119781
2019-02-21,002594.SZ,52.3,53.01,51.56,51.94,52.36,-0.42,-0.8021,126055.57,659357.725,-0.008021390374331583,-0.008053734807096827,52.032,49.688,52.21483333333334,0.36039460406126583
2019-02-22,002594.SZ,51.8,51.88,50.9,51.88,51.94,-0.06,-0.1155,119677.84,614630.406,-0.0011551790527530859,-0.001155846786359162,52.074,49.941,52.16283333333333,0.35429504298971204
2019-02-25,002594.SZ,51.88,55.13,51.5,55.06,51.88,3.18,6.1295,258382.09,1389428.008,0.061295296838858926,0.05949014026621814,52.596000000000004,50.2835,52.158833333333334,0.3981124507166319
2019-02-26,002594.SZ,57.2,58.67,56.44,56.74,55.06,1.68,3.0512,291995.5,1676147.79,0.030512168543407103,0.030055929666243947,53.596000000000004,50.7355,52.2045,0.4008134508274468
2019-02-27,002594.SZ,56.2,56.25,54.15,54.96,56.74,-1.78,-3.1371,228542.62,1257964.248,-0.03137116672541418,-0.0318737814666114,54.116,51.0435,52.21783333333334,0.4215467667212612
2019-02-28,002594.SZ,55.12,55.22,54.16,54.51,54.96,-0.45,-0.8188,94237.38,515781.621,-0.008187772925764225,-0.008221476837904425,54.629999999999995,51.343,52.17216666666666,0.4225626353815298
2019-03-01,002594.SZ,54.88,54.98,52.88,53.8,54.51,-0.71,-1.3025,174562.53,935733.501,-0.013025133003118694,-0.013110703908450778,55.013999999999996,51.574,52.108,0.42689954991165857
2019-03-04,002594.SZ,54.0,54.79,52.73,53.68,53.8,-0.12,-0.223,302258.1,1617182.254,-0.0022304832713754275,-0.0022329745043123414,54.738,51.835,52.04183333333333,0.42162961104376917
2019-03-05,002594.SZ,53.66,54.23,53.0,54.08,53.68,0.4,0.7452,196305.91,1054132.204,0.007451564828613977,0.007423939071282267,54.205999999999996,52.138999999999996,51.99316666666667,0.41793396210478395
2019-03-06,002594.SZ,54.5,54.96,53.5,54.44,54.08,0.36,0.6657,220521.78,1195892.022,0.006656804733727872,0.006634746048556733,54.102,52.503499999999995,51.96583333333333,0.4082006199055782
2019-03-07,002594.SZ,54.1,54.1,53.01,53.38,54.44,-1.06,-1.9471,182839.43,976603.632,-0.01947097722263036,-0.019663033806887182,53.876,52.8515,51.91683333333333,0.4114150425924625
2019-03-08,002594.SZ,53.0,53.0,51.05,51.12,53.38,-2.26,-4.2338,185281.5,962751.253,-0.042337954289996316,-0.04326033390709878,53.339999999999996,52.99399999999999,51.80333333333333,0.42832416166459586
2019-03-11,002594.SZ,51.1,52.48,51.1,52.37,51.12,1.25,2.4452,126196.5,654575.666,0.024452269170579077,0.024158098222116998,53.077999999999996,53.1025,51.75366666666667,0.41394829556352003
2019-03-12,002594.SZ,52.4,52.88,51.71,51.99,52.37,-0.38,-0.7256,138615.48,725665.664,-0.007256062631277316,-0.007282515895771777,52.660000000000004,53.173,51.672,0.414855397156267
2019-03-13,002594.SZ,51.78,52.77,51.3,52.0,51.99,0.01,0.0192,127209.68,662997.519,0.0001923446816696206,0.00019232618580302034,52.172000000000004,53.19449999999999,51.6155,0.4094485827386257
2019-03-14,002594.SZ,52.01,55.15,52.01,54.57,52.0,2.57,4.9423,350367.43,1889955.259,0.049423076923077014,0.048240562616713306,52.410000000000004,53.237,51.589000000000006,0.42047951299384406
2019-03-15,002594.SZ,55.05,56.2,54.13,55.39,54.57,0.82,1.5027,255425.62,1416034.163,0.015026571376214104,0.014914790846872021,53.263999999999996,53.423,51.541333333333334,0.396274671939237
2019-03-18,002594.SZ,55.5,56.44,55.39,55.66,55.39,0.27,0.4875,154589.09,863433.541,0.004874526087741415,0.0048626840527321346,53.922000000000004,53.5835,51.495666666666665,0.3940564688765051
2019-03-19,002594.SZ,56.15,56.66,55.51,55.99,55.66,0.33,0.5929,124059.88,695763.5,0.005928853754940899,0.005911347263057385,54.722,53.79600000000001,51.47383333333333,0.3890756232045302
2019-03-20,002594.SZ,56.25,56.67,54.85,55.4,55.99,-0.59,-1.0538,122722.7,685243.136,-0.01053759599928561,-0.010593509607563816,55.402,53.948,51.48233333333334,0.3913347867581982
2019-03-21,002594.SZ,55.4,55.98,54.64,55.05,55.4,-0.35,-0.6318,109001.92,603820.541,-0.006317689530685899,-0.0063377305845491345,55.498000000000005,54.1035,51.482499999999995,0.3907382544678089
2019-03-22,002594.SZ,55.15,57.58,54.99,57.0,55.05,1.95,3.5422,173032.54,982926.478,0.03542234332425065,0.03480940466586115,55.82000000000001,54.359500000000004,51.54083333333333,0.40658595805886955
2019-03-25,002594.SZ,56.0,57.97,55.72,56.5,57.0,-0.5,-0.8772,124562.02,709514.797,-0.00877192982456143,-0.00881062968215492,55.988,54.43149999999999,51.584666666666664,0.3501220868161226
2019-03-26,002594.SZ,57.0,57.55,55.08,55.25,56.5,-1.25,-2.2124,105549.04,594394.98,-0.02212389380530977,-0.0223722977545331,55.839999999999996,54.35699999999999,51.622499999999995,0.34207715094672114
2019-03-27,002594.SZ,54.77,56.55,53.7,54.71,55.25,-0.54,-0.9774,147450.06,804456.203,-0.009773755656108607,-0.009821832322127652,55.702,54.344500000000004,51.6475,0.3248960993103082
2019-03-28,002594.SZ,55.65,55.66,52.5,52.77,54.71,-1.94,-3.546,167947.28,895034.578,-0.03545969658197767,-0.03610366065815803,55.246,54.25750000000001,51.656666666666666,0.34760634749988967
2019-03-29,002594.SZ,52.86,53.56,52.16,53.49,52.77,0.72,1.3644,128353.96,680888.783,0.013644115974985827,0.013551873125582278,54.544000000000004,54.242,51.69816666666667,0.3486595799885306
2019-04-01,002594.SZ,53.54,54.79,53.3,54.45,53.49,0.96,1.7947,160698.15,870253.123,0.01794727986539546,0.017788128835810803,54.134,54.2805,51.75833333333333,0.35430490094975475
2019-04-02,002594.SZ,54.61,54.98,54.0,54.68,54.45,0.23,0.4224,128436.6,697294.567,0.004224058769513261,0.004215162476779281,54.02,54.310500000000005,51.81966666666667,0.35370391984006483
2019-04-03,002594.SZ,54.71,54.9,54.17,54.39,54.68,-0.29,-0.5304,101702.57,554172.127,-0.00530358449158741,-0.005317698420879425,53.955999999999996,54.30800000000001,51.906666666666666,0.3536193759956615
2019-04-04,002594.SZ,54.54,55.64,54.42,55.19,54.39,0.8,1.4709,147706.21,814495.088,0.01470858613715742,0.014601464016540392,54.44000000000001,54.3985,52.0255,0.3492012907720599
2019-04-08,002594.SZ,55.48,55.62,52.9,53.44,55.19,-1.75,-3.1709,165600.19,896323.907,-0.031708642870085124,-0.03222224822301959,54.42999999999999,54.51450000000001,52.072,0.3330052223652922
2019-04-09,002594.SZ,53.55,55.3,53.55,54.93,53.44,1.49,2.7882,133048.7,724828.855,0.027881736526946144,0.027500118126138784,54.525999999999996,54.6425,52.131,0.33622031582075157
2019-04-10,002594.SZ,54.95,56.3,53.67,55.52,54.93,0.59,1.0741,176454.57,976494.639,0.010740943018387128,0.010683668844020116,54.693999999999996,54.818999999999996,52.175,0.33529005688890184
2019-04-11,002594.SZ,55.78,57.4,54.73,54.93,55.52,-0.59,-1.0627,183873.02,1031866.08,-0.010626801152737841,-0.010683668844020118,54.802,54.9655,52.2495,0.33888615449900045
2019-04-12,002594.SZ,54.75,54.75,53.67,54.09,54.93,-0.84,-1.5292,89460.41,484592.128,-0.015292190060076427,-0.015410321471193407,54.58200000000001,54.941500000000005,52.33683333333333,0.29639860230380294
2019-04-15,002594.SZ,54.46,55.24,53.33,53.54,54.09,-0.55,-1.0168,100201.48,544377.825,-0.010168238121649131,-0.010220287791129172,54.602,54.849000000000004,52.412166666666664,0.2926146774422637
2019-04-16,002594.SZ,53.54,57.05,53.3,56.73,53.54,3.19,5.9582,210095.7,1165362.389,0.0595816212177811,0.05787413324626937,54.962,54.90250000000001,52.544333333333334,0.36419179747640046
2019-04-17,002594.SZ,58.1,62.4,58.1,62.4,56.73,5.67,9.9947,491714.14,2999382.073,0.09994711792702282,0.09526210403690624,56.338,55.223,52.771,0.505773324467635
2019-04-18,002594.SZ,62.3,62.31,58.9,59.32,62.4,-3.08,-4.9359,314696.52,1902702.645,-0.049358974358974295,-0.050618758105650564,57.215999999999994,55.419,52.94416666666666,0.540114857794122
2019-04-19,002594.SZ,59.01,61.8,58.51,60.13,59.32,0.81,1.3655,174364.29,1050880.591,0.013654753877275772,0.013562367781745941,58.424,55.673,53.154833333333336,0.5397270697138277
2019-04-22,002594.SZ,60.0,60.13,57.19,57.71,60.13,-2.42,-4.0246,152524.84,888126.618,-0.04024613337768168,-0.04107841632860224,59.257999999999996,55.7085,53.33633333333333,0.5498196413409229
2019-04-23,002594.SZ,57.75,57.91,56.61,56.96,57.71,-0.75,-1.2996,99685.87,569865.394,-0.01299601455553634,-0.013081201619154765,59.303999999999995,55.731500000000004,53.482166666666664,0.5510362834645158
2019-04-24,002594.SZ,57.44,58.17,56.65,58.15,56.96,1.19,2.0892,112922.85,651607.907,0.020891853932584192,0.02067661186095303,58.45400000000001,55.8765,53.656333333333336,0.5482804645261548
2019-04-25,002594.SZ,57.7,57.7,56.0,56.16,58.15,-1.99,-3.4222,92924.85,526376.238,-0.0342218400687877,-0.03482111924711784,57.822,55.949,53.778999999999996,0.5625840346983536
2019-04-26,002594.SZ,56.09,56.59,55.13,55.36,56.16,-0.8,-1.4245,82089.26,457693.828,-0.014245014245014231,-0.01434744840814154,56.867999999999995,56.0785,53.893,0.548773194781125
2019-04-29,002594.SZ,56.5,56.98,55.45,55.65,55.36,0.29,0.5238,105128.2,591529.429,0.005238439306358256,0.005224766412139586,56.455999999999996,56.1865,54.00083333333334,0.5474106337423649
2019-04-30,002594.SZ,55.55,56.9,55.25,56.9,55.65,1.25,2.2462,79274.23,447723.208,0.022461814914645162,0.022213263410731456,56.444,56.309000000000005,54.1415,0.5493279443013616
2019-05-06,002594.SZ,54.88,55.28,51.84,52.05,56.9,-4.85,-8.5237,135543.64,725208.717,-0.0852372583479789,-0.08909054607130734,55.224000000000004,56.177499999999995,54.208999999999996,0.6317629735531779
2019-05-07,002594.SZ,52.42,53.58,52.07,53.01,52.05,0.96,1.8444,85742.47,454013.999,0.018443804034582234,0.01827577993873693,54.59400000000001,56.10850000000001,54.306666666666665,0.6355859117551285
2019-05-08,002594.SZ,52.03,53.32,51.41,51.85,53.01,-1.16,-2.1883,98147.03,511300.537,-0.021882663648368217,-0.02212564032417837,53.891999999999996,55.9415,54.397166666666664,0.6372214672131267
2019-05-09,002594.SZ,51.9,52.25,50.67,51.11,51.85,-0.74,-1.4272,74263.9,380777.299,-0.014271938283510144,-0.014374761895348157,52.984,55.825,54.4445,0.6295284458410051
2019-05-10,002594.SZ,51.86,52.32,49.7,52.26,51.11,1.15,2.25,90465.03,467950.646,0.02250048914106828,0.022251087312278227,52.056,55.691500000000005,54.478833333333334,0.6264814060315247
2019-05-13,002594.SZ,52.2,52.2,50.5,51.02,52.26,-1.24,-2.3728,64960.77,331705.667,-0.023727516264829607,-0.024013547378801,51.85,55.46650000000001,54.48616666666667,0.6293043910854064
2019-05-14,002594.SZ,50.45,51.0,50.1,50.19,51.02,-0.83,-1.6268,62974.78,318067.063,-0.01626813014504125,-0.01640190904682313,51.286,55.229499999999994,54.463166666666666,0.6304719019310054
2019-05-15,002594.SZ,50.61,51.33,50.33,51.29,50.19,1.1,2.1917,68026.85,346688.295,0.02191671647738591,0.021679997734334763,51.174,55.0895,54.42266666666667,0.6352612926776385
2019-05-16,002594.SZ,51.25,51.89,51.2,51.47,51.29,0.18,0.3509,58377.0,300715.977,0.0035094560343147396,0.003503312263486134,51.246,54.98599999999999,54.419333333333334,0.6347550732602868
2019-05-17,002594.SZ,51.3,51.45,50.0,50.22,51.47,-1.25,-2.4286,67504.82,340767.75,-0.024285991839906762,-0.024585759935224227,50.838,54.66049999999999,54.38216666666666,0.5968956107884741
2019-05-20,002594.SZ,50.4,50.42,48.5,49.0,50.22,-1.22,-2.4293,78295.97,383243.529,-0.024293110314615673,-0.024593055618812323,50.434,53.9905,54.3365,0.4511745634148414
2019-05-21,002594.SZ,49.16,49.61,48.7,49.4,49.0,0.4,0.8163,59860.63,295136.969,0.008163265306122325,0.008130126083250089,50.275999999999996,53.494499999999995,54.287166666666664,0.433205094634296
2019-05-22,002594.SZ,49.49,49.51,48.6,48.93,49.4,-0.47,-0.9514,52623.37,257348.049,-0.009514170040485825,-0.009559718892844623,49.803999999999995,52.9345,54.236999999999995,0.42504575696148905
2019-05-23,002594.SZ,49.3,49.48,47.47,47.59,48.93,-1.34,-2.7386,107057.19,514288.095,-0.027386061720825583,-0.027768050168013016,49.028,52.4285,54.1655,0.415206943673418
2019-05-24,002594.SZ,47.71,49.69,47.0,48.61,47.59,1.02,2.1433,93766.16,451740.393,0.02143307417524687,0.021206615924345,48.706,52.011,54.05799999999999,0.42885956931398406
2019-05-27,002594.SZ,48.3,48.99,47.3,48.81,48.61,0.2,0.4114,79566.86,383543.247,0.004114379757251596,0.004105938841692,48.668,51.544,53.92583333333334,0.4181080515601118
2019-05-28,002594.SZ,48.81,50.5,48.71,50.5,48.81,1.69,3.4624,122525.48,610836.937,0.03462405244826883,0.03403812638225805,48.888,51.261,53.8515,0.43282540519602264
2019-05-29,002594.SZ,49.51,49.95,49.27,49.6,50.5,-0.9,-1.7822,56658.72,281063.737,-0.017821782178217838,-0.017982502550432357,49.022,50.973,53.769666666666666,0.43403031730988195
2019-05-30,002594.SZ,49.5,49.5,48.25,48.37,49.6,-1.23,-2.4798,55403.62,269187.302,-0.024798387096774288,-0.02511104689599006,49.178,50.608999999999995,53.67916666666667,0.43760892843909827
2019-05-31,002594.SZ,48.64,48.93,47.87,48.25,48.37,-0.12,-0.2481,53590.67,259382.616,-0.0024808765763902896,-0.0024839590498968657,49.106,50.1765,53.58866666666667,0.4243837105366457
2019-06-03,002594.SZ,48.71,49.16,48.04,48.79,48.25,0.54,1.1192,53961.7,261923.867,0.011191709844559528,0.011129546042750831,49.102,50.01350000000001,53.500499999999995,0.3151944296191899
2019-06-04,002594.SZ,48.44,48.6,47.7,48.51,48.79,-0.28,-0.5739,49330.99,237326.287,-0.0057388809182209455,-0.005755411570620651,48.70399999999999,49.7885,53.40166666666667,0.3048500924110762
2019-06-05,002594.SZ,48.98,49.35,48.6,48.9,48.51,0.39,0.804,67271.46,329419.97,0.008039579468150926,0.0080074342237012,48.564,49.641000000000005,53.327,0.30036644518457006
2019-06-06,002594.SZ,49.69,50.12,49.0,49.37,48.9,0.47,0.9611,106347.88,527701.775,0.009611451942740157,0.00956555578994505,48.763999999999996,49.554,53.29783333333334,0.3001843414783065
2019-06-10,002594.SZ,51.0,51.91,50.66,50.9,49.37,1.53,3.099,131081.81,671025.777,0.03099048004861249,0.03051997128570551,49.294,49.486000000000004,53.273333333333326,0.3105440162068411
2019-06-11,002594.SZ,50.57,51.69,50.15,51.55,50.9,0.65,1.277,119686.34,611970.77,0.012770137524557912,0.012689286906491829,49.846,49.5125,53.266,0.3022414202010879
2019-06-12,002594.SZ,51.56,51.56,50.56,50.75,51.55,-0.8,-1.5519,93790.99,476661.987,-0.015518913676042634,-0.015640592541072175,50.294,49.540499999999994,53.24516666666667,0.30169512202040627
2019-06-13,002594.SZ,50.7,50.7,49.89,50.22,50.75,-0.53,-1.0443,68058.93,341679.829,-0.010443349753694653,-0.010498264192457833,50.558,49.487,53.17266666666667,0.2932995582259466
2019-06-14,002594.SZ,50.3,50.49,49.3,49.35,50.22,-0.87,-1.7324,62553.08,311449.188,-0.01732377538829144,-0.017475587849948286,50.553999999999995,49.381,53.072,0.29843110288134017
2019-06-17,002594.SZ,49.49,49.93,49.0,49.1,49.35,-0.25,-0.5066,53005.07,261630.786,-0.005065856129685908,-0.005078731079015687,50.194,49.325,52.96266666666667,0.28691371835292284
2019-06-18,002594.SZ,49.11,49.6,48.97,49.2,49.1,0.1,0.2037,54723.68,269093.638,0.0020366598778003286,0.0020345886977874567,49.724000000000004,49.334999999999994,52.8495,0.2734347418036349
2019-06-19,002594.SZ,50.12,50.35,49.46,49.6,49.2,0.4,0.813,92549.67,461559.434,0.008130081300812941,0.008097210232619303,49.49400000000001,49.345,52.752833333333335,0.2734221810989352
2019-06-20,002594.SZ,49.6,50.49,49.08,50.29,49.6,0.69,1.3911,121168.66,604664.111,0.01391129032258065,0.013815416452991596,49.508,49.413,52.673500000000004,0.2748620254255417
2019-06-21,002594.SZ,50.2,50.68,50.0,50.55,50.29,0.26,0.517,106524.86,537052.469,0.0051700139192683014,0.005156695282607087,49.748,49.561,52.566,0.25287581998460057
2019-06-24,002594.SZ,50.55,50.88,50.21,50.76,50.55,0.21,0.4154,65401.16,331224.645,0.004154302670623222,0.004145697379706566,50.08,49.6685,52.470333333333336,0.2435656190183877
2019-06-25,002594.SZ,50.5,50.68,49.7,49.9,50.76,-0.86,-1.6942,78742.19,393724.882,-0.01694247438928287,-0.0170876400887139,50.22,49.723,52.38116666666667,0.2527548109787788
2019-06-26,002594.SZ,49.56,50.6,49.41,50.03,49.9,0.13,0.2605,57139.27,286425.558,0.0026052104208418303,0.0026018227426408396,50.306,49.6995,52.30316666666667,0.2200799521423637
2019-06-27,002594.SZ,50.2,50.86,50.06,50.54,50.03,0.51,1.0194,81181.08,410302.47,0.01019388366979812,0.010142276459934492,50.355999999999995,49.746500000000005,52.266,0.2129786207873372
2019-06-28,002594.SZ,50.55,50.83,50.23,50.72,50.54,0.18,0.3562,55170.97,278912.037,0.0035615354174911573,0.003555208168922378,50.39,49.864,52.219833333333334,0.18991484657194915
2019-07-01,002594.SZ,51.6,52.13,51.08,51.91,50.72,1.19,2.3462,114363.63,591468.284,0.023462145110410004,0.023191139710167084,50.620000000000005,50.047000000000004,52.1775,0.2028786530431199
2019-07-02,002594.SZ,51.91,54.4,51.55,53.18,51.91,1.27,2.4465,158556.34,845973.987,0.0244654209208246,0.02417093597573619,51.275999999999996,50.26649999999999,52.152499999999996,0.21448452233852025
2019-07-03,002594.SZ,53.18,54.2,52.77,53.4,53.18,0.22,0.4137,118723.44,636771.038,0.004136893569010924,0.004128360151275419,51.95,50.510999999999996,52.135999999999996,0.2111291913279381
2019-07-04,002594.SZ,53.42,54.11,52.82,53.24,53.4,-0.16,-0.2996,81471.45,435697.733,-0.0029962546816478808,-0.003000752439238213,52.489999999999995,50.727999999999994,52.103500000000004,0.21257985580840053
2019-07-05,002594.SZ,53.24,53.77,52.18,53.26,53.24,0.02,0.0376,82513.29,437855.977,0.00037565740045075735,0.0003755868588752576,52.998000000000005,50.9225,52.1005,0.21207273788445036
2019-07-08,002594.SZ,53.27,53.29,51.26,52.32,53.26,-0.94,-1.7649,97308.46,509579.132,-0.01764926774314679,-0.017806873236842873,53.08,50.9935,52.057,0.19952471678937428
2019-07-09,002594.SZ,52.19,55.05,52.07,54.89,52.32,2.57,4.9121,181053.1,978273.334,0.0491207951070336,0.047952475412854544,53.422000000000004,51.1605,52.0465,0.2595634847055887
2019-07-10,002594.SZ,54.6,54.6,53.51,53.9,54.89,-0.99,-1.8036,119791.95,645839.746,-0.018036072144288595,-0.01820070464684639,53.522000000000006,51.318000000000005,52.029333333333334,0.26212122633933116
2019-07-11,002594.SZ,53.92,54.15,52.89,53.25,53.9,-0.65,-1.2059,92303.7,493283.916,-0.012059369202226278,-0.012132673325416909,53.524,51.469500000000004,52.01533333333334,0.2632923540915589
2019-07-12,002594.SZ,53.3,54.78,53.2,54.26,53.25,1.01,1.8967,103750.3,562711.506,0.018967136150234598,0.018789502641251052,53.724000000000004,51.714999999999996,52.02733333333333,0.2574728499419208
2019-07-15,002594.SZ,54.28,55.88,53.62,55.35,54.26,1.09,2.0088,122206.76,672943.701,0.020088462956137088,0.01988935192386017,54.33,52.027499999999996,52.004333333333335,0.2600583530396249
2019-07-16,002594.SZ,55.14,55.25,54.6,54.78,55.35,-0.57,-1.0298,53946.09,295764.35,-0.010298102981029844,-0.010351495319713818,54.30799999999999,52.30650000000001,51.87733333333333,0.26624854259318587
2019-07-17,002594.SZ,54.79,55.2,54.4,54.65,54.78,-0.13,-0.2373,62128.71,340228.56,-0.0023731288791529748,-0.0023759492123845323,54.458000000000006,52.559000000000005,51.7995,0.26748934204018787
2019-07-18,002594.SZ,54.37,54.37,53.06,53.45,54.65,-1.2,-2.1958,89584.4,478991.316,-0.021957913998170042,-0.0222025771514932,54.498000000000005,52.717000000000006,51.68816666666667,0.2815600446498084
2019-07-19,002594.SZ,53.61,54.23,53.36,53.93,53.45,0.48,0.898,60072.25,323902.159,0.008980355472404167,0.008940271878081465,54.431999999999995,52.886,51.62516666666667,0.2822377870747993
2019-07-22,002594.SZ,54.5,55.43,54.04,54.9,53.93,0.97,1.7986,115344.18,632700.582,0.017986278509178444,0.017826439166349184,54.342,53.092999999999996,51.59083333333333,0.2869656616899327
2019-07-23,002594.SZ,54.8,57.25,54.36,56.33,54.9,1.43,2.6047,141071.81,790277.018,0.026047358834244028,0.0257139043911376,54.652,53.4145,51.560500000000005,0.2857633084805092
2019-07-24,002594.SZ,56.8,57.26,56.2,56.34,56.33,0.01,0.0178,106123.97,602258.056,0.0001775252973550412,0.00017750954160410936,54.989999999999995,53.730000000000004,51.5635,0.28630128145337097
2019-07-25,002594.SZ,56.34,56.98,55.82,56.8,56.34,0.46,0.8165,69022.62,389643.343,0.008164714235001647,0.008131563278878998,55.660000000000004,54.043000000000006,51.5875,0.2860078075555846
2019-07-26,002594.SZ,56.25,57.88,56.0,57.42,56.6,0.82,1.4488,105883.85,605449.724,0.01091549295774663,0.01085634896581238,56.358000000000004,54.378,51.617,0.2863644563578192
2019-07-29,002594.SZ,57.84,57.95,56.59,57.22,57.42,-0.2,-0.3483,63434.02,362394.96,-0.0034831069313828733,-0.0034891870709537745,56.822,54.643499999999996,51.62233333333333,0.28096309143812775
2019-07-30,002594.SZ,57.25,57.46,56.54,57.08,57.22,-0.14,-0.2447,75485.23,429968.22,-0.0024466969591052656,-0.0024496950133285913,56.972,54.838499999999996,51.70616666666667,0.27237923462505165
2019-07-31,002594.SZ,56.8,56.8,55.48,55.95,57.08,-1.13,-1.9797,89719.83,502687.43,-0.019796776454099385,-0.019995357850701303,56.894000000000005,54.965999999999994,51.75516666666667,0.28481545988806806
2019-08-01,002594.SZ,55.7,56.28,55.18,55.73,55.95,-0.22,-0.3932,88669.6,493036.92,-0.003932082216264621,-0.00393983317648935,56.67999999999999,55.0905,51.819833333333335,0.2850736422938665
2019-08-02,002594.SZ,54.06,55.03,53.85,54.39,55.73,-1.34,-2.4045,84179.92,458483.256,-0.024044500269154834,-0.024338288146575588,56.074,55.147000000000006,51.8745,0.30019638134543514
2019-08-05,002594.SZ,54.2,54.47,52.21,52.38,54.39,-2.01,-3.6955,104575.32,555556.899,-0.036955322669608326,-0.03765547435530348,55.10600000000001,55.15,51.8765,0.3232286311832675
2019-08-06,002594.SZ,51.41,51.98,50.45,51.37,52.38,-1.01,-1.9282,108362.19,554889.918,-0.019282168766704966,-0.01947049460038947,53.964,54.974000000000004,51.882333333333335,0.27342750648756703
2019-08-07,002594.SZ,51.65,51.9,50.57,50.8,51.37,-0.57,-1.1096,71130.98,363369.325,-0.011095970410745615,-0.011157989894740324,52.934000000000005,54.818999999999996,51.892500000000005,0.2695034963354494
2019-08-08,002594.SZ,51.13,51.31,50.5,50.86,50.8,0.06,0.1181,71456.16,363707.712,0.0011811023622048111,0.001180405409537456,51.959999999999994,54.699499999999986,51.88533333333333,0.2675741830373639
2019-08-09,002594.SZ,51.3,51.96,50.86,50.99,50.86,0.13,0.2556,85773.44,440459.429,0.0025560361777428042,0.0025527750730907723,51.279999999999994,54.53599999999999,51.87733333333333,0.25650178312171645
2019-08-12,002594.SZ,50.88,51.2,49.8,51.2,50.99,0.21,0.4118,90738.99,458849.775,0.0041184545989410015,0.004109996978397765,51.044,54.3285,51.89366666666667,0.24338233922261676
2019-08-13,002594.SZ,50.51,50.69,49.4,49.5,51.2,-1.7,-3.3203,135333.2,674159.669,-0.033203125,-0.033766862470817484,50.67,54.064499999999995,51.902,0.2642112873705843
2019-08-14,002594.SZ,50.2,50.5,49.76,50.29,49.5,0.79,1.596,92687.29,465589.31,0.01595959595959595,0.015833580609228768,50.568000000000005,53.84649999999999,51.91683333333333,0.2743755143172765
2019-08-15,002594.SZ,49.45,50.37,49.04,50.11,50.29,-0.18,-0.3579,66446.66,330083.346,-0.003579240405647277,-0.003585661212240143,50.418,53.6795,51.9365,0.266055972096442
2019-08-16,002594.SZ,50.3,51.55,50.12,51.07,50.11,0.96,1.9158,90301.27,461801.383,0.019157852724007274,0.01897665168791935,50.434,53.536500000000004,51.9945,0.2744970705232124
2019-08-19,002594.SZ,52.0,52.19,51.2,52.1,51.07,1.03,2.0168,106806.25,553165.931,0.020168396318778203,0.019967708099768746,50.614,53.3965,52.052666666666674,0.27676516406256885
2019-08-20,002594.SZ,51.79,52.09,51.3,51.43,52.1,-0.67,-1.286,87995.64,454068.932,-0.012859884836852187,-0.01294328897249638,51.0,53.1515,52.09633333333333,0.25737547080746404
2019-08-21,002594.SZ,51.33,51.62,50.88,51.62,51.43,0.19,0.3694,85677.85,438446.555,0.0036943418238382097,0.0036875345036429565,51.266,52.915499999999994,52.114999999999995,0.2585078401900836
2019-08-22,002594.SZ,50.9,50.9,49.67,50.21,51.62,-1.41,-2.7315,211089.24,1057906.186,-0.02731499418829908,-0.027694984243853648,51.286,52.586,52.125166666666665,0.2664852821916271
2019-08-23,002594.SZ,50.0,50.01,48.24,48.89,50.21,-1.32,-2.629,246969.39,1209219.992,-0.026289583748257295,-0.02664133345605992,50.85,52.1595,52.133833333333335,0.267860873777529
2019-08-26,002594.SZ,48.02,49.05,47.74,49.03,48.89,0.14,0.2864,142274.41,690592.163,0.0028635712824709447,0.0028594790725877876,50.236,51.75,52.14683333333333,0.2701775935154684
2019-08-27,002594.SZ,49.12,49.63,49.1,49.54,49.03,0.51,1.0402,144791.6,715147.678,0.010401794819498322,0.010348068398071671,49.858000000000004,51.373000000000005,52.15933333333333,0.2771588570837061
2019-08-28,002594.SZ,50.3,51.34,49.79,49.81,49.54,0.27,0.545,176509.72,890016.555,0.005450141299959688,0.005435343023978578,49.496,51.065999999999995,52.181,0.27607923308107885
2019-08-29,002594.SZ,49.78,49.78,48.8,49.1,49.81,-0.71,-1.4254,97408.62,478134.197,-0.014254165830154597,-0.014356732284717132,49.274,50.7345,52.18433333333334,0.27765403110276393
2019-08-30,002594.SZ,49.58,49.89,49.16,49.45,49.1,0.35,0.7128,101825.34,504256.094,0.007128309572301372,0.0071030232682461735,49.386,50.4875,52.18566666666666,0.2730427166544186
2019-09-02,002594.SZ,49.98,50.0,49.34,49.72,49.45,0.27,0.546,118336.76,587224.054,0.005460060667340727,0.005445208573789222,49.524,50.3545,52.166000000000004,0.24662827770236095
2019-09-03,002594.SZ,49.99,49.99,49.15,49.49,49.72,-0.23,-0.4626,95675.33,472364.324,-0.004625905068382896,-0.004636637678715622,49.513999999999996,50.2605,52.13166666666667,0.2387519291143792
2019-09-04,002594.SZ,49.48,49.48,49.01,49.37,49.49,-0.12,-0.2425,107035.02,525959.123,-0.002424732269145413,-0.002427676693023305,49.426,50.189,52.108666666666664,0.23622259966185388
2019-09-05,002594.SZ,49.5,50.4,49.49,50.14,49.37,0.77,1.5597,174907.43,875402.27,0.015596516102896585,0.015476140459375901,49.634,50.153000000000006,52.10733333333333,0.24367205200037767
2019-09-06,002594.SZ,50.34,51.2,50.21,50.49,50.14,0.35,0.698,146573.57,741340.589,0.006980454726765117,0.006956204140677057,49.842,50.128,52.126333333333335,0.2449348960595169
2019-09-09,002594.SZ,50.85,51.66,50.56,51.58,50.49,1.09,2.1588,194828.41,997120.932,0.02158843335313909,0.02135870358237425,50.214,50.147,52.16766666666667,0.25675402121675706
2019-09-10,002594.SZ,51.7,51.87,50.86,51.15,51.58,-0.43,-0.8337,128373.64,656697.45,-0.008336564559906945,-0.008371508055563236,50.546,50.229499999999994,52.20016666666667,0.22690517500343982
2019-09-11,002594.SZ,51.26,51.68,50.9,51.11,51.15,-0.04,-0.0782,116357.2,595551.884,-0.0007820136852394466,-0.0007823196174472447,50.894,50.2705,52.22533333333333,0.22068504368895048
2019-09-12,002594.SZ,51.3,51.38,50.36,50.79,51.11,-0.32,-0.6261,99144.81,503285.197,-0.006261005674036424,-0.006280687967034591,51.024,50.3045,52.233666666666664,0.22161053306153594
2019-09-16,002594.SZ,51.35,51.36,50.85,51.16,50.79,0.37,0.7285,83787.72,428267.71,0.007284898602087031,0.007258491897488308,51.158,50.309000000000005,52.243833333333335,0.21235656011919188
2019-09-17,002594.SZ,51.2,51.23,49.68,49.97,51.16,-1.19,-2.326,105597.65,529991.14,-0.023260359655981167,-0.023535151354528227,50.836,50.2025,52.230666666666664,0.21406843577567466
2019-09-18,002594.SZ,50.0,50.13,49.81,50.04,49.97,0.07,0.1401,53282.99,266325.727,0.0014008405043026695,0.0013998602425968356,50.614,50.132999999999996,52.23299999999999,0.21042544023543627
2019-09-19,002594.SZ,50.18,50.26,49.8,50.19,50.04,0.15,0.2998,61707.61,308751.024,0.002997601918465209,0.002993118068131886,50.42999999999999,50.061499999999995,52.23566666666667,0.21022120408934153
2019-09-20,002594.SZ,50.4,50.44,50.0,50.07,50.19,-0.12,-0.2391,68762.85,344745.443,-0.002390914524805665,-0.0023937773249888225,50.286,50.054500000000004,52.227833333333336,0.18663776089050274
2019-09-23,002594.SZ,49.9,49.95,48.85,49.18,50.07,-0.89,-1.7775,95935.17,471134.534,-0.017775114839225115,-0.017934989553806922,49.89,50.069,52.20216666666666,0.1727021608993907
2019-09-24,002594.SZ,49.4,50.4,49.19,49.87,49.18,0.69,1.403,79833.75,398163.616,0.014030093533956789,0.013932582769984568,49.87,50.111,52.16816666666667,0.17927928664629336
2019-09-25,002594.SZ,49.85,49.85,48.9,49.04,49.87,-0.83,-1.6643,80753.45,396537.328,-0.016643272508522156,-0.016783327930075215,49.67,50.086,52.09916666666667,0.18587087372460254
2019-09-26,002594.SZ,49.3,49.5,48.48,48.49,49.04,-0.55,-1.1215,69524.45,339274.8,-0.011215334420880851,-0.011278700510694987,49.33,50.02,52.01733333333333,0.18826256653883222
2019-09-27,002594.SZ,48.49,48.81,48.38,48.58,48.49,0.09,0.1856,40680.99,197703.06,0.0018560527943904948,0.0018543324567654284,49.032,49.994,51.93966666666666,0.18211659807848615
2019-09-30,002594.SZ,48.65,49.13,48.54,48.78,48.58,0.2,0.4117,49144.51,240165.086,0.004116920543433489,0.0041084692137477626,48.952,49.960499999999996,51.865,0.180758925301007
2019-10-08,002594.SZ,48.8,49.26,48.3,48.42,48.78,-0.36,-0.738,48614.84,237568.931,-0.0073800738007380184,-0.007407441277861805,48.662,49.8955,51.8,0.18077667061594632
2019-10-09,002594.SZ,48.3,48.32,47.28,48.09,48.42,-0.33,-0.6815,50471.12,241379.431,-0.006815365551425034,-0.006838696220341157,48.472,49.8255,51.68666666666666,0.18148268672493684
2019-10-10,002594.SZ,48.4,49.2,48.36,49.0,48.09,0.91,1.8923,62553.09,306006.456,0.018922852983988214,0.018746042821055194,48.574,49.807,51.605,0.19514532129788745
2019-10-11,002594.SZ,48.5,48.96,47.97,48.43,49.0,-0.57,-1.1633,75741.74,368013.99,-0.011632653061224518,-0.011700841695488873,48.544000000000004,49.7215,51.52466666666667,0.18957509075206724
2019-10-14,002594.SZ,48.98,49.38,48.5,48.85,48.43,0.42,0.8672,83881.52,410269.732,0.008672310551311124,0.008634922073653935,48.558,49.639500000000005,51.4345,0.19069035200431164
2019-10-15,002594.SZ,48.9,49.0,47.9,48.0,48.85,-0.85,-1.74,76610.72,369180.666,-0.017400204708290734,-0.017553367580900866,48.474000000000004,49.4605,51.312000000000005,0.17763361742542266
2019-10-16,002594.SZ,48.0,48.24,47.48,47.52,48.0,-0.48,-1.0,71503.54,340699.06,-0.009999999999999898,-0.010050335853501338,48.36,49.279,51.191,0.17832731221835035
2019-10-17,002594.SZ,47.52,47.75,47.4,47.52,47.52,0.0,0.0,38510.23,183173.449,0.0,0.0,48.064,49.0995,51.07216666666667,0.17851352010492624
2019-10-18,002594.SZ,47.99,47.99,46.82,46.9,47.52,-0.62,-1.3047,75009.71,353826.124,-0.013047138047138196,-0.013132999602155958,47.757999999999996,48.905,50.963,0.18146873889192058
2019-10-21,002594.SZ,46.9,46.98,46.21,46.57,46.9,-0.33,-0.7036,52825.36,245221.092,-0.007036247334754719,-0.0070611184579477595,47.302,48.6755,50.84033333333333,0.17680725653118193
2019-10-22,002594.SZ,46.59,46.86,46.52,46.8,46.57,0.23,0.4939,33224.07,155146.533,0.004938801803736181,0.004926645929315083,47.062,48.516999999999996,50.705333333333336,0.16536128695788396
2019-10-23,002594.SZ,46.79,46.95,46.56,46.6,46.8,-0.2,-0.4274,30367.55,141635.932,-0.004273504273504147,-0.004282661792000736,46.878,48.345,50.543166666666664,0.1644825815216706
2019-10-24,002594.SZ,46.5,46.82,46.5,46.66,46.6,0.06,0.1288,31568.84,147314.379,0.0012875536480685401,0.0012867254616835903,46.706,48.1685,50.38183333333334,0.1636962286920938
2019-10-25,002594.SZ,46.8,47.17,46.44,47.04,46.66,0.38,0.8144,37075.53,173422.874,0.008144020574367916,0.008111036997087718,46.734,48.017,50.219166666666666,0.16890750803140803
2019-10-28,002594.SZ,47.03,47.46,47.03,47.3,47.04,0.26,0.5527,52591.92,248669.255,0.005527210884353595,0.005511991907515657,46.88,47.923,50.05049999999999,0.16210275258173915
2019-10-29,002594.SZ,47.34,47.89,47.1,47.15,47.3,-0.15,-0.3171,55109.38,261660.444,-0.003171247357293794,-0.003176286418420707,46.95,47.787,49.882666666666665,0.1507910500957663
2019-10-30,002594.SZ,45.9,45.9,43.5,43.96,47.15,-3.19,-6.7656,172418.84,764931.68,-0.06765641569459169,-0.07005387954404585,46.422000000000004,47.533,49.664,0.2726125082133664
2019-10-31,002594.SZ,43.95,43.95,42.6,42.85,43.96,-1.11,-2.525,110683.57,475701.013,-0.025250227479526877,-0.02557448449163185,45.660000000000004,47.251000000000005,49.44566666666666,0.28106711767461723
2019-11-01,002594.SZ,42.8,43.75,42.3,43.57,42.85,0.72,1.6803,67304.5,291051.703,0.016802800466744428,0.01666319508556192,44.965999999999994,47.0005,49.243,0.2914315151791688
2019-11-04,002594.SZ,43.57,43.8,43.13,43.43,43.57,-0.14,-0.3213,54119.18,234941.651,-0.0032132201055772303,-0.0032183935826202376,44.192,46.733000000000004,49.06033333333333,0.28945739322368924
2019-11-05,002594.SZ,43.52,44.35,43.02,43.95,43.43,0.52,1.1973,76990.13,336061.252,0.01197329035229111,0.011902177584455564,43.552,46.509499999999996,48.91983333333334,0.29598312608613736
2019-11-06,002594.SZ,44.1,44.85,43.53,44.31,43.95,0.36,0.8191,96714.21,429240.472,0.008191126279863514,0.008157761080212152,43.622,46.320499999999996,48.80216666666667,0.2993092557858914
2019-11-07,002594.SZ,44.03,45.65,43.69,44.68,44.31,0.37,0.835,96835.5,433523.302,0.008350259535093496,0.008315588989601674,43.988,46.1045,48.70016666666666,0.2908447078503553
2019-11-08,002594.SZ,45.88,45.95,44.8,44.88,44.68,0.2,0.4476,91373.13,414639.25,0.004476275738585667,0.004466287013441085,44.25,45.927,48.600500000000004,0.2911815207983916
2019-11-11,002594.SZ,44.8,44.8,43.63,43.95,44.88,-0.93,-2.0722,61673.58,272426.327,-0.020721925133689867,-0.0209396370832549,44.354,45.682,48.48316666666666,0.29338997968585445
2019-11-12,002594.SZ,43.92,44.33,43.55,44.1,43.95,0.15,0.3413,44569.29,196281.802,0.0034129692832765013,0.0034071583216143558,44.384,45.487,48.36483333333333,0.2911135906790865
2019-11-13,002594.SZ,44.12,44.17,43.0,43.28,44.1,-0.82,-1.8594,57977.94,251998.384,-0.018594104308390036,-0.01876914791457424,44.178000000000004,45.275,48.26116666666667,0.2950103978194761
2019-11-14,002594.SZ,43.5,43.82,43.32,43.52,43.28,0.24,0.5545,40397.89,175929.259,0.005545286506469571,0.0055299680094611755,43.946000000000005,45.075,48.14833333333333,0.2967818858084102
2019-11-15,002594.SZ,43.53,43.63,42.8,43.12,43.52,-0.4,-0.9191,46149.19,199139.088,-0.009191176470588314,-0.009233675946945552,43.59400000000001,44.886,48.03183333333333,0.29557319479994026
2019-11-18,002594.SZ,42.9,43.03,42.52,42.83,43.12,-0.29,-0.6725,53686.47,229761.352,-0.0067254174397031186,-0.006748134973462069,43.37,44.699,47.894499999999994,0.2955332222680995
2019-11-19,002594.SZ,42.56,43.75,42.56,43.74,42.83,0.91,2.1247,53463.48,231949.857,0.021246789633434515,0.021024223621342177,43.298,44.54600000000001,47.75516666666667,0.3075075585092363
2019-11-20,002594.SZ,43.6,43.6,43.01,43.1,43.74,-0.64,-1.4632,39386.84,170527.992,-0.014631915866483824,-0.014740018138919736,43.262,44.371,47.61633333333334,0.31017737997003486
2019-11-21,002594.SZ,43.2,43.87,42.78,43.62,43.1,0.52,1.2065,56999.71,247633.914,0.012064965197215782,0.0119927636637809,43.282,44.219,47.483,0.3148050633410927
2019-11-22,002594.SZ,43.73,44.6,43.45,43.82,43.62,0.2,0.4585,70268.9,309191.771,0.004585052728106387,0.0045745733938374784,43.422000000000004,44.058,47.3765,0.31335859698624136
2019-11-25,002594.SZ,44.16,45.28,43.54,44.87,43.82,1.05,2.3962,121726.63,541772.289,0.023961661341852958,0.02367908582057144,43.83,43.9365,47.30949999999999,0.3268270121752772
2019-11-26,002594.SZ,44.78,45.09,43.75,44.6,44.87,-0.27,-0.6017,99568.05,442825.714,-0.006017383552484823,-0.006035560961873458,44.001999999999995,43.809000000000005,47.23566666666667,0.32706900093229313
2019-11-27,002594.SZ,44.46,44.47,43.85,43.9,44.6,-0.7,-1.5695,48330.98,212902.105,-0.015695067264574036,-0.015819538944892766,44.162,43.806,47.141666666666666,0.2264550458992059
2019-11-28,002594.SZ,43.58,43.73,43.15,43.18,43.9,-0.72,-1.6401,48120.03,208644.192,-0.016400911161731146,-0.01653689499446431,44.074,43.8225,47.03116666666667,0.2152549093070339
2019-11-29,002594.SZ,43.27,43.62,43.02,43.39,43.18,0.21,0.4863,44103.62,190926.826,0.004863362667901772,0.004851574723598004,43.988,43.8135,46.936,0.20726399815747448
2019-12-02,002594.SZ,43.39,43.54,43.05,43.15,43.39,-0.24,-0.5531,43310.93,187308.255,-0.005531228393639176,-0.005546582280822472,43.644,43.7995,46.831,0.20788432888295946
2019-12-03,002594.SZ,43.15,43.84,42.99,43.79,43.15,0.64,1.4832,47048.04,204097.553,0.014831981460023291,0.014723063283870151,43.482,43.7915,46.73216666666667,0.21034530587297567
2019-12-04,002594.SZ,43.72,44.44,43.44,44.13,43.79,0.34,0.7764,68959.71,303525.492,0.007764329755652,0.007734342468148877,43.528,43.7825,46.642833333333336,0.21012755142105644
2019-12-05,002594.SZ,44.2,44.41,43.9,44.04,44.13,-0.09,-0.2039,62864.53,277165.4,-0.0020394289598912874,-0.0020415114269766847,43.7,43.7505,46.554,0.2077960839942898
2019-12-06,002594.SZ,44.05,44.14,43.47,43.71,44.04,-0.33,-0.7493,68145.73,297440.95,-0.007493188010899154,-0.0075214029792560295,43.763999999999996,43.692,46.44683333333334,0.20823066141748875
2019-12-09,002594.SZ,43.71,43.8,43.27,43.38,43.71,-0.33,-0.755,58259.85,252881.168,-0.007549759780370535,-0.0075784034764947465,43.81,43.6635,46.32833333333333,0.19682077504066325
2019-12-10,002594.SZ,43.53,43.53,43.2,43.43,43.38,0.05,0.1153,42173.17,182927.32,0.001152604887044717,0.0011519411480021826,43.738,43.63,46.1925,0.19637565897323944
2019-12-11,002594.SZ,43.36,44.23,43.19,44.12,43.43,0.69,1.5888,88873.29,389740.624,0.015887635275155354,0.015762747838571147,43.736000000000004,43.672000000000004,46.07533333333333,0.1927970874967703
2019-12-12,002594.SZ,44.09,44.09,43.23,43.48,44.12,-0.64,-1.4506,80922.75,353467.368,-0.01450589301903904,-0.014612132132293084,43.623999999999995,43.67,45.948166666666665,0.19958879202727042
2019-12-13,002594.SZ,43.79,43.89,43.23,43.37,43.48,-0.11,-0.253,141600.83,614076.972,-0.0025298988040478587,-0.002533104405733847,43.556,43.6825,45.82449999999999,0.19688984208383425
2019-12-16,002594.SZ,43.43,44.15,43.23,44.13,43.37,0.76,1.7524,125263.48,547285.347,0.01752363384828226,0.01737186543418101,43.705999999999996,43.747499999999995,45.70733333333333,0.20399945215848417
2019-12-17,002594.SZ,44.17,45.55,44.16,45.04,44.13,0.91,2.0621,190471.75,857264.002,0.020620892816678005,0.02041116054997911,44.028,43.8125,45.62516666666667,0.20320948905275976
2019-12-18,002594.SZ,45.08,45.08,44.53,44.7,45.04,-0.34,-0.7549,113229.13,506519.518,-0.007548845470692678,-0.007577482211911754,44.144,43.8925,45.53616666666667,0.19719826238386123
2019-12-19,002594.SZ,44.7,45.0,44.26,44.97,44.7,0.27,0.604,101163.47,451499.532,0.006040268456375841,0.006022099163092882,44.442,43.96,45.44916666666667,0.19421524012165756
2019-12-20,002594.SZ,45.23,47.28,45.05,46.62,44.97,1.65,3.6691,289838.02,1344330.942,0.036691127418278846,0.03603403282499504,45.092,44.1,45.391666666666666,0.23076674789396256
2019-12-23,002594.SZ,46.32,46.42,45.47,45.54,46.62,-1.08,-2.3166,132775.09,608250.688,-0.02316602316602312,-0.023438572972017468,45.374,44.1335,45.331,0.23512783236996487
2019-12-24,002594.SZ,45.75,46.85,45.75,46.78,45.54,1.24,2.7229,156602.22,725017.631,0.02722880983750553,0.026864700520439447,45.721999999999994,44.24249999999999,45.2795,0.2513168225392674
2019-12-25,002594.SZ,47.05,48.14,46.51,46.85,46.78,0.07,0.1496,191832.57,906693.865,0.0014963659683624453,0.0014952475283981246,46.152,44.39,45.243,0.2420398973128629
2019-12-26,002594.SZ,46.21,47.25,46.14,46.41,46.85,-0.44,-0.9392,110345.72,513101.998,-0.009391675560298962,-0.009436055431346888,46.44,44.551500000000004,45.208333333333336,0.23564156889479113
2019-12-27,002594.SZ,46.2,46.85,46.0,46.0,46.41,-0.41,-0.8834,109621.27,507597.022,-0.00883430295194998,-0.008873556763989413,46.315999999999995,44.682,45.165333333333336,0.23973860764333657
2019-12-30,002594.SZ,46.35,47.8,46.02,47.64,46.0,1.64,3.5652,196477.12,925707.98,0.03565217391304354,0.03503134799800441,46.736000000000004,44.9065,45.14633333333333,0.2636093011346463
2019-12-31,002594.SZ,47.51,48.1,46.9,47.67,47.64,0.03,0.063,132166.16,626863.842,0.0006297229219143219,0.0006295247296349124,46.914,45.1005,45.13383333333333,0.26146086614654573
2020-01-02,002594.SZ,47.69,48.47,47.51,48.17,47.67,0.5,1.0489,159345.7,765516.493,0.010488777008600847,0.010434151425395168,47.178000000000004,45.302499999999995,45.13516666666667,0.26210644835187585
2020-01-03,002594.SZ,48.2,48.99,47.68,48.04,48.17,-0.13,-0.2699,129936.07,628361.961,-0.002698775171268486,-0.0027024234303466925,47.504000000000005,45.502500000000005,45.119166666666665,0.2623355702846176
2020-01-06,002594.SZ,47.39,49.19,47.19,48.28,48.04,0.24,0.4996,169871.38,822172.472,0.004995836802664577,0.004983399017548091,47.96,45.731,45.11666666666667,0.25849008336972196
2020-01-07,002594.SZ,48.31,48.5,47.77,48.05,48.28,-0.23,-0.4764,93400.58,449013.435,-0.00476387738193873,-0.004775260813029293,48.041999999999994,45.9645,45.10333333333333,0.25686461709543457
2020-01-08,002594.SZ,47.55,48.35,47.15,47.28,48.05,-0.77,-1.6025,110974.45,529249.404,-0.01602497398543179,-0.016154762318458686,47.964,46.157,45.09133333333333,0.26751373360165204
2020-01-09,002594.SZ,47.75,48.2,47.38,47.65,47.28,0.37,0.7826,89217.0,425352.462,0.00782571912013541,0.007795257002368407,47.86,46.3335,45.0935,0.26443076365951046
2020-01-10,002594.SZ,47.66,47.66,46.61,46.92,47.65,-0.73,-1.532,109294.63,512929.719,-0.015320041972717635,-0.015438606314936305,47.636,46.5055,45.0835,0.265200580930749
2020-01-13,002594.SZ,51.61,51.61,50.51,51.61,46.92,4.69,9.9957,518827.59,2662873.914,0.09995737425404938,0.09527142837536101,48.302,46.917500000000004,45.162,0.4302005068698748
2020-01-14,002594.SZ,55.0,55.99,53.0,53.44,51.61,1.83,3.5458,614975.96,3356918.724,0.03545824452625457,0.03484407706775447,49.379999999999995,47.383,45.276500000000006,0.439484859722353
2020-01-15,002594.SZ,54.01,54.75,52.28,53.31,53.44,-0.13,-0.2433,298705.23,1594534.514,-0.002432634730538785,-0.0024355983937204926,50.586,47.796499999999995,45.385,0.43969100655717525
2020-01-16,002594.SZ,53.49,54.54,51.78,54.09,53.31,0.78,1.4631,335737.07,1778235.678,0.014631401238041741,0.014525395048666035,51.874,48.266000000000005,45.50983333333333,0.43577468454529256
2020-01-17,002594.SZ,53.86,59.5,53.2,57.95,54.09,3.86,7.1363,530600.38,3022542.423,0.07136254390830099,0.06893124390242514,54.08,48.915,45.69799999999999,0.486760339028611
2020-01-20,002594.SZ,57.3,59.9,56.5,58.76,57.95,0.81,1.3978,300775.62,1742179.866,0.013977566867989566,0.013880781519915762,55.510000000000005,49.522000000000006,45.89333333333333,0.47882775344595335
2020-01-21,002594.SZ,57.72,57.73,56.55,56.72,58.76,-2.04,-3.4717,203836.57,1161444.87,-0.034717494894486056,-0.03533446908180451,56.16600000000001,50.081,46.050333333333334,0.4916800249498056
2020-01-22,002594.SZ,56.5,60.5,56.1,59.27,56.72,2.55,4.4958,327979.95,1927419.433,0.04495768688293378,0.0439763935758748,57.358000000000004,50.705499999999994,46.25233333333333,0.5031081727820303
2020-01-23,002594.SZ,57.99,61.88,57.51,59.83,59.27,0.56,0.9448,291584.96,1735366.427,0.00944828749789095,0.00940393160219358,58.50600000000001,51.35450000000001,46.51683333333334,0.501619899825813
2020-02-03,002594.SZ,53.85,54.48,53.85,53.85,59.83,-5.98,-9.995,100398.0,540735.185,-0.09994985793080391,-0.10530480379954282,57.686,51.7265,46.70016666666667,0.6388777617097192
2020-02-04,002594.SZ,54.0,57.5,54.0,56.36,53.85,2.51,4.6611,367775.3,2057907.669,0.046610956360259914,0.04555728342808183,57.205999999999996,52.244499999999995,46.91333333333333,0.6494603638204349
2020-02-05,002594.SZ,57.7,62.0,56.99,60.81,56.36,4.45,7.8957,446230.25,2698234.964,0.07895670688431511,0.07599456210153889,58.024,52.903,47.203,0.6882880396562232
2020-02-06,002594.SZ,58.45,60.85,58.4,60.75,60.81,-0.06,-0.0987,301131.81,1792085.752,-0.0009866798223976403,-0.0009871669113605294,58.32000000000001,53.557,47.483,0.6887024202986932
2020-02-07,002594.SZ,60.74,60.74,56.66,57.9,60.75,-2.85,-4.6914,321281.59,1868897.083,-0.04691358024691361,-0.048049697641708314,57.934000000000005,54.04350000000001,47.7095,0.7209628650274931
2020-02-10,002594.SZ,59.2,63.36,58.85,60.93,57.9,3.03,5.2332,352796.46,2143782.477,0.05233160621761668,0.05100827968145354,59.35,54.688,47.980333333333334,0.7342262706463125
2020-02-11,002594.SZ,60.0,60.12,58.28,59.04,60.93,-1.89,-3.1019,196175.74,1162310.506,-0.03101920236336786,-0.031510483968186016,59.886,55.22600000000001,48.21633333333333,0.7503664298177053
2020-02-12,002594.SZ,59.04,60.6,58.35,59.19,59.04,0.15,0.2541,197455.56,1171671.704,0.0025406504065039748,0.0025374284104165232,59.562,55.782999999999994,48.470333333333336,0.7487554889136571
2020-02-13,002594.SZ,58.5,60.13,57.5,57.55,59.19,-1.64,-2.7707,236947.03,1387055.829,-0.027707383003885755,-0.028098473534741982,58.922000000000004,56.2965,48.6945,0.7555758864981689
2020-02-14,002594.SZ,57.56,57.9,56.44,56.9,57.55,-0.65,-1.1295,211173.83,1205977.325,-0.011294526498696777,-0.011358794035606405,58.722,56.759,48.9215,0.75966188534024
2020-02-17,002594.SZ,56.91,58.56,56.91,58.48,56.9,1.58,2.7768,209889.0,1215249.654,0.02776801405975382,0.0273894743092377,58.23199999999999,57.337,49.170833333333334,0.7560061552180717
2020-02-18,002594.SZ,57.8,60.0,57.77,59.47,58.48,0.99,1.6929,228365.32,1350970.758,0.01692886456908349,0.01678716827697929,58.318,57.73,49.443333333333335,0.681919053632986
2020-02-19,002594.SZ,64.47,64.48,61.66,61.91,59.47,2.44,4.1029,437476.53,2773613.068,0.04102909029762891,0.040209733812638315,58.862,58.15350000000001,49.76133333333334,0.6851734116108178
2020-02-20,002594.SZ,63.17,68.1,63.11,68.1,61.91,6.19,9.9984,649390.94,4366081.68,0.0999838475205943,0.09529549562432582,60.972,58.892999999999994,50.16733333333333,0.7566590722373913
2020-02-21,002594.SZ,67.0,68.27,65.68,67.5,68.1,-0.6,-0.8811,455189.16,3046190.98,-0.008810572687224627,-0.0088496152769825,63.092,59.5635,50.574,0.7607163384226573
2020-02-24,002594.SZ,65.42,67.14,64.96,66.2,67.5,-1.3,-1.9259,357968.79,2351741.646,-0.019259259259259198,-0.01944713493552155,64.636,59.976,50.95033333333333,0.7348506806243621
2020-02-25,002594.SZ,64.4,72.19,64.17,70.85,66.2,4.65,7.0242,407434.09,2786635.361,0.07024169184290008,0.06788450319372671,66.912,60.580499999999994,51.40083333333334,0.7676400370452717
2020-02-26,002594.SZ,69.78,75.8,69.0,71.7,70.85,0.85,1.1997,522768.32,3774510.844,0.011997177134791981,0.011925781468885397,68.86999999999999,61.329499999999996,51.848,0.7488170858133233
2020-02-27,002594.SZ,71.68,73.15,68.08,70.05,71.7,-1.65,-2.3013,272699.96,1912686.987,-0.023012552301255318,-0.023281474822558754,69.26,61.8685,52.27216666666667,0.7490227468438574
2020-02-28,002594.SZ,66.66,68.99,64.95,65.37,70.05,-4.68,-6.6809,338253.52,2251947.903,-0.0668094218415417,-0.06914583515837776,68.834,62.145500000000006,52.63,0.7964287386452356
2020-03-02,002594.SZ,65.6,67.23,64.0,66.85,65.37,1.48,2.264,225643.21,1492112.197,0.022640354902860427,0.02238786592331378,68.964,62.795500000000004,53.024499999999996,0.6930514366754218
2020-03-03,002594.SZ,69.8,70.2,67.46,67.87,66.85,1.02,1.5258,274252.92,1880749.812,0.015258040388930638,0.015142807167715,68.368,63.370999999999995,53.4325,0.6809714138013215
2020-03-04,002594.SZ,66.95,67.8,64.72,66.58,67.87,-1.29,-1.9007,180932.53,1198529.239,-0.019006925003683617,-0.01918987856878821,67.34400000000001,63.6595,53.82299999999999,0.6371441698809105
2020-03-05,002594.SZ,67.02,67.62,65.5,66.81,66.58,0.23,0.3454,170003.67,1128290.419,0.0034544908380895745,0.0034485377905071214,66.696,63.9625,54.20666666666666,0.6367583439610486
2020-03-06,002594.SZ,65.5,67.55,65.33,65.36,66.81,-1.45,-2.1703,147209.6,972613.004,-0.02170333782367917,-0.021942319385638585,66.69399999999999,64.3355,54.5605,0.6151479727919863
2020-03-09,002594.SZ,63.29,63.29,59.18,59.45,65.36,-5.91,-9.0422,292478.82,1789143.869,-0.09042227662178692,-0.09477482741495649,65.21400000000001,64.2615,54.81733333333333,0.6802037175171567
2020-03-10,002594.SZ,57.6,61.5,57.33,60.17,59.45,0.72,1.2111,266805.23,1578089.168,0.012111017661900814,0.0120382660954696,63.674,64.318,55.09166666666666,0.6715945527661095
2020-03-11,002594.SZ,60.77,61.15,58.6,58.75,60.17,-1.42,-2.36,222212.47,1327803.13,-0.02359980056506572,-0.023882736207992115,62.108000000000004,64.296,55.347833333333334,0.6775935430344833
2020-03-12,002594.SZ,57.31,57.66,55.9,57.03,58.75,-1.72,-2.9277,232382.54,1319050.413,-0.029276595744680778,-0.02971370785582078,60.152,64.27,55.57449999999999,0.678481935208396
2020-03-13,002594.SZ,53.8,56.5,52.35,55.66,57.03,-1.37,-2.4022,213198.07,1162290.579,-0.024022444327546966,-0.024315689070702827,58.212,64.208,55.76683333333333,0.6828842987535491
2020-03-16,002594.SZ,56.59,57.33,53.88,53.88,55.66,-1.78,-3.198,238773.48,1326361.268,-0.03197987782968015,-0.03250240455558143,57.098,63.977999999999994,55.94016666666666,0.6833328987536682
2020-03-17,002594.SZ,53.88,54.96,51.88,53.04,53.88,-0.84,-1.559,180918.52,961588.993,-0.015590200445434355,-0.015713005664556225,55.672000000000004,63.656499999999994,56.10133333333333,0.6803629111227459
2020-03-18,002594.SZ,53.59,54.67,52.02,52.09,53.04,-0.95,-1.7911,172684.32,925695.049,-0.017911010558069318,-0.01807335412050683,54.339999999999996,63.165499999999994,56.234,0.6595091915677921
2020-03-19,002594.SZ,52.11,52.52,49.88,51.36,52.09,-0.73,-1.4014,194450.0,993678.521,-0.014014206181608868,-0.014113332375394553,53.206,62.3285,56.339333333333336,0.5223086081403808
2020-03-20,002594.SZ,52.3,52.79,51.4,52.52,51.36,1.16,2.2586,148296.2,772921.084,0.02258566978193155,0.02233439005288979,52.577999999999996,61.579499999999996,56.46966666666667,0.5376988439449849
2020-03-23,002594.SZ,50.25,50.8,47.89,48.15,52.52,-4.37,-8.3206,242739.76,1190535.685,-0.08320639756283332,-0.086872911190461,51.431999999999995,60.677,56.52266666666666,0.5942227783654135
2020-03-24,002594.SZ,49.26,49.88,47.39,49.73,48.15,1.58,3.2814,205027.11,1002130.021,0.0328141225337486,0.032287234482512514,50.769999999999996,59.621,56.57449999999999,0.5347983625517821
2020-03-25,002594.SZ,51.55,52.8,51.04,52.25,49.73,2.52,5.0674,289787.42,1504804.536,0.050673637643273706,0.04943151811827323,50.802,58.6485,56.68633333333333,0.5784384365872701
2020-03-26,002594.SZ,52.5,55.18,51.61,54.27,52.25,2.02,3.866,296620.84,1588496.992,0.03866028708133973,0.03793169723039309,51.38399999999999,57.859500000000004,56.81116666666666,0.6078574698620046
2020-03-27,002594.SZ,55.4,56.05,54.44,54.78,54.27,0.51,0.9397,229972.49,1269534.018,0.009397457158651257,0.009353575759618711,51.836,57.33,56.943333333333335,0.5760228007121864
2020-03-30,002594.SZ,55.0,57.78,54.87,56.23,54.78,1.45,2.647,328937.4,1855914.322,0.026469514421321616,0.0261252584691782,53.452,56.799,57.107,0.5788913531455268
2020-03-31,002594.SZ,56.76,59.99,55.45,59.97,56.23,3.74,6.6513,350174.44,2037070.401,0.0665125377912148,0.06439401487630819,55.5,56.40400000000001,57.33983333333333,0.6322896316410835
2020-04-01,002594.SZ,59.9,60.66,57.02,57.12,59.97,-2.85,-4.7524,365565.47,2139092.105,-0.04752376188094054,-0.048690119149089515,56.474000000000004,55.931,57.49783333333334,0.6483266779560105
2020-04-02,002594.SZ,56.7,56.7,54.8,56.59,57.12,-0.53,-0.9279,233841.69,1300691.383,-0.009278711484593694,-0.009322026876896336,56.938,55.42,57.646499999999996,0.6472226213832708
2020-04-03,002594.SZ,56.59,56.59,54.91,55.0,56.59,-1.59,-2.8097,169189.66,940495.658,-0.028096836896978283,-0.028499105921961566,56.98199999999999,54.90200000000001,57.76033333333333,0.6494820223602327
2020-04-07,002594.SZ,56.44,56.92,55.6,56.31,55.0,1.31,2.3818,189115.89,1061432.559,0.02381818181818196,0.023538954034056363,56.998000000000005,54.745000000000005,57.89816666666666,0.5795217585701089
2020-04-08,002594.SZ,55.8,55.8,55.04,55.32,56.31,-0.99,-1.7581,129543.27,717031.923,-0.01758124667021843,-0.017737632469969677,56.068000000000005,54.5025,58.015499999999996,0.5794673493289855
2020-04-09,002594.SZ,55.81,56.54,55.55,55.65,55.32,0.33,0.5965,133338.32,746729.511,0.005965292841648484,0.0059475709249962715,55.774,54.347500000000004,58.14216666666667,0.5753935660623272
2020-04-10,002594.SZ,56.28,56.28,54.15,54.57,55.65,-1.08,-1.9407,131854.72,727755.054,-0.019407008086253286,-0.019597796523413175,55.370000000000005,54.2245,58.26366666666667,0.5702497105876766
2020-04-13,002594.SZ,54.73,55.94,54.73,55.8,54.57,1.23,2.254,102559.56,569833.086,0.022539857064320934,0.02228958818912456,55.529999999999994,54.2315,58.399499999999996,0.5699034871523992
2020-04-14,002594.SZ,55.8,58.0,55.38,57.92,55.8,2.12,3.7993,233863.05,1338857.701,0.0379928315412188,0.03728887869019582,55.852,54.4335,58.58283333333333,0.5707411877104164
2020-04-15,002594.SZ,59.36,62.39,58.38,60.14,57.92,2.22,3.8329,306227.36,1847393.286,0.038328729281768004,0.03761242948292213,56.815999999999995,54.7885,58.725,0.5779384767591831
2020-04-16,002594.SZ,60.1,61.3,59.05,60.01,60.14,-0.13,-0.2162,165258.91,992639.139,-0.002161622879946812,-0.002163962558961551,57.688,55.1845,58.834500000000006,0.5716269901663833
2020-04-17,002594.SZ,60.6,60.98,58.68,58.8,60.01,-1.21,-2.0163,156490.05,931863.464,-0.020163306115647428,-0.02036936009684028,58.534000000000006,55.55650000000001,58.926,0.5751344982868907
2020-04-20,002594.SZ,59.4,59.4,58.16,58.86,58.8,0.06,0.102,107473.6,630616.732,0.0010204081632654294,0.0010198879007456026,59.146,55.8735,59.0055,0.5726798759351617
2020-04-21,002594.SZ,58.5,59.68,57.8,59.37,58.86,0.51,0.8665,147148.34,864113.083,0.008664627930683011,0.008627305477257369,59.436,56.4345,59.02916666666667,0.4648531506420421
2020-04-22,002594.SZ,58.4,60.0,57.88,59.43,59.37,0.06,0.1011,121458.02,715492.487,0.001010611419909102,0.0010101010959852597,59.294,56.91949999999999,59.040333333333336,0.4586640224041555
2020-04-23,002594.SZ,59.99,60.55,58.04,58.25,59.43,-1.18,-1.9855,116027.98,686078.406,-0.019855291940097608,-0.020055056932759323,58.94199999999999,57.2195,59.06583333333334,0.4424060916785059
2020-04-24,002594.SZ,58.67,60.49,58.5,58.73,58.25,0.48,0.824,135948.93,806969.227,0.008240343347639456,0.008206577088618138,58.928,57.442499999999995,59.05683333333334,0.4252993534714695
2020-04-27,002594.SZ,59.02,59.09,56.88,56.98,58.73,-1.75,-2.9797,138265.32,799777.332,-0.02979737783075087,-0.030250340464665855,58.552,57.552499999999995,59.00933333333333,0.44150959316912847
2020-04-28,002594.SZ,57.0,57.59,54.76,56.98,56.98,0.0,0.0,128657.94,725365.013,0.0,0.0,58.074,57.589999999999996,59.0615,0.4322185437209615
2020-04-29,002594.SZ,58.2,59.45,57.56,58.0,56.98,1.02,1.7901,165125.56,964564.485,0.017901017901017946,0.017742681476657148,57.788,57.491499999999995,59.08883333333334,0.36349001186008506
2020-04-30,002594.SZ,58.82,60.58,58.51,59.96,58.0,1.96,3.3793,218876.25,1303496.245,0.03379310344827591,0.03323466268797766,58.129999999999995,57.633500000000005,59.07466666666666,0.34057645382886403
2020-05-06,002594.SZ,59.4,62.5,59.1,62.18,59.96,2.22,3.7025,231906.23,1420097.901,0.03702468312208129,0.036355731396210705,58.81999999999999,57.913,59.098499999999994,0.3582726789683267
2020-05-07,002594.SZ,62.17,62.17,59.98,60.09,62.18,-2.09,-3.3612,225118.02,1362997.62,-0.03361209392087483,-0.034189966284771126,59.44199999999999,58.1675,59.135,0.36548467509115773
2020-05-08,002594.SZ,60.11,60.5,59.3,59.78,60.09,-0.31,-0.5159,171471.73,1025569.471,-0.005158928274255348,-0.005172281490044841,60.001999999999995,58.340999999999994,59.11583333333333,0.3597956745751221
2020-05-11,002594.SZ,59.29,59.66,58.11,58.88,59.78,-0.9,-1.5055,190716.21,1121805.579,-0.015055202408832402,-0.01516968243517102,60.178,58.519000000000005,59.113166666666665,0.3579641746640706
2020-05-12,002594.SZ,58.89,59.14,58.2,59.13,58.88,0.25,0.4246,104019.66,610124.974,0.004245923913043459,0.00423693541211771,60.012,58.693,59.11216666666667,0.3578504386529423
2020-05-13,002594.SZ,59.13,59.75,58.5,58.99,59.13,-0.14,-0.2368,111115.16,657743.992,-0.002367664468121089,-0.002370471817754622,59.374,58.914,59.13616666666667,0.34851397035507614
2020-05-14,002594.SZ,58.9,58.9,57.55,57.69,58.99,-1.3,-2.2038,118363.13,688315.256,-0.022037633497203002,-0.02228408974618594,58.894000000000005,59.008500000000005,59.14933333333333,0.35317181827458183
2020-05-15,002594.SZ,57.79,58.58,57.3,57.96,57.69,0.27,0.468,102771.06,595823.315,0.004680187207488418,0.004669269183683693,58.529999999999994,59.0105,59.14066666666667,0.32683281280961834
2020-05-18,002594.SZ,57.4,58.4,56.4,57.18,57.96,-0.78,-1.3458,104743.39,601110.774,-0.01345755693581785,-0.013548930558315929,58.19,58.8625,59.1025,0.2971217182291697
2020-05-19,002594.SZ,58.0,58.6,57.75,58.22,57.18,1.04,1.8188,94041.9,547143.039,0.01818817768450498,0.018024751423311332,58.008,58.77299999999999,59.041000000000004,0.3059463329229433
2020-05-20,002594.SZ,58.7,60.3,58.67,59.01,58.22,0.79,1.3569,164707.85,981282.457,0.013569220199244336,0.013477982751600316,58.012,58.78349999999999,58.8895,0.3018187143375137
2020-05-21,002594.SZ,59.11,59.37,57.01,57.15,59.01,-1.86,-3.152,120967.88,697047.198,-0.031520081342145345,-0.032027530828257676,57.903999999999996,58.698,58.717,0.32226950950449573
2020-05-22,002594.SZ,57.16,57.67,55.51,56.03,57.15,-1.12,-1.9598,92349.61,522767.76,-0.019597550306211686,-0.01979212866362647,57.517999999999994,58.53099999999999,58.54750000000001,0.32629525697579215
2020-05-25,002594.SZ,56.03,56.55,55.31,56.52,56.03,0.49,0.8745,59697.03,334368.698,0.008745315009816235,0.0087072962391336,57.386,58.3855,58.30866666666667,0.3286057314501843
2020-05-26,002594.SZ,56.8,58.38,56.8,58.3,56.52,1.78,3.1493,98543.68,570419.227,0.03149327671620661,0.031007535540119962,57.402,58.388,58.08533333333333,0.34248626653646
2020-05-27,002594.SZ,59.6,59.95,57.07,57.3,58.3,-1.0,-1.7153,113617.42,662802.627,-0.01715265866209259,-0.01730146963575278,57.06,58.316500000000005,57.87283333333333,0.34648024018520085
2020-05-28,002594.SZ,57.35,58.23,56.4,57.48,57.3,0.18,0.3141,86300.23,494679.18,0.003141361256544517,0.0031364374901303115,57.126,58.341499999999996,57.74133333333334,0.32948839389803725
2020-05-29,002594.SZ,57.12,58.02,56.81,57.41,57.48,-0.07,-0.1218,68036.39,390882.856,-0.0012178148921363485,-0.0012185570312786896,57.402,58.363,57.583999999999996,0.32954817564154515
2020-06-01,002594.SZ,57.75,59.69,57.44,59.33,57.41,1.92,3.3444,161067.81,949983.296,0.03344365093189339,0.03289657609100642,57.964,58.4295,57.44166666666667,0.3446548740708034
2020-06-02,002594.SZ,59.57,62.18,58.88,61.0,59.33,1.67,2.8148,204796.1,1235513.478,0.028147648744311526,0.02775878390275942,58.504,58.4815,57.34866666666667,0.33812898290719595
2020-06-03,002594.SZ,60.79,61.05,59.48,59.93,61.0,-1.07,-1.7541,146356.95,882603.748,-0.017540983606557425,-0.017696649703217413,59.029999999999994,58.36899999999999,57.234,0.3159307737123568
2020-06-04,002594.SZ,60.48,61.2,59.71,60.11,59.93,0.18,0.3004,105743.32,637797.409,0.003003504088102682,0.0029990025809766866,59.556,58.370000000000005,57.146499999999996,0.29268435979860186
2020-06-05,002594.SZ,61.0,63.28,60.33,63.2,60.11,3.09,5.1406,265451.22,1643855.456,0.0514057561137915,0.050128084101741174,60.714,58.541,57.208999999999996,0.3434696672361083
2020-06-08,002594.SZ,63.0,63.83,62.45,62.79,63.2,-0.41,-0.6487,172441.11,1087013.121,-0.006487341772151933,-0.006508476026793718,61.40599999999999,58.7365,57.25266666666667,0.3388090227546128
2020-06-09,002594.SZ,63.0,64.41,61.69,61.98,62.79,-0.81,-1.29,204430.53,1285542.235,-0.012900143334925951,-0.012984072766415883,61.602,58.879,57.30650000000001,0.3436955408427401
2020-06-10,002594.SZ,62.26,62.42,60.68,61.05,61.98,-0.93,-1.5005,186194.03,1140629.413,-0.015004840271055198,-0.015118551802888512,61.826,58.982000000000006,57.3735,0.3489933224188135
2020-06-11,002594.SZ,61.87,64.2,61.51,62.84,61.05,1.79,2.932,280232.52,1764678.741,0.029320229320229485,0.028898612830706882,62.372,59.2395,57.49316666666667,0.34979708116254665
2020-06-12,002594.SZ,61.4,61.93,60.63,61.48,62.84,-1.36,-2.1642,175497.1,1075893.063,-0.021642266072565364,-0.02187989471702542,62.028,59.415499999999994,57.61983333333333,0.3618997383079854
2020-06-15,002594.SZ,62.5,63.88,61.25,62.5,61.48,1.02,1.6591,195740.28,1225432.62,0.016590761223162165,0.01645463807196086,61.970000000000006,59.68150000000001,57.7775,0.35926763655258
2020-06-16,002594.SZ,63.8,64.46,63.13,64.1,62.5,1.6,2.56,214115.72,1367780.377,0.025599999999999845,0.02527780718426839,62.394000000000005,59.9755,57.977666666666664,0.36389208641978893
2020-06-17,002594.SZ,64.0,64.11,62.36,64.11,64.1,0.01,0.0156,144378.18,912074.334,0.00015600624024969534,0.0001559940725416727,63.00599999999999,60.230500000000006,58.19016666666666,0.3628502017863995
2020-06-18,002594.SZ,63.8,66.76,62.94,66.74,64.11,2.63,4.1023,279033.36,1829902.632,0.041023241304008584,0.04020411532406186,63.78599999999999,60.71,58.42716666666666,0.3589547073139603
2020-06-19,002594.SZ,66.69,68.68,66.3,66.99,66.74,0.25,0.3746,220618.87,1487253.014,0.0037458795325142624,0.0037388811969482783,64.88799999999999,61.258,58.74116666666667,0.34439697517119755
2020-06-22,002594.SZ,66.6,68.78,66.29,68.0,66.99,1.01,1.5077,196254.8,1325805.162,0.015076877145842715,0.01496435065593055,65.98799999999999,61.83200000000001,59.04566666666667,0.3450204558516048
2020-06-23,002594.SZ,67.57,72.09,67.0,71.03,68.0,3.03,4.4559,260374.91,1812606.801,0.04455882352941187,0.043594617833612,67.374,62.468500000000006,59.358666666666664,0.3588996895506687
2020-06-24,002594.SZ,71.1,73.06,70.76,71.7,71.03,0.67,0.9433,196680.98,1414432.114,0.009432634098268444,0.009388424595856183,68.892,63.1885,59.64916666666667,0.3441668839697981
2020-06-29,002594.SZ,71.5,72.43,70.3,70.6,71.7,-1.1,-1.5342,173376.3,1233307.83,-0.015341701534170249,-0.015460603106378378,69.66400000000002,63.844500000000004,59.91283333333333,0.3561598434555191
2020-06-30,002594.SZ,71.41,72.85,70.87,71.8,70.6,1.2,1.6997,169831.01,1223207.515,0.016997167138810276,0.016854331554982182,70.626,64.564,60.172333333333334,0.3540274924340581
2020-07-01,002594.SZ,73.21,75.45,71.03,72.47,71.8,0.67,0.9331,235093.22,1726221.255,0.009331476323119814,0.009288207067011587,71.52000000000001,65.221,60.38066666666667,0.3444016201821422
2020-07-02,002594.SZ,72.63,74.61,71.8,72.14,72.47,-0.33,-0.4554,214074.18,1559734.669,-0.004553608389678443,-0.00456400764579707,71.74199999999999,65.77799999999999,60.63099999999999,0.3414408637521161
2020-07-03,002594.SZ,73.3,79.35,73.23,79.35,72.14,7.21,9.9945,455388.12,3497719.615,0.09994455225949528,0.09525977149702501,73.272,66.749,61.01033333333333,0.45706704792399094
2020-07-06,002594.SZ,79.33,81.59,77.41,80.9,79.35,1.55,1.9534,461224.16,3661516.239,0.01953371140516702,0.019345377092027962,75.332,67.7885,61.442,0.4553092647377064
2020-07-07,002594.SZ,84.76,88.5,83.0,83.0,80.9,2.1,2.5958,466705.87,3978641.289,0.02595797280593315,0.02562678373215182,77.572,68.77850000000001,61.886833333333335,0.43717278446974545
2020-07-08,002594.SZ,81.94,84.28,81.86,82.75,83.0,-0.25,-0.3012,319155.88,2647763.129,-0.003012048192771122,-0.003016593539425679,79.628,69.77650000000001,62.344,0.43517512225749155
2020-07-09,002594.SZ,82.75,86.3,81.46,84.46,82.75,1.71,2.0665,327973.52,2764110.59,0.020664652567975672,0.020454035248625078,82.092,70.9005,62.82416666666666,0.4235653412692076
2020-07-10,002594.SZ,84.47,92.36,83.05,89.0,84.46,4.54,5.3753,396029.31,3495161.21,0.05375325597916181,0.05235832022634239,84.022,72.29799999999999,63.397999999999996,0.4272872530145474
2020-07-13,002594.SZ,92.6,97.9,92.29,97.9,89.0,8.9,10.0,579871.28,5536512.876,0.10000000000000009,0.09531017980432493,87.422,74.051,64.09966666666666,0.5140032651463213
2020-07-14,002594.SZ,97.9,97.91,90.58,96.55,97.9,-1.35,-1.379,536388.69,5075817.585,-0.013789581205311596,-0.013885540661941304,90.13199999999999,75.80449999999999,64.7435,0.505667830250567
2020-07-15,002594.SZ,97.0,97.29,92.69,94.5,96.55,-2.05,-2.1233,388695.86,3699030.985,-0.021232522009321575,-0.021461174374826357,92.482,77.4045,65.31616666666667,0.5295662708154703
2020-07-16,002594.SZ,94.4,95.5,85.05,85.05,94.5,-9.45,-10.0,560466.63,4984540.817,-0.09999999999999998,-0.10536051565782628,92.6,78.452,65.73349999999999,0.6820493284104687
2020-07-17,002594.SZ,83.02,85.36,80.07,81.59,85.05,-3.46,-4.0682,430968.74,3549101.616,-0.04068195179306289,-0.04153261340116192,91.11800000000001,79.326,66.11333333333333,0.7088065325956199
2020-07-20,002594.SZ,83.7,89.3,81.61,87.17,81.59,5.58,6.8391,431730.31,3684539.642,0.06839073415859787,0.06615352958277584,88.97200000000001,80.3475,66.58516666666667,0.7294768154091865
2020-07-21,002594.SZ,89.9,91.33,87.68,88.09,87.17,0.92,1.0554,317222.34,2834375.732,0.01055408970976246,0.01049878409821957,87.28,81.4025,67.06383333333333,0.7285529126541316
2020-07-22,002594.SZ,86.0,89.48,85.5,87.19,88.09,-0.9,-1.0217,269544.83,2367987.141,-0.010216823703031008,-0.010269373681980668,85.818,82.362,67.5265,0.7339283049258495
2020-07-23,002594.SZ,86.06,89.0,85.58,88.99,87.19,1.8,2.0645,327286.56,2869841.089,0.020644569331345286,0.02043435842904715,86.60600000000001,83.25999999999999,68.03883333333333,0.7253712366858828
2020-07-24,002594.SZ,87.78,88.14,82.5,83.0,88.99,-5.99,-6.7311,388173.74,3298033.865,-0.06731093381278785,-0.06968339607217283,86.888,83.825,68.44333333333333,0.7786190179997342
2020-07-27,002594.SZ,83.5,85.2,82.3,83.52,83.0,0.52,0.6265,208828.46,1753284.47,0.006265060240963738,0.006245516337730549,86.15799999999999,84.471,68.88566666666665,0.7736120544771142
2020-07-28,002594.SZ,85.98,86.66,83.0,83.91,83.52,0.39,0.467,216440.67,1829407.614,0.004669540229885083,0.004658671747649485,85.322,85.0765,69.33449999999999,0.7732781425900551
2020-07-29,002594.SZ,83.31,87.5,82.52,86.93,83.91,3.02,3.5991,287975.5,2464892.396,0.03599094267667757,0.03535840120899509,85.27000000000001,85.7995,69.81666666666666,0.7792221286098026
2020-07-30,002594.SZ,87.02,87.63,84.3,85.0,86.93,-1.93,-2.2202,224492.69,1917850.499,-0.02220177154031988,-0.022451940600656597,84.47200000000001,86.4425,70.234,0.7861647691994629
2020-07-31,002594.SZ,84.96,86.66,83.46,85.39,85.0,0.39,0.4588,258122.89,2201963.263,0.00458823529411756,0.004577741429198239,84.95,86.74449999999999,70.62083333333334,0.7096385747149189
2020-08-03,002594.SZ,85.41,86.5,84.4,86.17,85.39,0.78,0.9135,280303.6,2394349.093,0.009134559081859672,0.009093091332160637,85.47999999999999,87.008,71.0555,0.7076989759697978
2020-08-04,002594.SZ,86.95,91.0,86.88,89.0,86.17,2.83,3.2842,383955.87,3414415.346,0.03284205640013926,0.03231428048046439,86.498,87.30799999999999,71.54249999999999,0.7109324153967519
2020-08-05,002594.SZ,89.0,89.0,86.58,88.15,89.0,-0.85,-0.9551,190226.84,1667411.299,-0.00955056179775271,-0.009596460888260504,86.74199999999999,87.578,72.03033333333335,0.7122206579374587
2020-08-06,002594.SZ,88.81,89.6,87.0,88.73,88.15,0.58,0.658,205332.66,1815887.526,0.006579693703913758,0.0065581420033671445,87.48800000000001,87.79150000000001,72.52366666666667,0.7096327247085537
2020-08-07,002594.SZ,87.6,88.76,83.81,85.38,88.73,-3.35,-3.7755,245974.16,2120266.841,-0.03775498703933289,-0.03848616951743049,87.486,87.6105,72.9635,0.6977919935790201
2020-08-10,002594.SZ,83.79,84.35,80.0,81.98,85.38,-3.4,-3.9822,336538.84,2752165.156,-0.0398219723588662,-0.040636566253624454,86.648,86.8145,73.36833333333334,0.5983892775030857
2020-08-11,002594.SZ,81.9,83.2,80.95,81.0,81.98,-0.98,-1.1954,194172.6,1596334.584,-0.011954135154915835,-0.012026160403752737,85.048,86.037,73.75233333333334,0.5981950834095885
2020-08-12,002594.SZ,81.18,81.98,78.45,81.98,81.0,0.98,1.2099,220971.73,1768144.489,0.012098765432098757,0.012026160403752728,83.814,85.411,74.16566666666667,0.600152610268067
2020-08-13,002594.SZ,83.5,83.8,81.65,81.8,81.98,-0.18,-0.2196,135827.79,1119875.379,-0.0021956574774335547,-0.0021980714674901653,82.428,85.2485,74.55866666666667,0.4876901205945111
2020-08-14,002594.SZ,82.1,82.59,80.0,81.93,81.8,0.13,0.1589,120620.31,981262.741,0.0015892420537897411,0.0015879805450219708,81.738,85.2655,74.94066666666667,0.46520687158466306
2020-08-17,002594.SZ,82.2,83.23,81.33,82.92,81.93,0.99,1.2083,151031.94,1246372.799,0.012083485902599778,0.012011063413855504,81.92600000000002,85.05300000000001,75.37016666666666,0.39387484576848025
2020-08-18,002594.SZ,84.01,84.51,81.8,82.18,82.86,-0.68,-0.8207,161552.5,1335564.954,-0.008924264351181765,-0.008964324112315047,82.162,84.7575,75.806,0.3915723158361359
2020-08-19,002594.SZ,81.4,81.64,79.52,79.65,82.18,-2.53,-3.0786,187358.26,1504274.09,-0.030786079338038452,-0.03126992709920616,81.696,84.38050000000001,76.1915,0.4031173206286331
2020-08-20,002594.SZ,79.64,80.0,78.1,78.55,79.65,-1.1,-1.381,122724.3,967851.099,-0.013810420590081751,-0.013906671654427515,81.046,83.8585,76.529,0.393387757709337
2020-08-21,002594.SZ,80.0,80.64,78.9,79.58,78.55,1.03,1.3113,111905.48,893244.022,0.013112667091024877,0.013027440297152467,80.576,83.68750000000001,76.90033333333332,0.3244837476894837
2020-08-24,002594.SZ,79.9,82.28,79.69,81.44,79.58,1.86,2.3373,171280.61,1384872.483,0.02337270671022873,0.023103747803430063,80.28,83.58349999999999,77.29966666666668,0.33568396810012785
2020-08-25,002594.SZ,81.0,82.88,80.5,81.24,81.44,-0.2,-0.2456,145106.34,1182125.999,-0.0024557956777996326,-0.0024588160900287028,80.092,83.45,77.69683333333333,0.3350268286473615
2020-08-26,002594.SZ,82.0,85.31,81.68,83.42,81.24,2.18,2.6834,320471.53,2691953.337,0.026834071885770694,0.026480352056615385,80.846,83.2745,78.09833333333333,0.3228258178789052
2020-08-27,002594.SZ,86.5,87.55,84.7,85.42,83.42,2.0,2.3975,252034.89,2168640.349,0.023975065931431283,0.023692176644521223,82.22,83.2955,78.50533333333333,0.3258344113634458
2020-08-28,002594.SZ,85.0,86.06,83.02,85.39,85.42,-0.03,-0.0351,186470.43,1572760.241,-0.0003512058066026391,-0.00035126749380562686,83.382,83.2955,78.92966666666668,0.3254734744740103
2020-08-31,002594.SZ,87.02,88.22,84.88,85.0,85.39,-0.39,-0.4567,215346.9,1864842.718,-0.004567279540929836,-0.004577741429198311,84.09400000000001,83.237,79.3445,0.32411645441885195
2020-09-01,002594.SZ,86.99,93.5,86.31,93.5,85.0,8.5,10.0,394612.65,3573272.701,0.10000000000000009,0.09531017980432493,86.546,83.462,79.8495,0.47037120400475724
2020-09-02,002594.SZ,95.88,96.0,91.63,94.3,93.5,0.8,0.8556,397047.08,3719378.787,0.00855614973262031,0.008519753344770486,88.72200000000001,83.7695,80.37466666666666,0.46841499366070954
2020-09-03,002594.SZ,92.88,95.16,92.15,92.59,94.3,-1.71,-1.8134,227794.95,2129704.437,-0.018133616118769846,-0.018300045179456048,90.156,83.9625,80.88483333333333,0.4746283023906396
2020-09-04,002594.SZ,88.8,90.59,88.02,90.0,92.59,-2.59,-2.7973,222021.32,1979126.649,-0.027972783237930732,-0.02837147412969073,91.078,84.1935,81.36733333333333,0.4647804799134626
2020-09-07,002594.SZ,89.48,97.5,89.4,94.74,90.0,4.74,5.2667,409986.53,3862436.332,0.05266666666666664,0.05132662716534063,93.026,84.8315,81.89899999999999,0.46761615215968677
2020-09-08,002594.SZ,95.88,95.88,90.7,91.0,94.74,-3.74,-3.9476,279084.09,2590896.624,-0.03947646189571452,-0.04027679097875561,92.526,85.3315,82.391,0.4924697228438188
2020-09-09,002594.SZ,88.01,88.7,84.85,85.99,91.0,-5.01,-5.5055,263291.56,2281813.618,-0.055054945054945126,-0.05662849609404497,90.864,85.53200000000001,82.78250000000001,0.5375721408597575
2020-09-10,002594.SZ,87.84,90.17,86.9,87.09,85.99,1.1,1.2792,217062.71,1923920.285,0.012792185137806777,0.012711056281843122,89.764,85.79650000000001,83.16566666666668,0.538311383957817
2020-09-11,002594.SZ,87.85,91.2,87.22,91.2,87.09,4.11,4.7193,205763.7,1843068.555,0.047192559421288305,0.04611283037563747,90.00399999999999,86.26,83.61716666666668,0.5598775215018066
2020-09-14,002594.SZ,91.3,94.5,91.3,92.5,91.2,1.3,1.4254,223839.09,2078549.015,0.014254385964912242,0.014153747438093766,89.556,86.739,84.0465,0.5602457242082154
2020-09-15,002594.SZ,94.01,101.75,93.5,101.3,92.5,8.8,9.5135,579221.28,5761285.366,0.09513513513513505,0.09087776673625811,91.616,87.69500000000001,84.61833333333334,0.6394904846298972
2020-09-16,002594.SZ,100.28,107.87,99.0,105.4,101.3,4.1,4.0474,493789.34,5154280.712,0.04047384007897348,0.039676224852624384,95.498,88.9825,85.24166666666666,0.6272516085579855
2020-09-17,002594.SZ,105.51,115.94,105.15,115.94,105.4,10.54,10.0,602351.1,6707262.639,0.09999999999999987,0.09531017980432474,101.268,90.852,85.99016666666667,0.6857069499020918
2020-09-18,002594.SZ,113.99,115.5,111.5,115.5,115.94,-0.44,-0.3795,473753.77,5363840.116,-0.003795066413662229,-0.0038022859497385706,106.128,92.648,86.72016666666667,0.6907366670042068
2020-09-21,002594.SZ,116.0,119.32,104.34,105.77,115.5,-9.73,-8.4242,588770.87,6535043.671,-0.08424242424242423,-0.08800360462188671,108.782,93.86449999999999,87.30633333333334,0.7826075592192054
2020-09-22,002594.SZ,106.5,110.65,104.01,106.77,105.77,1.0,0.9454,462881.94,4971987.39,0.009454476694714886,0.009410062850249432,109.876,95.141,87.88916666666665,0.7803658656437481
2020-09-23,002594.SZ,109.0,111.01,106.3,110.4,106.77,3.63,3.3998,381409.14,4146613.365,0.03399831413318366,0.033433145652784116,110.876,96.49,88.52133333333335,0.7822327161630598
2020-09-24,002594.SZ,107.88,110.03,106.01,106.4,110.4,-4.0,-3.6232,266125.7,2864183.119,-0.036231884057971064,-0.03690455693545098,108.96799999999999,97.539,89.09233333333333,0.8022589079305975
2020-09-25,002594.SZ,108.2,109.79,103.8,105.09,106.4,-1.31,-1.2312,324363.17,3457966.85,-0.012312030075187996,-0.012388451030038898,106.886,98.524,89.52133333333333,0.8058630191093565
2020-09-28,002594.SZ,106.19,108.1,105.65,106.4,105.09,1.31,1.2466,211882.87,2260356.21,0.012465505756970252,0.012388451030038907,107.01199999999999,99.59400000000001,89.94633333333333,0.803585314350544
2020-09-29,002594.SZ,108.59,109.51,104.25,107.89,106.4,1.49,1.4004,270045.76,2884125.029,0.014003759398496296,0.013906612655704774,107.23600000000002,100.3135,90.36116666666666,0.7343723695685791
2020-09-30,002594.SZ,108.58,118.23,107.1,116.24,107.89,8.35,7.7394,444201.02,5073415.251,0.0773936416720733,0.07454482969877864,108.404,101.4105,90.91933333333333,0.7743901647488467
2020-10-09,002594.SZ,123.1,126.14,119.2,120.35,116.24,4.11,3.5358,559678.07,6870685.597,0.03535788024776321,0.03474714496705345,111.194,102.79849999999999,91.5175,0.770389289759968
2020-10-12,002594.SZ,123.8,129.03,120.45,128.5,120.35,8.15,6.7719,528088.92,6521180.717,0.06771915247195692,0.06552474010619365,115.876,104.72349999999999,92.17583333333333,0.7756035283453985
2020-10-13,002594.SZ,128.0,131.88,125.0,129.29,128.5,0.79,0.6148,460527.46,5958597.982,0.006147859922178922,0.006129038931187344,120.454,106.451,92.69900000000001,0.7664164746240428
2020-10-14,002594.SZ,129.15,132.32,128.1,130.5,129.29,1.21,0.9359,310471.58,4041272.251,0.00935880578544368,0.009315283496286304,124.976,108.426,93.26483333333334,0.7379627399284335
2020-10-15,002594.SZ,134.6,137.73,131.33,131.55,130.5,1.05,0.8046,402893.07,5425288.384,0.008045977011494232,0.008013780723553616,128.038,110.704,93.88233333333334,0.68590008773782
2020-10-16,002594.SZ,132.56,133.85,125.0,127.8,131.55,-3.75,-2.8506,413535.51,5301212.698,-0.02850627137970363,-0.028920465542867407,129.528,112.73949999999999,94.59483333333334,0.7088238013025652
2020-10-19,002594.SZ,128.0,129.81,126.3,128.08,127.8,0.28,0.2191,222006.11,2832538.854,0.0021909233176840015,0.002188526745024937,129.44400000000002,114.5835,95.36966666666667,0.7041594209534107
2020-10-20,002594.SZ,126.18,140.33,126.18,140.0,128.08,11.92,9.3067,541679.01,7240427.47,0.0930668332292317,0.08898735392084503,131.586,116.9585,96.25016666666667,0.7524481567384714
2020-10-21,002594.SZ,137.99,139.7,134.17,137.5,140.0,-2.5,-1.7857,380567.07,5212917.457,-0.017857142857142905,-0.018018505502678365,132.98600000000002,118.76849999999999,97.07366666666667,0.7125999437663092
2020-10-22,002594.SZ,137.23,145.0,132.07,143.79,137.5,6.29,4.5745,434389.39,6061013.977,0.045745454545454534,0.04472998473302361,135.43400000000003,120.68799999999999,98.01700000000001,0.715209129694001
2020-10-23,002594.SZ,142.02,145.78,136.5,138.67,143.79,-5.12,-3.5607,400994.12,5645291.379,-0.03560748313512763,-0.03625689207387675,137.608,121.82449999999999,98.84500000000001,0.6657532295477253
2020-10-26,002594.SZ,136.5,142.85,133.1,139.96,138.67,1.29,0.9303,309796.04,4319369.738,0.009302660993726342,0.009259657733714637,139.984,123.04749999999999,99.79433333333334,0.6638212258742038
2020-10-27,002594.SZ,137.42,141.5,135.83,140.28,139.96,0.32,0.2286,296545.4,4122784.516,0.002286367533580913,0.0022837577724899674,140.04000000000002,124.773,100.74033333333334,0.5635552024732559
2020-10-28,002594.SZ,139.51,153.48,139.02,151.6,140.28,11.32,8.0696,517973.65,7669731.453,0.08069575135443396,0.0776050479362939,142.86,127.0145,101.8685,0.6094583924071603
2020-10-29,002594.SZ,147.91,166.76,147.91,158.38,151.6,6.78,4.4723,634704.95,10022998.772,0.044722955145118704,0.043751735573995115,145.778,129.4135,103.05933333333333,0.6142773930747111
2020-10-30,002594.SZ,160.0,170.3,154.2,159.81,158.38,1.43,0.9029,673291.83,10882457.196,0.009028917792650581,0.008988400814751035,150.006,132.084,104.30616666666667,0.5804804313938086
2020-11-02,002594.SZ,160.91,168.75,160.5,167.98,159.81,8.17,5.1123,524910.93,8660252.633,0.051123208810462284,0.049859315100463465,155.60999999999999,135.2285,105.68266666666666,0.5756150151478049
2020-11-03,002594.SZ,172.0,172.45,159.58,164.08,167.98,-3.9,-2.3217,661616.64,10960743.413,-0.023217049648767585,-0.02349081093335576,160.37,138.1125,106.98116666666667,0.5988402139833876
2020-11-04,002594.SZ,167.0,170.33,163.0,168.03,164.08,3.95,2.4074,460948.23,7689440.146,0.024073622623110635,0.023788421125725417,163.656,141.1195,108.29833333333335,0.5980003333782096
2020-11-05,002594.SZ,175.0,184.83,171.0,184.83,168.03,16.8,9.9982,674092.11,11951954.71,0.09998214604534916,0.0952939488047385,168.946,144.549,109.90966666666667,0.6297566404168192
2020-11-06,002594.SZ,189.5,198.85,179.89,190.44,184.83,5.61,3.0352,807666.85,15261972.051,0.0303522155494238,0.029900700631728998,175.072,148.05349999999999,111.60483333333333,0.6288285321922942
2020-11-09,002594.SZ,191.6,193.67,184.12,190.95,190.44,0.51,0.2678,525016.12,9934097.169,0.0026780088216760145,0.002674429345207099,179.666,151.176,113.36433333333333,0.6108870315140986
2020-11-10,002594.SZ,186.86,186.88,176.88,182.58,190.95,-8.37,-4.3833,635349.5,11543486.452,-0.043833464257658994,-0.044823180534590425,183.36599999999999,153.8405,115.04099999999998,0.6510970419240775
2020-11-11,002594.SZ,176.9,181.89,164.32,164.35,182.58,-18.23,-9.9847,805675.15,13840949.837,-0.09984664256764164,-0.10519013302670636,182.63,155.533,116.43016666666666,0.7744358654161503
2020-11-12,002594.SZ,168.0,173.3,165.78,169.33,164.35,4.98,3.0301,586639.61,9953360.351,0.030301186492242227,0.029851173567020838,179.53,157.42199999999997,117.886,0.7766798042522028
2020-11-13,002594.SZ,180.0,182.02,173.29,175.9,169.33,6.57,3.88,609193.92,10790305.828,0.03879997637748778,0.03806617806626333,176.622,159.827,119.45433333333334,0.7646680401503663
2020-11-16,002594.SZ,171.03,171.5,163.5,170.02,175.9,-5.88,-3.3428,542565.39,9094656.059,-0.03342808413871512,-0.033999574554299625,172.436,161.924,120.92249999999999,0.7841451714717098
2020-11-17,002594.SZ,173.5,175.18,164.46,167.0,170.02,-3.02,-1.7763,568409.34,9641027.028,-0.01776261616280439,-0.017922264772457706,169.32000000000002,163.274,122.32383333333334,0.7357807893194099
2020-11-18,002594.SZ,165.88,169.18,162.25,167.0,167.0,0.0,0.0,417033.16,6941378.987,0.0,0.0,169.85,164.749,123.7375,0.72955740128071
2020-11-19,002594.SZ,168.0,168.7,159.52,161.62,167.0,-5.38,-3.2216,470054.4,7652210.663,-0.03221556886227539,-0.03274591161145347,168.308,165.64050000000003,125.10366666666665,0.732465437425281
2020-11-20,002594.SZ,164.65,177.24,163.22,176.06,161.62,14.44,8.9345,707526.94,12067220.425,0.08934537804727127,0.0855769452274584,168.34,167.51000000000002,126.72883333333334,0.7696966264446126
2020-11-23,002594.SZ,176.9,185.02,172.07,184.2,176.06,8.14,4.6234,604026.64,10841291.967,0.04623423832784268,0.0451972777884463,171.17600000000002,169.722,128.4725,0.7783825598228855
2020-11-24,002594.SZ,191.77,194.99,180.71,184.19,184.2,-0.01,-0.0054,646752.09,12193378.658,-5.4288816503711423e-05,-5.4290290194846984e-05,174.614,171.9175,130.185,0.7789324155352327
2020-11-25,002594.SZ,183.0,191.7,180.6,183.53,184.19,-0.66,-0.3583,473857.64,8798105.734,-0.003583256420001013,-0.0035896916606307865,177.92,173.51399999999998,131.88983333333334,0.740962293782335
2020-11-26,002594.SZ,183.61,184.8,171.23,175.82,183.53,-7.71,-4.2009,496538.19,8751195.066,-0.04200948073884381,-0.04291739744734816,180.76000000000002,174.386,133.42983333333333,0.7519195646739252
2020-11-27,002594.SZ,175.31,177.9,169.33,174.1,175.82,-1.72,-0.9783,397476.15,6868605.93,-0.009782732339893019,-0.009830897648889121,180.368,175.10049999999998,134.90783333333334,0.7539757086923067
2020-11-30,002594.SZ,171.5,176.74,166.01,172.15,174.1,-1.95,-1.12,379212.83,6493585.105,-0.01120045950603099,-0.011263656989610564,177.958,175.309,136.3538333333333,0.7360439447853883
2020-12-01,002594.SZ,168.7,177.0,167.0,176.81,172.15,4.66,2.7069,401564.31,6983133.536,0.02706941620679637,0.026709519905465207,176.482,175.94549999999998,137.884,0.7346175385929571
2020-12-02,002594.SZ,171.1,172.5,168.0,169.75,176.81,-7.06,-3.993,492401.38,8354836.225,-0.039929868220123343,-0.04074894325119254,173.726,176.0315,139.15483333333333,0.7473159385949539
2020-12-03,002594.SZ,169.75,173.66,166.96,171.09,169.75,1.34,0.7894,365580.81,6251135.998,0.007893961708394626,0.007862967397751596,172.78,175.34449999999998,140.43466666666666,0.6518436183866758
2020-12-04,002594.SZ,171.6,178.8,170.4,171.86,171.09,0.77,0.4501,394489.88,6888910.896,0.004500555263311723,0.004490458048519803,172.332,174.4155,141.75583333333333,0.6406373382180914
2020-12-07,002594.SZ,171.3,176.66,169.11,175.29,171.86,3.43,1.9958,322185.89,5617848.45,0.019958105434656037,0.019761553349378316,172.95999999999998,173.6325,143.17733333333334,0.6460619328472205
2020-12-08,002594.SZ,178.1,182.0,176.7,177.97,175.29,2.68,1.5289,445743.24,7995315.241,0.015288949740430269,0.015173251527439025,173.192,173.402,144.5645,0.6309897503028485
2020-12-09,002594.SZ,179.0,181.03,173.0,173.24,177.97,-4.73,-2.6578,315714.47,5563503.434,-0.02657751306399947,-0.026937080415468252,173.89000000000001,173.84650000000002,145.93516666666667,0.5222492080297416
2020-12-10,002594.SZ,168.0,171.66,166.02,169.52,173.24,-3.72,-2.1473,370436.28,6243808.669,-0.02147310090048482,-0.021707002386382235,173.576,173.85600000000002,147.32733333333334,0.5188642717570161
2020-12-11,002594.SZ,169.35,169.35,162.8,167.0,169.52,-2.52,-1.4866,354878.18,5902635.219,-0.014865502595563962,-0.01497710154328854,172.60399999999998,173.411,148.6591666666667,0.5010613832190997
2020-12-14,002594.SZ,166.8,170.88,163.0,170.2,167.0,3.2,1.9162,302132.25,5064250.844,0.019161676646706427,0.018980403722518496,171.586,173.42000000000002,149.97583333333333,0.4921872872423464
2020-12-15,002594.SZ,170.25,175.05,168.5,174.7,170.2,4.5,2.6439,362218.02,6234488.461,0.026439482961222005,0.026096001000737036,170.932,173.805,151.34583333333333,0.4954325280304243
2020-12-16,002594.SZ,176.0,176.7,170.9,171.87,174.7,-2.83,-1.6199,238153.85,4110951.042,-0.016199198626216327,-0.016331840051414706,170.658,174.04850000000002,152.522,0.49992430151046746
2020-12-17,002594.SZ,171.18,172.93,169.01,171.79,171.87,-0.08,-0.0465,189772.6,3245175.544,-0.0004654680863444005,-0.0004655764502420318,171.112,174.55700000000002,153.6285,0.4836252263066361
2020-12-18,002594.SZ,172.5,180.09,171.22,176.0,171.79,4.21,2.4507,488485.1,8625943.227,0.02450666511438393,0.0242111943997977,172.91199999999998,174.554,154.6295,0.3730882591875065
2020-12-21,002594.SZ,176.5,193.6,175.5,193.6,176.0,17.6,10.0,667797.63,12342923.957,0.09999999999999987,0.09531017980432474,177.59199999999998,175.024,155.93116666666668,0.49112902603971265
2020-12-22,002594.SZ,192.98,192.98,183.66,184.0,193.6,-9.6,-4.9587,586810.41,11044848.425,-0.04958677685950408,-0.050858417233490966,179.452,175.0145,157.235,0.5254023503778826
2020-12-23,002594.SZ,183.89,190.8,182.96,186.79,184.0,2.79,1.5163,427079.45,7982526.892,0.015163043478260807,0.01504923356222602,182.436,175.1775,158.56866666666664,0.5276990942799411
2020-12-24,002594.SZ,185.0,185.0,180.0,183.0,186.79,-3.79,-2.029,260453.54,4739171.492,-0.020290165426414597,-0.020498838329790665,184.67800000000003,175.5365,159.77866666666665,0.5093167785326057
2020-12-25,002594.SZ,183.32,186.15,181.1,185.22,183.0,2.22,1.2131,211330.69,3892733.282,0.012131147540983545,0.01205815490070193,186.522,176.0925,161.09233333333336,0.5082575614184796
2020-12-28,002594.SZ,184.3,190.37,182.6,187.93,185.22,2.71,1.4631,303384.31,5674752.366,0.014631249325126827,0.014525245326386493,185.388,176.88150000000002,162.47299999999998,0.5065650452272643
2020-12-29,002594.SZ,186.0,186.0,178.46,178.6,187.93,-9.33,-4.9646,361177.82,6530622.526,-0.049646144841164364,-0.050920884626110906,184.308,176.971,163.67633333333333,0.5343995084931712
2020-12-30,002594.SZ,180.66,191.95,180.66,186.0,178.6,7.4,4.1433,510431.08,9559070.846,0.04143337066069441,0.04059800527080269,184.15,177.7835,164.97816666666665,0.529705365904589
2020-12-31,002594.SZ,188.86,195.83,184.26,194.3,186.0,8.3,4.4624,505119.42,9665582.055,0.044623655913978544,0.0436566826701932,186.41000000000003,178.94400000000002,166.27916666666667,0.5480036655411258
