date,ts_code,open,high,low,close,pre_close,change,pct_chg,volume,amount,returns,logReturns,ma5,ma20,ma60,volatility
2018-01-02,002594.SZ,65.28,66.55,64.96,65.85,65.05,0.8,1.23,127140.77,837153.614,,,,,,
2018-01-03,002594.SZ,64.98,67.1,64.4,66.12,65.85,0.27,0.41,151909.5,1000075.488,0.004100227790432953,0.004091844763533532,,,,
2018-01-04,002594.SZ,66.0,66.36,64.91,65.05,66.12,-1.07,-1.62,118416.97,773631.609,-0.01618269812462203,-0.01631506799430928,,,,
2018-01-05,002594.SZ,64.9,65.2,63.83,64.38,65.05,-0.67,-1.03,104870.0,673396.088,-0.010299769408147585,-0.010353179087852184,,,,
2018-01-08,002594.SZ,64.6,66.34,64.53,65.21,64.38,0.83,1.29,136740.15,894169.179,0.012892202547374998,0.012809805534448843,65.322,,,
2018-01-09,002594.SZ,65.2,66.18,64.7,65.42,65.21,0.21,0.32,94309.26,616396.032,0.003220364974697354,0.0032151907051271604,65.23599999999999,,,
2018-01-10,002594.SZ,65.6,65.97,64.88,65.67,65.42,0.25,0.38,94265.04,615796.957,0.0038214613268112707,0.00381417809264331,65.14599999999999,,,
2018-01-11,002594.SZ,65.98,65.98,64.88,65.4,65.67,-0.27,-0.41,76298.68,498923.642,-0.004111466423024179,-0.004119941739728213,65.21600000000001,,,
2018-01-12,002594.SZ,65.66,67.85,65.62,67.08,65.4,1.68,2.57,195978.8,1316801.695,0.025688073394495303,0.025363678491854977,65.756,,,
2018-01-15,002594.SZ,67.25,68.1,64.88,65.14,67.08,-1.94,-2.89,151890.34,1006209.959,-0.028920691711389335,-0.029347137106920617,65.742,,,
2018-01-16,002594.SZ,64.5,65.75,64.46,64.8,65.14,-0.34,-0.52,95919.73,622943.133,-0.005219527172244498,-0.005233196489858524,65.61800000000001,,,
2018-01-17,002594.SZ,64.68,64.68,62.51,63.75,64.8,-1.05,-1.62,116525.06,738922.968,-0.01620370370370361,-0.016336419319693388,65.23400000000001,,,
2018-01-18,002594.SZ,64.18,64.58,62.88,63.17,63.75,-0.58,-0.91,73701.45,468859.834,-0.009098039215686193,-0.009139679127926424,64.78799999999998,,,
2018-01-19,002594.SZ,63.6,63.63,62.68,63.2,63.17,0.03,0.05,52370.08,330860.117,0.0004749089757796199,0.0004747962422026947,64.012,,,
2018-01-22,002594.SZ,63.68,67.01,63.62,66.6,63.2,3.4,5.38,172657.08,1134014.385,0.05379746835443022,0.052400276393531564,64.304,,,
2018-01-23,002594.SZ,66.64,67.37,66.06,66.81,66.6,0.21,0.32,123518.48,824929.033,0.003153153153153232,0.003148192391042574,64.70599999999999,,,
2018-01-24,002594.SZ,67.05,67.09,65.5,66.51,66.81,-0.3,-0.45,76416.5,506242.911,-0.004490345756623215,-0.004500457641056114,65.258,,,
2018-01-25,002594.SZ,66.52,67.47,65.56,65.64,66.51,-0.87,-1.31,80839.89,535708.498,-0.013080739738385305,-0.013167046074439743,65.75200000000001,,,
2018-01-26,002594.SZ,65.64,66.3,65.0,65.5,65.64,-0.14,-0.21,63558.66,416434.838,-0.0021328458257160454,-0.0021351235806839316,66.212,,,
2018-01-29,002594.SZ,65.88,65.88,62.8,62.9,65.5,-2.6,-3.97,125219.38,800199.75,-0.03969465648854964,-0.04050397893481142,65.47200000000001,65.21000000000001,,
2018-01-30,002594.SZ,62.88,63.95,62.76,63.45,62.9,0.55,0.87,55877.07,354826.318,0.008744038155802825,0.008706030454001791,64.8,65.09,,0.3081141643155493
2018-01-31,002594.SZ,63.05,63.96,62.9,63.04,63.45,-0.41,-0.65,54297.88,343948.048,-0.006461780929866046,-0.006482748610772991,64.10600000000001,64.936,,0.30776824929977475
2018-02-01,002594.SZ,63.05,63.49,59.88,60.66,63.04,-2.38,-3.78,126983.9,773267.406,-0.037753807106599035,-0.03848494328918869,63.10999999999999,64.7165,,0.32951809042239877
2018-02-02,002594.SZ,60.6,62.27,60.16,61.9,60.66,1.24,2.04,69721.02,428724.465,0.020441806791955175,0.020235677430115385,62.39,64.5925,,0.3387749590044269
2018-02-05,002594.SZ,60.3,61.78,60.24,61.47,61.9,-0.43,-0.69,40610.4,248908.792,-0.006946688206785123,-0.006970928771632326,62.104,64.4055,,0.3346996202528262
2018-02-06,002594.SZ,60.0,60.88,58.5,58.51,61.47,-2.96,-4.82,103985.63,617879.621,-0.048153570847567884,-0.04935157111877331,61.116,64.06,,0.3703485710983285
2018-02-07,002594.SZ,59.99,60.39,57.03,58.9,58.51,0.39,0.67,82085.35,483267.912,0.006665527260297344,0.006643410857396247,60.288,63.72149999999999,,0.3714144354709002
2018-02-08,002594.SZ,58.9,59.88,58.51,59.51,58.9,0.61,1.04,45972.33,273521.091,0.010356536502546643,0.01030327499921963,60.05799999999999,63.427,,0.3754870670560027
2018-02-09,002594.SZ,57.9,58.45,56.33,56.65,59.51,-2.86,-4.81,93076.03,533844.304,-0.04805914972273562,-0.04925237818274532,59.007999999999996,62.905499999999996,,0.38804168043918513
2018-02-12,002594.SZ,57.1,60.0,57.1,59.62,56.65,2.97,5.24,80515.16,475216.154,0.05242718446601935,0.05109910077591,58.638,62.62950000000001,,0.434846219143283
2018-02-13,002594.SZ,60.0,60.62,59.31,59.5,59.62,-0.12,-0.2,55080.74,330539.304,-0.002012747400201187,-0.0020147756983412216,58.836,62.36450000000001,,0.4348819576782654
2018-02-14,002594.SZ,61.18,61.5,60.2,60.5,59.5,1.0,1.68,55902.12,339523.509,0.01680672268907557,0.016667052485211643,59.15599999999999,62.20200000000001,,0.4382692259157811
2018-02-22,002594.SZ,61.98,63.35,61.3,62.32,60.5,1.82,3.01,97413.08,608542.083,0.030082644628099287,0.029639036525697156,59.717999999999996,62.1595,,0.4520023096636286
2018-02-23,002594.SZ,62.34,63.32,61.81,62.8,62.32,0.48,0.77,59836.48,374402.303,0.007702182284980763,0.007672671911660186,60.948,62.1395,,0.4528920633873674
2018-02-26,002594.SZ,63.88,65.69,63.88,64.91,62.8,2.11,3.36,156114.45,1015836.694,0.03359872611464976,0.03304662157122429,62.00599999999999,62.05500000000001,,0.425986572879268
2018-02-27,002594.SZ,64.5,64.93,63.38,63.46,64.91,-1.45,-2.23,100650.76,644261.728,-0.022338622708365397,-0.022591908890327667,62.79799999999999,61.88749999999999,,0.4323012378188246
2018-02-28,002594.SZ,63.22,64.5,62.67,63.51,63.46,0.05,0.08,77371.17,491273.053,0.0007878978884336973,0.0007875876598340093,63.4,61.7375,,0.4323387733959776
2018-03-01,002594.SZ,62.95,63.44,62.5,63.27,63.51,-0.24,-0.38,74934.69,472004.143,-0.0037789324515823397,-0.003786090656090472,63.589999999999996,61.61900000000001,,0.43041938543040387
2018-03-02,002594.SZ,62.51,63.36,62.37,62.87,63.27,-0.4,-0.63,59276.89,372641.75,-0.006322111585269519,-0.006342180763823238,63.604,61.4875,,0.43075963196358
2018-03-05,002594.SZ,63.0,65.9,62.91,65.12,62.87,2.25,3.58,149505.07,969390.126,0.035788134245268166,0.03516261929931529,63.646,61.5985,,0.4257454494503633
2018-03-06,002594.SZ,65.13,66.8,64.8,66.58,65.12,1.46,2.24,149685.93,986303.922,0.022420147420147307,0.022172510452593917,64.27000000000001,61.754999999999995,,0.4313164395929495
2018-03-07,002594.SZ,66.0,66.49,64.5,64.53,66.58,-2.05,-3.08,94941.93,620764.971,-0.030790027035145662,-0.031274000199130486,64.474,61.829499999999996,,0.4465916937513361
2018-03-08,002594.SZ,64.81,65.59,64.11,64.87,64.53,0.34,0.53,64301.85,417031.838,0.0052688671935534614,0.0052550352772157355,64.79400000000001,62.040000000000006,,0.4218006318308262
2018-03-09,002594.SZ,65.0,65.8,64.37,65.55,64.87,0.68,1.05,87514.71,570045.131,0.010482503468475235,0.010427942984744639,65.33000000000001,62.222500000000004,,0.4180214041953391
2018-03-12,002594.SZ,66.03,67.16,65.52,66.85,65.55,1.3,1.98,137195.65,911208.094,0.019832189168573544,0.019638093338243272,65.676,62.491499999999995,,0.4202027303593428
2018-03-13,002594.SZ,66.85,67.5,65.68,66.0,66.85,-0.85,-1.27,118111.85,785220.076,-0.012715033657441976,-0.01279656152152658,65.55999999999999,62.866,,0.3779701600309483
2018-03-14,002594.SZ,65.7,65.89,64.36,64.36,66.0,-1.64,-2.48,99780.66,649479.489,-0.024848484848484897,-0.025162419902243136,65.526,63.13900000000001,,0.3937992181480048
2018-03-15,002594.SZ,64.02,65.44,64.02,64.7,64.36,0.34,0.53,78053.25,505013.096,0.005282784338098256,0.005268879382672479,65.49199999999999,63.39849999999999,,0.39324994329480045
2018-03-16,002594.SZ,64.74,65.49,64.2,64.23,64.7,-0.47,-0.73,68414.67,443482.218,-0.007264296754250332,-0.007290810237153706,65.228,63.777499999999996,,0.3446147408035355
2018-03-19,002594.SZ,64.25,64.85,63.9,64.25,64.23,0.02,0.03,50235.29,323461.041,0.00031138097462246606,0.0003113325056280751,64.708,64.00899999999999,,0.29919620611100833
2018-03-20,002594.SZ,63.7,63.7,62.0,62.8,64.25,-1.45,-2.26,108426.84,680033.628,-0.02256809338521404,-0.02282665030117622,64.06800000000001,64.17399999999999,,0.3131679002494118
2018-03-21,002594.SZ,62.99,63.82,62.4,62.6,62.8,-0.2,-0.32,83340.41,527104.976,-0.0031847133757960666,-0.003189795368100038,63.715999999999994,64.279,,0.3093996827507868
2018-03-22,002594.SZ,62.95,63.19,61.9,62.59,62.6,-0.01,-0.02,58977.49,368290.682,-0.0001597444089456168,-0.00015975716944267496,63.294000000000004,64.29249999999999,,0.2909181158811347
2018-03-23,002594.SZ,59.97,61.94,58.8,59.48,62.59,-3.11,-4.97,128222.71,769016.433,-0.04968844863396715,-0.05096539934465584,62.34400000000001,64.1265,,0.33908629134032875
2018-03-26,002594.SZ,58.99,60.5,58.0,60.4,59.48,0.92,1.55,84012.12,498479.0,0.015467383994619999,0.015348983348814899,61.574,63.900999999999996,,0.3190023369552127
2018-03-27,002594.SZ,61.1,61.6,60.72,61.3,60.4,0.9,1.49,72053.2,440900.076,0.01490066225165565,0.014790738001396473,61.274,63.793000000000006,,0.3170624582045189
2018-03-28,002594.SZ,55.17,58.04,55.17,56.19,61.3,-5.11,-8.34,330117.58,1857779.37,-0.0833605220228385,-0.08704103781805889,59.992,63.427,,0.4295985407725123
2018-03-29,002594.SZ,55.71,56.3,54.51,55.99,56.19,-0.2,-0.36,140042.22,776010.888,-0.0035593521978999343,-0.00356570176330487,58.672000000000004,63.063,,0.42961258488312426
2018-03-30,002594.SZ,56.88,56.98,56.01,56.3,55.99,0.31,0.55,80900.5,456258.468,0.00553670298267539,0.005521431784842692,58.036,62.734500000000004,,0.4314560791722965
2018-04-02,002594.SZ,56.5,56.56,55.6,55.67,56.3,-0.63,-1.12,83266.11,465170.811,-0.011190053285967894,-0.011253132950228164,57.089999999999996,62.261999999999986,63.0235,0.40367808909368263
2018-04-03,002594.SZ,55.0,55.0,53.7,54.27,55.67,-1.4,-2.51,123634.18,669731.88,-0.02514819471887908,-0.02546981412010291,55.684000000000005,61.6465,62.8305,0.3920764664053563
2018-04-04,002594.SZ,54.55,55.35,54.35,54.82,54.27,0.55,1.01,81536.62,447590.12,0.010134512622074654,0.01008350279932612,55.410000000000004,61.161,62.64216666666667,0.3900205851893019
2018-04-09,002594.SZ,54.9,56.98,54.9,56.34,54.82,1.52,2.77,119840.61,672904.833,0.027727106895293785,0.027349671573586903,55.48,60.73449999999999,62.497,0.4077630712131973
2018-04-10,002594.SZ,56.33,57.75,55.88,56.66,56.34,0.32,0.57,108469.48,615247.987,0.0056798012069576576,0.005663731954143854,55.552,60.29,62.36833333333333,0.40542849195022296
2018-04-11,002594.SZ,56.7,56.87,55.8,56.13,56.66,-0.53,-0.94,74569.37,418713.522,-0.009354041651958966,-0.009398065448262466,55.644000000000005,59.754,62.217,0.39290930858009104
2018-04-12,002594.SZ,56.15,56.39,55.8,55.9,56.13,-0.23,-0.41,52437.63,294093.347,-0.004097630500623617,-0.0041060487930545285,55.970000000000006,59.249,62.05833333333333,0.3928448024653632
2018-04-13,002594.SZ,56.21,56.4,55.47,55.6,55.9,-0.3,-0.54,41333.47,230903.158,-0.005366726296958779,-0.0053811789045167075,56.126,58.81099999999999,61.8905,0.3877967829710755
2018-04-16,002594.SZ,55.5,56.07,54.7,54.92,55.6,-0.68,-1.22,53046.59,293221.747,-0.012230215827338076,-0.012305620356766337,55.842,58.322,61.715833333333336,0.3854180651991729
2018-04-17,002594.SZ,55.12,55.3,53.51,53.59,54.92,-1.33,-2.42,72272.99,391578.011,-0.024217042971594993,-0.024515097393011356,55.227999999999994,57.79,61.491,0.3897378130425899
2018-04-18,002594.SZ,54.2,54.3,51.98,53.45,53.59,-0.14,-0.26,92047.01,488104.454,-0.002612427691733532,-0.0026158460357046556,54.69200000000001,57.25,61.296166666666664,0.38897679672486074
2018-04-19,002594.SZ,53.36,54.2,53.03,53.87,53.45,0.42,0.79,51362.94,276457.848,0.00785781103835359,0.007827099221388144,54.286,56.80350000000001,61.114000000000004,0.3897528260822951
2018-04-20,002594.SZ,54.0,54.0,52.1,52.26,53.87,-1.61,-2.99,58543.71,309786.715,-0.029886764432893953,-0.030342476599975906,53.61800000000001,56.286500000000004,60.9225,0.39742362042097246
2018-04-23,002594.SZ,52.24,53.19,52.1,52.95,52.26,0.69,1.32,53926.05,284605.142,0.013203214695752141,0.013116811954949167,53.224000000000004,55.804500000000004,60.75216666666667,0.40399887795385286
2018-04-24,002594.SZ,52.88,54.1,52.88,54.08,52.95,1.13,2.13,55426.09,297599.247,0.021340887629839322,0.02111635968729304,53.322,55.5345,60.600166666666674,0.3850406253920386
2018-04-25,002594.SZ,53.86,54.19,53.6,53.84,54.08,-0.24,-0.44,44870.94,241713.28,-0.004437869822485063,-0.004447746398236142,53.4,55.20649999999999,60.3875,0.3777927850369512
2018-04-26,002594.SZ,53.91,54.1,52.5,52.53,53.84,-1.31,-2.43,52535.81,278828.634,-0.02433135215453197,-0.024632250370602217,53.132000000000005,54.767999999999994,60.149499999999996,0.3754170704645847
2018-04-27,002594.SZ,53.11,53.38,52.54,52.96,52.53,0.43,0.82,41996.09,222444.774,0.008185798591281213,0.008152476662882636,53.272000000000006,54.6065,59.92366666666667,0.24922188340850082
2018-05-02,002594.SZ,50.8,50.81,48.89,49.25,52.96,-3.71,-7.01,140008.05,693760.452,-0.07005287009063443,-0.07262754401065487,52.532,54.269499999999994,59.650499999999994,0.34509833606021806
2018-05-03,002594.SZ,49.26,49.78,48.58,49.61,49.25,0.36,0.73,73997.93,363859.038,0.007309644670050686,0.007283058694859561,51.638,53.935,59.385666666666665,0.34595187291442603
2018-05-04,002594.SZ,49.1,49.45,48.96,49.25,49.61,-0.36,-0.73,49590.69,243739.61,-0.007256601491634762,-0.0072830586948596475,50.720000000000006,53.614,59.15816666666667,0.3454618222708297
2018-05-07,002594.SZ,49.88,50.8,49.0,50.36,49.25,1.11,2.25,74919.73,375182.085,0.02253807106598993,0.02228784155804861,50.286,53.41850000000001,58.940000000000005,0.3515962377339939
2018-05-08,002594.SZ,50.37,52.35,50.36,51.88,50.36,1.52,3.02,81143.48,418570.268,0.03018268467037344,0.029736150272096838,50.07,53.2715,58.754,0.36868898548285417
2018-05-09,002594.SZ,52.0,52.02,51.21,51.5,51.88,-0.38,-0.73,46744.31,240992.244,-0.007324595219737939,-0.007351551778552755,50.519999999999996,53.029500000000006,58.60133333333333,0.35116335502923757
2018-05-10,002594.SZ,51.65,52.35,51.16,51.84,51.5,0.34,0.66,41669.91,215527.482,0.0066019417475728925,0.006580244374328869,50.966,52.7885,58.43366666666667,0.3515240394303339
2018-05-11,002594.SZ,51.83,53.4,51.32,52.95,51.84,1.11,2.14,92193.43,485080.674,0.02141203703703698,0.021186020003396155,51.705999999999996,52.62949999999999,58.291666666666664,0.3623359122894275
2018-05-14,002594.SZ,53.15,53.86,52.42,52.66,52.95,-0.29,-0.55,66234.21,351087.631,-0.005476864966950101,-0.005491917979252271,52.166,52.467499999999994,58.19416666666667,0.36244159838496415
2018-05-15,002594.SZ,52.83,53.46,52.52,53.07,52.66,0.41,0.78,55338.35,293343.587,0.007785795670337992,0.00775564277164023,52.403999999999996,52.340999999999994,58.096999999999994,0.3641743721983773
2018-05-16,002594.SZ,53.05,53.46,52.33,52.68,53.07,-0.39,-0.73,54934.8,290527.932,-0.007348784624081395,-0.0073759199647233,52.64,52.229,57.98316666666667,0.3627776972931032
2018-05-17,002594.SZ,52.72,53.19,52.53,52.77,52.68,0.09,0.17,37620.15,198769.278,0.0017084282460138045,0.0017069705424963377,52.826,52.188,57.9185,0.35309809494217315
2018-05-18,002594.SZ,52.98,54.25,52.79,54.0,52.77,1.23,2.33,88743.63,475746.084,0.023308698123934102,0.023041199146697937,53.036,52.2155,57.82483333333334,0.3629221218519191
2018-05-21,002594.SZ,54.45,55.18,54.11,54.54,54.0,0.54,1.0,74495.15,406861.057,0.010000000000000009,0.009950330853168092,53.412,52.249,57.74216666666667,0.3635564293573989
2018-05-22,002594.SZ,54.55,55.2,54.14,55.0,54.54,0.46,0.84,56239.49,308464.966,0.008434176751008549,0.008398807815028565,53.798,52.386,57.6505,0.3455553789300317
2018-05-23,002594.SZ,54.49,55.79,53.71,54.68,55.0,-0.32,-0.58,78660.64,432530.174,-0.0058181818181818334,-0.005835173376722123,54.198,52.472500000000004,57.52316666666666,0.34454717657778955
2018-05-24,002594.SZ,54.5,54.99,53.8,54.15,54.68,-0.53,-0.97,50349.05,273646.243,-0.009692757863935642,-0.00974003840874921,54.474000000000004,52.476,57.379,0.33881080176569567
2018-05-25,002594.SZ,54.2,55.23,54.2,54.22,54.15,0.07,0.13,50606.32,276703.124,0.0012927054478300004,0.001291870623519748,54.51800000000001,52.49499999999999,57.20083333333333,0.3383613458461347
2018-05-28,002594.SZ,54.29,54.98,52.72,52.78,54.22,-1.44,-2.66,60132.17,322785.115,-0.02655846551088159,-0.026917512995341453,54.166,52.50750000000001,57.02283333333333,0.34062026952471025
2018-05-29,002594.SZ,52.53,54.28,52.42,53.5,52.78,0.72,1.36,72877.45,391219.743,0.013641530882910091,0.013549322826782754,53.866,52.5345,56.856,0.3428047041004607
2018-05-30,002594.SZ,53.0,53.02,50.01,50.4,53.5,-3.1,-5.79,103830.38,531139.583,-0.05794392523364489,-0.05969047882463796,53.00999999999999,52.592,56.6415,0.3108461161588324
2018-05-31,002594.SZ,50.42,51.25,50.42,51.15,50.4,0.75,1.49,57928.53,295133.224,0.014880952380952328,0.014771317320312503,52.410000000000004,52.669000000000004,56.44616666666666,0.3139212971951626
2018-06-01,002594.SZ,51.36,51.37,50.02,50.91,51.15,-0.24,-0.47,45159.16,229157.934,-0.004692082111437013,-0.004703124483390912,51.748000000000005,52.751999999999995,56.20933333333333,0.3130797138962012
2018-06-04,002594.SZ,50.72,51.2,50.05,50.2,50.91,-0.71,-1.39,52796.13,265822.585,-0.013946179532508207,-0.014044341216560985,51.232000000000006,52.74400000000001,55.93633333333333,0.3078403605690685
2018-06-05,002594.SZ,50.2,51.24,49.8,51.22,50.2,1.02,2.03,55285.92,279721.414,0.02031872509960153,0.020115054073695612,50.775999999999996,52.711,55.7145,0.2968165302058184
2018-06-06,002594.SZ,50.85,51.8,50.6,51.12,51.22,-0.1,-0.2,64983.78,331700.726,-0.001952362358453752,-0.001954270702099843,50.92,52.69200000000001,55.48533333333333,0.2957820176492783
2018-06-07,002594.SZ,51.5,51.57,50.9,50.92,51.12,-0.2,-0.39,43289.99,221696.045,-0.00391236306729259,-0.0039200363800735395,50.874,52.646,55.2415,0.2949274769524657
2018-06-08,002594.SZ,50.92,50.99,49.9,50.13,50.92,-0.79,-1.55,51338.67,257351.122,-0.015514532600157116,-0.01563614241379374,50.718,52.504999999999995,54.962833333333336,0.28718727794584836
2018-06-11,002594.SZ,50.12,50.13,49.3,49.42,50.13,-0.71,-1.42,42806.18,212520.366,-0.014163175743068024,-0.014264430714948024,50.562,52.342999999999996,54.686499999999995,0.2899931560462137
2018-06-12,002594.SZ,49.69,50.2,49.0,50.03,49.42,0.61,1.23,46212.18,229627.048,0.01234318089842179,0.012267624939649759,50.324,52.19100000000001,54.44766666666667,0.2926818574961868
2018-06-13,002594.SZ,50.1,50.12,48.91,49.06,50.03,-0.97,-1.94,48819.87,240481.696,-0.019388366979812055,-0.019578786669770372,49.912,52.010000000000005,54.187,0.2982414163020509
2018-06-14,002594.SZ,48.68,49.44,48.6,49.05,49.06,-0.01,-0.02,38125.59,186776.441,-0.00020383204239715624,-0.0002038528189712458,49.538,51.824,53.934,0.29788549599699193
2018-06-15,002594.SZ,49.09,49.28,48.13,48.18,49.05,-0.87,-1.77,49375.86,239521.337,-0.017737003058103884,-0.01789618882464669,49.148,51.533,53.66616666666666,0.2842501555569522
2018-06-19,002594.SZ,47.6,47.6,43.45,44.98,48.18,-3.2,-6.64,119739.44,544796.16,-0.06641760066417601,-0.06872605065555569,48.260000000000005,51.055,53.369166666666665,0.35056527648727603
2018-06-20,002594.SZ,44.44,46.22,44.44,45.39,44.98,0.41,0.91,56962.99,257906.372,0.009115162294353052,0.009073869937204623,47.332,50.5745,53.08233333333333,0.351031532703481
2018-06-21,002594.SZ,45.77,47.36,45.4,45.77,45.39,0.38,0.84,76182.62,353226.547,0.008371888081075252,0.0083370381971766,46.674,50.129,52.802,0.3564791736464592
2018-06-22,002594.SZ,45.82,47.25,45.52,46.85,45.77,1.08,2.36,60454.74,280666.477,0.023596242079964913,0.02332215401888035,46.233999999999995,49.763999999999996,52.5915,0.37427562191904185
2018-06-25,002594.SZ,47.7,47.7,45.92,46.06,46.85,-0.79,-1.69,57418.05,267602.978,-0.01686232657417286,-0.017006114291892024,45.81,49.356,52.3525,0.374524814080359
2018-06-26,002594.SZ,45.99,47.12,45.22,46.38,46.06,0.32,0.69,64116.04,297323.008,0.006947459834997893,0.00692343743484652,46.089999999999996,49.036,52.103833333333334,0.3711972594854403
2018-06-27,002594.SZ,46.59,48.1,46.5,47.1,46.38,0.72,1.55,95524.88,453690.793,0.015523932729624823,0.015404669194986455,46.432,48.716,51.952333333333335,0.3725877101166938
2018-06-28,002594.SZ,47.1,47.44,45.81,46.01,47.1,-1.09,-2.31,61273.16,285276.155,-0.02314225053078567,-0.023414236854994944,46.480000000000004,48.496500000000005,51.785999999999994,0.3258912907109893
2018-06-29,002594.SZ,46.12,47.77,45.99,47.68,46.01,1.67,3.63,74976.05,351475.14,0.036296457291893125,0.03565325858971715,46.646,48.323,51.64233333333334,0.35057624932202985
2018-07-02,002594.SZ,47.67,47.67,45.85,45.98,47.68,-1.7,-3.57,61757.49,288563.47,-0.03565436241610742,-0.03630550342205887,46.63,48.076499999999996,51.48083333333334,0.36898516802523396
2018-07-03,002594.SZ,46.46,46.72,44.06,45.35,45.98,-0.63,-1.37,93103.13,421287.431,-0.013701609395389225,-0.013796342773889804,46.42399999999999,47.834,51.33216666666667,0.3689059437375597
2018-07-04,002594.SZ,45.35,46.13,45.0,45.79,45.35,0.44,0.97,63419.35,289309.686,0.009702315325248012,0.00965555010785842,46.162,47.5625,51.181666666666665,0.3611592475718449
2018-07-05,002594.SZ,45.79,46.89,45.4,45.58,45.79,-0.21,-0.46,55737.49,257799.358,-0.004586154182135815,-0.004596702851465866,46.076,47.2855,51.00233333333333,0.3609527581264727
2018-07-06,002594.SZ,46.27,46.76,45.52,46.03,45.58,0.45,0.99,67812.12,314076.55,0.009872751206669639,0.009824334011611915,45.745999999999995,47.041000000000004,50.82516666666667,0.36503507142009173
2018-07-09,002594.SZ,46.39,46.95,45.91,46.52,46.03,0.49,1.06,72893.41,337170.01,0.010645231370845165,0.01058896982131367,45.854,46.8605,50.665,0.36663924446428153
2018-07-10,002594.SZ,46.55,46.88,46.31,46.63,46.52,0.11,0.24,46390.56,216079.243,0.002364574376612305,0.002361783169765911,46.11,46.721,50.51049999999999,0.3649370497390728
2018-07-11,002594.SZ,45.62,46.03,44.73,45.46,46.63,-1.17,-2.51,50742.54,230516.244,-0.025091143040960828,-0.02541129239583242,46.044,46.4925,50.341499999999996,0.3687165524767656
2018-07-12,002594.SZ,45.8,47.0,45.68,46.52,45.46,1.06,2.33,69617.29,322903.03,0.023317201935767695,0.023049509226066515,46.232000000000006,46.3655,50.201499999999996,0.37694194384039953
2018-07-13,002594.SZ,46.62,46.62,45.8,45.95,46.52,-0.57,-1.23,53283.7,246023.438,-0.012252794496990571,-0.012328478848767649,46.216,46.2105,50.07416666666667,0.3784418611203786
2018-07-16,002594.SZ,44.8,44.8,42.8,43.95,45.95,-2.0,-4.35,125033.28,549450.646,-0.043525571273122954,-0.04450122467051005,45.702,45.999,49.91583333333333,0.4021064970436037
2018-07-17,002594.SZ,43.46,43.9,42.78,43.55,43.95,-0.4,-0.91,69395.4,300926.791,-0.009101251422070633,-0.009142920832674302,45.086,45.9275,49.743833333333335,0.3295453505987637
2018-07-18,002594.SZ,43.55,44.24,43.22,43.3,43.55,-0.25,-0.57,44874.54,196079.174,-0.00574052812858783,-0.005757068290067639,44.653999999999996,45.823,49.594500000000004,0.3274659365359704
2018-07-19,002594.SZ,43.58,43.58,41.98,42.15,43.3,-1.15,-2.66,61876.97,263568.678,-0.026558891454965372,-0.026917950560579714,43.78,45.642,49.4145,0.335942854278872
2018-07-20,002594.SZ,42.5,43.16,42.16,42.91,42.15,0.76,1.8031,56934.64,243361.983,0.018030842230130517,0.017870214555568902,43.172,45.44500000000001,49.22833333333333,0.3304375515627662
2018-07-23,002594.SZ,42.69,43.85,42.51,43.5,42.91,0.59,1.375,51941.1,225317.617,0.013749708692612606,0.013656039091205231,43.081999999999994,45.317,49.056,0.3327080222899069
2018-07-24,002594.SZ,43.7,44.43,43.41,44.29,43.5,0.79,1.8161,55479.84,244567.193,0.018160919540229914,0.017997979840468446,43.23,45.2125,48.91866666666667,0.33931155025096094
2018-07-25,002594.SZ,44.54,44.54,43.7,44.05,44.29,-0.24,-0.5419,64748.65,285047.289,-0.005418830435764299,-0.00543356555291833,43.379999999999995,45.059999999999995,48.77016666666667,0.33298134061020745
2018-07-26,002594.SZ,44.05,44.23,42.88,43.0,44.05,-1.05,-2.3837,51790.19,224937.888,-0.023836549375709337,-0.024125236688626005,43.55,44.909499999999994,48.666000000000004,0.333543379070295
2018-07-27,002594.SZ,43.02,43.34,42.72,42.99,43.0,-0.01,-0.0233,36789.62,158234.195,-0.00023255813953482196,-0.00023258518537218827,43.566,44.675,48.55566666666667,0.29970906350272936
2018-07-30,002594.SZ,42.95,43.1,41.85,42.5,42.99,-0.49,-1.1398,55929.82,236871.679,-0.011397999534775605,-0.011463454577819105,43.366,44.501,48.44316666666667,0.27840688382732093
2018-07-31,002594.SZ,42.54,42.54,42.04,42.24,42.5,-0.26,-0.6118,30211.63,127788.053,-0.00611764705882345,-0.006136436532365032,42.956,44.3455,48.30783333333333,0.2761143394499867
2018-08-01,002594.SZ,42.82,42.97,41.88,41.98,42.24,-0.26,-0.6155,44291.8,187567.711,-0.006155303030303205,-0.00617432500551928,42.542,44.155,48.142833333333336,0.27183785310490055
2018-08-02,002594.SZ,41.95,41.98,39.5,40.1,41.98,-1.88,-4.4783,107980.45,434793.686,-0.044783230109575856,-0.045816980079963286,41.962,43.881,47.95283333333334,0.30769047251331766
2018-08-03,002594.SZ,40.28,40.48,38.2,38.33,40.1,-1.77,-4.414,96515.78,378310.911,-0.044139650872818015,-0.04514345492005984,41.029999999999994,43.495999999999995,47.727666666666664,0.32923939554538656
2018-08-06,002594.SZ,38.33,38.65,36.88,37.29,38.33,-1.04,-2.7133,73788.2,279140.177,-0.02713279415601355,-0.02750768520173427,39.988,43.0345,47.46666666666667,0.326787924591722
2018-08-07,002594.SZ,37.68,38.0,36.73,38.0,37.29,0.71,1.904,68164.75,255655.37,0.019039957093054394,0.01886096553565629,39.14,42.603,47.22233333333333,0.3407552162676442
2018-08-08,002594.SZ,38.02,39.49,38.02,38.29,38.0,0.29,0.7632,73069.54,282739.399,0.007631578947368434,0.007602605762817386,38.402,42.2445,46.976000000000006,0.3412788688013794
2018-08-09,002594.SZ,37.89,39.55,37.83,39.25,38.29,0.96,2.5072,74875.55,292537.448,0.025071820318621096,0.024762678739214342,38.232,41.881,46.75216666666667,0.34348611806029766
2018-08-10,002594.SZ,39.4,41.77,39.4,41.69,39.25,2.44,6.2166,103583.65,422283.651,0.062165605095541254,0.060309847664287944,38.903999999999996,41.66799999999999,46.567499999999995,0.42406639273662267
2018-08-13,002594.SZ,41.1,43.55,40.88,43.17,41.69,1.48,3.55,132330.97,562164.129,0.03550011993283775,0.034884517674680746,40.08,41.629000000000005,46.38699999999999,0.4204078180447319
2018-08-14,002594.SZ,43.17,43.95,42.61,43.15,43.17,-0.02,-0.0463,81990.57,354897.702,-0.0004632846884411457,-0.00046339203794928697,41.11,41.608999999999995,46.19716666666667,0.4191974839638762
2018-08-15,002594.SZ,43.0,43.9,41.78,42.13,43.15,-1.02,-2.3638,98822.81,422981.147,-0.02363847045191181,-0.023922341538511655,41.878,41.5505,45.98266666666667,0.4271133630553022
2018-08-16,002594.SZ,41.45,43.2,41.24,42.26,42.13,0.13,0.3086,74037.66,313880.308,0.0030856871587940926,0.0030809361969853593,42.480000000000004,41.556,45.775666666666666,0.41643825412487195
2018-08-17,002594.SZ,42.95,43.0,42.01,42.45,42.12,0.33,0.7835,57459.69,244648.242,0.004495977283483388,0.00448590056944587,42.632,41.533,45.580666666666666,0.4116055721927995
2018-08-20,002594.SZ,42.97,45.35,42.9,45.24,42.45,2.79,6.5724,147217.13,652700.919,0.06572438162544159,0.06365473849056327,43.04600000000001,41.62,45.431000000000004,0.47192942947129846
2018-08-21,002594.SZ,45.25,45.58,44.4,44.9,45.24,-0.34,-0.7515,98459.57,442864.999,-0.0075154730327144925,-0.007543856499711178,43.396,41.6505,45.29966666666667,0.46933412516442136
2018-08-22,002594.SZ,45.55,45.81,44.16,44.79,44.9,-0.11,-0.245,90880.71,408588.402,-0.0024498886414253684,-0.002452894528999879,43.928000000000004,41.6875,45.1545,0.46890580453600184
2018-08-23,002594.SZ,44.82,45.4,43.62,44.32,44.79,-0.47,-1.0493,83316.91,370017.549,-0.010493413708417054,-0.010548857780180337,44.339999999999996,41.7535,45.05316666666667,0.4617784351537205
2018-08-24,002594.SZ,44.35,44.35,42.82,43.45,44.32,-0.87,-1.963,78309.5,339680.03,-0.019629963898916913,-0.01982519072762727,44.540000000000006,41.7765,44.92483333333333,0.46806250494154966
2018-08-27,002594.SZ,43.44,45.25,43.38,45.01,43.45,1.56,3.5903,87641.04,392169.181,0.03590333716915994,0.03527383559344027,44.494,41.902,44.8265,0.48144908375473927
2018-08-28,002594.SZ,45.05,46.15,44.92,45.59,45.01,0.58,1.2886,80942.81,368320.457,0.012886025327704997,0.01280370692050876,44.632,42.0695,44.74966666666667,0.48124179290973296
2018-08-29,002594.SZ,45.41,46.82,45.41,46.3,45.59,0.71,1.5574,91448.33,423581.624,0.015573590699714757,0.015453566866838258,44.934000000000005,42.2855,44.66766666666667,0.4811883545410684
2018-08-30,002594.SZ,45.5,46.42,44.64,45.0,46.3,-1.3,-2.8078,91240.95,413735.712,-0.028077753779697567,-0.028479471321868573,45.07000000000001,42.5305,44.565666666666665,0.46135290176522226
2018-08-31,002594.SZ,44.42,44.88,43.9,44.46,45.0,-0.54,-1.2,66898.26,296774.484,-0.01200000000000001,-0.012072581234269249,45.272,42.837,44.458,0.42774359785385174
2018-09-03,002594.SZ,44.39,44.39,43.13,43.67,44.46,-0.79,-1.7769,56080.26,244217.934,-0.017768780926675665,-0.017928541038580933,45.004000000000005,43.156,44.35033333333333,0.4188034989952141
2018-09-04,002594.SZ,43.89,44.58,43.61,44.52,43.67,0.85,1.9464,59574.3,263787.461,0.019464163040989302,0.019277158909874557,44.79,43.482,44.268666666666675,0.41895110734963964
2018-09-05,002594.SZ,44.08,44.51,42.5,42.5,44.52,-2.02,-4.5373,82855.24,358289.748,-0.04537286612758318,-0.04643445047697301,44.029999999999994,43.6925,44.143166666666666,0.4602407882369955
2018-09-06,002594.SZ,42.5,43.2,42.05,42.6,42.5,0.1,0.2353,46915.89,200948.426,0.0023529411764706687,0.002350177344953673,43.55,43.86,44.0355,0.45453742411809184
2018-09-07,002594.SZ,43.29,44.08,42.65,42.82,42.6,0.22,0.5164,68764.74,298371.255,0.00516431924882621,0.0051510298862119195,43.222,43.9165,43.931666666666665,0.4004143414529629
2018-09-10,002594.SZ,42.98,43.44,41.15,41.73,42.82,-1.09,-2.5455,52933.19,222230.731,-0.02545539467538538,-0.025784988558075553,42.833999999999996,43.8445,43.82416666666667,0.39037649288807774
2018-09-11,002594.SZ,41.55,41.86,40.91,41.52,41.73,-0.21,-0.5032,35223.14,145958.369,-0.005032350826743248,-0.005045055745827932,42.233999999999995,43.763,43.7665,0.39056627599794375
2018-09-12,002594.SZ,41.01,42.5,40.71,42.04,41.52,0.52,1.2524,55875.93,233559.547,0.012524084778420042,0.012446307151117181,42.142,43.758500000000005,43.710666666666675,0.38459902458263384
2018-09-13,002594.SZ,42.71,43.05,42.09,42.92,42.04,0.88,2.0932,55448.31,235991.197,0.020932445290199775,0.020716371753747312,42.206,43.7915,43.66316666666667,0.3915487363076579
2018-09-14,002594.SZ,44.21,45.45,44.21,44.81,42.92,1.89,4.4035,105337.03,470960.344,0.04403541472506989,0.043093411035553926,42.604,43.909499999999994,43.62916666666667,0.4202514519490646
2018-09-17,002594.SZ,44.0,45.46,43.5,44.81,44.81,0.0,0.0,85194.87,380849.816,0.0,0.0,43.220000000000006,43.888,43.608333333333334,0.3489280765419174
2018-09-18,002594.SZ,44.17,45.34,44.05,45.08,44.81,0.27,0.6025,68125.47,305784.416,0.006025440749832578,0.006007360373523845,43.932,43.897000000000006,43.58666666666667,0.3484977432632968
2018-09-19,002594.SZ,45.1,47.38,44.7,46.96,45.08,1.88,4.1704,130011.23,605521.15,0.04170363797693,0.04085748634826555,44.916000000000004,44.0055,43.58433333333333,0.3776809281104348
2018-09-20,002594.SZ,46.96,47.5,45.95,45.95,46.96,-1.01,-2.1508,82025.3,384946.509,-0.0215076660988075,-0.021742326718144956,45.522000000000006,44.087,43.583333333333336,0.3847176140558116
2018-09-21,002594.SZ,47.5,48.75,46.6,47.01,45.95,1.06,2.3069,162412.36,771531.286,0.02306855277475517,0.022806496234343096,45.962,44.265,43.57216666666667,0.3826005995432008
2018-09-25,002594.SZ,47.3,48.65,47.3,48.2,47.01,1.19,2.5314,102447.05,493193.076,0.0253137630291429,0.02499867602051563,46.64,44.4245,43.60916666666667,0.3726882275496021
2018-09-26,002594.SZ,48.66,48.95,47.78,48.26,48.2,0.06,0.1245,99681.82,481689.819,0.0012448132780082943,0.0012440391403310493,47.275999999999996,44.55800000000001,43.657666666666664,0.3711667784698223
2018-09-27,002594.SZ,48.5,48.6,47.5,47.8,48.26,-0.46,-0.9532,62774.25,301075.048,-0.009531703273932934,-0.009577420699475453,47.444,44.632999999999996,43.69116666666666,0.3706827813967655
2018-09-28,002594.SZ,48.0,49.28,47.9,49.1,47.8,1.3,2.7197,76871.14,375320.282,0.027196652719665426,0.026833395303064753,48.074,44.838,43.74983333333333,0.36333875349403183
2018-10-08,002594.SZ,47.0,47.95,46.42,46.55,49.1,-2.55,-5.1935,111389.04,525032.408,-0.05193482688391049,-0.05333203107739893,47.982,44.9425,43.758500000000005,0.41196252017228574
2018-10-09,002594.SZ,46.61,47.6,46.61,47.09,46.55,0.54,1.16,41623.04,196036.934,0.011600429645542532,0.011533660532387238,47.760000000000005,45.1135,43.768,0.4058279823293538
2018-10-10,002594.SZ,47.35,47.56,45.45,45.91,47.09,-1.18,-2.5058,88215.47,406966.964,-0.025058398810787974,-0.02537770599433266,47.290000000000006,45.183,43.756,0.4141438643641103
2018-10-11,002594.SZ,44.41,45.18,42.67,42.82,45.91,-3.09,-6.7306,119795.39,525829.641,-0.06730559790895219,-0.06967767509959383,46.294,45.199,43.712,0.45283346221630055
2018-10-12,002594.SZ,43.21,46.8,43.21,46.42,42.82,3.6,8.4073,129205.13,582234.034,0.08407286314806162,0.08072511768475421,45.758,45.39,43.71033333333334,0.5409630695878102
2018-10-15,002594.SZ,46.58,47.85,46.3,46.93,46.42,0.51,1.0987,95431.35,449287.101,0.010986643688065456,0.010926728960035274,45.833999999999996,45.5955,43.72666666666667,0.5414021469413589
2018-10-16,002594.SZ,46.95,47.46,45.28,45.96,46.93,-0.97,-2.0669,64697.09,298245.832,-0.020669081610909856,-0.020885676825771346,45.608,45.807,43.76016666666667,0.5380705757114852
2018-10-17,002594.SZ,46.7,47.66,45.88,47.31,45.96,1.35,2.9373,110262.62,517523.05,0.02937336814621405,0.028950236662501728,45.888,46.096500000000006,43.82283333333333,0.5430739936293099
2018-10-18,002594.SZ,47.0,47.3,45.71,46.18,47.31,-1.13,-2.3885,83864.95,389252.607,-0.023885013739167293,-0.02417488571670751,46.56,46.3035,43.87083333333333,0.553531434646261
2018-10-19,002594.SZ,45.08,47.27,44.0,47.02,46.18,0.84,1.819,119985.53,548809.979,0.01818969250757907,0.018026239185574184,46.67999999999999,46.5085,43.952,0.5525877885173638
2018-10-22,002594.SZ,47.61,50.2,47.56,50.01,47.02,2.99,6.359,168944.9,830863.889,0.06358996171841769,0.061649942318888866,47.29600000000001,46.7685,44.07033333333334,0.5747552644472346
2018-10-23,002594.SZ,49.85,49.99,47.3,48.46,50.01,-1.55,-3.0994,115358.17,561568.014,-0.03099380123975204,-0.03148427004243264,47.79600000000001,46.951,44.153000000000006,0.5894760054689604
2018-10-24,002594.SZ,48.3,49.74,48.01,48.77,48.46,0.31,0.6397,104536.87,511363.113,0.006397028477094668,0.006376654333581715,48.088,47.13549999999999,44.22766666666667,0.5894896161691208
2018-10-25,002594.SZ,47.35,49.75,46.89,49.6,48.77,0.83,1.7019,110847.35,534735.63,0.01701865901168742,0.01687546400892048,48.772000000000006,47.2675,44.320166666666665,0.575217704255385
2018-10-26,002594.SZ,49.99,50.14,47.98,48.62,49.6,-0.98,-1.9758,76780.49,375759.895,-0.01975806451612916,-0.01995586484290463,49.092,47.400999999999996,44.41383333333333,0.5742472767989366
2018-10-29,002594.SZ,48.63,48.98,46.9,47.38,48.62,-1.24,-2.5504,69283.76,330502.208,-0.025503907856848973,-0.025834770157337837,48.565999999999995,47.4195,44.486999999999995,0.5781038000255093
2018-10-30,002594.SZ,47.45,47.74,44.88,46.53,47.38,-0.85,-1.794,96486.76,446449.785,-0.017940059096665295,-0.018102932874082295,48.18000000000001,47.336,44.55416666666667,0.5743694039414232
2018-10-31,002594.SZ,46.44,47.45,46.1,46.79,46.53,0.26,0.5588,61159.22,286724.573,0.005587792821835302,0.005572239021567701,47.784000000000006,47.2625,44.63,0.5748158318510843
2018-11-01,002594.SZ,47.23,47.5,44.98,45.7,46.79,-1.09,-2.3296,109019.61,506616.966,-0.023295575977772986,-0.023571206977965862,47.004,47.1575,44.692,0.5796044829047261
2018-11-02,002594.SZ,46.45,48.15,45.7,48.02,45.7,2.32,5.0766,139156.35,653896.214,0.05076586433260388,0.04951929289294809,46.884,47.1035,44.824,0.6007952239570126
2018-11-05,002594.SZ,48.0,49.12,47.2,48.25,48.02,0.23,0.479,110088.11,530983.606,0.0047896709704289275,0.004778236991887711,47.05800000000001,47.1885,44.989333333333335,0.5692194813818585
2018-11-06,002594.SZ,48.17,48.18,46.9,47.63,48.25,-0.62,-1.285,55657.95,263813.779,-0.012849740932642462,-0.012933012972225884,47.278,47.215500000000006,45.16166666666667,0.5705916822911264
2018-11-07,002594.SZ,46.6,48.05,46.59,47.25,47.63,-0.38,-0.7978,69529.11,328618.537,-0.007978165022044958,-0.008010160873017291,47.37,47.282500000000006,45.31583333333334,0.5633513358237737
2018-11-08,002594.SZ,47.68,49.55,47.68,48.98,47.25,1.73,3.6614,142158.55,691476.023,0.03661375661375654,0.03595939758426985,48.025999999999996,47.5905,45.494,0.5121579235735847
2018-11-09,002594.SZ,48.8,50.89,48.33,50.0,48.98,1.02,2.0825,146773.06,733720.348,0.020824826459779677,0.020610953904124547,48.422000000000004,47.7695,45.673166666666674,0.4286958837788528
2018-11-12,002594.SZ,49.98,52.1,49.7,51.61,50.0,1.61,3.22,133711.84,686089.554,0.032200000000000006,0.03169244673248973,49.094,48.003499999999995,45.8385,0.4397114425721176
2018-11-13,002594.SZ,50.62,52.45,50.5,51.0,51.61,-0.61,-1.1819,105875.44,544505.063,-0.011819414842084819,-0.01188981943630996,49.768,48.2555,45.96900000000001,0.43391021318412487
2018-11-14,002594.SZ,50.93,52.8,50.88,51.9,51.0,0.9,1.7647,102128.68,532606.599,0.01764705882352935,0.01749315744751712,50.698,48.485,46.11483333333333,0.4273234609405483
2018-11-15,002594.SZ,51.66,52.29,51.36,51.81,51.9,-0.09,-0.1734,69457.86,359591.469,-0.001734104046242746,-0.0017356093451460007,51.263999999999996,48.7665,46.27616666666666,0.4145203392000842
2018-11-16,002594.SZ,52.0,52.7,50.89,51.55,51.81,-0.26,-0.5018,113240.88,586888.029,-0.005018336228527431,-0.005030970363728114,51.574,48.993,46.431000000000004,0.4137188438367386
2018-11-19,002594.SZ,51.72,55.3,51.58,54.7,51.55,3.15,6.1106,162487.77,875664.702,0.061105722599418044,0.05931149896496659,52.19199999999999,49.227500000000006,46.63516666666666,0.409115262959426
2018-11-20,002594.SZ,54.0,56.98,53.4,55.4,54.7,0.7,1.2797,173210.8,959224.885,0.01279707495429605,0.012715884325302495,53.072,49.5745,46.8045,0.38724110662479283
2018-11-21,002594.SZ,54.76,56.0,54.1,55.0,55.4,-0.4,-0.722,94100.96,516953.989,-0.0072202166064981865,-0.007246408520767198,53.69199999999999,49.886,46.972833333333334,0.39052167629444734
2018-11-22,002594.SZ,54.65,56.96,54.65,55.3,55.0,0.3,0.5455,102001.86,570471.566,0.005454545454545379,0.005439723295818121,54.39,50.17100000000001,47.148,0.3884684652301597
2018-11-23,002594.SZ,55.3,55.67,53.31,54.0,55.3,-1.3,-2.3508,95170.96,515611.648,-0.023508137432188048,-0.023788861964014713,54.879999999999995,50.44,47.309333333333335,0.3919447992844634
2018-11-26,002594.SZ,53.91,55.3,53.48,54.16,54.0,0.16,0.2963,82746.26,449937.036,0.002962962962962834,0.0029585820397450414,54.772000000000006,50.779,47.487833333333334,0.374679734022612
2018-11-27,002594.SZ,54.55,57.4,54.55,57.25,54.16,3.09,5.7053,159156.1,898849.519,0.05705317577548019,0.0554850138303296,55.14200000000001,51.315,47.69183333333333,0.40211331786737725
2018-11-28,002594.SZ,57.25,58.68,56.31,57.65,57.25,0.4,0.6987,120959.46,695702.141,0.00698689956331866,0.006962604280718887,55.672000000000004,51.85799999999999,47.892833333333336,0.40190714344782885
2018-11-29,002594.SZ,57.85,59.1,57.1,57.65,57.65,0.0,0.0,104920.41,609939.043,0.0,0.0,56.141999999999996,52.45550000000001,48.082,0.38380309241363586
2018-11-30,002594.SZ,57.43,58.4,56.42,57.0,57.65,-0.65,-1.1275,89648.39,514882.194,-0.011274934952298366,-0.011338978880517894,56.742,52.904500000000006,48.282000000000004,0.3632206188612506
2018-12-03,002594.SZ,58.35,58.92,55.58,56.08,57.0,-0.92,-1.614,194258.36,1110534.662,-0.01614035087719301,-0.01627202510821553,57.126,53.29600000000001,48.47566666666667,0.3737700273672168
2018-12-04,002594.SZ,55.4,56.84,55.11,56.32,56.08,0.24,0.428,118279.68,663603.374,0.004279600570613384,0.0042704691234522855,56.94,53.73049999999999,48.6865,0.3660818596233803
2018-12-05,002594.SZ,55.65,58.15,55.14,57.93,56.32,1.61,2.8587,156248.38,887736.695,0.028586647727272707,0.028185673258745783,56.996,54.2645,48.91,0.367045697347041
2018-12-06,002594.SZ,57.51,57.8,54.88,55.35,57.93,-2.58,-4.4537,135824.84,759428.435,-0.04453650958052824,-0.045558725953886894,56.536,54.58299999999999,49.12416666666666,0.4018250202766371
2018-12-07,002594.SZ,55.9,57.9,55.55,56.89,55.35,1.54,2.7823,126354.19,718653.311,0.027822944896115587,0.027442919607910097,56.513999999999996,54.927499999999995,49.36233333333333,0.40589673180362845
2018-12-10,002594.SZ,56.02,56.55,55.05,55.39,56.89,-1.5,-2.6367,115499.23,642323.334,-0.02636667252592728,-0.026720506717543547,56.376,55.116499999999995,49.57183333333333,0.41046665220204176
2018-12-11,002594.SZ,55.72,57.34,55.7,56.16,55.39,0.77,1.3901,111477.8,630306.945,0.013901426250225501,0.013805687672542978,56.34400000000001,55.3745,49.81233333333333,0.40758431653179905
2018-12-12,002594.SZ,56.7,58.48,56.6,58.25,56.16,2.09,3.7215,131204.08,756589.988,0.03721509971509973,0.036539332728254284,56.408,55.69199999999999,50.091166666666666,0.4212382512702892
2018-12-13,002594.SZ,58.25,58.56,57.12,58.4,58.25,0.15,0.2575,101065.04,585047.648,0.0025751072961373023,0.00257179738837139,57.01800000000001,56.0215,50.36383333333333,0.42044981159504136
2018-12-14,002594.SZ,58.37,58.99,56.9,57.3,58.4,-1.1,-1.8836,92911.18,537878.635,-0.018835616438356184,-0.019015266113487514,57.1,56.309000000000005,50.603500000000004,0.4281873474766602
2018-12-17,002594.SZ,56.67,57.0,54.0,54.89,57.3,-2.41,-4.2059,142955.98,786141.531,-0.04205933682373464,-0.04296944115889594,57.0,56.31849999999999,50.771499999999996,0.4070230142912092
2018-12-18,002594.SZ,54.05,56.1,53.98,55.04,54.89,0.15,0.2733,91365.2,504509.55,0.0027327382036801406,0.002729011063290433,56.775999999999996,56.3005,50.942,0.40454537858746
2018-12-19,002594.SZ,55.21,55.95,53.38,53.5,55.04,-1.54,-2.798,113363.1,617053.242,-0.027979651162790664,-0.028378539723127323,55.826,56.2255,51.08233333333333,0.41599608987912046
2018-12-20,002594.SZ,53.51,54.34,52.83,53.87,53.5,0.37,0.6916,104322.25,560669.532,0.006915887850467151,0.006892082790481384,54.92,56.153999999999996,51.1975,0.4163316572713461
2018-12-21,002594.SZ,53.61,54.19,51.92,52.98,53.87,-0.89,-1.6521,103208.9,545598.258,-0.01652125487284206,-0.016659252848518775,54.056,56.102999999999994,51.31466666666667,0.41203457782272207
2018-12-24,002594.SZ,52.73,53.44,52.08,53.21,52.98,0.23,0.4341,81600.71,431280.133,0.004341260853152118,0.004331864764354268,53.720000000000006,56.05550000000001,51.418,0.4122231702843383
2018-12-25,002594.SZ,52.6,52.99,50.88,52.22,53.21,-0.99,-1.8606,112456.35,584096.975,-0.018605525277203605,-0.018780785337295214,53.15599999999999,55.80400000000001,51.485,0.3555508363702179
2018-12-26,002594.SZ,52.24,52.68,51.0,51.0,52.22,-1.22,-2.3363,77390.62,401148.28,-0.023362696284948248,-0.023639930546656966,52.65599999999999,55.471500000000006,51.53066666666666,0.35902205177108554
2018-12-27,002594.SZ,52.11,52.45,50.76,50.84,51.0,-0.16,-0.3137,100761.5,519075.086,-0.0031372549019607066,-0.003142186403072393,52.05,55.13099999999999,51.58133333333333,0.3585145939025315
2018-12-28,002594.SZ,50.86,51.4,50.11,51.0,50.84,0.16,0.3147,82507.06,419993.12,0.0031471282454760274,0.0031421864030724955,51.653999999999996,54.830999999999996,51.61300000000001,0.35936618020852423
2019-01-02,002594.SZ,51.02,51.39,48.98,49.17,51.0,-1.83,-3.5882,85554.45,424670.6,-0.035882352941176476,-0.03654195130047777,50.846000000000004,54.4855,51.656666666666666,0.3738061723084176
2019-01-03,002594.SZ,49.26,49.87,47.98,48.06,49.17,-1.11,-2.2575,83477.6,407386.244,-0.022574740695546103,-0.022833451115525195,50.013999999999996,54.072500000000005,51.67283333333333,0.37588495341400624
2019-01-04,002594.SZ,47.8,51.0,47.51,50.65,48.06,2.59,5.3891,126537.87,627892.541,0.05389096962130657,0.05248900038636941,49.944,53.7085,51.75183333333334,0.4167347938484009
2019-01-07,002594.SZ,50.85,51.88,50.0,51.39,50.65,0.74,1.461,136045.5,693197.812,0.01461006910167817,0.014504370309445831,50.054,53.5105,51.894666666666666,0.39731517327361027
2019-01-08,002594.SZ,52.3,53.64,52.05,52.88,51.39,1.49,2.8994,147051.57,777381.422,0.02899396769799578,0.028581594539292675,50.43,53.31,52.00233333333333,0.3985558542453901
2019-01-09,002594.SZ,51.8,53.0,48.5,50.46,52.88,-2.42,-4.5764,262205.3,1327590.6,-0.04576399394856279,-0.046844252330519164,50.688,53.0635,52.061166666666665,0.41884429669672435
2019-01-10,002594.SZ,49.9,50.19,48.64,48.85,50.46,-1.61,-3.1906,153455.9,757175.097,-0.03190646056282198,-0.03242656472411988,50.846,52.698,52.10933333333333,0.42394441663940496
2019-01-11,002594.SZ,48.5,49.29,48.38,49.02,48.85,0.17,0.348,96799.55,472494.719,0.0034800409416582134,0.0034739996111748453,50.52,52.2365,52.13783333333333,0.3935103883040537
2019-01-14,002594.SZ,49.2,49.21,47.31,48.8,49.02,-0.22,-0.4488,109746.34,527419.471,-0.004487964096287378,-0.004498065240865172,50.001999999999995,51.7565,52.18150000000001,0.3917167564769983
2019-01-15,002594.SZ,48.39,48.96,47.85,48.8,48.8,0.0,0.0,83530.65,405053.064,0.0,0.0,49.186,51.33149999999999,52.21116666666667,0.39092612355738693
2019-01-16,002594.SZ,48.8,49.12,48.32,48.93,48.8,0.13,0.2664,65923.79,321851.881,0.002663934426229586,0.0026603924419307786,48.879999999999995,51.0335,52.19316666666667,0.37050430942106843
2019-01-17,002594.SZ,48.9,48.91,47.33,47.49,48.93,-1.44,-2.943,98743.78,471791.914,-0.029429797670140978,-0.029871542740001682,48.608,50.656,52.177,0.3785592314418149
2019-01-18,002594.SZ,47.49,47.49,46.04,46.82,47.49,-0.67,-1.4108,125995.91,587354.337,-0.014108233312276286,-0.014208700498265782,48.16799999999999,50.322,52.1445,0.3715393730288629
2019-01-21,002594.SZ,46.76,48.26,46.12,48.21,46.82,1.39,2.9688,131233.26,623110.349,0.029688167449807734,0.029256006354766162,48.05,50.039,52.12133333333334,0.39065494610817514
2019-01-22,002594.SZ,48.06,48.8,47.6,47.7,48.21,-0.51,-1.0579,84093.77,405187.157,-0.010578718108276264,-0.010635070523235349,47.83,49.775,52.106,0.38894631195890805
2019-01-23,002594.SZ,47.42,48.88,47.33,48.8,47.7,1.1,2.3061,96619.67,468388.887,0.023060796645702153,0.02279891496480581,47.804,49.5545,52.12966666666667,0.40038576529801573
2019-01-24,002594.SZ,48.93,48.97,47.66,48.52,48.8,-0.28,-0.5738,71711.59,346868.853,-0.0057377049180327155,-0.00575422878325204,48.010000000000005,49.3695,52.16283333333333,0.3967554095627665
2019-01-25,002594.SZ,48.55,49.64,48.19,49.18,48.52,0.66,1.3603,100929.16,495909.173,0.013602638087386598,0.013510952712197079,48.482000000000006,49.2785,52.202666666666666,0.39373815569063636
2019-01-28,002594.SZ,49.2,49.85,48.28,48.46,49.18,-0.72,-1.464,86253.59,421062.141,-0.014640097600650659,-0.014748321399666822,48.532000000000004,49.1595,52.248666666666665,0.3964710815700128
2019-01-29,002594.SZ,48.45,48.45,47.03,48.0,48.46,-0.46,-0.9492,61503.17,294079.276,-0.009492364836979017,-0.00953770448048881,48.592,49.0095,52.248333333333335,0.3967914623978254
2019-01-30,002594.SZ,47.95,48.27,46.9,47.15,48.0,-0.85,-1.7708,83426.14,395168.911,-0.017708333333333326,-0.01786700182842442,48.262,48.908500000000004,52.230000000000004,0.3816058914059281
2019-01-31,002594.SZ,47.1,47.49,46.27,46.42,47.15,-0.73,-1.5483,71885.09,336548.858,-0.015482502651113395,-0.015603608233175446,47.842,48.826499999999996,52.209833333333336,0.377296410197574
2019-02-01,002594.SZ,46.75,48.31,46.51,48.27,46.42,1.85,3.9854,91780.0,437206.887,0.03985351141749249,0.03907984882611058,47.660000000000004,48.707499999999996,52.22683333333334,0.3524515612867406
2019-02-11,002594.SZ,48.8,50.33,48.8,50.2,48.27,1.93,3.9983,128870.65,643280.484,0.03998342655893938,0.03920477702528206,48.008,48.648,52.247166666666665,0.37898222355441025
2019-02-12,002594.SZ,50.21,51.15,49.88,50.58,50.2,0.38,0.757,102991.51,520271.543,0.007569721115537664,0.007541214544135395,48.524,48.533,52.25683333333333,0.36389792319958697
2019-02-13,002594.SZ,50.58,52.09,50.32,51.57,50.58,0.99,1.9573,122964.82,631189.934,0.019572953736654908,0.01938386682104859,49.408,48.588499999999996,52.256166666666665,0.3321317431104031
2019-02-14,002594.SZ,51.85,54.06,51.85,53.72,51.57,2.15,4.1691,169124.15,900048.082,0.04169090556525101,0.04084526359216915,50.868,48.832,52.3015,0.33725642566448155
2019-02-15,002594.SZ,53.4,53.4,51.52,51.67,53.72,-2.05,-3.8161,152915.89,798355.783,-0.03816083395383463,-0.03890802935594351,51.548,48.9645,52.29766666666667,0.37046071992366203
2019-02-18,002594.SZ,51.93,52.79,51.64,52.45,51.67,0.78,1.5096,168184.85,878505.553,0.015095800270950255,0.014982992543212932,51.998000000000005,49.147000000000006,52.30833333333333,0.371805402178938
2019-02-19,002594.SZ,52.5,52.66,50.99,51.74,52.45,-0.71,-1.3537,144364.53,746470.487,-0.013536701620591063,-0.013629158084423132,52.230000000000004,49.294,52.3115,0.37674729175013444
2019-02-20,002594.SZ,51.8,52.8,51.54,52.36,51.74,0.62,1.1983,124998.99,653706.171,0.011982991882489413,0.01191176428381615,52.388,49.465500000000006,52.27250000000001,0.37802302311197866
2019-02-21,002594.SZ,52.3,53.01,51.56,51.94,52.36,-0.42,-0.8021,126055.57,659357.725,-0.008021390374331583,-0.008053734807096827,52.032,49.688,52.21483333333334,0.3603946040612664
2019-02-22,002594.SZ,51.8,51.88,50.9,51.88,51.94,-0.06,-0.1155,119677.84,614630.406,-0.0011551790527530859,-0.001155846786359162,52.074,49.940999999999995,52.16283333333333,0.35429504298971254
2019-02-25,002594.SZ,51.88,55.13,51.5,55.06,51.88,3.18,6.1295,258382.09,1389428.008,0.061295296838858926,0.05949014026621814,52.596000000000004,50.283500000000004,52.15883333333333,0.39811245071663237
2019-02-26,002594.SZ,57.2,58.67,56.44,56.74,55.06,1.68,3.0512,291995.5,1676147.79,0.030512168543407103,0.030055929666243947,53.596000000000004,50.7355,52.2045,0.4008134508274472
2019-02-27,002594.SZ,56.2,56.25,54.15,54.96,56.74,-1.78,-3.1371,228542.62,1257964.248,-0.03137116672541418,-0.0318737814666114,54.116,51.0435,52.21783333333334,0.4215467667212616
2019-02-28,002594.SZ,55.12,55.22,54.16,54.51,54.96,-0.45,-0.8188,94237.38,515781.621,-0.008187772925764225,-0.008221476837904425,54.629999999999995,51.342999999999996,52.17216666666666,0.4225626353815303
2019-03-01,002594.SZ,54.88,54.98,52.88,53.8,54.51,-0.71,-1.3025,174562.53,935733.501,-0.013025133003118694,-0.013110703908450778,55.013999999999996,51.574,52.108,0.426899549911659
2019-03-04,002594.SZ,54.0,54.79,52.73,53.68,53.8,-0.12,-0.223,302258.1,1617182.254,-0.0022304832713754275,-0.0022329745043123414,54.738,51.835,52.04183333333333,0.4216296110437696
2019-03-05,002594.SZ,53.66,54.23,53.0,54.08,53.68,0.4,0.7452,196305.91,1054132.204,0.007451564828613977,0.007423939071282267,54.205999999999996,52.138999999999996,51.99316666666666,0.4179339621047844
2019-03-06,002594.SZ,54.5,54.96,53.5,54.44,54.08,0.36,0.6657,220521.78,1195892.022,0.006656804733727872,0.006634746048556733,54.102,52.503499999999995,51.96583333333333,0.4082006199055786
2019-03-07,002594.SZ,54.1,54.1,53.01,53.38,54.44,-1.06,-1.9471,182839.43,976603.632,-0.01947097722263036,-0.019663033806887182,53.876,52.8515,51.91683333333333,0.4114150425924629
2019-03-08,002594.SZ,53.0,53.0,51.05,51.12,53.38,-2.26,-4.2338,185281.5,962751.253,-0.042337954289996316,-0.04326033390709878,53.339999999999996,52.99400000000001,51.80333333333333,0.4283241616645963
2019-03-11,002594.SZ,51.1,52.48,51.1,52.37,51.12,1.25,2.4452,126196.5,654575.666,0.024452269170579077,0.024158098222116998,53.077999999999996,53.1025,51.75366666666667,0.41394829556352053
2019-03-12,002594.SZ,52.4,52.88,51.71,51.99,52.37,-0.38,-0.7256,138615.48,725665.664,-0.007256062631277316,-0.007282515895771777,52.660000000000004,53.173,51.672000000000004,0.4148553971562675
2019-03-13,002594.SZ,51.78,52.77,51.3,52.0,51.99,0.01,0.0192,127209.68,662997.519,0.0001923446816696206,0.00019232618580302034,52.172000000000004,53.194500000000005,51.6155,0.4094485827386263
2019-03-14,002594.SZ,52.01,55.15,52.01,54.57,52.0,2.57,4.9423,350367.43,1889955.259,0.049423076923077014,0.048240562616713306,52.410000000000004,53.237,51.589000000000006,0.42047951299384456
2019-03-15,002594.SZ,55.05,56.2,54.13,55.39,54.57,0.82,1.5027,255425.62,1416034.163,0.015026571376214104,0.014914790846872021,53.263999999999996,53.423,51.541333333333334,0.39627467193923754
2019-03-18,002594.SZ,55.5,56.44,55.39,55.66,55.39,0.27,0.4875,154589.09,863433.541,0.004874526087741415,0.0048626840527321346,53.922000000000004,53.5835,51.495666666666665,0.3940564688765056
2019-03-19,002594.SZ,56.15,56.66,55.51,55.99,55.66,0.33,0.5929,124059.88,695763.5,0.005928853754940899,0.005911347263057385,54.722,53.79600000000001,51.47383333333334,0.3890756232045307
2019-03-20,002594.SZ,56.25,56.67,54.85,55.4,55.99,-0.59,-1.0538,122722.7,685243.136,-0.01053759599928561,-0.010593509607563816,55.402,53.948,51.48233333333334,0.39133478675819877
2019-03-21,002594.SZ,55.4,55.98,54.64,55.05,55.4,-0.35,-0.6318,109001.92,603820.541,-0.006317689530685899,-0.0063377305845491345,55.498000000000005,54.1035,51.482499999999995,0.3907382544678094
2019-03-22,002594.SZ,55.15,57.58,54.99,57.0,55.05,1.95,3.5422,173032.54,982926.478,0.03542234332425065,0.03480940466586115,55.82000000000001,54.359500000000004,51.54083333333333,0.40658595805886993
2019-03-25,002594.SZ,56.0,57.97,55.72,56.5,57.0,-0.5,-0.8772,124562.02,709514.797,-0.00877192982456143,-0.00881062968215492,55.988,54.43150000000001,51.584666666666664,0.3501220868161232
2019-03-26,002594.SZ,57.0,57.55,55.08,55.25,56.5,-1.25,-2.2124,105549.04,594394.98,-0.02212389380530977,-0.0223722977545331,55.839999999999996,54.357000000000006,51.622499999999995,0.3420771509467218
2019-03-27,002594.SZ,54.77,56.55,53.7,54.71,55.25,-0.54,-0.9774,147450.06,804456.203,-0.009773755656108607,-0.009821832322127652,55.702,54.344500000000004,51.6475,0.32489609931030894
2019-03-28,002594.SZ,55.65,55.66,52.5,52.77,54.71,-1.94,-3.546,167947.28,895034.578,-0.03545969658197767,-0.03610366065815803,55.246,54.25750000000001,51.656666666666666,0.3476063474998904
2019-03-29,002594.SZ,52.86,53.56,52.16,53.49,52.77,0.72,1.3644,128353.96,680888.783,0.013644115974985827,0.013551873125582278,54.544000000000004,54.242000000000004,51.69816666666667,0.34865957998853125
2019-04-01,002594.SZ,53.54,54.79,53.3,54.45,53.49,0.96,1.7947,160698.15,870253.123,0.01794727986539546,0.017788128835810803,54.134,54.2805,51.75833333333333,0.3543049009497554
2019-04-02,002594.SZ,54.61,54.98,54.0,54.68,54.45,0.23,0.4224,128436.6,697294.567,0.004224058769513261,0.004215162476779281,54.02,54.310500000000005,51.81966666666666,0.35370391984006544
2019-04-03,002594.SZ,54.71,54.9,54.17,54.39,54.68,-0.29,-0.5304,101702.57,554172.127,-0.00530358449158741,-0.005317698420879425,53.955999999999996,54.30800000000001,51.906666666666666,0.3536193759956621
2019-04-04,002594.SZ,54.54,55.64,54.42,55.19,54.39,0.8,1.4709,147706.21,814495.088,0.01470858613715742,0.014601464016540392,54.44000000000001,54.3985,52.0255,0.34920129077206047
2019-04-08,002594.SZ,55.48,55.62,52.9,53.44,55.19,-1.75,-3.1709,165600.19,896323.907,-0.031708642870085124,-0.03222224822301959,54.42999999999999,54.5145,52.071999999999996,0.33300522236529273
2019-04-09,002594.SZ,53.55,55.3,53.55,54.93,53.44,1.49,2.7882,133048.7,724828.855,0.027881736526946144,0.027500118126138784,54.525999999999996,54.6425,52.131,0.3362203158207521
2019-04-10,002594.SZ,54.95,56.3,53.67,55.52,54.93,0.59,1.0741,176454.57,976494.639,0.010740943018387128,0.010683668844020116,54.693999999999996,54.818999999999996,52.175,0.3352900568889024
2019-04-11,002594.SZ,55.78,57.4,54.73,54.93,55.52,-0.59,-1.0627,183873.02,1031866.08,-0.010626801152737841,-0.010683668844020118,54.802,54.9655,52.2495,0.338886154499001
2019-04-12,002594.SZ,54.75,54.75,53.67,54.09,54.93,-0.84,-1.5292,89460.41,484592.128,-0.015292190060076427,-0.015410321471193407,54.58200000000001,54.9415,52.33683333333333,0.2963986023038036
2019-04-15,002594.SZ,54.46,55.24,53.33,53.54,54.09,-0.55,-1.0168,100201.48,544377.825,-0.010168238121649131,-0.010220287791129172,54.602,54.849000000000004,52.412166666666664,0.29261467744226444
2019-04-16,002594.SZ,53.54,57.05,53.3,56.73,53.54,3.19,5.9582,210095.7,1165362.389,0.0595816212177811,0.05787413324626937,54.962,54.902499999999996,52.544333333333334,0.364191797476401
2019-04-17,002594.SZ,58.1,62.4,58.1,62.4,56.73,5.67,9.9947,491714.14,2999382.073,0.09994711792702282,0.09526210403690624,56.338,55.223,52.771,0.5057733244676352
2019-04-18,002594.SZ,62.3,62.31,58.9,59.32,62.4,-3.08,-4.9359,314696.52,1902702.645,-0.049358974358974295,-0.050618758105650564,57.215999999999994,55.419,52.94416666666666,0.5401148577941224
2019-04-19,002594.SZ,59.01,61.8,58.51,60.13,59.32,0.81,1.3655,174364.29,1050880.591,0.013654753877275772,0.013562367781745941,58.424,55.673,53.154833333333336,0.5397270697138279
2019-04-22,002594.SZ,60.0,60.13,57.19,57.71,60.13,-2.42,-4.0246,152524.84,888126.618,-0.04024613337768168,-0.04107841632860224,59.257999999999996,55.7085,53.33633333333333,0.5498196413409231
2019-04-23,002594.SZ,57.75,57.91,56.61,56.96,57.71,-0.75,-1.2996,99685.87,569865.394,-0.01299601455553634,-0.013081201619154765,59.303999999999995,55.7315,53.482166666666664,0.5510362834645162
2019-04-24,002594.SZ,57.44,58.17,56.65,58.15,56.96,1.19,2.0892,112922.85,651607.907,0.020891853932584192,0.02067661186095303,58.45400000000001,55.8765,53.656333333333336,0.5482804645261551
2019-04-25,002594.SZ,57.7,57.7,56.0,56.16,58.15,-1.99,-3.4222,92924.85,526376.238,-0.0342218400687877,-0.03482111924711784,57.822,55.949,53.778999999999996,0.5625840346983538
2019-04-26,002594.SZ,56.09,56.59,55.13,55.36,56.16,-0.8,-1.4245,82089.26,457693.828,-0.014245014245014231,-0.01434744840814154,56.867999999999995,56.0785,53.893,0.5487731947811252
2019-04-29,002594.SZ,56.5,56.98,55.45,55.65,55.36,0.29,0.5238,105128.2,591529.429,0.005238439306358256,0.005224766412139586,56.455999999999996,56.1865,54.00083333333334,0.5474106337423651
2019-04-30,002594.SZ,55.55,56.9,55.25,56.9,55.65,1.25,2.2462,79274.23,447723.208,0.022461814914645162,0.022213263410731456,56.444,56.30899999999999,54.14149999999999,0.5493279443013619
2019-05-06,002594.SZ,54.88,55.28,51.84,52.05,56.9,-4.85,-8.5237,135543.64,725208.717,-0.0852372583479789,-0.08909054607130734,55.224000000000004,56.177499999999995,54.208999999999996,0.6317629735531781
2019-05-07,002594.SZ,52.42,53.58,52.07,53.01,52.05,0.96,1.8444,85742.47,454013.999,0.018443804034582234,0.01827577993873693,54.59400000000001,56.10850000000001,54.30666666666666,0.6355859117551288
2019-05-08,002594.SZ,52.03,53.32,51.41,51.85,53.01,-1.16,-2.1883,98147.03,511300.537,-0.021882663648368217,-0.02212564032417837,53.891999999999996,55.9415,54.397166666666664,0.637221467213127
2019-05-09,002594.SZ,51.9,52.25,50.67,51.11,51.85,-0.74,-1.4272,74263.9,380777.299,-0.014271938283510144,-0.014374761895348157,52.984,55.825,54.44449999999999,0.6295284458410054
2019-05-10,002594.SZ,51.86,52.32,49.7,52.26,51.11,1.15,2.25,90465.03,467950.646,0.02250048914106828,0.022251087312278227,52.056,55.6915,54.478833333333334,0.626481406031525
2019-05-13,002594.SZ,52.2,52.2,50.5,51.02,52.26,-1.24,-2.3728,64960.77,331705.667,-0.023727516264829607,-0.024013547378801,51.85,55.466499999999996,54.48616666666667,0.6293043910854068
2019-05-14,002594.SZ,50.45,51.0,50.1,50.19,51.02,-0.83,-1.6268,62974.78,318067.063,-0.01626813014504125,-0.01640190904682313,51.286,55.229499999999994,54.463166666666666,0.6304719019310059
2019-05-15,002594.SZ,50.61,51.33,50.33,51.29,50.19,1.1,2.1917,68026.85,346688.295,0.02191671647738591,0.021679997734334763,51.174,55.0895,54.42266666666667,0.6352612926776389
2019-05-16,002594.SZ,51.25,51.89,51.2,51.47,51.29,0.18,0.3509,58377.0,300715.977,0.0035094560343147396,0.003503312263486134,51.246,54.986000000000004,54.419333333333334,0.6347550732602871
2019-05-17,002594.SZ,51.3,51.45,50.0,50.22,51.47,-1.25,-2.4286,67504.82,340767.75,-0.024285991839906762,-0.024585759935224227,50.838,54.6605,54.38216666666667,0.5968956107884745
2019-05-20,002594.SZ,50.4,50.42,48.5,49.0,50.22,-1.22,-2.4293,78295.97,383243.529,-0.024293110314615673,-0.024593055618812323,50.434,53.9905,54.3365,0.45117456341484213
2019-05-21,002594.SZ,49.16,49.61,48.7,49.4,49.0,0.4,0.8163,59860.63,295136.969,0.008163265306122325,0.008130126083250089,50.275999999999996,53.4945,54.287166666666664,0.4332050946342967
2019-05-22,002594.SZ,49.49,49.51,48.6,48.93,49.4,-0.47,-0.9514,52623.37,257348.049,-0.009514170040485825,-0.009559718892844623,49.803999999999995,52.93449999999999,54.236999999999995,0.4250457569614898
2019-05-23,002594.SZ,49.3,49.48,47.47,47.59,48.93,-1.34,-2.7386,107057.19,514288.095,-0.027386061720825583,-0.027768050168013016,49.028,52.4285,54.1655,0.4152069436734187
2019-05-24,002594.SZ,47.71,49.69,47.0,48.61,47.59,1.02,2.1433,93766.16,451740.393,0.02143307417524687,0.021206615924345,48.706,52.011,54.058,0.4288595693139847
2019-05-27,002594.SZ,48.3,48.99,47.3,48.81,48.61,0.2,0.4114,79566.86,383543.247,0.004114379757251596,0.004105938841692,48.668,51.544000000000004,53.92583333333334,0.41810805156011255
2019-05-28,002594.SZ,48.81,50.5,48.71,50.5,48.81,1.69,3.4624,122525.48,610836.937,0.03462405244826883,0.03403812638225805,48.888,51.261,53.8515,0.4328254051960232
2019-05-29,002594.SZ,49.51,49.95,49.27,49.6,50.5,-0.9,-1.7822,56658.72,281063.737,-0.017821782178217838,-0.017982502550432357,49.022,50.973,53.76966666666667,0.4340303173098825
2019-05-30,002594.SZ,49.5,49.5,48.25,48.37,49.6,-1.23,-2.4798,55403.62,269187.302,-0.024798387096774288,-0.02511104689599006,49.178,50.609,53.67916666666667,0.4376089284390988
2019-05-31,002594.SZ,48.64,48.93,47.87,48.25,48.37,-0.12,-0.2481,53590.67,259382.616,-0.0024808765763902896,-0.0024839590498968657,49.106,50.1765,53.58866666666667,0.4243837105366463
2019-06-03,002594.SZ,48.71,49.16,48.04,48.79,48.25,0.54,1.1192,53961.7,261923.867,0.011191709844559528,0.011129546042750831,49.102,50.0135,53.5005,0.31519442961919053
2019-06-04,002594.SZ,48.44,48.6,47.7,48.51,48.79,-0.28,-0.5739,49330.99,237326.287,-0.0057388809182209455,-0.005755411570620651,48.70399999999999,49.7885,53.40166666666667,0.3048500924110769
2019-06-05,002594.SZ,48.98,49.35,48.6,48.9,48.51,0.39,0.804,67271.46,329419.97,0.008039579468150926,0.0080074342237012,48.564,49.641,53.327,0.30036644518457073
2019-06-06,002594.SZ,49.69,50.12,49.0,49.37,48.9,0.47,0.9611,106347.88,527701.775,0.009611451942740157,0.00956555578994505,48.763999999999996,49.553999999999995,53.29783333333334,0.30018434147830714
2019-06-10,002594.SZ,51.0,51.91,50.66,50.9,49.37,1.53,3.099,131081.81,671025.777,0.03099048004861249,0.03051997128570551,49.294,49.486,53.273333333333326,0.31054401620684163
2019-06-11,002594.SZ,50.57,51.69,50.15,51.55,50.9,0.65,1.277,119686.34,611970.77,0.012770137524557912,0.012689286906491829,49.846,49.5125,53.266,0.3022414202010884
2019-06-12,002594.SZ,51.56,51.56,50.56,50.75,51.55,-0.8,-1.5519,93790.99,476661.987,-0.015518913676042634,-0.015640592541072175,50.294,49.5405,53.24516666666667,0.3016951220204068
2019-06-13,002594.SZ,50.7,50.7,49.89,50.22,50.75,-0.53,-1.0443,68058.93,341679.829,-0.010443349753694653,-0.010498264192457833,50.558,49.487,53.172666666666665,0.2932995582259472
2019-06-14,002594.SZ,50.3,50.49,49.3,49.35,50.22,-0.87,-1.7324,62553.08,311449.188,-0.01732377538829144,-0.017475587849948286,50.553999999999995,49.38099999999999,53.072,0.29843110288134084
2019-06-17,002594.SZ,49.49,49.93,49.0,49.1,49.35,-0.25,-0.5066,53005.07,261630.786,-0.005065856129685908,-0.005078731079015687,50.194,49.325,52.96266666666667,0.2869137183529235
2019-06-18,002594.SZ,49.11,49.6,48.97,49.2,49.1,0.1,0.2037,54723.68,269093.638,0.0020366598778003286,0.0020345886977874567,49.724000000000004,49.335,52.8495,0.2734347418036356
2019-06-19,002594.SZ,50.12,50.35,49.46,49.6,49.2,0.4,0.813,92549.67,461559.434,0.008130081300812941,0.008097210232619303,49.49400000000001,49.345000000000006,52.75283333333333,0.2734221810989358
2019-06-20,002594.SZ,49.6,50.49,49.08,50.29,49.6,0.69,1.3911,121168.66,604664.111,0.01391129032258065,0.013815416452991596,49.508,49.413,52.6735,0.27486202542554233
2019-06-21,002594.SZ,50.2,50.68,50.0,50.55,50.29,0.26,0.517,106524.86,537052.469,0.0051700139192683014,0.005156695282607087,49.748,49.56099999999999,52.566,0.2528758199846011
2019-06-24,002594.SZ,50.55,50.88,50.21,50.76,50.55,0.21,0.4154,65401.16,331224.645,0.004154302670623222,0.004145697379706566,50.08,49.668499999999995,52.470333333333336,0.24356561901838833
2019-06-25,002594.SZ,50.5,50.68,49.7,49.9,50.76,-0.86,-1.6942,78742.19,393724.882,-0.01694247438928287,-0.0170876400887139,50.22,49.723,52.381166666666665,0.25275481097877944
2019-06-26,002594.SZ,49.56,50.6,49.41,50.03,49.9,0.13,0.2605,57139.27,286425.558,0.0026052104208418303,0.0026018227426408396,50.306,49.6995,52.30316666666667,0.2200799521423646
2019-06-27,002594.SZ,50.2,50.86,50.06,50.54,50.03,0.51,1.0194,81181.08,410302.47,0.01019388366979812,0.010142276459934492,50.355999999999995,49.7465,52.266,0.21297862078733804
2019-06-28,002594.SZ,50.55,50.83,50.23,50.72,50.54,0.18,0.3562,55170.97,278912.037,0.0035615354174911573,0.003555208168922378,50.39,49.864,52.21983333333333,0.18991484657195004
2019-07-01,002594.SZ,51.6,52.13,51.08,51.91,50.72,1.19,2.3462,114363.63,591468.284,0.023462145110410004,0.023191139710167084,50.620000000000005,50.047,52.1775,0.20287865304312064
2019-07-02,002594.SZ,51.91,54.4,51.55,53.18,51.91,1.27,2.4465,158556.34,845973.987,0.0244654209208246,0.02417093597573619,51.275999999999996,50.2665,52.1525,0.2144845223385209
2019-07-03,002594.SZ,53.18,54.2,52.77,53.4,53.18,0.22,0.4137,118723.44,636771.038,0.004136893569010924,0.004128360151275419,51.95,50.511,52.135999999999996,0.21112919132793873
2019-07-04,002594.SZ,53.42,54.11,52.82,53.24,53.4,-0.16,-0.2996,81471.45,435697.733,-0.0029962546816478808,-0.003000752439238213,52.489999999999995,50.728,52.10349999999999,0.21257985580840122
2019-07-05,002594.SZ,53.24,53.77,52.18,53.26,53.24,0.02,0.0376,82513.29,437855.977,0.00037565740045075735,0.0003755868588752576,52.998000000000005,50.9225,52.100500000000004,0.21207273788445102
2019-07-08,002594.SZ,53.27,53.29,51.26,52.32,53.26,-0.94,-1.7649,97308.46,509579.132,-0.01764926774314679,-0.017806873236842873,53.08,50.9935,52.057,0.19952471678937514
2019-07-09,002594.SZ,52.19,55.05,52.07,54.89,52.32,2.57,4.9121,181053.1,978273.334,0.0491207951070336,0.047952475412854544,53.422000000000004,51.1605,52.0465,0.25956348470558926
2019-07-10,002594.SZ,54.6,54.6,53.51,53.9,54.89,-0.99,-1.8036,119791.95,645839.746,-0.018036072144288595,-0.01820070464684639,53.522000000000006,51.318,52.029333333333334,0.26212122633933177
2019-07-11,002594.SZ,53.92,54.15,52.89,53.25,53.9,-0.65,-1.2059,92303.7,493283.916,-0.012059369202226278,-0.012132673325416909,53.524,51.4695,52.01533333333334,0.2632923540915595
2019-07-12,002594.SZ,53.3,54.78,53.2,54.26,53.25,1.01,1.8967,103750.3,562711.506,0.018967136150234598,0.018789502641251052,53.724000000000004,51.714999999999996,52.02733333333333,0.2574728499419213
2019-07-15,002594.SZ,54.28,55.88,53.62,55.35,54.26,1.09,2.0088,122206.76,672943.701,0.020088462956137088,0.01988935192386017,54.33,52.027499999999996,52.00433333333333,0.2600583530396253
2019-07-16,002594.SZ,55.14,55.25,54.6,54.78,55.35,-0.57,-1.0298,53946.09,295764.35,-0.010298102981029844,-0.010351495319713818,54.30799999999999,52.30649999999999,51.87733333333333,0.2662485425931863
2019-07-17,002594.SZ,54.79,55.2,54.4,54.65,54.78,-0.13,-0.2373,62128.71,340228.56,-0.0023731288791529748,-0.0023759492123845323,54.458000000000006,52.55899999999999,51.7995,0.2674893420401883
2019-07-18,002594.SZ,54.37,54.37,53.06,53.45,54.65,-1.2,-2.1958,89584.4,478991.316,-0.021957913998170042,-0.0222025771514932,54.498000000000005,52.717,51.68816666666667,0.2815600446498088
2019-07-19,002594.SZ,53.61,54.23,53.36,53.93,53.45,0.48,0.898,60072.25,323902.159,0.008980355472404167,0.008940271878081465,54.431999999999995,52.886,51.62516666666667,0.2822377870747998
2019-07-22,002594.SZ,54.5,55.43,54.04,54.9,53.93,0.97,1.7986,115344.18,632700.582,0.017986278509178444,0.017826439166349184,54.342,53.093,51.59083333333333,0.28696566168993315
2019-07-23,002594.SZ,54.8,57.25,54.36,56.33,54.9,1.43,2.6047,141071.81,790277.018,0.026047358834244028,0.0257139043911376,54.652,53.4145,51.5605,0.28576330848050957
2019-07-24,002594.SZ,56.8,57.26,56.2,56.34,56.33,0.01,0.0178,106123.97,602258.056,0.0001775252973550412,0.00017750954160410936,54.989999999999995,53.73,51.5635,0.28630128145337136
2019-07-25,002594.SZ,56.34,56.98,55.82,56.8,56.34,0.46,0.8165,69022.62,389643.343,0.008164714235001647,0.008131563278878998,55.660000000000004,54.04299999999999,51.5875,0.286007807555585
2019-07-26,002594.SZ,56.25,57.88,56.0,57.42,56.6,0.82,1.4488,105883.85,605449.724,0.01091549295774663,0.01085634896581238,56.358000000000004,54.378,51.617,0.2863644563578196
2019-07-29,002594.SZ,57.84,57.95,56.59,57.22,57.42,-0.2,-0.3483,63434.02,362394.96,-0.0034831069313828733,-0.0034891870709537745,56.822,54.643499999999996,51.62233333333334,0.2809630914381282
2019-07-30,002594.SZ,57.25,57.46,56.54,57.08,57.22,-0.14,-0.2447,75485.23,429968.22,-0.0024466969591052656,-0.0024496950133285913,56.972,54.838499999999996,51.70616666666667,0.27237923462505215
2019-07-31,002594.SZ,56.8,56.8,55.48,55.95,57.08,-1.13,-1.9797,89719.83,502687.43,-0.019796776454099385,-0.019995357850701303,56.894000000000005,54.965999999999994,51.75516666666667,0.2848154598880686
2019-08-01,002594.SZ,55.7,56.28,55.18,55.73,55.95,-0.22,-0.3932,88669.6,493036.92,-0.003932082216264621,-0.00393983317648935,56.67999999999999,55.0905,51.819833333333335,0.285073642293867
2019-08-02,002594.SZ,54.06,55.03,53.85,54.39,55.73,-1.34,-2.4045,84179.92,458483.256,-0.024044500269154834,-0.024338288146575588,56.074,55.147000000000006,51.874500000000005,0.30019638134543564
2019-08-05,002594.SZ,54.2,54.47,52.21,52.38,54.39,-2.01,-3.6955,104575.32,555556.899,-0.036955322669608326,-0.03765547435530348,55.10600000000001,55.15,51.8765,0.323228631183268
2019-08-06,002594.SZ,51.41,51.98,50.45,51.37,52.38,-1.01,-1.9282,108362.19,554889.918,-0.019282168766704966,-0.01947049460038947,53.964,54.974000000000004,51.882333333333335,0.27342750648756775
2019-08-07,002594.SZ,51.65,51.9,50.57,50.8,51.37,-0.57,-1.1096,71130.98,363369.325,-0.011095970410745615,-0.011157989894740324,52.934000000000005,54.819,51.8925,0.26950349633545007
2019-08-08,002594.SZ,51.13,51.31,50.5,50.86,50.8,0.06,0.1181,71456.16,363707.712,0.0011811023622048111,0.001180405409537456,51.959999999999994,54.6995,51.88533333333333,0.26757418303736463
2019-08-09,002594.SZ,51.3,51.96,50.86,50.99,50.86,0.13,0.2556,85773.44,440459.429,0.0025560361777428042,0.0025527750730907723,51.279999999999994,54.536,51.87733333333334,0.25650178312171723
2019-08-12,002594.SZ,50.88,51.2,49.8,51.2,50.99,0.21,0.4118,90738.99,458849.775,0.0041184545989410015,0.004109996978397765,51.044,54.3285,51.89366666666667,0.24338233922261757
2019-08-13,002594.SZ,50.51,50.69,49.4,49.5,51.2,-1.7,-3.3203,135333.2,674159.669,-0.033203125,-0.033766862470817484,50.67,54.064499999999995,51.902,0.2642112873705852
2019-08-14,002594.SZ,50.2,50.5,49.76,50.29,49.5,0.79,1.596,92687.29,465589.31,0.01595959595959595,0.015833580609228768,50.568000000000005,53.846500000000006,51.91683333333333,0.2743755143172773
2019-08-15,002594.SZ,49.45,50.37,49.04,50.11,50.29,-0.18,-0.3579,66446.66,330083.346,-0.003579240405647277,-0.003585661212240143,50.418,53.6795,51.9365,0.26605597209644277
2019-08-16,002594.SZ,50.3,51.55,50.12,51.07,50.11,0.96,1.9158,90301.27,461801.383,0.019157852724007274,0.01897665168791935,50.434,53.536500000000004,51.994499999999995,0.27449707052321315
2019-08-19,002594.SZ,52.0,52.19,51.2,52.1,51.07,1.03,2.0168,106806.25,553165.931,0.020168396318778203,0.019967708099768746,50.614,53.3965,52.052666666666674,0.27676516406256957
2019-08-20,002594.SZ,51.79,52.09,51.3,51.43,52.1,-0.67,-1.286,87995.64,454068.932,-0.012859884836852187,-0.01294328897249638,51.0,53.1515,52.096333333333334,0.2573754708074649
2019-08-21,002594.SZ,51.33,51.62,50.88,51.62,51.43,0.19,0.3694,85677.85,438446.555,0.0036943418238382097,0.0036875345036429565,51.266,52.915499999999994,52.114999999999995,0.2585078401900845
2019-08-22,002594.SZ,50.9,50.9,49.67,50.21,51.62,-1.41,-2.7315,211089.24,1057906.186,-0.02731499418829908,-0.027694984243853648,51.286,52.586,52.125166666666665,0.26648528219162804
2019-08-23,002594.SZ,50.0,50.01,48.24,48.89,50.21,-1.32,-2.629,246969.39,1209219.992,-0.026289583748257295,-0.02664133345605992,50.85,52.1595,52.13383333333333,0.26786087377753
2019-08-26,002594.SZ,48.02,49.05,47.74,49.03,48.89,0.14,0.2864,142274.41,690592.163,0.0028635712824709447,0.0028594790725877876,50.236,51.75,52.14683333333333,0.2701775935154693
2019-08-27,002594.SZ,49.12,49.63,49.1,49.54,49.03,0.51,1.0402,144791.6,715147.678,0.010401794819498322,0.010348068398071671,49.858000000000004,51.373000000000005,52.15933333333333,0.2771588570837071
2019-08-28,002594.SZ,50.3,51.34,49.79,49.81,49.54,0.27,0.545,176509.72,890016.555,0.005450141299959688,0.005435343023978578,49.496,51.066,52.181,0.2760792330810798
2019-08-29,002594.SZ,49.78,49.78,48.8,49.1,49.81,-0.71,-1.4254,97408.62,478134.197,-0.014254165830154597,-0.014356732284717132,49.274,50.734500000000004,52.184333333333335,0.2776540311027648
2019-08-30,002594.SZ,49.58,49.89,49.16,49.45,49.1,0.35,0.7128,101825.34,504256.094,0.007128309572301372,0.0071030232682461735,49.386,50.4875,52.18566666666666,0.2730427166544195
2019-09-02,002594.SZ,49.98,50.0,49.34,49.72,49.45,0.27,0.546,118336.76,587224.054,0.005460060667340727,0.005445208573789222,49.524,50.3545,52.166000000000004,0.24662827770236187
2019-09-03,002594.SZ,49.99,49.99,49.15,49.49,49.72,-0.23,-0.4626,95675.33,472364.324,-0.004625905068382896,-0.004636637678715622,49.513999999999996,50.2605,52.13166666666667,0.2387519291143801
2019-09-04,002594.SZ,49.48,49.48,49.01,49.37,49.49,-0.12,-0.2425,107035.02,525959.123,-0.002424732269145413,-0.002427676693023305,49.426,50.189,52.108666666666664,0.23622259966185477
2019-09-05,002594.SZ,49.5,50.4,49.49,50.14,49.37,0.77,1.5597,174907.43,875402.27,0.015596516102896585,0.015476140459375901,49.634,50.153000000000006,52.10733333333334,0.24367205200037848
2019-09-06,002594.SZ,50.34,51.2,50.21,50.49,50.14,0.35,0.698,146573.57,741340.589,0.006980454726765117,0.006956204140677057,49.842,50.128,52.126333333333335,0.24493489605951774
2019-09-09,002594.SZ,50.85,51.66,50.56,51.58,50.49,1.09,2.1588,194828.41,997120.932,0.02158843335313909,0.02135870358237425,50.214,50.147000000000006,52.16766666666667,0.2567540212167578
2019-09-10,002594.SZ,51.7,51.87,50.86,51.15,51.58,-0.43,-0.8337,128373.64,656697.45,-0.008336564559906945,-0.008371508055563236,50.546,50.2295,52.20016666666667,0.22690517500344062
2019-09-11,002594.SZ,51.26,51.68,50.9,51.11,51.15,-0.04,-0.0782,116357.2,595551.884,-0.0007820136852394466,-0.0007823196174472447,50.894,50.270500000000006,52.22533333333333,0.2206850436889513
2019-09-12,002594.SZ,51.3,51.38,50.36,50.79,51.11,-0.32,-0.6261,99144.81,503285.197,-0.006261005674036424,-0.006280687967034591,51.024,50.304500000000004,52.23366666666667,0.22161053306153677
2019-09-16,002594.SZ,51.35,51.36,50.85,51.16,50.79,0.37,0.7285,83787.72,428267.71,0.007284898602087031,0.007258491897488308,51.158,50.309,52.243833333333335,0.21235656011919277
2019-09-17,002594.SZ,51.2,51.23,49.68,49.97,51.16,-1.19,-2.326,105597.65,529991.14,-0.023260359655981167,-0.023535151354528227,50.836,50.2025,52.230666666666664,0.2140684357756757
2019-09-18,002594.SZ,50.0,50.13,49.81,50.04,49.97,0.07,0.1401,53282.99,266325.727,0.0014008405043026695,0.0013998602425968356,50.614,50.132999999999996,52.233,0.21042544023543724
2019-09-19,002594.SZ,50.18,50.26,49.8,50.19,50.04,0.15,0.2998,61707.61,308751.024,0.002997601918465209,0.002993118068131886,50.42999999999999,50.0615,52.23566666666667,0.21022120408934253
2019-09-20,002594.SZ,50.4,50.44,50.0,50.07,50.19,-0.12,-0.2391,68762.85,344745.443,-0.002390914524805665,-0.0023937773249888225,50.286,50.0545,52.227833333333336,0.1866377608905038
2019-09-23,002594.SZ,49.9,49.95,48.85,49.18,50.07,-0.89,-1.7775,95935.17,471134.534,-0.017775114839225115,-0.017934989553806922,49.89,50.069,52.20216666666667,0.17270216089939178
2019-09-24,002594.SZ,49.4,50.4,49.19,49.87,49.18,0.69,1.403,79833.75,398163.616,0.014030093533956789,0.013932582769984568,49.87,50.111000000000004,52.168166666666664,0.1792792866462944
2019-09-25,002594.SZ,49.85,49.85,48.9,49.04,49.87,-0.83,-1.6643,80753.45,396537.328,-0.016643272508522156,-0.016783327930075215,49.67,50.086,52.09916666666667,0.1858708737246036
2019-09-26,002594.SZ,49.3,49.5,48.48,48.49,49.04,-0.55,-1.1215,69524.45,339274.8,-0.011215334420880851,-0.011278700510694987,49.33,50.019999999999996,52.01733333333333,0.18826256653883333
2019-09-27,002594.SZ,48.49,48.81,48.38,48.58,48.49,0.09,0.1856,40680.99,197703.06,0.0018560527943904948,0.0018543324567654284,49.032,49.994,51.93966666666667,0.18211659807848726
2019-09-30,002594.SZ,48.65,49.13,48.54,48.78,48.58,0.2,0.4117,49144.51,240165.086,0.004116920543433489,0.0041084692137477626,48.952,49.9605,51.865,0.18075892530100812
2019-10-08,002594.SZ,48.8,49.26,48.3,48.42,48.78,-0.36,-0.738,48614.84,237568.931,-0.0073800738007380184,-0.007407441277861805,48.662,49.8955,51.8,0.18077667061594746
2019-10-09,002594.SZ,48.3,48.32,47.28,48.09,48.42,-0.33,-0.6815,50471.12,241379.431,-0.006815365551425034,-0.006838696220341157,48.472,49.8255,51.68666666666666,0.181482686724938
2019-10-10,002594.SZ,48.4,49.2,48.36,49.0,48.09,0.91,1.8923,62553.09,306006.456,0.018922852983988214,0.018746042821055194,48.574,49.807,51.605,0.1951453212978885
2019-10-11,002594.SZ,48.5,48.96,47.97,48.43,49.0,-0.57,-1.1633,75741.74,368013.99,-0.011632653061224518,-0.011700841695488873,48.544000000000004,49.7215,51.52466666666667,0.18957509075206838
2019-10-14,002594.SZ,48.98,49.38,48.5,48.85,48.43,0.42,0.8672,83881.52,410269.732,0.008672310551311124,0.008634922073653935,48.558,49.6395,51.4345,0.19069035200431275
2019-10-15,002594.SZ,48.9,49.0,47.9,48.0,48.85,-0.85,-1.74,76610.72,369180.666,-0.017400204708290734,-0.017553367580900866,48.474000000000004,49.460499999999996,51.312000000000005,0.177633617425424
2019-10-16,002594.SZ,48.0,48.24,47.48,47.52,48.0,-0.48,-1.0,71503.54,340699.06,-0.009999999999999898,-0.010050335853501338,48.36,49.278999999999996,51.191,0.17832731221835169
2019-10-17,002594.SZ,47.52,47.75,47.4,47.52,47.52,0.0,0.0,38510.23,183173.449,0.0,0.0,48.064,49.0995,51.07216666666667,0.17851352010492758
2019-10-18,002594.SZ,47.99,47.99,46.82,46.9,47.52,-0.62,-1.3047,75009.71,353826.124,-0.013047138047138196,-0.013132999602155958,47.757999999999996,48.905,50.963,0.18146873889192194
2019-10-21,002594.SZ,46.9,46.98,46.21,46.57,46.9,-0.33,-0.7036,52825.36,245221.092,-0.007036247334754719,-0.0070611184579477595,47.302,48.6755,50.840333333333334,0.17680725653118334
2019-10-22,002594.SZ,46.59,46.86,46.52,46.8,46.57,0.23,0.4939,33224.07,155146.533,0.004938801803736181,0.004926645929315083,47.062,48.517,50.705333333333336,0.16536128695788532
2019-10-23,002594.SZ,46.79,46.95,46.56,46.6,46.8,-0.2,-0.4274,30367.55,141635.932,-0.004273504273504147,-0.004282661792000736,46.878,48.345000000000006,50.54316666666667,0.16448258152167203
2019-10-24,002594.SZ,46.5,46.82,46.5,46.66,46.6,0.06,0.1288,31568.84,147314.379,0.0012875536480685401,0.0012867254616835903,46.706,48.1685,50.38183333333333,0.16369622869209524
2019-10-25,002594.SZ,46.8,47.17,46.44,47.04,46.66,0.38,0.8144,37075.53,173422.874,0.008144020574367916,0.008111036997087718,46.734,48.017,50.219166666666666,0.16890750803140936
2019-10-28,002594.SZ,47.03,47.46,47.03,47.3,47.04,0.26,0.5527,52591.92,248669.255,0.005527210884353595,0.005511991907515657,46.88,47.923,50.05049999999999,0.1621027525817405
2019-10-29,002594.SZ,47.34,47.89,47.1,47.15,47.3,-0.15,-0.3171,55109.38,261660.444,-0.003171247357293794,-0.003176286418420707,46.95,47.787,49.882666666666665,0.15079105009576776
2019-10-30,002594.SZ,45.9,45.9,43.5,43.96,47.15,-3.19,-6.7656,172418.84,764931.68,-0.06765641569459169,-0.07005387954404585,46.422000000000004,47.533,49.664,0.2726125082133673
2019-10-31,002594.SZ,43.95,43.95,42.6,42.85,43.96,-1.11,-2.525,110683.57,475701.013,-0.025250227479526877,-0.02557448449163185,45.660000000000004,47.251,49.44566666666666,0.28106711767461817
2019-11-01,002594.SZ,42.8,43.75,42.3,43.57,42.85,0.72,1.6803,67304.5,291051.703,0.016802800466744428,0.01666319508556192,44.965999999999994,47.0005,49.243,0.29143151517916965
2019-11-04,002594.SZ,43.57,43.8,43.13,43.43,43.57,-0.14,-0.3213,54119.18,234941.651,-0.0032132201055772303,-0.0032183935826202376,44.192,46.733,49.06033333333333,0.28945739322369
2019-11-05,002594.SZ,43.52,44.35,43.02,43.95,43.43,0.52,1.1973,76990.13,336061.252,0.01197329035229111,0.011902177584455564,43.552,46.5095,48.91983333333333,0.2959831260861382
2019-11-06,002594.SZ,44.1,44.85,43.53,44.31,43.95,0.36,0.8191,96714.21,429240.472,0.008191126279863514,0.008157761080212152,43.622,46.320499999999996,48.80216666666667,0.2993092557858922
2019-11-07,002594.SZ,44.03,45.65,43.69,44.68,44.31,0.37,0.835,96835.5,433523.302,0.008350259535093496,0.008315588989601674,43.988,46.1045,48.70016666666667,0.2908447078503561
2019-11-08,002594.SZ,45.88,45.95,44.8,44.88,44.68,0.2,0.4476,91373.13,414639.25,0.004476275738585667,0.004466287013441085,44.25,45.92700000000001,48.600500000000004,0.29118152079839243
2019-11-11,002594.SZ,44.8,44.8,43.63,43.95,44.88,-0.93,-2.0722,61673.58,272426.327,-0.020721925133689867,-0.0209396370832549,44.354,45.682,48.48316666666666,0.2933899796858553
2019-11-12,002594.SZ,43.92,44.33,43.55,44.1,43.95,0.15,0.3413,44569.29,196281.802,0.0034129692832765013,0.0034071583216143558,44.384,45.487,48.36483333333333,0.2911135906790873
2019-11-13,002594.SZ,44.12,44.17,43.0,43.28,44.1,-0.82,-1.8594,57977.94,251998.384,-0.018594104308390036,-0.01876914791457424,44.178000000000004,45.275,48.26116666666667,0.2950103978194769
2019-11-14,002594.SZ,43.5,43.82,43.32,43.52,43.28,0.24,0.5545,40397.89,175929.259,0.005545286506469571,0.0055299680094611755,43.946000000000005,45.075,48.14833333333333,0.29678188580841103
2019-11-15,002594.SZ,43.53,43.63,42.8,43.12,43.52,-0.4,-0.9191,46149.19,199139.088,-0.009191176470588314,-0.009233675946945552,43.59400000000001,44.886,48.03183333333333,0.29557319479994104
2019-11-18,002594.SZ,42.9,43.03,42.52,42.83,43.12,-0.29,-0.6725,53686.47,229761.352,-0.0067254174397031186,-0.006748134973462069,43.37,44.699,47.8945,0.2955332222681003
2019-11-19,002594.SZ,42.56,43.75,42.56,43.74,42.83,0.91,2.1247,53463.48,231949.857,0.021246789633434515,0.021024223621342177,43.298,44.546,47.75516666666667,0.30750755850923694
2019-11-20,002594.SZ,43.6,43.6,43.01,43.1,43.74,-0.64,-1.4632,39386.84,170527.992,-0.014631915866483824,-0.014740018138919736,43.262,44.370999999999995,47.61633333333334,0.3101773799700355
2019-11-21,002594.SZ,43.2,43.87,42.78,43.62,43.1,0.52,1.2065,56999.71,247633.914,0.012064965197215782,0.0119927636637809,43.282,44.219,47.483,0.3148050633410934
2019-11-22,002594.SZ,43.73,44.6,43.45,43.82,43.62,0.2,0.4585,70268.9,309191.771,0.004585052728106387,0.0045745733938374784,43.422000000000004,44.05800000000001,47.3765,0.3133585969862421
2019-11-25,002594.SZ,44.16,45.28,43.54,44.87,43.82,1.05,2.3962,121726.63,541772.289,0.023961661341852958,0.02367908582057144,43.83,43.9365,47.3095,0.3268270121752779
2019-11-26,002594.SZ,44.78,45.09,43.75,44.6,44.87,-0.27,-0.6017,99568.05,442825.714,-0.006017383552484823,-0.006035560961873458,44.001999999999995,43.809,47.23566666666667,0.3270690009322938
2019-11-27,002594.SZ,44.46,44.47,43.85,43.9,44.6,-0.7,-1.5695,48330.98,212902.105,-0.015695067264574036,-0.015819538944892766,44.162,43.806,47.141666666666666,0.22645504589920676
2019-11-28,002594.SZ,43.58,43.73,43.15,43.18,43.9,-0.72,-1.6401,48120.03,208644.192,-0.016400911161731146,-0.01653689499446431,44.074,43.822500000000005,47.031166666666664,0.21525490930703473
2019-11-29,002594.SZ,43.27,43.62,43.02,43.39,43.18,0.21,0.4863,44103.62,190926.826,0.004863362667901772,0.004851574723598004,43.988,43.8135,46.93600000000001,0.20726399815747543
2019-12-02,002594.SZ,43.39,43.54,43.05,43.15,43.39,-0.24,-0.5531,43310.93,187308.255,-0.005531228393639176,-0.005546582280822472,43.644,43.7995,46.831,0.2078843288829604
2019-12-03,002594.SZ,43.15,43.84,42.99,43.79,43.15,0.64,1.4832,47048.04,204097.553,0.014831981460023291,0.014723063283870151,43.482,43.7915,46.73216666666667,0.2103453058729766
2019-12-04,002594.SZ,43.72,44.44,43.44,44.13,43.79,0.34,0.7764,68959.71,303525.492,0.007764329755652,0.007734342468148877,43.528,43.782500000000006,46.64283333333333,0.21012755142105732
2019-12-05,002594.SZ,44.2,44.41,43.9,44.04,44.13,-0.09,-0.2039,62864.53,277165.4,-0.0020394289598912874,-0.0020415114269766847,43.7,43.7505,46.553999999999995,0.20779608399429073
2019-12-06,002594.SZ,44.05,44.14,43.47,43.71,44.04,-0.33,-0.7493,68145.73,297440.95,-0.007493188010899154,-0.0075214029792560295,43.763999999999996,43.692,46.44683333333333,0.20823066141748972
2019-12-09,002594.SZ,43.71,43.8,43.27,43.38,43.71,-0.33,-0.755,58259.85,252881.168,-0.007549759780370535,-0.0075784034764947465,43.81,43.663500000000006,46.32833333333333,0.1968207750406642
2019-12-10,002594.SZ,43.53,43.53,43.2,43.43,43.38,0.05,0.1153,42173.17,182927.32,0.001152604887044717,0.0011519411480021826,43.738,43.63,46.1925,0.19637565897324047
2019-12-11,002594.SZ,43.36,44.23,43.19,44.12,43.43,0.69,1.5888,88873.29,389740.624,0.015887635275155354,0.015762747838571147,43.736000000000004,43.672,46.07533333333333,0.19279708749677124
2019-12-12,002594.SZ,44.09,44.09,43.23,43.48,44.12,-0.64,-1.4506,80922.75,353467.368,-0.01450589301903904,-0.014612132132293084,43.623999999999995,43.67,45.94816666666667,0.19958879202727137
2019-12-13,002594.SZ,43.79,43.89,43.23,43.37,43.48,-0.11,-0.253,141600.83,614076.972,-0.0025298988040478587,-0.002533104405733847,43.556,43.6825,45.82450000000001,0.19688984208383517
2019-12-16,002594.SZ,43.43,44.15,43.23,44.13,43.37,0.76,1.7524,125263.48,547285.347,0.01752363384828226,0.01737186543418101,43.705999999999996,43.7475,45.70733333333333,0.20399945215848503
2019-12-17,002594.SZ,44.17,45.55,44.16,45.04,44.13,0.91,2.0621,190471.75,857264.002,0.020620892816678005,0.02041116054997911,44.028,43.8125,45.62516666666667,0.20320948905276065
2019-12-18,002594.SZ,45.08,45.08,44.53,44.7,45.04,-0.34,-0.7549,113229.13,506519.518,-0.007548845470692678,-0.007577482211911754,44.144,43.8925,45.53616666666667,0.19719826238386212
2019-12-19,002594.SZ,44.7,45.0,44.26,44.97,44.7,0.27,0.604,101163.47,451499.532,0.006040268456375841,0.006022099163092882,44.442,43.96,45.44916666666667,0.19421524012165847
2019-12-20,002594.SZ,45.23,47.28,45.05,46.62,44.97,1.65,3.6691,289838.02,1344330.942,0.036691127418278846,0.03603403282499504,45.092,44.1,45.391666666666666,0.23076674789396326
2019-12-23,002594.SZ,46.32,46.42,45.47,45.54,46.62,-1.08,-2.3166,132775.09,608250.688,-0.02316602316602312,-0.023438572972017468,45.374,44.133500000000005,45.331,0.23512783236996565
2019-12-24,002594.SZ,45.75,46.85,45.75,46.78,45.54,1.24,2.7229,156602.22,725017.631,0.02722880983750553,0.026864700520439447,45.721999999999994,44.2425,45.279500000000006,0.251316822539268
2019-12-25,002594.SZ,47.05,48.14,46.51,46.85,46.78,0.07,0.1496,191832.57,906693.865,0.0014963659683624453,0.0014952475283981246,46.152,44.39,45.243,0.24203989731286357
2019-12-26,002594.SZ,46.21,47.25,46.14,46.41,46.85,-0.44,-0.9392,110345.72,513101.998,-0.009391675560298962,-0.009436055431346888,46.44,44.5515,45.208333333333336,0.2356415688947918
2019-12-27,002594.SZ,46.2,46.85,46.0,46.0,46.41,-0.41,-0.8834,109621.27,507597.022,-0.00883430295194998,-0.008873556763989413,46.315999999999995,44.682,45.165333333333336,0.23973860764333724
2019-12-30,002594.SZ,46.35,47.8,46.02,47.64,46.0,1.64,3.5652,196477.12,925707.98,0.03565217391304354,0.03503134799800441,46.736000000000004,44.9065,45.14633333333333,0.26360930113464687
2019-12-31,002594.SZ,47.51,48.1,46.9,47.67,47.64,0.03,0.063,132166.16,626863.842,0.0006297229219143219,0.0006295247296349124,46.914,45.1005,45.13383333333333,0.2614608661465463
2020-01-02,002594.SZ,47.69,48.47,47.51,48.17,47.67,0.5,1.0489,159345.7,765516.493,0.010488777008600847,0.010434151425395168,47.178000000000004,45.302499999999995,45.13516666666667,0.26210644835187635
2020-01-03,002594.SZ,48.2,48.99,47.68,48.04,48.17,-0.13,-0.2699,129936.07,628361.961,-0.002698775171268486,-0.0027024234303466925,47.504000000000005,45.5025,45.119166666666665,0.2623355702846182
2020-01-06,002594.SZ,47.39,49.19,47.19,48.28,48.04,0.24,0.4996,169871.38,822172.472,0.004995836802664577,0.004983399017548091,47.96,45.730999999999995,45.11666666666667,0.2584900833697225
2020-01-07,002594.SZ,48.31,48.5,47.77,48.05,48.28,-0.23,-0.4764,93400.58,449013.435,-0.00476387738193873,-0.004775260813029293,48.041999999999994,45.9645,45.10333333333333,0.25686461709543507
2020-01-08,002594.SZ,47.55,48.35,47.15,47.28,48.05,-0.77,-1.6025,110974.45,529249.404,-0.01602497398543179,-0.016154762318458686,47.964,46.157,45.09133333333333,0.26751373360165254
2020-01-09,002594.SZ,47.75,48.2,47.38,47.65,47.28,0.37,0.7826,89217.0,425352.462,0.00782571912013541,0.007795257002368407,47.86,46.3335,45.0935,0.26443076365951096
2020-01-10,002594.SZ,47.66,47.66,46.61,46.92,47.65,-0.73,-1.532,109294.63,512929.719,-0.015320041972717635,-0.015438606314936305,47.636,46.5055,45.083499999999994,0.26520058093074955
2020-01-13,002594.SZ,51.61,51.61,50.51,51.61,46.92,4.69,9.9957,518827.59,2662873.914,0.09995737425404938,0.09527142837536101,48.302,46.917500000000004,45.162,0.430200506869875
2020-01-14,002594.SZ,55.0,55.99,53.0,53.44,51.61,1.83,3.5458,614975.96,3356918.724,0.03545824452625457,0.03484407706775447,49.379999999999995,47.382999999999996,45.276500000000006,0.4394848597223531
2020-01-15,002594.SZ,54.01,54.75,52.28,53.31,53.44,-0.13,-0.2433,298705.23,1594534.514,-0.002432634730538785,-0.0024355983937204926,50.586,47.7965,45.385,0.4396910065571754
2020-01-16,002594.SZ,53.49,54.54,51.78,54.09,53.31,0.78,1.4631,335737.07,1778235.678,0.014631401238041741,0.014525395048666035,51.874,48.266,45.50983333333333,0.4357746845452927
2020-01-17,002594.SZ,53.86,59.5,53.2,57.95,54.09,3.86,7.1363,530600.38,3022542.423,0.07136254390830099,0.06893124390242514,54.08,48.915,45.698,0.48676033902861104
2020-01-20,002594.SZ,57.3,59.9,56.5,58.76,57.95,0.81,1.3978,300775.62,1742179.866,0.013977566867989566,0.013880781519915762,55.510000000000005,49.522000000000006,45.89333333333333,0.4788277534459534
2020-01-21,002594.SZ,57.72,57.73,56.55,56.72,58.76,-2.04,-3.4717,203836.57,1161444.87,-0.034717494894486056,-0.03533446908180451,56.16600000000001,50.081,46.050333333333334,0.49168002494980567
2020-01-22,002594.SZ,56.5,60.5,56.1,59.27,56.72,2.55,4.4958,327979.95,1927419.433,0.04495768688293378,0.0439763935758748,57.358000000000004,50.7055,46.25233333333333,0.5031081727820303
2020-01-23,002594.SZ,57.99,61.88,57.51,59.83,59.27,0.56,0.9448,291584.96,1735366.427,0.00944828749789095,0.00940393160219358,58.50600000000001,51.354499999999994,46.51683333333333,0.501619899825813
2020-02-03,002594.SZ,53.85,54.48,53.85,53.85,59.83,-5.98,-9.995,100398.0,540735.185,-0.09994985793080391,-0.10530480379954282,57.686,51.7265,46.70016666666667,0.6388777617097194
2020-02-04,002594.SZ,54.0,57.5,54.0,56.36,53.85,2.51,4.6611,367775.3,2057907.669,0.046610956360259914,0.04555728342808183,57.205999999999996,52.2445,46.91333333333333,0.649460363820435
2020-02-05,002594.SZ,57.7,62.0,56.99,60.81,56.36,4.45,7.8957,446230.25,2698234.964,0.07895670688431511,0.07599456210153889,58.024,52.903,47.202999999999996,0.6882880396562233
2020-02-06,002594.SZ,58.45,60.85,58.4,60.75,60.81,-0.06,-0.0987,301131.81,1792085.752,-0.0009866798223976403,-0.0009871669113605294,58.32000000000001,53.556999999999995,47.483,0.6887024202986933
2020-02-07,002594.SZ,60.74,60.74,56.66,57.9,60.75,-2.85,-4.6914,321281.59,1868897.083,-0.04691358024691361,-0.048049697641708314,57.934000000000005,54.043499999999995,47.7095,0.7209628650274933
2020-02-10,002594.SZ,59.2,63.36,58.85,60.93,57.9,3.03,5.2332,352796.46,2143782.477,0.05233160621761668,0.05100827968145354,59.35,54.688,47.980333333333334,0.7342262706463126
2020-02-11,002594.SZ,60.0,60.12,58.28,59.04,60.93,-1.89,-3.1019,196175.74,1162310.506,-0.03101920236336786,-0.031510483968186016,59.886,55.226,48.21633333333333,0.7503664298177054
2020-02-12,002594.SZ,59.04,60.6,58.35,59.19,59.04,0.15,0.2541,197455.56,1171671.704,0.0025406504065039748,0.0025374284104165232,59.562,55.783,48.470333333333336,0.7487554889136572
2020-02-13,002594.SZ,58.5,60.13,57.5,57.55,59.19,-1.64,-2.7707,236947.03,1387055.829,-0.027707383003885755,-0.028098473534741982,58.922000000000004,56.296499999999995,48.6945,0.7555758864981691
2020-02-14,002594.SZ,57.56,57.9,56.44,56.9,57.55,-0.65,-1.1295,211173.83,1205977.325,-0.011294526498696777,-0.011358794035606405,58.722,56.759,48.9215,0.7596618853402403
2020-02-17,002594.SZ,56.91,58.56,56.91,58.48,56.9,1.58,2.7768,209889.0,1215249.654,0.02776801405975382,0.0273894743092377,58.23199999999999,57.337,49.170833333333334,0.7560061552180718
2020-02-18,002594.SZ,57.8,60.0,57.77,59.47,58.48,0.99,1.6929,228365.32,1350970.758,0.01692886456908349,0.01678716827697929,58.318,57.730000000000004,49.443333333333335,0.6819190536329861
2020-02-19,002594.SZ,64.47,64.48,61.66,61.91,59.47,2.44,4.1029,437476.53,2773613.068,0.04102909029762891,0.040209733812638315,58.862,58.153499999999994,49.76133333333334,0.685173411610818
2020-02-20,002594.SZ,63.17,68.1,63.11,68.1,61.91,6.19,9.9984,649390.94,4366081.68,0.0999838475205943,0.09529549562432582,60.972,58.89300000000001,50.16733333333333,0.7566590722373914
2020-02-21,002594.SZ,67.0,68.27,65.68,67.5,68.1,-0.6,-0.8811,455189.16,3046190.98,-0.008810572687224627,-0.0088496152769825,63.092,59.5635,50.574,0.7607163384226575
2020-02-24,002594.SZ,65.42,67.14,64.96,66.2,67.5,-1.3,-1.9259,357968.79,2351741.646,-0.019259259259259198,-0.01944713493552155,64.636,59.976,50.95033333333333,0.7348506806243623
2020-02-25,002594.SZ,64.4,72.19,64.17,70.85,66.2,4.65,7.0242,407434.09,2786635.361,0.07024169184290008,0.06788450319372671,66.912,60.580499999999994,51.40083333333333,0.767640037045272
2020-02-26,002594.SZ,69.78,75.8,69.0,71.7,70.85,0.85,1.1997,522768.32,3774510.844,0.011997177134791981,0.011925781468885397,68.86999999999999,61.32950000000001,51.848,0.7488170858133235
2020-02-27,002594.SZ,71.68,73.15,68.08,70.05,71.7,-1.65,-2.3013,272699.96,1912686.987,-0.023012552301255318,-0.023281474822558754,69.26,61.868500000000004,52.272166666666664,0.7490227468438575
2020-02-28,002594.SZ,66.66,68.99,64.95,65.37,70.05,-4.68,-6.6809,338253.52,2251947.903,-0.0668094218415417,-0.06914583515837776,68.834,62.14549999999999,52.63,0.7964287386452358
2020-03-02,002594.SZ,65.6,67.23,64.0,66.85,65.37,1.48,2.264,225643.21,1492112.197,0.022640354902860427,0.02238786592331378,68.964,62.795500000000004,53.0245,0.693051436675422
2020-03-03,002594.SZ,69.8,70.2,67.46,67.87,66.85,1.02,1.5258,274252.92,1880749.812,0.015258040388930638,0.015142807167715,68.368,63.370999999999995,53.4325,0.6809714138013216
2020-03-04,002594.SZ,66.95,67.8,64.72,66.58,67.87,-1.29,-1.9007,180932.53,1198529.239,-0.019006925003683617,-0.01918987856878821,67.34400000000001,63.6595,53.82299999999999,0.6371441698809107
2020-03-05,002594.SZ,67.02,67.62,65.5,66.81,66.58,0.23,0.3454,170003.67,1128290.419,0.0034544908380895745,0.0034485377905071214,66.696,63.9625,54.20666666666666,0.6367583439610489
2020-03-06,002594.SZ,65.5,67.55,65.33,65.36,66.81,-1.45,-2.1703,147209.6,972613.004,-0.02170333782367917,-0.021942319385638585,66.69399999999999,64.3355,54.560500000000005,0.6151479727919865
2020-03-09,002594.SZ,63.29,63.29,59.18,59.45,65.36,-5.91,-9.0422,292478.82,1789143.869,-0.09042227662178692,-0.09477482741495649,65.21400000000001,64.2615,54.81733333333333,0.680203717517157
2020-03-10,002594.SZ,57.6,61.5,57.33,60.17,59.45,0.72,1.2111,266805.23,1578089.168,0.012111017661900814,0.0120382660954696,63.674,64.31800000000001,55.09166666666667,0.6715945527661098
2020-03-11,002594.SZ,60.77,61.15,58.6,58.75,60.17,-1.42,-2.36,222212.47,1327803.13,-0.02359980056506572,-0.023882736207992115,62.108000000000004,64.296,55.347833333333334,0.6775935430344836
2020-03-12,002594.SZ,57.31,57.66,55.9,57.03,58.75,-1.72,-2.9277,232382.54,1319050.413,-0.029276595744680778,-0.02971370785582078,60.152,64.27000000000001,55.57449999999999,0.6784819352083962
2020-03-13,002594.SZ,53.8,56.5,52.35,55.66,57.03,-1.37,-2.4022,213198.07,1162290.579,-0.024022444327546966,-0.024315689070702827,58.212,64.208,55.76683333333333,0.6828842987535493
2020-03-16,002594.SZ,56.59,57.33,53.88,53.88,55.66,-1.78,-3.198,238773.48,1326361.268,-0.03197987782968015,-0.03250240455558143,57.098,63.977999999999994,55.94016666666666,0.6833328987536685
2020-03-17,002594.SZ,53.88,54.96,51.88,53.04,53.88,-0.84,-1.559,180918.52,961588.993,-0.015590200445434355,-0.015713005664556225,55.672000000000004,63.656499999999994,56.10133333333333,0.6803629111227464
2020-03-18,002594.SZ,53.59,54.67,52.02,52.09,53.04,-0.95,-1.7911,172684.32,925695.049,-0.017911010558069318,-0.01807335412050683,54.339999999999996,63.165499999999994,56.234,0.6595091915677925
2020-03-19,002594.SZ,52.11,52.52,49.88,51.36,52.09,-0.73,-1.4014,194450.0,993678.521,-0.014014206181608868,-0.014113332375394553,53.206,62.3285,56.33933333333333,0.5223086081403814
2020-03-20,002594.SZ,52.3,52.79,51.4,52.52,51.36,1.16,2.2586,148296.2,772921.084,0.02258566978193155,0.02233439005288979,52.577999999999996,61.579499999999996,56.46966666666667,0.5376988439449855
2020-03-23,002594.SZ,50.25,50.8,47.89,48.15,52.52,-4.37,-8.3206,242739.76,1190535.685,-0.08320639756283332,-0.086872911190461,51.431999999999995,60.67700000000001,56.52266666666666,0.594222778365414
2020-03-24,002594.SZ,49.26,49.88,47.39,49.73,48.15,1.58,3.2814,205027.11,1002130.021,0.0328141225337486,0.032287234482512514,50.769999999999996,59.621,56.57449999999999,0.5347983625517828
2020-03-25,002594.SZ,51.55,52.8,51.04,52.25,49.73,2.52,5.0674,289787.42,1504804.536,0.050673637643273706,0.04943151811827323,50.802,58.6485,56.68633333333333,0.5784384365872707
2020-03-26,002594.SZ,52.5,55.18,51.61,54.27,52.25,2.02,3.866,296620.84,1588496.992,0.03866028708133973,0.03793169723039309,51.38399999999999,57.859500000000004,56.81116666666666,0.6078574698620052
2020-03-27,002594.SZ,55.4,56.05,54.44,54.78,54.27,0.51,0.9397,229972.49,1269534.018,0.009397457158651257,0.009353575759618711,51.836,57.330000000000005,56.943333333333335,0.5760228007121868
2020-03-30,002594.SZ,55.0,57.78,54.87,56.23,54.78,1.45,2.647,328937.4,1855914.322,0.026469514421321616,0.0261252584691782,53.452,56.799,57.107,0.5788913531455272
2020-03-31,002594.SZ,56.76,59.99,55.45,59.97,56.23,3.74,6.6513,350174.44,2037070.401,0.0665125377912148,0.06439401487630819,55.5,56.40400000000001,57.33983333333333,0.632289631641084
2020-04-01,002594.SZ,59.9,60.66,57.02,57.12,59.97,-2.85,-4.7524,365565.47,2139092.105,-0.04752376188094054,-0.048690119149089515,56.474000000000004,55.931,57.49783333333333,0.6483266779560108
2020-04-02,002594.SZ,56.7,56.7,54.8,56.59,57.12,-0.53,-0.9279,233841.69,1300691.383,-0.009278711484593694,-0.009322026876896336,56.938,55.419999999999995,57.646499999999996,0.6472226213832711
2020-04-03,002594.SZ,56.59,56.59,54.91,55.0,56.59,-1.59,-2.8097,169189.66,940495.658,-0.028096836896978283,-0.028499105921961566,56.98199999999999,54.902,57.76033333333333,0.6494820223602331
2020-04-07,002594.SZ,56.44,56.92,55.6,56.31,55.0,1.31,2.3818,189115.89,1061432.559,0.02381818181818196,0.023538954034056363,56.998000000000005,54.745000000000005,57.89816666666666,0.5795217585701093
2020-04-08,002594.SZ,55.8,55.8,55.04,55.32,56.31,-0.99,-1.7581,129543.27,717031.923,-0.01758124667021843,-0.017737632469969677,56.068000000000005,54.5025,58.015499999999996,0.5794673493289858
2020-04-09,002594.SZ,55.81,56.54,55.55,55.65,55.32,0.33,0.5965,133338.32,746729.511,0.005965292841648484,0.0059475709249962715,55.774,54.34749999999999,58.14216666666667,0.5753935660623275
2020-04-10,002594.SZ,56.28,56.28,54.15,54.57,55.65,-1.08,-1.9407,131854.72,727755.054,-0.019407008086253286,-0.019597796523413175,55.370000000000005,54.2245,58.26366666666666,0.5702497105876769
2020-04-13,002594.SZ,54.73,55.94,54.73,55.8,54.57,1.23,2.254,102559.56,569833.086,0.022539857064320934,0.02228958818912456,55.529999999999994,54.231500000000004,58.399499999999996,0.5699034871523995
2020-04-14,002594.SZ,55.8,58.0,55.38,57.92,55.8,2.12,3.7993,233863.05,1338857.701,0.0379928315412188,0.03728887869019582,55.852,54.4335,58.58283333333334,0.5707411877104166
2020-04-15,002594.SZ,59.36,62.39,58.38,60.14,57.92,2.22,3.8329,306227.36,1847393.286,0.038328729281768004,0.03761242948292213,56.815999999999995,54.7885,58.725,0.5779384767591833
2020-04-16,002594.SZ,60.1,61.3,59.05,60.01,60.14,-0.13,-0.2162,165258.91,992639.139,-0.002161622879946812,-0.002163962558961551,57.688,55.18449999999999,58.834500000000006,0.5716269901663835
2020-04-17,002594.SZ,60.6,60.98,58.68,58.8,60.01,-1.21,-2.0163,156490.05,931863.464,-0.020163306115647428,-0.02036936009684028,58.534000000000006,55.55649999999999,58.926,0.5751344982868909
2020-04-20,002594.SZ,59.4,59.4,58.16,58.86,58.8,0.06,0.102,107473.6,630616.732,0.0010204081632654294,0.0010198879007456026,59.146,55.8735,59.0055,0.5726798759351619
2020-04-21,002594.SZ,58.5,59.68,57.8,59.37,58.86,0.51,0.8665,147148.34,864113.083,0.008664627930683011,0.008627305477257369,59.436,56.43449999999999,59.02916666666667,0.46485315064204225
2020-04-22,002594.SZ,58.4,60.0,57.88,59.43,59.37,0.06,0.1011,121458.02,715492.487,0.001010611419909102,0.0010101010959852597,59.294,56.91949999999999,59.040333333333336,0.4586640224041557
2020-04-23,002594.SZ,59.99,60.55,58.04,58.25,59.43,-1.18,-1.9855,116027.98,686078.406,-0.019855291940097608,-0.020055056932759323,58.94199999999999,57.2195,59.06583333333334,0.44240609167850625
2020-04-24,002594.SZ,58.67,60.49,58.5,58.73,58.25,0.48,0.824,135948.93,806969.227,0.008240343347639456,0.008206577088618138,58.928,57.442499999999995,59.05683333333333,0.4252993534714699
2020-04-27,002594.SZ,59.02,59.09,56.88,56.98,58.73,-1.75,-2.9797,138265.32,799777.332,-0.02979737783075087,-0.030250340464665855,58.552,57.552499999999995,59.00933333333333,0.4415095931691289
2020-04-28,002594.SZ,57.0,57.59,54.76,56.98,56.98,0.0,0.0,128657.94,725365.013,0.0,0.0,58.074,57.589999999999996,59.061499999999995,0.43221854372096197
2020-04-29,002594.SZ,58.2,59.45,57.56,58.0,56.98,1.02,1.7901,165125.56,964564.485,0.017901017901017946,0.017742681476657148,57.788,57.491499999999995,59.08883333333333,0.36349001186008567
2020-04-30,002594.SZ,58.82,60.58,58.51,59.96,58.0,1.96,3.3793,218876.25,1303496.245,0.03379310344827591,0.03323466268797766,58.129999999999995,57.633500000000005,59.074666666666666,0.3405764538288645
2020-05-06,002594.SZ,59.4,62.5,59.1,62.18,59.96,2.22,3.7025,231906.23,1420097.901,0.03702468312208129,0.036355731396210705,58.81999999999999,57.913,59.09850000000001,0.3582726789683272
2020-05-07,002594.SZ,62.17,62.17,59.98,60.09,62.18,-2.09,-3.3612,225118.02,1362997.62,-0.03361209392087483,-0.034189966284771126,59.44199999999999,58.167500000000004,59.135,0.36548467509115823
2020-05-08,002594.SZ,60.11,60.5,59.3,59.78,60.09,-0.31,-0.5159,171471.73,1025569.471,-0.005158928274255348,-0.005172281490044841,60.001999999999995,58.340999999999994,59.11583333333333,0.35979567457512257
2020-05-11,002594.SZ,59.29,59.66,58.11,58.88,59.78,-0.9,-1.5055,190716.21,1121805.579,-0.015055202408832402,-0.01516968243517102,60.178,58.51899999999999,59.113166666666665,0.3579641746640711
2020-05-12,002594.SZ,58.89,59.14,58.2,59.13,58.88,0.25,0.4246,104019.66,610124.974,0.004245923913043459,0.00423693541211771,60.012,58.693000000000005,59.11216666666666,0.3578504386529428
2020-05-13,002594.SZ,59.13,59.75,58.5,58.99,59.13,-0.14,-0.2368,111115.16,657743.992,-0.002367664468121089,-0.002370471817754622,59.374,58.914,59.13616666666667,0.34851397035507653
2020-05-14,002594.SZ,58.9,58.9,57.55,57.69,58.99,-1.3,-2.2038,118363.13,688315.256,-0.022037633497203002,-0.02228408974618594,58.894000000000005,59.008500000000005,59.14933333333333,0.3531718182745823
2020-05-15,002594.SZ,57.79,58.58,57.3,57.96,57.69,0.27,0.468,102771.06,595823.315,0.004680187207488418,0.004669269183683693,58.529999999999994,59.01049999999999,59.14066666666667,0.3268328128096189
2020-05-18,002594.SZ,57.4,58.4,56.4,57.18,57.96,-0.78,-1.3458,104743.39,601110.774,-0.01345755693581785,-0.013548930558315929,58.19,58.8625,59.1025,0.2971217182291705
2020-05-19,002594.SZ,58.0,58.6,57.75,58.22,57.18,1.04,1.8188,94041.9,547143.039,0.01818817768450498,0.018024751423311332,58.008,58.773,59.041000000000004,0.30594633292294393
2020-05-20,002594.SZ,58.7,60.3,58.67,59.01,58.22,0.79,1.3569,164707.85,981282.457,0.013569220199244336,0.013477982751600316,58.012,58.783500000000004,58.8895,0.30181871433751434
2020-05-21,002594.SZ,59.11,59.37,57.01,57.15,59.01,-1.86,-3.152,120967.88,697047.198,-0.031520081342145345,-0.032027530828257676,57.903999999999996,58.698,58.717,0.3222695095044964
2020-05-22,002594.SZ,57.16,57.67,55.51,56.03,57.15,-1.12,-1.9598,92349.61,522767.76,-0.019597550306211686,-0.01979212866362647,57.517999999999994,58.531000000000006,58.5475,0.3262952569757928
2020-05-25,002594.SZ,56.03,56.55,55.31,56.52,56.03,0.49,0.8745,59697.03,334368.698,0.008745315009816235,0.0087072962391336,57.386,58.3855,58.30866666666667,0.3286057314501849
2020-05-26,002594.SZ,56.8,58.38,56.8,58.3,56.52,1.78,3.1493,98543.68,570419.227,0.03149327671620661,0.031007535540119962,57.402,58.388,58.08533333333333,0.3424862665364605
2020-05-27,002594.SZ,59.6,59.95,57.07,57.3,58.3,-1.0,-1.7153,113617.42,662802.627,-0.01715265866209259,-0.01730146963575278,57.06,58.3165,57.87283333333334,0.3464802401852014
2020-05-28,002594.SZ,57.35,58.23,56.4,57.48,57.3,0.18,0.3141,86300.23,494679.18,0.003141361256544517,0.0031364374901303115,57.126,58.341499999999996,57.74133333333334,0.3294883938980378
2020-05-29,002594.SZ,57.12,58.02,56.81,57.41,57.48,-0.07,-0.1218,68036.39,390882.856,-0.0012178148921363485,-0.0012185570312786896,57.402,58.363,57.583999999999996,0.3295481756415457
2020-06-01,002594.SZ,57.75,59.69,57.44,59.33,57.41,1.92,3.3444,161067.81,949983.296,0.03344365093189339,0.03289657609100642,57.964,58.4295,57.44166666666667,0.3446548740708039
2020-06-02,002594.SZ,59.57,62.18,58.88,61.0,59.33,1.67,2.8148,204796.1,1235513.478,0.028147648744311526,0.02775878390275942,58.504,58.4815,57.34866666666667,0.33812898290719645
2020-06-03,002594.SZ,60.79,61.05,59.48,59.93,61.0,-1.07,-1.7541,146356.95,882603.748,-0.017540983606557425,-0.017696649703217413,59.029999999999994,58.36900000000001,57.234,0.3159307737123574
2020-06-04,002594.SZ,60.48,61.2,59.71,60.11,59.93,0.18,0.3004,105743.32,637797.409,0.003003504088102682,0.0029990025809766866,59.556,58.36999999999999,57.146499999999996,0.29268435979860247
2020-06-05,002594.SZ,61.0,63.28,60.33,63.2,60.11,3.09,5.1406,265451.22,1643855.456,0.0514057561137915,0.050128084101741174,60.714,58.541,57.20900000000001,0.34346966723610867
2020-06-08,002594.SZ,63.0,63.83,62.45,62.79,63.2,-0.41,-0.6487,172441.11,1087013.121,-0.006487341772151933,-0.006508476026793718,61.40599999999999,58.7365,57.25266666666667,0.3388090227546131
2020-06-09,002594.SZ,63.0,64.41,61.69,61.98,62.79,-0.81,-1.29,204430.53,1285542.235,-0.012900143334925951,-0.012984072766415883,61.602,58.879,57.30650000000001,0.34369554084274045
2020-06-10,002594.SZ,62.26,62.42,60.68,61.05,61.98,-0.93,-1.5005,186194.03,1140629.413,-0.015004840271055198,-0.015118551802888512,61.826,58.98199999999999,57.3735,0.3489933224188139
2020-06-11,002594.SZ,61.87,64.2,61.51,62.84,61.05,1.79,2.932,280232.52,1764678.741,0.029320229320229485,0.028898612830706882,62.372,59.2395,57.49316666666667,0.34979708116254704
2020-06-12,002594.SZ,61.4,61.93,60.63,61.48,62.84,-1.36,-2.1642,175497.1,1075893.063,-0.021642266072565364,-0.02187989471702542,62.028,59.41550000000001,57.61983333333333,0.3618997383079858
2020-06-15,002594.SZ,62.5,63.88,61.25,62.5,61.48,1.02,1.6591,195740.28,1225432.62,0.016590761223162165,0.01645463807196086,61.970000000000006,59.68150000000001,57.7775,0.3592676365525803
2020-06-16,002594.SZ,63.8,64.46,63.13,64.1,62.5,1.6,2.56,214115.72,1367780.377,0.025599999999999845,0.02527780718426839,62.394000000000005,59.9755,57.977666666666664,0.3638920864197892
2020-06-17,002594.SZ,64.0,64.11,62.36,64.11,64.1,0.01,0.0156,144378.18,912074.334,0.00015600624024969534,0.0001559940725416727,63.00599999999999,60.23049999999999,58.19016666666667,0.3628502017863999
2020-06-18,002594.SZ,63.8,66.76,62.94,66.74,64.11,2.63,4.1023,279033.36,1829902.632,0.041023241304008584,0.04020411532406186,63.78599999999999,60.709999999999994,58.42716666666666,0.3589547073139605
2020-06-19,002594.SZ,66.69,68.68,66.3,66.99,66.74,0.25,0.3746,220618.87,1487253.014,0.0037458795325142624,0.0037388811969482783,64.88799999999999,61.257999999999996,58.74116666666667,0.3443969751711978
2020-06-22,002594.SZ,66.6,68.78,66.29,68.0,66.99,1.01,1.5077,196254.8,1325805.162,0.015076877145842715,0.01496435065593055,65.98799999999999,61.831999999999994,59.04566666666667,0.34502045585160496
2020-06-23,002594.SZ,67.57,72.09,67.0,71.03,68.0,3.03,4.4559,260374.91,1812606.801,0.04455882352941187,0.043594617833612,67.374,62.46849999999999,59.358666666666664,0.3588996895506689
2020-06-24,002594.SZ,71.1,73.06,70.76,71.7,71.03,0.67,0.9433,196680.98,1414432.114,0.009432634098268444,0.009388424595856183,68.892,63.1885,59.64916666666667,0.3441668839697982
2020-06-29,002594.SZ,71.5,72.43,70.3,70.6,71.7,-1.1,-1.5342,173376.3,1233307.83,-0.015341701534170249,-0.015460603106378378,69.66400000000002,63.844500000000004,59.91283333333333,0.3561598434555192
2020-06-30,002594.SZ,71.41,72.85,70.87,71.8,70.6,1.2,1.6997,169831.01,1223207.515,0.016997167138810276,0.016854331554982182,70.626,64.564,60.17233333333333,0.3540274924340582
2020-07-01,002594.SZ,73.21,75.45,71.03,72.47,71.8,0.67,0.9331,235093.22,1726221.255,0.009331476323119814,0.009288207067011587,71.52000000000001,65.221,60.38066666666667,0.3444016201821424
2020-07-02,002594.SZ,72.63,74.61,71.8,72.14,72.47,-0.33,-0.4554,214074.18,1559734.669,-0.004553608389678443,-0.00456400764579707,71.74199999999999,65.77799999999999,60.631,0.34144086375211624
2020-07-03,002594.SZ,73.3,79.35,73.23,79.35,72.14,7.21,9.9945,455388.12,3497719.615,0.09994455225949528,0.09525977149702501,73.272,66.749,61.01033333333333,0.45706704792399094
2020-07-06,002594.SZ,79.33,81.59,77.41,80.9,79.35,1.55,1.9534,461224.16,3661516.239,0.01953371140516702,0.019345377092027962,75.332,67.7885,61.442,0.45530926473770633
2020-07-07,002594.SZ,84.76,88.5,83.0,83.0,80.9,2.1,2.5958,466705.87,3978641.289,0.02595797280593315,0.02562678373215182,77.572,68.7785,61.886833333333335,0.43717278446974545
2020-07-08,002594.SZ,81.94,84.28,81.86,82.75,83.0,-0.25,-0.3012,319155.88,2647763.129,-0.003012048192771122,-0.003016593539425679,79.628,69.7765,62.344,0.43517512225749155
2020-07-09,002594.SZ,82.75,86.3,81.46,84.46,82.75,1.71,2.0665,327973.52,2764110.59,0.020664652567975672,0.020454035248625078,82.092,70.9005,62.82416666666666,0.42356534126920753
2020-07-10,002594.SZ,84.47,92.36,83.05,89.0,84.46,4.54,5.3753,396029.31,3495161.21,0.05375325597916181,0.05235832022634239,84.022,72.298,63.398,0.4272872530145473
2020-07-13,002594.SZ,92.6,97.9,92.29,97.9,89.0,8.9,10.0,579871.28,5536512.876,0.10000000000000009,0.09531017980432493,87.422,74.051,64.09966666666666,0.5140032651463212
2020-07-14,002594.SZ,97.9,97.91,90.58,96.55,97.9,-1.35,-1.379,536388.69,5075817.585,-0.013789581205311596,-0.013885540661941304,90.13199999999999,75.80449999999999,64.7435,0.5056678302505667
2020-07-15,002594.SZ,97.0,97.29,92.69,94.5,96.55,-2.05,-2.1233,388695.86,3699030.985,-0.021232522009321575,-0.021461174374826357,92.482,77.4045,65.31616666666666,0.52956627081547
2020-07-16,002594.SZ,94.4,95.5,85.05,85.05,94.5,-9.45,-10.0,560466.63,4984540.817,-0.09999999999999998,-0.10536051565782628,92.6,78.452,65.73349999999999,0.6820493284104686
2020-07-17,002594.SZ,83.02,85.36,80.07,81.59,85.05,-3.46,-4.0682,430968.74,3549101.616,-0.04068195179306289,-0.04153261340116192,91.11800000000001,79.326,66.11333333333333,0.7088065325956199
2020-07-20,002594.SZ,83.7,89.3,81.61,87.17,81.59,5.58,6.8391,431730.31,3684539.642,0.06839073415859787,0.06615352958277584,88.97200000000001,80.3475,66.58516666666667,0.7294768154091864
2020-07-21,002594.SZ,89.9,91.33,87.68,88.09,87.17,0.92,1.0554,317222.34,2834375.732,0.01055408970976246,0.01049878409821957,87.28,81.4025,67.06383333333333,0.7285529126541315
2020-07-22,002594.SZ,86.0,89.48,85.5,87.19,88.09,-0.9,-1.0217,269544.83,2367987.141,-0.010216823703031008,-0.010269373681980668,85.818,82.362,67.5265,0.7339283049258494
2020-07-23,002594.SZ,86.06,89.0,85.58,88.99,87.19,1.8,2.0645,327286.56,2869841.089,0.020644569331345286,0.02043435842904715,86.60600000000001,83.26,68.03883333333333,0.7253712366858827
2020-07-24,002594.SZ,87.78,88.14,82.5,83.0,88.99,-5.99,-6.7311,388173.74,3298033.865,-0.06731093381278785,-0.06968339607217283,86.888,83.825,68.44333333333334,0.7786190179997342
2020-07-27,002594.SZ,83.5,85.2,82.3,83.52,83.0,0.52,0.6265,208828.46,1753284.47,0.006265060240963738,0.006245516337730549,86.15799999999999,84.47099999999999,68.88566666666667,0.7736120544771141
2020-07-28,002594.SZ,85.98,86.66,83.0,83.91,83.52,0.39,0.467,216440.67,1829407.614,0.004669540229885083,0.004658671747649485,85.322,85.0765,69.33449999999999,0.7732781425900551
2020-07-29,002594.SZ,83.31,87.5,82.52,86.93,83.91,3.02,3.5991,287975.5,2464892.396,0.03599094267667757,0.03535840120899509,85.27000000000001,85.7995,69.81666666666666,0.7792221286098024
2020-07-30,002594.SZ,87.02,87.63,84.3,85.0,86.93,-1.93,-2.2202,224492.69,1917850.499,-0.02220177154031988,-0.022451940600656597,84.47200000000001,86.44250000000001,70.234,0.7861647691994629
2020-07-31,002594.SZ,84.96,86.66,83.46,85.39,85.0,0.39,0.4588,258122.89,2201963.263,0.00458823529411756,0.004577741429198239,84.95,86.74449999999999,70.62083333333334,0.709638574714919
2020-08-03,002594.SZ,85.41,86.5,84.4,86.17,85.39,0.78,0.9135,280303.6,2394349.093,0.009134559081859672,0.009093091332160637,85.47999999999999,87.00800000000001,71.0555,0.7076989759697979
2020-08-04,002594.SZ,86.95,91.0,86.88,89.0,86.17,2.83,3.2842,383955.87,3414415.346,0.03284205640013926,0.03231428048046439,86.498,87.308,71.5425,0.7109324153967522
2020-08-05,002594.SZ,89.0,89.0,86.58,88.15,89.0,-0.85,-0.9551,190226.84,1667411.299,-0.00955056179775271,-0.009596460888260504,86.74199999999999,87.578,72.03033333333333,0.7122206579374589
2020-08-06,002594.SZ,88.81,89.6,87.0,88.73,88.15,0.58,0.658,205332.66,1815887.526,0.006579693703913758,0.0065581420033671445,87.48800000000001,87.7915,72.52366666666667,0.7096327247085539
2020-08-07,002594.SZ,87.6,88.76,83.81,85.38,88.73,-3.35,-3.7755,245974.16,2120266.841,-0.03775498703933289,-0.03848616951743049,87.486,87.6105,72.9635,0.6977919935790203
2020-08-10,002594.SZ,83.79,84.35,80.0,81.98,85.38,-3.4,-3.9822,336538.84,2752165.156,-0.0398219723588662,-0.040636566253624454,86.648,86.8145,73.36833333333334,0.598389277503086
2020-08-11,002594.SZ,81.9,83.2,80.95,81.0,81.98,-0.98,-1.1954,194172.6,1596334.584,-0.011954135154915835,-0.012026160403752737,85.048,86.037,73.75233333333334,0.5981950834095889
2020-08-12,002594.SZ,81.18,81.98,78.45,81.98,81.0,0.98,1.2099,220971.73,1768144.489,0.012098765432098757,0.012026160403752728,83.814,85.411,74.16566666666667,0.6001526102680674
2020-08-13,002594.SZ,83.5,83.8,81.65,81.8,81.98,-0.18,-0.2196,135827.79,1119875.379,-0.0021956574774335547,-0.0021980714674901653,82.428,85.2485,74.55866666666665,0.48769012059451144
2020-08-14,002594.SZ,82.1,82.59,80.0,81.93,81.8,0.13,0.1589,120620.31,981262.741,0.0015892420537897411,0.0015879805450219708,81.738,85.2655,74.94066666666666,0.46520687158466334
2020-08-17,002594.SZ,82.2,83.23,81.33,82.92,81.93,0.99,1.2083,151031.94,1246372.799,0.012083485902599778,0.012011063413855504,81.92600000000002,85.053,75.37016666666666,0.39387484576848064
2020-08-18,002594.SZ,84.01,84.51,81.8,82.18,82.86,-0.68,-0.8207,161552.5,1335564.954,-0.008924264351181765,-0.008964324112315047,82.162,84.7575,75.80600000000001,0.3915723158361364
2020-08-19,002594.SZ,81.4,81.64,79.52,79.65,82.18,-2.53,-3.0786,187358.26,1504274.09,-0.030786079338038452,-0.03126992709920616,81.696,84.38050000000001,76.19149999999999,0.4031173206286336
2020-08-20,002594.SZ,79.64,80.0,78.1,78.55,79.65,-1.1,-1.381,122724.3,967851.099,-0.013810420590081751,-0.013906671654427515,81.046,83.8585,76.529,0.39338775770933754
2020-08-21,002594.SZ,80.0,80.64,78.9,79.58,78.55,1.03,1.3113,111905.48,893244.022,0.013112667091024877,0.013027440297152467,80.576,83.6875,76.90033333333334,0.32448374768948424
2020-08-24,002594.SZ,79.9,82.28,79.69,81.44,79.58,1.86,2.3373,171280.61,1384872.483,0.02337270671022873,0.023103747803430063,80.28,83.5835,77.29966666666665,0.33568396810012835
2020-08-25,002594.SZ,81.0,82.88,80.5,81.24,81.44,-0.2,-0.2456,145106.34,1182125.999,-0.0024557956777996326,-0.0024588160900287028,80.092,83.45,77.69683333333333,0.335026828647362
2020-08-26,002594.SZ,82.0,85.31,81.68,83.42,81.24,2.18,2.6834,320471.53,2691953.337,0.026834071885770694,0.026480352056615385,80.846,83.2745,78.09833333333333,0.32282581787890574
2020-08-27,002594.SZ,86.5,87.55,84.7,85.42,83.42,2.0,2.3975,252034.89,2168640.349,0.023975065931431283,0.023692176644521223,82.22,83.29549999999999,78.50533333333333,0.3258344113634464
2020-08-28,002594.SZ,85.0,86.06,83.02,85.39,85.42,-0.03,-0.0351,186470.43,1572760.241,-0.0003512058066026391,-0.00035126749380562686,83.382,83.2955,78.92966666666666,0.32547347447401087
2020-08-31,002594.SZ,87.02,88.22,84.88,85.0,85.39,-0.39,-0.4567,215346.9,1864842.718,-0.004567279540929836,-0.004577741429198311,84.09400000000001,83.237,79.3445,0.32411645441885256
2020-09-01,002594.SZ,86.99,93.5,86.31,93.5,85.0,8.5,10.0,394612.65,3573272.701,0.10000000000000009,0.09531017980432493,86.546,83.462,79.8495,0.4703712040047576
2020-09-02,002594.SZ,95.88,96.0,91.63,94.3,93.5,0.8,0.8556,397047.08,3719378.787,0.00855614973262031,0.008519753344770486,88.72200000000001,83.76950000000001,80.37466666666667,0.46841499366070993
2020-09-03,002594.SZ,92.88,95.16,92.15,92.59,94.3,-1.71,-1.8134,227794.95,2129704.437,-0.018133616118769846,-0.018300045179456048,90.156,83.9625,80.88483333333333,0.47462830239063997
2020-09-04,002594.SZ,88.8,90.59,88.02,90.0,92.59,-2.59,-2.7973,222021.32,1979126.649,-0.027972783237930732,-0.02837147412969073,91.078,84.1935,81.36733333333333,0.46478047991346294
2020-09-07,002594.SZ,89.48,97.5,89.4,94.74,90.0,4.74,5.2667,409986.53,3862436.332,0.05266666666666664,0.05132662716534063,93.026,84.83149999999999,81.89900000000002,0.467616152159687
2020-09-08,002594.SZ,95.88,95.88,90.7,91.0,94.74,-3.74,-3.9476,279084.09,2590896.624,-0.03947646189571452,-0.04027679097875561,92.526,85.33149999999999,82.391,0.492469722843819
2020-09-09,002594.SZ,88.01,88.7,84.85,85.99,91.0,-5.01,-5.5055,263291.56,2281813.618,-0.055054945054945126,-0.05662849609404497,90.864,85.532,82.7825,0.5375721408597578
2020-09-10,002594.SZ,87.84,90.17,86.9,87.09,85.99,1.1,1.2792,217062.71,1923920.285,0.012792185137806777,0.012711056281843122,89.764,85.79650000000001,83.16566666666668,0.5383113839578173
2020-09-11,002594.SZ,87.85,91.2,87.22,91.2,87.09,4.11,4.7193,205763.7,1843068.555,0.047192559421288305,0.04611283037563747,90.00399999999999,86.26,83.61716666666666,0.5598775215018068
2020-09-14,002594.SZ,91.3,94.5,91.3,92.5,91.2,1.3,1.4254,223839.09,2078549.015,0.014254385964912242,0.014153747438093766,89.556,86.739,84.0465,0.5602457242082157
2020-09-15,002594.SZ,94.01,101.75,93.5,101.3,92.5,8.8,9.5135,579221.28,5761285.366,0.09513513513513505,0.09087776673625811,91.616,87.69500000000001,84.61833333333334,0.6394904846298973
2020-09-16,002594.SZ,100.28,107.87,99.0,105.4,101.3,4.1,4.0474,493789.34,5154280.712,0.04047384007897348,0.039676224852624384,95.498,88.98249999999999,85.24166666666666,0.6272516085579856
2020-09-17,002594.SZ,105.51,115.94,105.15,115.94,105.4,10.54,10.0,602351.1,6707262.639,0.09999999999999987,0.09531017980432474,101.268,90.852,85.99016666666667,0.6857069499020918
2020-09-18,002594.SZ,113.99,115.5,111.5,115.5,115.94,-0.44,-0.3795,473753.77,5363840.116,-0.003795066413662229,-0.0038022859497385706,106.128,92.648,86.72016666666667,0.6907366670042068
2020-09-21,002594.SZ,116.0,119.32,104.34,105.77,115.5,-9.73,-8.4242,588770.87,6535043.671,-0.08424242424242423,-0.08800360462188671,108.782,93.86449999999999,87.30633333333334,0.7826075592192054
2020-09-22,002594.SZ,106.5,110.65,104.01,106.77,105.77,1.0,0.9454,462881.94,4971987.39,0.009454476694714886,0.009410062850249432,109.876,95.14099999999999,87.88916666666667,0.7803658656437481
2020-09-23,002594.SZ,109.0,111.01,106.3,110.4,106.77,3.63,3.3998,381409.14,4146613.365,0.03399831413318366,0.033433145652784116,110.876,96.49,88.52133333333333,0.7822327161630597
2020-09-24,002594.SZ,107.88,110.03,106.01,106.4,110.4,-4.0,-3.6232,266125.7,2864183.119,-0.036231884057971064,-0.03690455693545098,108.96799999999999,97.53900000000002,89.09233333333333,0.8022589079305975
2020-09-25,002594.SZ,108.2,109.79,103.8,105.09,106.4,-1.31,-1.2312,324363.17,3457966.85,-0.012312030075187996,-0.012388451030038898,106.886,98.524,89.52133333333333,0.8058630191093565
2020-09-28,002594.SZ,106.19,108.1,105.65,106.4,105.09,1.31,1.2466,211882.87,2260356.21,0.012465505756970252,0.012388451030038907,107.01199999999999,99.59400000000001,89.94633333333333,0.803585314350544
2020-09-29,002594.SZ,108.59,109.51,104.25,107.89,106.4,1.49,1.4004,270045.76,2884125.029,0.014003759398496296,0.013906612655704774,107.23600000000002,100.3135,90.36116666666666,0.7343723695685791
2020-09-30,002594.SZ,108.58,118.23,107.1,116.24,107.89,8.35,7.7394,444201.02,5073415.251,0.0773936416720733,0.07454482969877864,108.404,101.4105,90.91933333333333,0.7743901647488467
2020-10-09,002594.SZ,123.1,126.14,119.2,120.35,116.24,4.11,3.5358,559678.07,6870685.597,0.03535788024776321,0.03474714496705345,111.194,102.79849999999999,91.51749999999998,0.7703892897599679
2020-10-12,002594.SZ,123.8,129.03,120.45,128.5,120.35,8.15,6.7719,528088.92,6521180.717,0.06771915247195692,0.06552474010619365,115.876,104.72349999999999,92.17583333333332,0.7756035283453984
2020-10-13,002594.SZ,128.0,131.88,125.0,129.29,128.5,0.79,0.6148,460527.46,5958597.982,0.006147859922178922,0.006129038931187344,120.454,106.451,92.699,0.7664164746240428
2020-10-14,002594.SZ,129.15,132.32,128.1,130.5,129.29,1.21,0.9359,310471.58,4041272.251,0.00935880578544368,0.009315283496286304,124.976,108.426,93.26483333333333,0.7379627399284334
2020-10-15,002594.SZ,134.6,137.73,131.33,131.55,130.5,1.05,0.8046,402893.07,5425288.384,0.008045977011494232,0.008013780723553616,128.038,110.704,93.88233333333332,0.6859000877378199
2020-10-16,002594.SZ,132.56,133.85,125.0,127.8,131.55,-3.75,-2.8506,413535.51,5301212.698,-0.02850627137970363,-0.028920465542867407,129.528,112.73949999999999,94.59483333333333,0.7088238013025652
2020-10-19,002594.SZ,128.0,129.81,126.3,128.08,127.8,0.28,0.2191,222006.11,2832538.854,0.0021909233176840015,0.002188526745024937,129.44400000000002,114.5835,95.36966666666667,0.7041594209534106
2020-10-20,002594.SZ,126.18,140.33,126.18,140.0,128.08,11.92,9.3067,541679.01,7240427.47,0.0930668332292317,0.08898735392084503,131.586,116.9585,96.25016666666667,0.7524481567384713
2020-10-21,002594.SZ,137.99,139.7,134.17,137.5,140.0,-2.5,-1.7857,380567.07,5212917.457,-0.017857142857142905,-0.018018505502678365,132.98600000000002,118.76850000000002,97.07366666666667,0.7125999437663092
2020-10-22,002594.SZ,137.23,145.0,132.07,143.79,137.5,6.29,4.5745,434389.39,6061013.977,0.045745454545454534,0.04472998473302361,135.43400000000003,120.68800000000002,98.017,0.7152091296940009
2020-10-23,002594.SZ,142.02,145.78,136.5,138.67,143.79,-5.12,-3.5607,400994.12,5645291.379,-0.03560748313512763,-0.03625689207387675,137.608,121.82449999999999,98.845,0.6657532295477253
2020-10-26,002594.SZ,136.5,142.85,133.1,139.96,138.67,1.29,0.9303,309796.04,4319369.738,0.009302660993726342,0.009259657733714637,139.984,123.04749999999999,99.79433333333333,0.6638212258742038
2020-10-27,002594.SZ,137.42,141.5,135.83,140.28,139.96,0.32,0.2286,296545.4,4122784.516,0.002286367533580913,0.0022837577724899674,140.04000000000002,124.773,100.74033333333334,0.5635552024732559
2020-10-28,002594.SZ,139.51,153.48,139.02,151.6,140.28,11.32,8.0696,517973.65,7669731.453,0.08069575135443396,0.0776050479362939,142.86,127.0145,101.86850000000001,0.60945839240716
2020-10-29,002594.SZ,147.91,166.76,147.91,158.38,151.6,6.78,4.4723,634704.95,10022998.772,0.044722955145118704,0.043751735573995115,145.778,129.4135,103.05933333333334,0.6142773930747109
2020-10-30,002594.SZ,160.0,170.3,154.2,159.81,158.38,1.43,0.9029,673291.83,10882457.196,0.009028917792650581,0.008988400814751035,150.006,132.084,104.30616666666667,0.5804804313938083
2020-11-02,002594.SZ,160.91,168.75,160.5,167.98,159.81,8.17,5.1123,524910.93,8660252.633,0.051123208810462284,0.049859315100463465,155.60999999999999,135.2285,105.68266666666666,0.5756150151478044
2020-11-03,002594.SZ,172.0,172.45,159.58,164.08,167.98,-3.9,-2.3217,661616.64,10960743.413,-0.023217049648767585,-0.02349081093335576,160.37,138.1125,106.98116666666667,0.5988402139833874
2020-11-04,002594.SZ,167.0,170.33,163.0,168.03,164.08,3.95,2.4074,460948.23,7689440.146,0.024073622623110635,0.023788421125725417,163.656,141.1195,108.29833333333333,0.5980003333782092
2020-11-05,002594.SZ,175.0,184.83,171.0,184.83,168.03,16.8,9.9982,674092.11,11951954.71,0.09998214604534916,0.0952939488047385,168.946,144.549,109.90966666666667,0.6297566404168189
2020-11-06,002594.SZ,189.5,198.85,179.89,190.44,184.83,5.61,3.0352,807666.85,15261972.051,0.0303522155494238,0.029900700631728998,175.072,148.0535,111.60483333333333,0.6288285321922938
2020-11-09,002594.SZ,191.6,193.67,184.12,190.95,190.44,0.51,0.2678,525016.12,9934097.169,0.0026780088216760145,0.002674429345207099,179.666,151.176,113.36433333333335,0.6108870315140983
2020-11-10,002594.SZ,186.86,186.88,176.88,182.58,190.95,-8.37,-4.3833,635349.5,11543486.452,-0.043833464257658994,-0.044823180534590425,183.36599999999999,153.8405,115.041,0.6510970419240772
2020-11-11,002594.SZ,176.9,181.89,164.32,164.35,182.58,-18.23,-9.9847,805675.15,13840949.837,-0.09984664256764164,-0.10519013302670636,182.63,155.53300000000002,116.43016666666668,0.7744358654161503
2020-11-12,002594.SZ,168.0,173.3,165.78,169.33,164.35,4.98,3.0301,586639.61,9953360.351,0.030301186492242227,0.029851173567020838,179.53,157.422,117.88600000000001,0.7766798042522027
2020-11-13,002594.SZ,180.0,182.02,173.29,175.9,169.33,6.57,3.88,609193.92,10790305.828,0.03879997637748778,0.03806617806626333,176.622,159.82700000000003,119.45433333333334,0.7646680401503662
2020-11-16,002594.SZ,171.03,171.5,163.5,170.02,175.9,-5.88,-3.3428,542565.39,9094656.059,-0.03342808413871512,-0.033999574554299625,172.436,161.924,120.9225,0.7841451714717096
2020-11-17,002594.SZ,173.5,175.18,164.46,167.0,170.02,-3.02,-1.7763,568409.34,9641027.028,-0.01776261616280439,-0.017922264772457706,169.32000000000002,163.274,122.32383333333334,0.7357807893194099
2020-11-18,002594.SZ,165.88,169.18,162.25,167.0,167.0,0.0,0.0,417033.16,6941378.987,0.0,0.0,169.85,164.749,123.7375,0.72955740128071
2020-11-19,002594.SZ,168.0,168.7,159.52,161.62,167.0,-5.38,-3.2216,470054.4,7652210.663,-0.03221556886227539,-0.03274591161145347,168.308,165.6405,125.10366666666667,0.732465437425281
2020-11-20,002594.SZ,164.65,177.24,163.22,176.06,161.62,14.44,8.9345,707526.94,12067220.425,0.08934537804727127,0.0855769452274584,168.34,167.51000000000002,126.72883333333333,0.7696966264446126
2020-11-23,002594.SZ,176.9,185.02,172.07,184.2,176.06,8.14,4.6234,604026.64,10841291.967,0.04623423832784268,0.0451972777884463,171.17600000000002,169.722,128.4725,0.7783825598228854
2020-11-24,002594.SZ,191.77,194.99,180.71,184.19,184.2,-0.01,-0.0054,646752.09,12193378.658,-5.4288816503711423e-05,-5.4290290194846984e-05,174.614,171.9175,130.185,0.7789324155352327
2020-11-25,002594.SZ,183.0,191.7,180.6,183.53,184.19,-0.66,-0.3583,473857.64,8798105.734,-0.003583256420001013,-0.0035896916606307865,177.92,173.514,131.88983333333334,0.740962293782335
2020-11-26,002594.SZ,183.61,184.8,171.23,175.82,183.53,-7.71,-4.2009,496538.19,8751195.066,-0.04200948073884381,-0.04291739744734816,180.76000000000002,174.386,133.42983333333333,0.7519195646739253
2020-11-27,002594.SZ,175.31,177.9,169.33,174.1,175.82,-1.72,-0.9783,397476.15,6868605.93,-0.009782732339893019,-0.009830897648889121,180.368,175.1005,134.90783333333334,0.7539757086923067
2020-11-30,002594.SZ,171.5,176.74,166.01,172.15,174.1,-1.95,-1.12,379212.83,6493585.105,-0.01120045950603099,-0.011263656989610564,177.958,175.309,136.3538333333333,0.7360439447853884
2020-12-01,002594.SZ,168.7,177.0,167.0,176.81,172.15,4.66,2.7069,401564.31,6983133.536,0.02706941620679637,0.026709519905465207,176.482,175.9455,137.88400000000001,0.7346175385929572
2020-12-02,002594.SZ,171.1,172.5,168.0,169.75,176.81,-7.06,-3.993,492401.38,8354836.225,-0.039929868220123343,-0.04074894325119254,173.726,176.0315,139.15483333333336,0.747315938594954
2020-12-03,002594.SZ,169.75,173.66,166.96,171.09,169.75,1.34,0.7894,365580.81,6251135.998,0.007893961708394626,0.007862967397751596,172.78,175.34449999999998,140.43466666666666,0.651843618386676
2020-12-04,002594.SZ,171.6,178.8,170.4,171.86,171.09,0.77,0.4501,394489.88,6888910.896,0.004500555263311723,0.004490458048519803,172.332,174.4155,141.75583333333333,0.6406373382180917
2020-12-07,002594.SZ,171.3,176.66,169.11,175.29,171.86,3.43,1.9958,322185.89,5617848.45,0.019958105434656037,0.019761553349378316,172.95999999999998,173.6325,143.17733333333337,0.6460619328472208
2020-12-08,002594.SZ,178.1,182.0,176.7,177.97,175.29,2.68,1.5289,445743.24,7995315.241,0.015288949740430269,0.015173251527439025,173.192,173.402,144.5645,0.6309897503028488
2020-12-09,002594.SZ,179.0,181.03,173.0,173.24,177.97,-4.73,-2.6578,315714.47,5563503.434,-0.02657751306399947,-0.026937080415468252,173.89000000000001,173.8465,145.93516666666667,0.5222492080297417
2020-12-10,002594.SZ,168.0,171.66,166.02,169.52,173.24,-3.72,-2.1473,370436.28,6243808.669,-0.02147310090048482,-0.021707002386382235,173.576,173.856,147.3273333333333,0.5188642717570163
2020-12-11,002594.SZ,169.35,169.35,162.8,167.0,169.52,-2.52,-1.4866,354878.18,5902635.219,-0.014865502595563962,-0.01497710154328854,172.60399999999998,173.411,148.6591666666667,0.5010613832191
2020-12-14,002594.SZ,166.8,170.88,163.0,170.2,167.0,3.2,1.9162,302132.25,5064250.844,0.019161676646706427,0.018980403722518496,171.586,173.42,149.97583333333333,0.4921872872423467
2020-12-15,002594.SZ,170.25,175.05,168.5,174.7,170.2,4.5,2.6439,362218.02,6234488.461,0.026439482961222005,0.026096001000737036,170.932,173.805,151.34583333333333,0.4954325280304245
2020-12-16,002594.SZ,176.0,176.7,170.9,171.87,174.7,-2.83,-1.6199,238153.85,4110951.042,-0.016199198626216327,-0.016331840051414706,170.658,174.0485,152.52200000000002,0.4999243015104677
2020-12-17,002594.SZ,171.18,172.93,169.01,171.79,171.87,-0.08,-0.0465,189772.6,3245175.544,-0.0004654680863444005,-0.0004655764502420318,171.112,174.557,153.62849999999997,0.4836252263066363
2020-12-18,002594.SZ,172.5,180.09,171.22,176.0,171.79,4.21,2.4507,488485.1,8625943.227,0.02450666511438393,0.0242111943997977,172.91199999999998,174.554,154.6295,0.3730882591875069
2020-12-21,002594.SZ,176.5,193.6,175.5,193.6,176.0,17.6,10.0,667797.63,12342923.957,0.09999999999999987,0.09531017980432474,177.59199999999998,175.024,155.93116666666668,0.4911290260397128
2020-12-22,002594.SZ,192.98,192.98,183.66,184.0,193.6,-9.6,-4.9587,586810.41,11044848.425,-0.04958677685950408,-0.050858417233490966,179.452,175.0145,157.235,0.525402350377883
2020-12-23,002594.SZ,183.89,190.8,182.96,186.79,184.0,2.79,1.5163,427079.45,7982526.892,0.015163043478260807,0.01504923356222602,182.436,175.17749999999998,158.56866666666664,0.5276990942799413
2020-12-24,002594.SZ,185.0,185.0,180.0,183.0,186.79,-3.79,-2.029,260453.54,4739171.492,-0.020290165426414597,-0.020498838329790665,184.67800000000003,175.5365,159.77866666666665,0.5093167785326058
2020-12-25,002594.SZ,183.32,186.15,181.1,185.22,183.0,2.22,1.2131,211330.69,3892733.282,0.012131147540983545,0.01205815490070193,186.522,176.0925,161.09233333333336,0.5082575614184797
2020-12-28,002594.SZ,184.3,190.37,182.6,187.93,185.22,2.71,1.4631,303384.31,5674752.366,0.014631249325126827,0.014525245326386493,185.388,176.88150000000002,162.473,0.5065650452272645
2020-12-29,002594.SZ,186.0,186.0,178.46,178.6,187.93,-9.33,-4.9646,361177.82,6530622.526,-0.049646144841164364,-0.050920884626110906,184.308,176.97099999999998,163.67633333333333,0.5343995084931714
2020-12-30,002594.SZ,180.66,191.95,180.66,186.0,178.6,7.4,4.1433,510431.08,9559070.846,0.04143337066069441,0.04059800527080269,184.15,177.78349999999998,164.97816666666665,0.5297053659045892
2020-12-31,002594.SZ,188.86,195.83,184.26,194.3,186.0,8.3,4.4624,505119.42,9665582.055,0.044623655913978544,0.0436566826701932,186.41000000000003,178.94400000000002,166.27916666666667,0.5480036655411258
2021-01-04,002594.SZ,189.0,211.16,187.09,206.76,194.3,12.46,6.4128,589501.61,11803190.657,0.06412763767370033,0.06215534394444404,190.71800000000002,180.689,167.71933333333334,0.5841683813598955
2021-01-05,002594.SZ,206.0,221.23,202.01,219.9,206.76,13.14,6.3552,545305.97,11642247.812,0.06355194428322708,0.061614197232877074,197.112,182.9195,169.24266666666665,0.6138470307013957
2021-01-06,002594.SZ,219.72,222.18,212.0,216.3,219.9,-3.6,-1.6371,434652.14,9376648.611,-0.016371077762619368,-0.01650656460170241,204.65200000000002,184.836,170.69283333333334,0.6218985703922792
2021-01-07,002594.SZ,216.6,228.32,214.2,225.04,216.3,8.74,4.0407,428602.54,9516502.256,0.04040684234858993,0.03961183122258834,212.45999999999998,187.426,172.26850000000002,0.6143171067907208
2021-01-08,002594.SZ,233.0,234.32,220.7,227.51,225.04,2.47,1.0976,426758.36,9705879.745,0.010975826519729726,0.01091602928732105,219.102,190.3255,173.86783333333332,0.6001966893859548
2021-01-11,002594.SZ,234.59,245.0,230.98,234.86,227.51,7.35,3.2306,534254.66,12681067.407,0.0323062722517693,0.031795398468012666,224.72200000000004,193.7185,175.65216666666666,0.5918565194027648
2021-01-12,002594.SZ,231.8,239.75,220.0,236.99,234.86,2.13,0.9069,433124.58,9980651.742,0.009069232734394861,0.009028354215173222,228.14000000000001,197.05800000000002,177.46733333333336,0.5926424287228551
2021-01-13,002594.SZ,238.0,249.88,229.69,239.3,236.99,2.31,0.9747,480347.87,11590837.002,0.009747246719270963,0.00970004876221934,232.74,200.28799999999998,179.12233333333333,0.5922050839945783
2021-01-14,002594.SZ,232.0,235.45,222.34,223.95,239.3,-15.35,-6.4145,445955.02,10176085.741,-0.064145424153782,-0.0662951822610187,232.52200000000002,202.892,180.5631666666667,0.649051327841385
2021-01-15,002594.SZ,222.0,228.92,216.5,225.2,223.95,1.25,0.5582,377050.46,8420560.824,0.005581603036391991,0.005566083612226173,232.06,205.5625,181.92,0.6476037516616687
2021-01-18,002594.SZ,220.0,224.0,216.26,221.69,225.2,-3.51,-1.5586,263789.33,5826658.747,-0.015586145648312622,-0.015708886659673595,229.42600000000002,207.84700000000004,183.30366666666666,0.6549100620027112
2021-01-19,002594.SZ,222.06,225.2,213.56,216.2,221.69,-5.49,-2.4764,276250.13,6035553.036,-0.024764310523704314,-0.025076104400753873,225.26799999999997,208.977,184.57433333333333,0.5789174310043788
2021-01-20,002594.SZ,219.9,226.3,218.01,222.0,216.2,5.8,2.6827,381401.08,8483028.913,0.026827012025901986,0.026473476667171585,221.808,210.877,185.9363333333333,0.5437868381629409
2021-01-21,002594.SZ,220.0,239.6,216.81,235.52,222.0,13.52,6.0901,585709.87,13384594.647,0.060900900900900945,0.05911845366823201,224.12199999999999,213.31350000000003,187.335,0.5730101177306794
2021-01-22,002594.SZ,235.72,243.66,231.51,242.92,235.52,7.4,3.142,423886.78,10112061.191,0.03141983695652173,0.030936335488863168,227.666,216.3095,188.744,0.5633493220891699
2021-01-25,002594.SZ,246.5,262.95,245.0,260.0,242.92,17.08,7.0311,559388.94,14213433.428,0.07031121356825287,0.0679494599861531,235.32799999999997,220.04850000000002,190.41383333333334,0.5964892376463387
2021-01-26,002594.SZ,257.0,262.59,250.99,254.22,260.0,-5.78,-2.2231,394555.44,10115831.947,-0.022230769230769276,-0.022481597149004925,242.93199999999996,223.36299999999997,191.8511666666667,0.6131798641666587
2021-01-27,002594.SZ,250.2,259.44,234.5,257.0,254.22,2.78,1.0935,521351.0,12813494.921,0.01093541027456535,0.01087605102869696,249.93199999999996,227.283,193.39983333333336,0.5629003634797
2021-01-28,002594.SZ,245.97,252.5,242.98,244.36,257.0,-12.64,-4.9183,326461.75,8081858.717,-0.04918287937743182,-0.05043353711365351,251.7,230.20100000000002,194.672,0.6052190461658618
2021-01-29,002594.SZ,249.0,250.43,237.5,247.0,244.36,2.64,1.0804,335982.69,8182542.031,0.01080373219839581,0.010745788846411001,252.516,232.836,195.70816666666667,0.5946513572546236
2021-02-01,002594.SZ,245.0,250.13,239.0,246.89,247.0,-0.11,-0.0445,263794.5,6500021.796,-0.00044534412955465896,-0.00044544332470326803,249.894,234.84249999999997,196.649,0.5640187283463296
2021-02-02,002594.SZ,252.0,268.0,250.5,267.5,246.89,20.61,8.3478,471099.97,12220620.147,0.08347847219409466,0.08017667303278742,252.55,237.2225,197.92483333333337,0.5930327662214778
2021-02-03,002594.SZ,268.1,273.37,260.3,263.0,267.5,-4.5,-1.6822,384029.52,10231620.474,-0.016822429906542036,-0.01696553415829667,253.75,239.55749999999998,199.2651666666667,0.5933061358319739
2021-02-04,002594.SZ,258.0,264.89,255.34,259.9,263.0,-3.1,-1.1787,310350.9,8061146.636,-0.011787072243346075,-0.011857090530320044,256.858,241.3005,200.8576666666667,0.5872836807362953
2021-02-05,002594.SZ,262.0,268.28,247.5,249.0,259.9,-10.9,-4.1939,480550.51,12356334.243,-0.0419392073874566,-0.042844045182736844,257.258,242.375,202.18550000000002,0.6130433363830056
2021-02-08,002594.SZ,248.99,252.98,240.01,250.2,249.0,1.2,0.4819,372461.77,9210843.639,0.004819277108433662,0.004807701568103078,257.91999999999996,243.142,203.4238333333333,0.6046447826032398
2021-02-09,002594.SZ,253.1,259.02,247.5,257.0,250.2,6.8,2.7178,374954.28,9540424.163,0.02717825739408486,0.026815486862409157,255.82,244.1425,204.8735,0.6101103904688745
2021-02-10,002594.SZ,261.0,270.66,253.0,266.95,257.0,9.95,3.8716,418938.71,10995341.387,0.03871595330739286,0.0379852900509753,256.61,245.525,206.53933333333333,0.6218075770841271
2021-02-18,002594.SZ,268.86,268.86,255.33,258.99,266.95,-7.96,-2.9818,472645.58,12353076.536,-0.029818318037085567,-0.030271924030654217,256.428,247.277,208.07250000000002,0.580890890194489
2021-02-19,002594.SZ,254.9,257.66,245.73,257.35,258.99,-1.64,-0.6332,382587.02,9607262.916,-0.006332290822039455,-0.006352424816777446,258.098,248.88449999999997,209.668,0.5830622718543461
2021-02-22,002594.SZ,256.6,256.66,239.45,239.52,257.35,-17.83,-6.9283,427130.93,10558143.268,-0.06928307752088603,-0.07180010542744539,255.962,249.776,210.72566666666668,0.6394723148055182
2021-02-23,002594.SZ,229.59,235.02,222.9,225.0,239.52,-14.52,-6.0621,476510.22,10877530.627,-0.06062124248497003,-0.06253651846689819,249.56199999999998,250.21600000000004,211.40566666666666,0.6731211942125942
2021-02-24,002594.SZ,225.0,228.59,203.6,208.99,225.0,-16.01,-7.1156,676485.18,14532205.192,-0.07115555555555553,-0.0738139982742602,237.97000000000003,249.56550000000001,211.81900000000002,0.7153537700110904
2021-02-25,002594.SZ,215.77,215.85,205.8,209.25,208.99,0.26,0.1244,369532.22,7788184.186,0.0012440786640508517,0.0012433054394247432,228.02200000000002,248.252,212.24766666666667,0.675981495135557
2021-02-26,002594.SZ,196.5,204.0,194.0,197.27,209.25,-11.98,-5.7252,503616.02,9978745.767,-0.057252090800477884,-0.05895636061380723,216.006,245.96949999999998,212.6051666666667,0.685764440196358
2021-03-01,002594.SZ,201.0,210.99,197.5,210.9,197.27,13.63,6.9093,444293.51,9087918.556,0.06909312110305676,0.06681073872895149,210.282,243.5145,213.2185,0.683895999114307
2021-03-02,002594.SZ,214.65,215.8,205.22,211.4,210.9,0.5,0.2371,387928.35,8178911.875,0.0023707918444759724,0.002367985951408265,207.56199999999998,241.3735,213.87266666666667,0.6834115936655427
2021-03-03,002594.SZ,205.0,210.3,201.97,209.75,211.4,-1.65,-0.7805,263061.8,5431739.316,-0.007805108798486282,-0.007835728088821702,207.71400000000003,239.01100000000002,214.42166666666665,0.6796428156842943
2021-03-04,002594.SZ,205.0,205.1,197.3,198.5,209.75,-11.25,-5.3635,346849.91,6955695.359,-0.05363528009535157,-0.05512724522007041,205.56400000000002,236.718,214.9008333333333,0.6832876200613753
2021-03-05,002594.SZ,187.37,199.51,186.18,196.37,198.5,-2.13,-1.073,325319.09,6313240.677,-0.010730478589420667,-0.010788465365106248,205.38400000000001,234.18649999999997,215.3221666666667,0.6790802211723048
2021-03-08,002594.SZ,196.37,197.33,176.73,176.73,196.37,-19.64,-10.0015,591328.23,10922889.31,-0.10001527728268078,-0.10537749056043334,198.55,230.67850000000004,215.40333333333334,0.74794106393107
2021-03-09,002594.SZ,172.41,178.6,162.03,170.68,176.73,-6.05,-3.4233,599204.95,10247665.524,-0.03423301080744634,-0.0348326858819064,190.406,225.8375,215.3265,0.6518430649236419
2021-03-10,002594.SZ,180.0,181.88,175.78,177.19,170.68,6.51,3.8142,431507.17,7706833.381,0.0381415514412935,0.037432144850178616,183.894,221.54700000000003,215.3135,0.6853022612458334
2021-03-11,002594.SZ,176.95,185.0,174.1,182.97,177.19,5.78,3.262,367827.9,6671343.291,0.03262035103561156,0.032099601806496736,180.788,217.7005,215.47566666666668,0.7089242356710911
2021-03-12,002594.SZ,186.17,187.99,178.9,181.68,182.97,-1.29,-0.705,301848.22,5517620.552,-0.0070503361206755155,-0.007075307179171615,177.85,214.3345,215.67833333333334,0.7030678215029292
2021-03-15,002594.SZ,178.55,181.0,172.0,174.26,181.68,-7.42,-4.0841,295602.39,5187723.277,-0.04084103918978432,-0.041698460994162356,177.356,210.5375,215.79933333333332,0.7049447680066573
2021-03-16,002594.SZ,177.58,179.1,173.37,176.47,174.26,2.21,1.2682,197056.4,3474844.999,0.012682199012969075,0.012602453452000947,178.514,206.51100000000002,215.90383333333335,0.6947074671035047
2021-03-17,002594.SZ,174.02,179.97,171.48,176.88,176.47,0.41,0.2323,213705.28,3770679.57,0.002323341077803631,0.002320646294049132,178.452,202.0075,215.94016666666667,0.6669699799981478
2021-03-18,002594.SZ,178.79,180.63,177.28,178.55,176.88,1.67,0.9441,201064.37,3593541.02,0.009441429217548647,0.009397137491266621,177.56799999999998,197.9855,216.0515,0.6734534265792081
2021-03-19,002594.SZ,173.0,175.37,169.66,171.15,178.55,-7.4,-4.1445,258227.22,4438615.91,-0.04144497339680764,-0.04232830906426314,175.462,193.6755,216.04083333333335,0.6772178452471593
2021-03-22,002594.SZ,172.33,175.48,170.01,173.8,171.15,2.65,1.5483,185682.91,3221954.915,0.015483494011101495,0.015364847855097447,175.37,190.3895,216.00416666666666,0.6608989588206933
2021-03-23,002594.SZ,175.8,176.18,166.3,168.97,173.8,-4.83,-2.7791,226648.97,3844462.853,-0.02779056386651335,-0.028184028458733405,173.87,187.58800000000002,215.59366666666668,0.6408573672359297
2021-03-24,002594.SZ,167.99,169.24,162.0,162.74,168.97,-6.23,-3.687,248269.3,4082242.404,-0.036870450375806274,-0.03756734910404709,171.042,185.2755,215.23933333333335,0.6107438132876443
2021-03-25,002594.SZ,157.0,163.45,155.6,161.2,162.74,-1.54,-0.9463,256190.64,4082120.997,-0.009462947032075841,-0.009508005195983429,167.572,182.873,214.81283333333334,0.6089107606723972
2021-03-26,002594.SZ,163.01,172.0,162.9,170.99,161.2,9.79,6.0732,328530.32,5528686.167,0.06073200992555838,0.05895924518797374,167.54000000000002,181.559,214.61266666666668,0.6366484659767364
2021-03-29,002594.SZ,170.01,170.48,164.8,168.1,170.99,-2.89,-1.6902,234728.64,3941708.905,-0.01690157319141483,-0.0170460348459318,166.4,179.419,214.3273333333333,0.5713189850058931
2021-03-30,002594.SZ,161.0,169.0,159.1,169.0,168.1,0.9,0.5354,338930.9,5574391.479,0.005353955978584235,0.005339674508503607,166.406,177.299,214.01183333333333,0.5723179390983076
2021-03-31,002594.SZ,169.21,172.64,162.56,164.51,169.0,-4.49,-2.6568,270153.03,4488285.761,-0.026568047337278133,-0.026927356291744486,166.76,175.037,213.77700000000002,0.5750150262523916
2021-04-01,002594.SZ,168.0,171.9,167.01,169.07,164.51,4.56,2.7719,299957.8,5089544.668,0.02771867971551889,0.027341471717546098,168.334,173.5655,213.49483333333333,0.5683071014959163
2021-04-02,002594.SZ,170.99,178.2,168.58,175.87,169.07,6.8,4.022,349532.0,6083577.384,0.0402200272076656,0.039432255399397896,169.31,172.5405,213.18766666666667,0.5925715039125272
2021-04-06,002594.SZ,176.8,179.24,172.8,176.09,175.87,0.22,0.1251,255909.85,4492985.632,0.0012509239779381343,0.0012501422244137474,170.908,172.5085,212.6765,0.473967138043403
2021-04-07,002594.SZ,177.15,178.08,169.5,170.99,176.09,-5.1,-2.8962,281703.5,4848030.064,-0.028962462377193465,-0.029390152712185057,171.30599999999998,172.524,211.86133333333333,0.4692283170563039
2021-04-08,002594.SZ,169.0,171.5,167.12,170.48,170.99,-0.51,-0.2983,160043.06,2723993.028,-0.0029826305631909245,-0.002987087470139988,172.5,172.1885,211.09766666666667,0.44768993839183685
2021-04-09,002594.SZ,171.9,172.1,166.0,166.72,170.48,-3.76,-2.2055,204995.77,3436476.688,-0.022055373064289063,-0.0223022292253596,172.03000000000003,171.376,210.12566666666666,0.43420135720588543
2021-04-12,002594.SZ,166.73,169.39,162.6,163.46,166.72,-3.26,-1.9554,201268.0,3320602.667,-0.019553742802303153,-0.019747446477018336,169.548,170.465,209.05816666666666,0.43751276027451835
2021-04-13,002594.SZ,163.48,167.63,163.48,164.01,163.46,0.55,0.3365,158578.94,2617908.978,0.003364737550471064,0.0033590894870339444,167.132,169.95250000000001,207.87733333333335,0.4170227993723723
2021-04-14,002594.SZ,167.0,171.0,167.0,170.95,164.01,6.94,4.2314,298473.17,5057752.083,0.04231449301871826,0.04144371451029259,167.124,169.6765,206.77666666666664,0.4439184071978923
2021-04-15,002594.SZ,168.5,168.65,163.5,165.5,170.95,-5.45,-3.1881,249912.13,4136742.969,-0.03188066686165536,-0.032399921268192605,166.128,169.10750000000002,205.54666666666665,0.45671658983781976
2021-04-16,002594.SZ,165.4,166.4,160.33,165.3,165.5,-0.2,-0.1208,234599.44,3837152.368,-0.0012084592145014117,-0.0012091899901389978,165.844,168.445,204.56916666666666,0.4544494130307064
2021-04-19,002594.SZ,165.0,177.0,164.18,176.05,165.3,10.75,6.5033,507350.5,8764759.455,0.06503327283726557,0.063006040774083,168.362,168.69,203.75,0.49203329685663544
2021-04-20,002594.SZ,175.0,175.0,169.78,171.24,176.05,-4.81,-2.7322,375677.03,6460740.489,-0.027321783584209003,-0.02770196432431613,169.808,168.562,202.90916666666666,0.49971651167582865
2021-04-21,002594.SZ,169.0,170.59,167.17,168.59,171.24,-2.65,-1.5475,230488.88,3880491.43,-0.015475356225181036,-0.015596349449035547,169.336,168.54299999999998,202.11566666666667,0.49258502985632796
2021-04-22,002594.SZ,170.0,171.78,167.22,168.71,168.59,0.12,0.0712,197508.44,3336754.764,0.0007117859896790257,0.0007115327901735905,169.978,168.8415,201.22750000000002,0.4725923650357295
2021-04-23,002594.SZ,167.18,171.38,166.27,169.25,168.71,0.54,0.3201,228827.99,3878511.212,0.0032007586983580083,0.003195647174500771,170.76800000000003,169.24399999999997,200.12300000000002,0.4705750467373235
2021-04-26,002594.SZ,170.0,173.0,167.25,167.5,169.25,-1.75,-1.034,319514.1,5432612.153,-0.010339734121122546,-0.010393560527263195,169.058,169.0695,198.866,0.4194778991755569
2021-04-27,002594.SZ,166.0,167.4,163.4,164.94,167.5,-2.56,-1.5284,255639.21,4211994.738,-0.015283582089552272,-0.015401579859911814,167.798,168.9115,197.28166666666667,0.41868783925646996
2021-04-28,002594.SZ,164.86,168.54,162.96,165.5,164.94,0.56,0.3395,218411.98,3621682.455,0.0033951740026676447,0.003389423411908254,167.18,168.7365,195.80299999999997,0.41837457400313965
2021-04-29,002594.SZ,163.0,164.93,162.2,162.95,165.5,-2.55,-1.5408,275854.04,4496785.166,-0.015407854984894276,-0.01552778953354706,166.02800000000002,168.6585,194.23549999999997,0.41104125545091
2021-04-30,002594.SZ,161.49,162.2,156.71,158.57,162.95,-4.38,-2.6879,359899.14,5715463.804,-0.02687941086222767,-0.027247269082094402,163.892,168.1335,192.80566666666667,0.407595535965531
2021-05-06,002594.SZ,157.0,157.0,150.0,150.0,158.57,-8.57,-5.4046,423158.08,6423783.465,-0.05404553194172912,-0.0555608421052203,160.392,166.83999999999997,191.189,0.4126654582777211
2021-05-07,002594.SZ,148.12,149.96,143.39,143.95,150.0,-6.05,-4.0333,377980.38,5528741.179,-0.04033333333333344,-0.04116927703807099,156.19400000000002,165.233,189.47333333333333,0.4269791161627263
2021-05-10,002594.SZ,143.95,148.35,141.44,147.0,143.95,3.05,2.1188,260738.75,3802268.898,0.021187912469607495,0.020966569720551415,152.494,164.0335,187.465,0.4340007714693908
2021-05-11,002594.SZ,143.7,148.76,140.97,146.56,147.0,-0.44,-0.2993,269639.96,3893703.682,-0.0029931972789115635,-0.0029976858529161634,149.21599999999998,162.8375,185.52433333333332,0.4339994183255468
2021-05-12,002594.SZ,148.26,155.0,148.26,153.73,146.56,7.17,4.8922,384659.14,5872804.588,0.048921943231440945,0.047762915998687816,148.248,162.18800000000002,183.75483333333332,0.4730981128967285
2021-05-13,002594.SZ,150.75,151.0,148.56,148.99,153.73,-4.74,-3.0833,212696.09,3180710.318,-0.030833279125739854,-0.03131862732526014,148.046,161.4645,182.088,0.4797806412498699
2021-05-14,002594.SZ,147.9,154.1,146.31,153.53,148.99,4.54,3.0472,300278.66,4532481.587,0.03047184374790257,0.030016798071559866,149.962,160.9405,180.47683333333333,0.494856264479999
2021-05-17,002594.SZ,155.43,160.88,154.45,159.78,153.53,6.25,4.0709,363002.56,5761021.601,0.04070865628867315,0.039901881383088124,152.51799999999997,160.382,178.8565,0.4929420309894121
2021-05-18,002594.SZ,160.0,161.8,156.88,158.7,159.78,-1.08,-0.6759,194952.12,3094498.22,-0.006759294029290319,-0.00678224152153252,154.946,160.042,177.05233333333334,0.48129386972746846
2021-05-19,002594.SZ,159.9,174.0,159.88,172.78,158.7,14.08,8.8721,596490.87,10150054.899,0.08872085696282306,0.08500348139837484,158.756,160.416,175.6155,0.5784691773314196
2021-05-20,002594.SZ,170.0,177.56,169.1,172.94,172.78,0.16,0.0926,499888.48,8686052.329,0.0009260331056835103,0.0009256046015460399,163.546,160.2605,174.2086666666667,0.5297524111412125
2021-05-21,002594.SZ,174.01,177.99,170.1,173.2,172.94,0.26,0.1503,334965.51,5822862.674,0.0015034115878338472,0.0015022825960505307,167.48,160.3585,173.10333333333332,0.5200960116754173
2021-05-24,002594.SZ,171.91,175.5,169.98,173.47,173.2,0.27,0.1559,271722.87,4685927.113,0.0015588914549653499,0.0015576776449827698,170.21800000000002,160.60250000000002,172.2445,0.5164105748138618
2021-05-25,002594.SZ,175.0,178.0,172.7,176.52,173.47,3.05,1.7582,331522.87,5830353.651,0.017582290886032137,0.01742951062802887,173.78199999999998,160.993,171.70333333333332,0.5193501800841479
2021-05-26,002594.SZ,178.0,184.58,176.0,176.17,176.52,-0.35,-0.1983,345577.99,6206769.477,-0.0019827781554498936,-0.001984746462297662,174.45999999999998,161.339,171.152,0.5196183795066391
2021-05-27,002594.SZ,179.0,179.68,174.5,177.45,176.17,1.28,0.7266,234026.1,4146048.38,0.0072657092581029925,0.007239441153456614,175.362,161.8365,170.82166666666666,0.5175998638404482
2021-05-28,002594.SZ,177.45,185.0,176.07,181.68,177.45,4.23,2.3838,371194.87,6754993.796,0.023837700760777736,0.023558018704797602,177.058,162.67350000000002,170.33466666666666,0.517512446398647
2021-05-31,002594.SZ,175.26,179.11,170.18,178.7,181.68,-2.98,-1.6402,437553.16,7660152.24,-0.016402465874064354,-0.01653847563192074,178.10399999999998,163.33350000000002,169.78966666666665,0.5232400993665475
2021-06-01,002594.SZ,178.73,190.9,178.73,189.46,178.7,10.76,6.0213,513604.12,9530431.696,0.06021264689423633,0.05846949828200623,180.692,164.659,169.4515,0.5533489290003393
2021-06-02,002594.SZ,190.0,191.85,185.2,186.5,189.46,-2.96,-1.5623,294349.64,5527643.767,-0.015623350575319384,-0.015746681363518242,182.75799999999998,166.0555,169.2515,0.5452863887918924
2021-06-03,002594.SZ,186.6,187.5,180.18,183.9,186.5,-2.6,-1.3941,250800.57,4608194.8,-0.01394101876675602,-0.014039107473594811,184.048,167.75050000000002,169.04366666666667,0.5008557431776514
2021-06-04,002594.SZ,181.61,192.0,180.52,189.4,183.9,5.5,2.9908,319848.39,6004827.146,0.029907558455682492,0.02946904914170252,185.592,170.023,169.25483333333332,0.4668323871415011
2021-06-07,002594.SZ,191.0,192.87,187.0,190.35,189.4,0.95,0.5016,254518.02,4842637.639,0.0050158394931361094,0.00500330207652838,187.922,172.1905,169.58266666666665,0.46715726494308507
2021-06-08,002594.SZ,194.0,205.6,193.25,202.81,190.35,12.46,6.5458,559238.56,11191285.973,0.06545836616758605,0.06340509733753448,190.592,175.003,170.00966666666667,0.49749325814103834
2021-06-09,002594.SZ,202.9,203.5,197.02,202.0,202.81,-0.81,-0.3994,316555.82,6342951.329,-0.003993885903062044,-0.00400188276483613,193.692,177.41649999999998,170.32683333333333,0.4875764879690073
2021-06-10,002594.SZ,202.05,216.05,201.0,214.11,202.0,12.11,5.995,441000.32,9339300.343,0.059950495049505115,0.05822220424988109,199.73399999999998,180.6725,170.86733333333333,0.4828798752536336
2021-06-11,002594.SZ,214.3,229.95,212.08,227.02,214.11,12.91,6.0296,540085.11,11985830.243,0.060296109476437376,0.05854821767610767,207.25799999999998,184.347,171.7466666666667,0.5036636047878966
2021-06-15,002594.SZ,231.54,237.8,224.87,232.32,227.02,5.3,2.3346,518100.75,12090497.119,0.023345960708307523,0.023077612309237824,215.652,187.974,172.67749999999998,0.49803151789356526
2021-06-16,002594.SZ,226.0,231.66,210.66,211.0,232.32,-21.32,-9.177,618175.9,13579272.747,-0.09176997245179064,-0.09625759816036478,217.29000000000002,190.589,173.24616666666668,0.6308380268386197
2021-06-17,002594.SZ,210.96,232.1,210.83,232.1,211.0,21.1,10.0,519977.58,11627218.257,0.09999999999999987,0.09531017980432474,223.31,193.555,174.13866666666667,0.6492984459064431
2021-06-18,002594.SZ,236.0,252.32,234.65,245.0,232.1,12.9,5.5579,571896.01,13931101.474,0.05557949159844888,0.05408989726433557,229.488,197.158,175.3695,0.6617158305354514
2021-06-21,002594.SZ,243.88,249.56,232.13,242.58,245.0,-2.42,-0.9878,430526.35,10400538.802,-0.009877551020408104,-0.009926657663992422,232.6,200.627,176.51583333333335,0.6667817212008873
2021-06-22,002594.SZ,243.0,247.0,236.0,237.88,242.58,-4.7,-1.9375,316428.08,7571777.59,-0.01937505152939245,-0.019565208042341662,233.712,203.8475,177.6643333333333,0.6776060193562364
2021-06-23,002594.SZ,233.0,249.8,232.5,243.3,237.88,5.42,2.2785,394500.6,9605891.907,0.022784597275937513,0.022528904951084065,240.17200000000003,207.18649999999997,179.007,0.6779398382279125
2021-06-24,002594.SZ,244.0,251.87,240.18,244.89,243.3,1.59,0.6535,312285.04,7696250.339,0.006535141800246613,0.006513880341897385,242.73000000000002,210.6225,180.40183333333334,0.6754403742619636
2021-06-25,002594.SZ,247.0,248.66,238.0,244.99,244.89,0.1,0.0408,296502.36,7205570.873,0.0004083466045980977,0.00040826325381325564,242.72799999999998,213.99949999999998,181.63516666666666,0.6772492887142008
2021-06-28,002594.SZ,244.99,255.0,243.52,253.63,244.99,8.64,3.5267,347271.98,8732379.669,0.03526674558145215,0.03465911871136898,244.93800000000002,217.59699999999998,183.06066666666666,0.6799631106058592
2021-06-29,002594.SZ,257.4,259.6,250.0,253.3,253.63,-0.33,-0.1301,306257.54,7778037.778,-0.0013011079131016734,-0.0013019550889269526,248.022,221.327,184.46566666666666,0.6719872316970159
2021-06-30,002594.SZ,250.0,256.5,246.0,251.0,253.3,-2.3,-0.908,285407.31,7146112.745,-0.009080142123963686,-0.009121617875845658,249.56199999999998,224.404,185.90716666666668,0.6597661310235001
2021-07-01,002594.SZ,251.0,252.5,235.6,236.6,251.0,-14.4,-5.7371,422602.87,10182009.938,-0.057370517928286846,-0.05908198758749748,247.904,226.90900000000002,187.03266666666667,0.7008140390945738
2021-07-02,002594.SZ,233.0,243.5,228.89,239.04,236.6,2.44,1.0313,374260.13,8897622.556,0.01031276415891802,0.010259950400166097,246.714,229.66600000000003,188.0855,0.6937498475453032
2021-07-05,002594.SZ,236.04,250.0,235.57,249.55,239.04,10.51,4.3968,324901.16,7984671.152,0.043967536813922514,0.04302839397116592,245.898,232.67349999999996,189.30983333333333,0.699766744587267
2021-07-06,002594.SZ,255.0,261.02,241.0,250.5,249.55,0.95,0.3807,517916.7,13098186.044,0.003806852334201416,0.0037996246093010945,245.33800000000002,235.68100000000004,190.63500000000002,0.7000042407052618
2021-07-07,002594.SZ,244.0,258.6,240.88,255.09,250.5,4.59,1.8323,386386.56,9711793.849,0.01832335329341328,0.018157503540891445,246.156,238.295,192.0451666666667,0.6742361539279059
2021-07-08,002594.SZ,253.0,261.54,251.12,251.96,255.09,-3.13,-1.227,393909.95,10127585.813,-0.012270179152455984,-0.012346079312082555,249.228,240.79299999999998,193.46583333333334,0.6775355826022436
2021-07-09,002594.SZ,250.88,254.99,241.88,248.82,251.96,-3.14,-1.2462,364946.99,9057948.774,-0.012462295602476692,-0.012540601267383432,251.18400000000003,242.52850000000004,194.8885,0.6580073471480598
2021-07-12,002594.SZ,253.3,272.91,251.5,266.48,248.82,17.66,7.0975,560057.08,14759940.06,0.07097500200948481,0.06856945039907932,254.57,244.5015,196.59633333333332,0.6701669327709739
2021-07-13,002594.SZ,266.49,269.73,260.22,265.1,266.48,-1.38,-0.5179,277313.91,7330680.655,-0.005178625037526197,-0.0051920805904442854,257.49,246.14050000000003,198.1655,0.6696548066361371
2021-07-14,002594.SZ,261.0,261.0,245.0,245.29,265.1,-19.81,-7.4727,612716.86,15300069.25,-0.07472651829498311,-0.07766592926998836,255.53000000000003,247.85500000000002,199.49533333333335,0.6381489190047407
2021-07-15,002594.SZ,239.0,243.55,230.0,236.4,245.29,-8.89,-3.6243,551898.67,13026880.866,-0.03624281462758361,-0.03691589849304839,252.41800000000003,248.07,200.68033333333332,0.5565683852094749
2021-07-16,002594.SZ,235.75,235.75,221.03,222.92,236.4,-13.48,-5.7022,562741.48,12801309.443,-0.057021996615905346,-0.058712322830607636,247.238,246.96599999999998,201.4615,0.554982878512754
2021-07-19,002594.SZ,220.0,231.99,214.3,223.97,222.92,1.05,0.471,372187.23,8367318.503,0.004710209940786081,0.004699151613043866,238.73600000000002,246.0355,202.34033333333335,0.5553933900514009
2021-07-20,002594.SZ,220.0,229.46,219.11,227.5,223.97,3.53,1.5761,246749.66,5582671.898,0.015761039424923018,0.015638124076625817,231.21599999999998,245.5165,203.32216666666667,0.5559900921920108
2021-07-21,002594.SZ,231.2,244.99,230.01,241.23,227.5,13.73,6.0352,471511.19,11232169.397,0.06035164835164841,0.05860059683716232,230.404,245.413,204.53083333333333,0.5926607556359224
2021-07-22,002594.SZ,246.3,249.44,240.17,248.96,241.23,7.73,3.2044,374773.27,9242619.143,0.032044107283505374,0.03154140576185942,232.916,245.6165,205.85933333333332,0.6030808818575514
2021-07-23,002594.SZ,247.44,262.0,245.08,258.68,248.96,9.72,3.9042,460562.27,11846110.496,0.03904241645244211,0.038299535588365206,240.06799999999998,246.30100000000002,207.379,0.6175600729192885
2021-07-26,002594.SZ,250.58,259.74,241.01,248.55,258.68,-10.13,-3.916,404428.24,10130659.972,-0.039160352559146405,-0.0399477440377104,244.984,246.04700000000003,208.7725,0.6231794298331091
2021-07-27,002594.SZ,246.0,257.88,237.2,238.71,248.55,-9.84,-3.959,377707.2,9406136.905,-0.039589619794809905,-0.04039460648312847,247.22599999999997,245.31750000000002,209.99266666666668,0.6386434865824893
2021-07-28,002594.SZ,229.99,241.1,223.99,236.5,238.71,-2.21,-0.9258,332198.63,7758094.419,-0.00925809559716817,-0.009301218125565553,246.28000000000003,244.59250000000003,211.2185,0.638669260741642
2021-07-29,002594.SZ,246.94,257.3,242.82,257.2,236.5,20.7,8.7526,428851.05,10764228.893,0.08752642706131075,0.08390578443147663,247.92799999999997,245.6225,212.86233333333334,0.6785144840277311
2021-07-30,002594.SZ,257.19,268.3,252.13,264.71,257.2,7.51,2.9199,457993.99,11995907.836,0.029199066874028068,0.02878089477329995,249.13399999999996,246.906,214.77416666666667,0.683750702627156
2021-08-02,002594.SZ,276.0,291.18,273.3,291.18,264.71,26.47,9.9996,622259.03,17648921.236,0.09999622228098692,0.09530674550841578,257.65999999999997,248.9875,217.228,0.7506749328996055
2021-08-03,002594.SZ,299.0,299.0,275.01,280.08,291.18,-11.1,-3.8121,489348.53,13975748.744,-0.03812075005151461,-0.03886635599876967,265.93399999999997,250.4665,219.446,0.7688994172681639
2021-08-04,002594.SZ,283.01,308.09,282.0,308.09,280.08,28.01,10.0007,534306.39,16003136.931,0.10000714081690942,0.09531667143499002,280.25199999999995,253.1165,222.13816666666668,0.8369424763724632
2021-08-05,002594.SZ,301.0,306.25,294.87,299.46,308.09,-8.63,-2.8011,368822.91,11063466.319,-0.02801129540069458,-0.028411095371827386,288.704,255.4915,224.567,0.8445229935008083
2021-08-06,002594.SZ,313.0,317.3,298.5,303.48,299.31,4.17,1.3932,453626.27,13945125.845,0.013424163494289765,0.013334857760301258,296.45799999999997,258.2245,227.14183333333332,0.8403830559374956
2021-08-09,002594.SZ,295.0,297.4,283.0,293.55,303.48,-9.93,-3.272,341620.79,9914944.523,-0.03272044286279163,-0.03326772795967917,296.93199999999996,259.57800000000003,229.4755,0.823131367353157
2021-08-10,002594.SZ,293.56,302.31,282.0,292.0,293.55,-1.55,-0.528,331035.16,9604456.927,-0.0052801907681826465,-0.005294180241913235,299.316,260.923,231.67916666666667,0.8231499065610184
2021-08-11,002594.SZ,289.0,298.83,286.16,294.99,292.0,2.99,1.024,263993.95,7742097.441,0.0102397260273972,0.010187655191892743,296.696,263.408,233.95066666666668,0.7657520291788851
2021-08-12,002594.SZ,293.0,313.38,289.37,308.98,294.99,13.99,4.7425,382778.98,11687505.016,0.04742533645208313,0.04633509242372911,298.6,267.037,236.22066666666666,0.7557669727784979
2021-08-13,002594.SZ,303.0,312.5,297.99,300.02,308.98,-8.96,-2.8999,246906.46,7475335.873,-0.028998640688717825,-0.029427410783159493,297.908,270.892,238.33866666666665,0.7265612705793795
2021-08-16,002594.SZ,297.0,297.0,285.0,285.4,300.02,-14.62,-4.873,305067.01,8815872.752,-0.04873008466102258,-0.0499574340580082,296.27799999999996,273.96349999999995,240.2086666666667,0.7614323488471693
2021-08-17,002594.SZ,283.45,290.5,278.0,280.31,285.4,-5.09,-1.7835,272058.4,7713091.722,-0.017834618079887843,-0.01799557144700613,293.93999999999994,276.604,241.98933333333332,0.7692654076536674
2021-08-18,002594.SZ,285.41,288.09,278.19,283.66,280.31,3.35,1.1951,221723.02,6281190.851,0.011951054190004085,0.011880204270731776,291.67400000000004,278.7255,243.775,0.7474394776819898
2021-08-19,002594.SZ,283.66,298.68,278.57,293.72,283.66,10.06,3.5465,361671.79,10474777.9,0.035464993301840275,0.03485059471694828,288.62199999999996,280.9635,245.73416666666668,0.7489259159587754
2021-08-20,002594.SZ,289.0,293.6,282.0,285.09,293.72,-8.63,-2.9382,247173.2,7084185.439,-0.029381724090971173,-0.029822012692076353,285.636,282.284,247.52816666666666,0.7522963291385354
2021-08-23,002594.SZ,281.5,294.44,275.55,289.8,285.09,4.71,1.6521,295826.87,8526532.884,0.01652109860044204,0.016386109995248515,286.51599999999996,284.3465,249.33016666666666,0.7337908044772838
2021-08-24,002594.SZ,292.79,302.0,290.05,298.25,289.8,8.45,2.9158,274399.06,8152952.115,0.029158040027605248,0.028741031091443492,290.104,287.32349999999997,251.32266666666666,0.7141099918492708
2021-08-25,002594.SZ,297.8,299.8,291.0,296.2,298.25,-2.05,-0.6873,179145.38,5272706.497,-0.006873428331936382,-0.006897159144327174,292.61199999999997,290.3085,253.10166666666666,0.7132123588187074
2021-08-26,002594.SZ,297.0,298.77,282.5,282.5,296.2,-13.7,-4.6253,263681.59,7570972.707,-0.04625253207292368,-0.047356351247202756,290.368,291.5735,254.70166666666668,0.6833990654759872
2021-08-27,002594.SZ,280.99,296.03,280.0,288.15,282.5,5.65,2.0,262889.3,7628216.261,0.020000000000000018,0.01980262729617973,290.98,292.7455,256.43916666666667,0.6799499849832101
2021-08-30,002594.SZ,277.44,288.0,273.96,281.97,288.15,-6.18,-2.1447,419092.34,11735714.83,-0.02144716293597071,-0.02168049558235546,289.414,292.28499999999997,257.982,0.5851986386484432
2021-08-31,002594.SZ,286.88,286.88,266.55,277.0,281.97,-4.97,-1.7626,329668.34,9041075.46,-0.017625988580345475,-0.017783176112981296,285.16400000000004,292.131,259.4261666666667,0.5723237534764174
2021-09-01,002594.SZ,277.0,277.97,257.6,266.3,277.0,-10.7,-3.8628,287674.22,7678475.358,-0.03862815884476534,-0.03939401336745195,279.184,290.0415,260.4843333333334,0.4495987541737819
2021-09-02,002594.SZ,267.01,271.99,262.7,267.0,266.3,0.7,0.2629,165244.43,4421950.962,0.002628614344724056,0.0026251655803630437,276.084,288.41850000000005,261.5676666666667,0.4436138079720067
2021-09-03,002594.SZ,267.01,271.0,250.4,254.11,267.0,-12.89,-4.8277,287964.13,7420408.93,-0.0482771535580524,-0.04948141426369332,269.276,285.95,262.2343333333333,0.4626418864427669
2021-09-06,002594.SZ,259.99,279.0,259.0,277.6,254.11,23.49,9.244,397788.81,10725519.555,0.09244028176773833,0.08841398449609321,268.402,285.1525,263.07733333333334,0.5751380160393971
2021-09-07,002594.SZ,277.6,281.11,273.27,275.95,277.6,-1.65,-0.5944,207633.53,5743962.165,-0.0059438040345822785,-0.005961538747139295,268.192,284.35,263.8045,0.5751903573440345
2021-09-08,002594.SZ,277.9,279.28,268.61,269.59,275.95,-6.36,-2.3048,182578.06,4971116.497,-0.023047653560427706,-0.02331740352341378,268.85,283.08000000000004,264.781,0.5777663477240493
2021-09-09,002594.SZ,272.0,279.58,265.8,271.71,269.59,2.12,0.7864,216256.41,5891876.583,0.007863793167402378,0.00783303469287024,269.79200000000003,281.2165,265.4411666666667,0.5474497716904954
2021-09-10,002594.SZ,271.71,272.53,262.64,265.61,271.71,-6.1,-2.245,238757.36,6341377.79,-0.022450406683596325,-0.022706253559044372,272.092,279.496,265.7846666666667,0.5442616237805482
2021-09-13,002594.SZ,268.33,271.98,259.18,261.36,265.61,-4.25,-1.6001,213491.79,5623333.361,-0.016000903580437487,-0.016130300203107566,268.844,278.294,266.09766666666667,0.5217339466851736
2021-09-14,002594.SZ,261.39,276.0,257.06,269.23,261.36,7.87,3.0112,354690.0,9581432.835,0.030111723293541504,0.029667265576214834,267.5,277.74,266.6201666666667,0.5323837245737914
2021-09-15,002594.SZ,267.89,270.0,260.0,261.15,269.23,-8.08,-3.0012,218809.11,5742276.749,-0.030011514318612487,-0.03047107798672194,265.812,276.6145,266.91766666666666,0.5391274631860631
2021-09-16,002594.SZ,261.15,264.77,250.53,251.0,261.15,-10.15,-3.8867,220809.71,5613770.464,-0.038866551790158854,-0.03964201575052379,261.66999999999996,274.4785,267.0195,0.5322349511099916
2021-09-17,002594.SZ,253.0,257.0,250.49,255.12,251.0,4.12,1.6414,139421.07,3544731.219,0.016414342629482048,0.01628108357001827,259.572,272.97999999999996,267.18833333333333,0.5318645846886416
2021-09-22,002594.SZ,248.0,251.44,244.03,247.2,255.12,-7.92,-3.1044,163412.86,4037944.329,-0.031044214487300104,-0.031536297118266485,256.73999999999995,270.85,267.08116666666666,0.5331181118959533
2021-09-23,002594.SZ,253.83,257.52,248.88,249.92,247.2,2.72,1.1003,149784.18,3773864.372,0.011003236245954673,0.010943141067785418,252.878,268.4335,267.02483333333333,0.5203515797124003
2021-09-24,002594.SZ,250.96,257.5,247.0,251.77,249.92,1.85,0.7402,158267.0,4002973.166,0.007402368758002709,0.007375105684602497,251.002,266.212,267.03766666666667,0.5233297125890131
2021-09-27,002594.SZ,254.0,257.49,246.8,252.5,251.77,0.73,0.2899,179990.94,4548951.212,0.002899471740080095,0.002895276379490885,251.302,264.712,267.30266666666665,0.5038859756726034
2021-09-28,002594.SZ,251.9,253.82,246.29,246.86,252.5,-5.64,-2.2337,162444.38,4060118.403,-0.022336633663366245,-0.022589874399631803,249.65,262.6475,267.433,0.49826144843752923
2021-09-29,002594.SZ,243.0,244.88,235.0,236.0,246.86,-10.86,-4.3993,245554.81,5859195.956,-0.04399254638256511,-0.04498956929017265,247.41,260.349,267.20716666666664,0.5129932141033167
2021-09-30,002594.SZ,238.2,249.7,237.2,249.51,236.0,13.51,5.7246,225038.01,5528259.622,0.05724576271186432,0.055667189523095684,247.32800000000003,258.9745,267.19066666666663,0.5616208013779058
2021-10-08,002594.SZ,257.98,259.98,250.0,253.0,249.51,3.49,1.3987,194103.95,4939109.186,0.013987415334054676,0.013890494178814331,247.574,258.3095,267.1558333333333,0.5503161874320699
2021-10-11,002594.SZ,253.1,263.1,248.0,255.75,253.0,2.75,1.087,211972.73,5448306.885,0.010869565217391353,0.010810916104215676,248.22400000000002,257.747,267.219,0.5520101067073204
2021-10-12,002594.SZ,255.0,262.9,253.01,257.01,255.75,1.26,0.4927,211651.34,5464868.602,0.004926686217008758,0.004914589812326377,250.254,257.892,267.3555,0.5239150363217605
2021-10-13,002594.SZ,257.01,273.6,254.33,271.2,257.01,14.19,5.5212,321978.1,8631470.872,0.05521185946072138,0.05374156142217823,257.294,257.572,267.43416666666667,0.4491350828121292
2021-10-14,002594.SZ,271.0,275.99,268.14,272.94,271.2,1.74,0.6416,177799.32,4844827.927,0.0064159292035399496,0.006395434743727341,261.97999999999996,257.4215,267.56483333333335,0.4493959625952544
2021-10-15,002594.SZ,275.0,287.5,271.0,283.33,272.94,10.39,3.8067,287845.05,8089636.933,0.038066974426613776,0.03736030523119755,268.046,258.1085,268.1988333333333,0.46035806493240106
2021-10-18,002594.SZ,284.25,288.63,280.04,285.92,283.33,2.59,0.9141,216213.78,6155818.958,0.009141284015106166,0.009099755369952616,274.08,258.819,269.0241666666667,0.4605635680409435
2021-10-19,002594.SZ,288.0,294.91,284.0,284.79,285.92,-1.13,-0.3952,193857.85,5581983.586,-0.0039521544487968185,-0.003959984849301049,279.63599999999997,259.77799999999996,270.05533333333335,0.45162678021634656
2021-10-20,002594.SZ,286.0,295.0,285.24,290.6,284.79,5.81,2.0401,217045.09,6300647.166,0.020400997226026174,0.020195684574365696,283.516,261.24,271.16583333333335,0.4488552459593025
2021-10-21,002594.SZ,291.0,292.6,284.01,287.01,290.6,-3.59,-1.2354,180625.75,5184267.795,-0.012353750860289114,-0.012430692777996952,286.33000000000004,262.129,272.15766666666667,0.44349543505718825
2021-10-22,002594.SZ,292.2,301.0,289.0,300.0,287.01,12.99,4.526,336548.68,10022899.338,0.0452597470471412,0.044265416298015406,289.66400000000004,264.0715,273.13716666666664,0.4483556480044319
2021-10-25,002594.SZ,303.11,318.65,302.23,317.35,300.0,17.35,5.7833,335189.76,10469605.348,0.0578333333333334,0.05622279109627812,295.95,267.389,274.277,0.44758522287018493
2021-10-26,002594.SZ,330.5,333.33,317.76,319.01,317.35,1.66,0.5231,313244.34,10148404.49,0.00523081770915379,0.005217184503410659,302.79400000000004,270.5835,275.2825,0.4479389549984774
2021-10-27,002594.SZ,313.0,326.73,311.28,321.74,319.01,2.73,0.8558,219067.77,7024365.486,0.0085577254631517,0.008521315706272,309.02200000000005,274.3105,276.5023333333333,0.4190480083690696
2021-10-28,002594.SZ,319.61,323.8,305.4,307.98,321.74,-13.76,-4.2767,298267.14,9334453.596,-0.04276745197985954,-0.043708920161895065,313.216,277.2135,277.65683333333334,0.46445918932534785
2021-10-29,002594.SZ,305.13,313.76,293.77,311.31,307.98,3.33,1.0812,347159.58,10585996.588,0.010812390414961959,0.010754354485029878,315.478,280.1905,278.9036666666667,0.46427606094373564
2021-11-01,002594.SZ,301.41,308.41,293.82,302.0,311.31,-9.31,-2.9906,284785.87,8570609.748,-0.02990588159712182,-0.030362182910427072,312.408,282.66549999999995,279.6503333333333,0.4860296331549885
2021-11-02,002594.SZ,310.0,319.8,307.64,313.88,302.0,11.88,3.9338,290087.4,9102548.555,0.03933774834437087,0.03858372988440284,311.382,286.0165,280.4698333333333,0.4818480145976659
2021-11-03,002594.SZ,313.13,313.85,299.86,303.01,313.88,-10.87,-3.4631,197248.14,6017080.222,-0.03463106919841974,-0.03524493899417019,307.636,289.367,280.66700000000003,0.4682404782297821
2021-11-04,002594.SZ,311.13,329.0,309.03,325.0,303.01,21.99,7.2572,349964.34,11223980.65,0.07257186231477508,0.07005937406463524,311.03999999999996,293.1415,281.4156666666667,0.49010507679602405
2021-11-05,002594.SZ,324.0,327.0,313.01,314.0,325.0,-11.0,-3.3846,194183.26,6178126.193,-0.03384615384615386,-0.03443219642148413,311.578,296.1915,281.5141666666667,0.518393736923735
2021-11-08,002594.SZ,308.09,319.61,307.0,315.0,314.0,1.0,0.3185,169849.47,5344230.944,0.0031847133757962887,0.0031796529173798056,314.178,299.154,281.77316666666667,0.5192070496175503
2021-11-09,002594.SZ,315.05,329.97,315.05,320.69,315.0,5.69,1.8063,203305.04,6580787.588,0.018063492063492115,0.01790228559747937,315.54,302.338,282.06,0.5192714396329132
2021-11-10,002594.SZ,314.0,315.6,301.58,310.26,320.69,-10.43,-3.2524,274878.5,8480095.668,-0.03252362094234307,-0.03306426878692727,316.99,304.291,282.33849999999995,0.5149827784965095
2021-11-11,002594.SZ,313.0,316.99,308.05,311.99,310.26,1.73,0.5576,138851.5,4327235.823,0.005575968542512744,0.005560480377592659,314.38800000000003,306.24350000000004,282.6716666666667,0.5150093407260115
2021-11-12,002594.SZ,315.8,316.74,305.5,306.78,311.99,-5.21,-1.6699,148883.82,4590558.597,-0.01669925318119181,-0.01684025769381499,312.944,307.41600000000005,282.8681666666667,0.5081225817103766
2021-11-15,002594.SZ,306.78,306.78,290.44,294.94,306.78,-11.84,-3.8594,225372.24,6667949.87,-0.038594432492339736,-0.03935893249716805,308.932,307.867,282.63416666666666,0.5300737849937883
2021-11-16,002594.SZ,294.0,297.69,288.0,293.51,294.94,-1.43,-0.4848,151808.48,4462067.584,-0.0048484437512714695,-0.004860235584810208,303.496,308.303,282.52566666666667,0.5302185418195485
2021-11-17,002594.SZ,300.0,303.24,294.0,296.85,293.51,3.34,1.138,163377.75,4875749.071,0.011379510067800247,0.011315250478700004,300.81399999999996,308.6155,282.71650000000005,0.5270309090919472
2021-11-18,002594.SZ,294.8,298.88,290.0,295.4,296.85,-1.45,-0.4885,129097.22,3802420.935,-0.004884621862893845,-0.004896590619405127,297.496,309.03499999999997,282.96799999999996,0.5250747229708659
2021-11-19,002594.SZ,295.72,300.0,288.0,296.82,295.4,1.42,0.4807,175158.64,5144668.932,0.004807041299932369,0.004795524370392873,295.504,308.876,283.1873333333333,0.4998540494915142
2021-11-22,002594.SZ,298.4,311.51,298.2,311.0,296.82,14.18,4.7773,287020.45,8785850.014,0.04777306111448021,0.04666701771156196,298.716,308.5585,283.47533333333337,0.4854666048724951
2021-11-23,002594.SZ,307.88,309.73,303.98,308.48,311.0,-2.52,-0.8103,150362.57,4609989.313,-0.0081028938906752,-0.0081359007570533,301.71,308.03200000000004,283.86516666666665,0.4856604976958442
2021-11-24,002594.SZ,305.43,309.6,301.0,303.2,308.48,-5.28,-1.7116,141938.17,4319711.029,-0.017116182572614158,-0.017264357653964252,302.98,307.105,284.08849999999995,0.4873405892294481
2021-11-25,002594.SZ,303.2,304.49,291.3,298.0,303.2,-5.2,-1.715,170971.44,5070667.609,-0.01715039577836408,-0.017299167262812106,303.5,306.606,284.0843333333333,0.4673549838827125
2021-11-26,002594.SZ,295.0,304.77,294.05,297.66,298.0,-0.34,-0.1141,122493.93,3671367.398,-0.0011409395973153158,-0.001141590964391805,303.668,305.9235,284.1086666666667,0.4651875910663789
2021-11-29,002594.SZ,291.8,307.07,289.93,304.46,297.66,6.8,2.2845,200156.75,6053231.132,0.022844856547738823,0.02258782009009529,302.36,306.04650000000004,284.4746666666667,0.46063564358565606
2021-11-30,002594.SZ,307.0,308.0,303.0,304.7,304.46,0.24,0.0788,131788.26,4023809.746,0.0007882808907573313,0.0007879703605552655,301.604,305.5875,284.7505,0.43760922237838573
2021-12-01,002594.SZ,305.2,307.5,300.38,305.32,304.7,0.62,0.2035,108278.64,3295906.128,0.002034788316376712,0.0020327209386062127,302.02799999999996,305.70300000000003,285.13966666666664,0.41935085033777036
2021-12-02,002594.SZ,305.0,314.06,303.1,308.8,305.32,3.48,1.1398,180072.11,5567674.844,0.01139787763657818,0.011333411220351643,304.188,304.893,285.66966666666667,0.32617340486284474
2021-12-03,002594.SZ,306.99,309.8,298.86,306.9,308.8,-1.9,-0.6153,210327.15,6367075.408,-0.006152849740932775,-0.006171856524930751,306.036,304.538,286.3463333333333,0.30482332669389556
2021-12-06,002594.SZ,301.0,311.51,300.86,301.75,306.9,-5.15,-1.6781,178800.86,5465317.712,-0.016780710329097337,-0.016923101648049516,305.494,303.8755,286.9255,0.3094195001721937
2021-12-07,002594.SZ,306.01,306.35,291.08,294.8,301.75,-6.95,-2.3032,227678.6,6727286.964,-0.0230323115161557,-0.023301699662459287,303.514,302.581,287.60366666666664,0.3085207542197154
2021-12-08,002594.SZ,296.01,301.0,294.5,300.79,294.8,5.99,2.0319,154381.76,4606774.78,0.02031886024423346,0.02011518652703559,302.608,302.1075,287.99016666666665,0.30069281024800754
2021-12-09,002594.SZ,300.0,300.63,297.03,299.5,300.79,-1.29,-0.4289,112957.11,3375316.207,-0.004288706406463061,-0.004297929286713086,300.74799999999993,301.483,288.38266666666664,0.2997037330737199
2021-12-10,002594.SZ,295.99,302.03,292.8,301.42,299.5,1.92,0.6411,144872.73,4325991.091,0.006410684474123629,0.006390223436026327,299.652,301.21500000000003,288.91316666666665,0.2957404327003535
2021-12-13,002594.SZ,302.99,303.0,298.0,298.4,301.42,-3.02,-1.0019,142941.24,4278869.484,-0.010019242253334393,-0.010069772661924667,298.982,301.38800000000003,289.358,0.2627543461558162
2021-12-14,002594.SZ,295.5,297.07,291.69,293.4,298.4,-5.0,-1.6756,157111.28,4609509.733,-0.016756032171581725,-0.016898002620724398,298.702,301.3825,289.82116666666667,0.26941180071715715
2021-12-15,002594.SZ,293.41,295.5,291.71,293.35,293.4,-0.05,-0.017,98150.36,2877855.925,-0.00017041581458743238,-0.00017043033701228714,297.214,301.2075,290.35433333333333,0.2661068251829603
2021-12-16,002594.SZ,293.0,293.49,279.0,286.2,293.35,-7.15,-2.4374,278665.16,7928142.188,-0.024373615135503734,-0.024675568249518432,294.554,300.7475,290.63716666666664,0.279079691358674
2021-12-17,002594.SZ,284.0,285.88,278.61,278.98,286.2,-7.22,-2.5227,151118.15,4240478.259,-0.025227113906359122,-0.025550772458261317,290.066,299.8555,290.93433333333337,0.29030665117075677
2021-12-20,002594.SZ,279.23,281.47,268.28,270.5,278.98,-8.48,-3.0396,217845.03,5964658.201,-0.030396444189547678,-0.030867996377552977,284.486,297.83050000000003,291.25933333333336,0.2368961517223074
2021-12-21,002594.SZ,270.5,276.78,269.41,276.21,270.5,5.71,2.1109,149653.05,4098708.738,0.021109057301293754,0.020889347681327834,281.048,296.217,291.6108333333333,0.256705293101934
2021-12-22,002594.SZ,280.01,285.18,277.01,279.22,276.21,3.01,1.0898,144442.3,4061024.216,0.010897505521161532,0.010838555592637803,278.222,295.018,292.1445,0.25897538057093733
2021-12-23,002594.SZ,282.03,284.9,277.16,279.99,279.22,0.77,0.2758,123021.34,3451820.145,0.0027576821144617014,0.0027538866852631276,276.97999999999996,294.1175,292.64566666666667,0.2551650282782991
2021-12-24,002594.SZ,281.98,282.0,264.96,270.0,279.99,-9.99,-3.568,209968.81,5675961.283,-0.03567984570877536,-0.03633192924739032,275.184,292.7345,292.9495,0.2800840354081364
2021-12-27,002594.SZ,269.0,271.54,266.0,267.03,270.0,-2.97,-1.1,107189.95,2874395.592,-0.01100000000000012,-0.01106094735942506,274.49,290.863,293.19166666666666,0.2610298427671155
2021-12-28,002594.SZ,268.15,271.0,266.21,270.85,267.03,3.82,1.4306,118542.84,3183320.996,0.014305508744336004,0.014204150464958213,273.418,289.1705,293.59149999999994,0.2702205652804164
2021-12-29,002594.SZ,272.15,272.22,263.0,269.0,270.85,-1.85,-0.683,141603.04,3783958.091,-0.006830348901606165,-0.006853782502068879,271.374,287.3545,294.14149999999995,0.268668755339947
2021-12-30,002594.SZ,268.0,272.98,266.0,267.13,269.0,-1.87,-0.6952,117326.73,3158736.176,-0.006951672862453573,-0.006975948308971959,268.802,285.271,294.4351666666667,0.26052181056556256
2021-12-31,002594.SZ,273.0,274.19,267.0,268.12,267.13,0.99,0.3706,116291.97,3136714.687,0.0037060607194998596,0.0036992101968897403,268.42600000000004,283.332,294.68716666666666,0.26332903145444914
