date,ts_code,open,high,low,close,pre_close,change,pct_chg,volume,amount,returns,logReturns,ma5,ma20,ma60,volatility
2020-06-02,600036.SH,34.55,35.26,34.54,35.04,34.82,0.22,0.6318,492957.13,1726597.705,,,,,,
2020-06-03,600036.SH,35.45,36.0,35.02,35.22,35.04,0.18,0.5137,610186.91,2169754.932,0.005136986301369939,0.005123836999869466,,,,
2020-06-04,600036.SH,35.5,35.55,35.07,35.15,35.22,-0.07,-0.1988,257560.86,909222.198,-0.0019875070982396936,-0.0019894848113862274,,,,
2020-06-05,600036.SH,35.3,35.47,34.81,35.24,35.15,0.09,0.256,327173.03,1146499.654,0.0025604551920341834,0.002557182811304892,,,,
2020-06-08,600036.SH,35.55,36.19,35.5,35.67,35.24,0.43,1.2202,501809.79,1796585.383,0.012202043132803597,0.012128198302821361,35.263999999999996,,,
2020-06-09,600036.SH,35.61,35.69,35.26,35.53,35.67,-0.14,-0.3925,300930.79,1067277.929,-0.003924866834875251,-0.003932589337864444,35.362,,,
2020-06-10,600036.SH,35.64,35.65,35.18,35.34,35.53,-0.19,-0.5348,272730.61,964770.416,-0.005347593582887611,-0.005361943141385287,35.386,,,
2020-06-11,600036.SH,35.21,35.32,34.31,34.47,35.34,-0.87,-2.4618,588927.45,2040709.558,-0.02461799660441444,-0.024926086362776514,35.25,,,
2020-06-12,600036.SH,33.99,34.5,33.7,34.5,34.47,0.03,0.087,546615.76,1865053.466,0.0008703220191470518,0.0008699435085400354,35.102,,,
2020-06-15,600036.SH,34.04,34.18,33.46,33.57,34.5,-0.93,-2.6957,654343.47,2209023.835,-0.026956521739130435,-0.027326513045370517,34.682,,,
2020-06-16,600036.SH,34.0,34.18,33.81,34.14,33.57,0.57,1.6979,381631.05,1298977.209,0.016979445933869464,0.016836906374350934,34.404,,,
2020-06-17,600036.SH,34.0,34.31,33.83,34.2,34.14,0.06,0.1757,306277.74,1042779.922,0.0017574692442883233,0.0017559267022650125,34.176,,,
2020-06-18,600036.SH,33.88,34.06,33.02,33.89,34.2,-0.31,-0.9064,922939.33,3090987.273,-0.00906432748538022,-0.009105658449599603,34.06,,,
2020-06-19,600036.SH,33.8,34.34,33.6,33.86,33.89,-0.03,-0.0885,679496.03,2299545.222,-0.0008852168781351422,-0.0008856089139707104,33.932,,,
2020-06-22,600036.SH,33.66,33.85,33.33,33.5,33.86,-0.36,-1.0632,595814.69,1997593.331,-0.010632014176018889,-0.010688937873968494,33.918000000000006,,,
2020-06-23,600036.SH,33.3,33.54,33.11,33.35,33.5,-0.15,-0.4478,452529.39,1509296.732,-0.004477611940298498,-0.004487666469388017,33.760000000000005,,,
2020-06-24,600036.SH,33.52,33.96,33.51,33.9,33.35,0.55,1.6492,479891.17,1621575.075,0.01649175412293835,0.016357242024771675,33.7,,,
2020-06-29,600036.SH,34.17,34.3,33.49,33.64,33.9,-0.26,-0.767,567297.48,1915098.031,-0.007669616519173972,-0.007699179281657201,33.65,,,
2020-06-30,600036.SH,33.85,33.96,33.64,33.72,33.64,0.08,0.2378,391567.98,1322157.814,0.0023781212841853527,0.0023752980289072616,33.622,,,
2020-07-01,600036.SH,33.79,34.8,33.61,34.79,33.72,1.07,3.1732,799096.45,2741317.357,0.031731909845788886,0.03123885603019599,33.88,34.436,,
2020-07-02,600036.SH,34.65,35.47,34.3,35.3,34.79,0.51,1.4659,1245177.98,4347489.231,0.014659384880712834,0.014552974775400405,34.269999999999996,34.449,,0.21926003919187953
2020-07-03,600036.SH,35.4,36.76,35.35,36.74,35.3,1.44,4.0793,1535704.17,5583630.477,0.04079320113314466,0.03998311584772869,34.838,34.525,,0.2617586259843493
2020-07-06,600036.SH,37.18,40.41,37.18,40.41,36.74,3.67,9.9891,1874928.88,7369658.96,0.09989112683723445,0.09521119930340255,36.19199999999999,34.788,,0.4334319961301449
2020-07-07,600036.SH,41.8,43.3,40.5,41.06,40.41,0.65,1.6085,2016338.29,8389893.483,0.016085127443702163,0.015957132500405313,37.660000000000004,35.079,,0.4341133769799026
2020-07-08,600036.SH,40.9,41.87,39.97,40.5,41.06,-0.56,-1.3639,1827038.89,7454256.185,-0.013638577691183706,-0.01373243747829413,38.802,35.320499999999996,,0.4404505126358068
2020-07-09,600036.SH,40.51,40.62,39.53,39.91,40.5,-0.59,-1.4568,1693236.29,6759559.094,-0.01456790123456797,-0.014675055051851005,39.724000000000004,35.5395,,0.4454542679106235
2020-07-10,600036.SH,38.71,39.0,37.05,37.25,38.71,-1.46,-3.7716,1528159.45,5784778.253,-0.06664996241543464,-0.0689749742350739,39.826,35.635,,0.5143345723203235
2020-07-13,600036.SH,37.01,38.0,36.67,37.3,37.25,0.05,0.1342,1634063.73,6086294.085,0.0013422818791946067,0.0013413818242013111,39.204,35.7765,,0.5039124182349339
2020-07-14,600036.SH,37.07,37.42,36.23,36.51,37.3,-0.79,-2.118,1310865.91,4821059.904,-0.021179624664879326,-0.02140713098222433,38.294,35.877,,0.5119874903696434
2020-07-15,600036.SH,36.99,37.02,35.7,35.86,36.51,-0.65,-1.7803,1341142.48,4838521.682,-0.0178033415502602,-0.017963727490558672,37.366,35.991499999999995,,0.5058021584465326
2020-07-16,600036.SH,36.05,36.58,35.59,35.6,35.86,-0.26,-0.725,1429523.26,5153628.34,-0.007250418293363037,-0.007276830319002004,36.504000000000005,36.064499999999995,,0.5047252402820446
2020-07-17,600036.SH,35.87,36.2,35.31,36.08,35.6,0.48,1.3483,1169917.81,4182751.219,0.01348314606741563,0.013393057336438035,36.269999999999996,36.1585,,0.506190284898188
2020-07-20,600036.SH,36.1,37.45,35.85,37.27,36.08,1.19,3.2982,1594157.34,5884589.656,0.03298226164079843,0.032450018296744335,36.263999999999996,36.3275,,0.514664077224065
2020-07-21,600036.SH,37.27,37.44,36.52,36.84,37.27,-0.43,-1.1537,831620.93,3062989.303,-0.011537429568017177,-0.011604502104060955,36.33,36.4765,,0.5177292807440803
2020-07-22,600036.SH,36.78,37.1,36.26,36.44,36.84,-0.4,-1.0858,998811.81,3656733.629,-0.01085776330076016,-0.010917138995348642,36.446,36.62349999999999,,0.5178186865577057
2020-07-23,600036.SH,36.18,36.41,35.25,35.6,36.44,-0.84,-2.3052,1197075.88,4272039.761,-0.023051591657519133,-0.02332143453377272,36.446000000000005,36.736000000000004,,0.5263173752231247
2020-07-24,600036.SH,35.5,35.8,34.13,34.6,35.6,-1.0,-2.809,1304194.36,4555965.917,-0.028089887640449396,-0.02849195579430616,36.150000000000006,36.771,,0.5357442602737866
2020-07-27,600036.SH,34.94,34.97,34.01,34.25,34.6,-0.35,-1.0116,893469.03,3062209.384,-0.010115606936416222,-0.010167117355444313,35.54600000000001,36.8015,,0.5363726854111711
2020-07-28,600036.SH,34.66,34.88,34.21,34.58,34.25,0.33,0.9635,780350.52,2693238.172,0.009635036496350224,0.009588915546910007,35.094,36.8445,,0.5371607570267941
2020-07-29,600036.SH,34.5,35.35,34.23,35.07,34.58,0.49,1.417,969130.71,3381773.114,0.014170040485830038,0.01407058389694237,34.82000000000001,36.8585,,0.5277127074698525
2020-07-30,600036.SH,35.05,35.17,34.48,34.56,35.07,-0.51,-1.4542,798879.27,2776830.172,-0.014542343883661157,-0.01464912021623177,34.612,36.8215,,0.5278054771253503
2020-07-31,600036.SH,34.6,35.35,34.49,34.8,34.56,0.24,0.6944,989894.55,3456763.749,0.006944444444444198,0.006920442844573537,34.652,36.7245,,0.5058635829038138
2020-08-03,600036.SH,35.2,35.39,34.78,35.0,34.8,0.2,0.5747,1021858.0,3573570.193,0.005747126436781658,0.0057306747089850745,34.802,36.454,,0.3354514223557776
2020-08-04,600036.SH,35.14,37.15,35.0,36.68,35.0,1.68,4.8,2354404.04,8524612.075,0.04800000000000004,0.04688358589885046,35.222,36.235,,0.380602451520514
2020-08-05,600036.SH,36.4,36.66,35.81,36.3,36.68,-0.38,-1.036,1060659.7,3842397.076,-0.010359869138495181,-0.010413906117459093,35.468,36.025,,0.3798324815855767
2020-08-06,600036.SH,36.43,37.33,36.34,37.02,36.3,0.72,1.9835,1252428.84,4621511.197,0.01983471074380172,0.019640565874546417,35.959999999999994,35.8805,,0.3881015093622483
2020-08-07,600036.SH,36.88,36.88,36.2,36.61,37.02,-0.41,-1.1075,897954.14,3286449.488,-0.011075094543490094,-0.011136880013206698,36.322,35.8485,,0.31046992307925864
2020-08-10,600036.SH,36.7,37.41,35.89,37.0,36.61,0.39,1.0653,1224481.39,4519789.796,0.01065282709642168,0.010596485512079545,36.722,35.8335,,0.31302524209086036
2020-08-11,600036.SH,37.15,38.8,37.15,37.54,37.0,0.54,1.4595,1736382.83,6622998.622,0.014594594594594668,0.014489118514138389,36.894,35.885,,0.3069544632032945
2020-08-12,600036.SH,37.78,38.26,37.03,37.79,37.54,0.25,0.666,930036.91,3505241.801,0.006659563132658475,0.006637486203034816,37.192,35.981500000000004,,0.2986486370116355
2020-08-13,600036.SH,37.85,38.17,37.32,37.33,37.79,-0.46,-1.2173,640486.94,2413002.933,-0.01217253241598304,-0.0122472244349051,37.254,36.068,,0.3013425940632537
2020-08-14,600036.SH,37.33,38.08,37.26,38.0,37.33,0.67,1.7948,670657.45,2530430.882,0.017948031074203064,0.017788866799893305,37.532,36.164,,0.30389803139119903
2020-08-17,600036.SH,38.06,39.53,38.06,39.05,38.0,1.05,2.7632,1483090.43,5782809.861,0.02763157894736845,0.02725671655930923,37.94199999999999,36.253,,0.29736571309608056
2020-08-18,600036.SH,39.0,39.16,38.53,38.85,39.05,-0.2,-0.5122,573660.54,2225879.678,-0.005121638924455718,-0.005134799472038416,38.20399999999999,36.3535,,0.29420381772449683
2020-08-19,600036.SH,38.84,39.08,38.35,38.35,38.85,-0.5,-1.287,563936.94,2185921.384,-0.012870012870012881,-0.012953549000391265,38.315999999999995,36.449,,0.29552846862874
2020-08-20,600036.SH,38.21,38.23,37.13,37.52,38.35,-0.83,-2.1643,734408.19,2759025.986,-0.021642764015645355,-0.02188040367524125,38.354,36.545,,0.2939369620461886
2020-08-21,600036.SH,38.0,38.01,37.46,37.77,37.52,0.25,0.6663,561254.42,2115951.2,0.006663113006396548,0.006641012586341525,38.308,36.7035,,0.2704594972726592
2020-08-24,600036.SH,38.08,38.31,37.37,37.5,37.77,-0.27,-0.7149,620988.93,2346712.057,-0.007148530579825341,-0.007174203748000442,37.998000000000005,36.866,,0.2685268085653099
2020-08-25,600036.SH,37.8,38.2,37.42,37.58,37.5,0.08,0.2133,545246.08,2056714.024,0.0021333333333333204,0.0021310610089541127,37.74400000000001,37.016,,0.26800968065646963
2020-08-26,600036.SH,37.7,37.89,37.01,37.23,37.58,-0.35,-0.9313,627000.22,2344833.013,-0.009313464608834532,-0.00935710610069377,37.519999999999996,37.124,36.1395,0.2695011537168519
2020-08-27,600036.SH,37.23,37.29,36.41,36.9,37.23,-0.33,-0.8864,574815.02,2112135.81,-0.008863819500402825,-0.008903336838143953,37.396,37.241,36.1705,0.26528372363284203
2020-08-28,600036.SH,36.85,38.45,36.6,38.45,36.9,1.55,4.2005,1182941.77,4472784.976,0.042005420054200604,0.04114714490517154,37.532,37.423500000000004,36.22433333333333,0.29857916287551406
2020-08-31,600036.SH,38.5,39.0,37.55,37.69,38.45,-0.76,-1.9766,1190313.65,4573760.872,-0.019765929778933766,-0.019963888672609006,37.57,37.558,36.266666666666666,0.3113794813646172
2020-09-01,600036.SH,37.46,37.7,37.01,37.42,37.69,-0.27,-0.7164,712759.36,2662847.632,-0.007163703900238683,-0.007189486433100397,37.538,37.595000000000006,36.303,0.2659942315369983
2020-09-02,600036.SH,37.49,37.58,36.8,37.2,37.42,-0.22,-0.5879,797221.27,2960833.704,-0.0058792089791555036,-0.005896559566842656,37.532,37.64,36.3285,0.26389411953963143
2020-09-03,600036.SH,37.12,37.43,36.76,36.98,37.2,-0.22,-0.5914,640479.56,2369898.817,-0.005913978494623828,-0.005931535320122258,37.547999999999995,37.638,36.35266666666667,0.2556796663703177
2020-09-04,600036.SH,36.63,36.89,36.35,36.8,36.98,-0.18,-0.4867,485437.21,1780424.306,-0.004867495943753353,-0.004879380784093516,37.218,37.647499999999994,36.376999999999995,0.2530272069023674
2020-09-07,600036.SH,36.8,37.58,36.69,36.79,36.8,-0.01,-0.0272,616138.78,2285992.289,-0.00027173913043476716,-0.0002717760582022363,37.038,37.637,36.41566666666667,0.25009814112214074
2020-09-08,600036.SH,37.18,37.62,37.02,37.59,36.79,0.8,2.1745,683544.91,2558811.209,0.02174503941288397,0.021511988459403667,37.071999999999996,37.6395,36.46716666666667,0.2568917877482492
2020-09-09,600036.SH,37.27,37.95,37.16,37.6,37.59,0.01,0.0266,605433.34,2276406.652,0.0002660281989890212,0.0002659928197621348,37.152,37.63,36.53433333333333,0.25575604062016066
2020-09-10,600036.SH,37.88,37.91,37.37,37.7,37.6,0.1,0.266,550146.07,2072364.501,0.0026595744680850686,0.0026560440581162104,37.29600000000001,37.6485,36.593666666666664,0.2518830300497627
2020-09-11,600036.SH,37.87,37.88,37.02,37.24,37.7,-0.46,-1.2202,553105.13,2064258.658,-0.012201591511936338,-0.012276642045098757,37.384,37.6105,36.64433333333333,0.24704941677593206
2020-09-14,600036.SH,37.4,37.58,37.07,37.35,37.24,0.11,0.2954,460239.97,1713839.187,0.0029538131041890736,0.0029494591699600215,37.496,37.52550000000001,36.702,0.22367896087555023
2020-09-15,600036.SH,37.26,38.09,37.23,37.9,37.35,0.55,1.4726,530804.95,2003397.793,0.014725568942436373,0.014618200509554313,37.55800000000001,37.478,36.76933333333333,0.23112871329829474
2020-09-16,600036.SH,37.96,38.3,37.78,38.06,37.9,0.16,0.4222,478874.82,1822671.349,0.004221635883905117,0.004212749779622872,37.65,37.463499999999996,36.84533333333333,0.22755656311633057
2020-09-17,600036.SH,38.1,38.47,37.85,37.87,38.06,-0.19,-0.4992,557713.54,2127941.227,-0.004992117708880861,-0.005004619954300121,37.684,37.481,36.92066666666666,0.2141052273295954
2020-09-18,600036.SH,37.85,38.99,37.8,38.99,37.87,1.12,2.9575,1081692.4,4177287.388,0.02957486136783749,0.029145961080802647,38.034000000000006,37.541999999999994,37.0055,0.2370041608704315
2020-09-21,600036.SH,39.0,39.13,38.6,38.6,38.99,-0.39,-1.0003,501520.92,1945258.027,-0.010002564760194899,-0.010052926523720758,38.284,37.596999999999994,37.088166666666666,0.23862761150059147
2020-09-22,600036.SH,38.5,38.6,37.74,37.88,38.6,-0.72,-1.8653,583116.89,2223417.612,-0.01865284974093262,-0.01882900815290766,38.279999999999994,37.612,37.157500000000006,0.24913227682160108
2020-09-23,600036.SH,37.82,38.05,37.4,37.5,37.88,-0.38,-1.0032,430760.28,1621415.675,-0.010031678986272552,-0.010082335341512478,38.16799999999999,37.6255,37.20266666666667,0.24952074831325122
2020-09-24,600036.SH,37.35,37.35,36.9,37.06,37.5,-0.44,-1.1733,540279.75,2003636.08,-0.011733333333333262,-0.011802712119151338,38.00600000000001,37.633500000000005,37.232,0.25114811306097795
2020-09-25,600036.SH,37.1,37.4,37.08,37.18,37.06,0.12,0.3238,352251.53,1312142.06,0.0032379924446841457,0.003232761436084086,37.644,37.57,37.23933333333333,0.19788574448451182
2020-09-28,600036.SH,37.2,37.65,37.05,37.25,37.18,0.07,0.1883,353244.76,1317478.208,0.0018827326519634813,0.0018809625322706246,37.374,37.548,37.18666666666666,0.1861037900771022
2020-09-29,600036.SH,37.35,37.45,36.27,36.31,37.25,-0.94,-2.5235,796689.1,2920847.323,-0.02523489932885903,-0.02555875939932407,37.06,37.4925,37.107499999999995,0.2047757030087274
2020-09-30,600036.SH,36.3,36.57,35.8,36.0,36.31,-0.31,-0.8538,654660.59,2365489.193,-0.00853759294960077,-0.008574246970134525,36.760000000000005,37.432500000000005,37.0325,0.20575757761995
2020-10-09,600036.SH,36.4,36.8,36.13,36.18,36.0,0.18,0.5,494724.33,1799276.678,0.004999999999999893,0.004987541511038968,36.584,37.3925,36.970333333333336,0.2063398218769551
2020-10-12,600036.SH,36.4,37.65,36.3,37.56,36.18,1.38,3.8143,998646.35,3712613.342,0.03814262023217263,0.037433174372913235,36.660000000000004,37.43050000000001,36.975500000000004,0.24796534484368077
2020-10-13,600036.SH,37.48,38.01,37.13,37.79,37.56,0.23,0.6124,511415.6,1928053.924,0.006123535676251235,0.006104863021335344,36.768,37.4805,36.983666666666664,0.24852176175018734
2020-10-14,600036.SH,37.8,38.1,37.39,38.05,37.79,0.26,0.688,642940.15,2431581.141,0.006880127017729443,0.006856566946297129,37.116,37.503499999999995,37.00933333333334,0.23779731288673164
2020-10-15,600036.SH,38.14,39.23,38.05,39.01,38.05,0.96,2.523,1196657.2,4656771.635,0.025229960578186716,0.024916939210870417,37.718,37.574,37.06183333333333,0.2531859923508383
2020-10-16,600036.SH,38.91,40.2,38.88,39.78,39.01,0.77,1.9739,1105895.8,4401811.725,0.01973852858241476,0.019546249907260994,38.438,37.678,37.1315,0.2609489381224407
2020-10-19,600036.SH,40.29,41.55,39.89,39.99,39.78,0.21,0.5279,981546.59,3988837.84,0.005279034690799378,0.0052651494329008335,38.924,37.8155,37.19666666666667,0.25491340258881506
2020-10-20,600036.SH,40.0,40.31,39.7,39.97,39.99,-0.02,-0.05,424368.36,1697045.434,-0.0005001250312578476,-0.0005002501354948721,39.36,37.9465,37.24166666666667,0.25534022626000535
2020-10-21,600036.SH,40.06,40.87,39.99,40.8,39.97,0.83,2.0766,541855.65,2193121.567,0.020765574180635404,0.02055290868688379,39.91,38.0915,37.30766666666667,0.2597191467019595
2020-10-22,600036.SH,41.0,42.0,40.33,41.19,40.8,0.39,0.9559,644974.99,2649384.824,0.00955882352941173,0.009513427037873324,40.346,38.248000000000005,37.386833333333335,0.26051847521084476
2020-10-23,600036.SH,40.91,42.1,40.86,41.22,41.19,0.03,0.0728,551833.62,2298420.661,0.0007283321194464509,0.0007280670143235832,40.634,38.4155,37.4805,0.2586592183511071
2020-10-26,600036.SH,41.66,41.66,40.08,40.62,41.22,-0.6,-1.4556,504540.0,2050594.686,-0.01455604075691419,-0.014663019310074419,40.76,38.497,37.58083333333334,0.24887918961798858
2020-10-27,600036.SH,40.62,41.25,40.33,40.45,40.62,-0.17,-0.4185,458832.07,1867751.093,-0.004185130477597165,-0.004193912647737852,40.855999999999995,38.5895,37.68416666666667,0.24594610759819255
2020-10-28,600036.SH,40.63,41.08,39.61,40.1,40.45,-0.35,-0.8653,693557.12,2787606.058,-0.008652657601977753,-0.008690309191977197,40.716,38.7005,37.77616666666666,0.23695953552799012
2020-10-29,600036.SH,39.75,40.86,39.67,40.19,40.1,0.09,0.2244,523070.34,2105440.052,0.0022443890274312928,0.002241874148586111,40.516000000000005,38.835,37.8615,0.2319894706466254
2020-10-30,600036.SH,40.5,41.15,39.58,39.81,40.19,-0.38,-0.9455,438422.79,1766506.296,-0.009455088330430295,-0.009500071448883747,40.234,38.9725,37.949,0.23012962540475546
2020-11-02,600036.SH,40.49,40.7,39.18,40.25,39.81,0.44,1.1052,516927.98,2067738.931,0.011052499372017133,0.010991866852346596,40.160000000000004,39.126,38.039833333333334,0.23159560624317127
2020-11-03,600036.SH,40.7,42.1,40.7,41.24,40.25,0.99,2.4596,870690.16,3626910.913,0.024596273291925597,0.024298655284186926,40.318000000000005,39.3255,38.14383333333333,0.242519962505889
2020-11-04,600036.SH,42.12,43.09,41.38,42.93,41.24,1.69,4.098,884500.85,3754732.975,0.04097963142580019,0.04016222308771005,40.884,39.6565,38.248000000000005,0.24613627215365333
2020-11-05,600036.SH,43.1,43.71,42.38,42.79,42.93,-0.14,-0.3261,680486.85,2918967.528,-0.0032611227579780744,-0.003266451807743733,41.403999999999996,39.995999999999995,38.35616666666667,0.24196314313630252
2020-11-06,600036.SH,42.8,42.85,42.09,42.48,42.79,-0.31,-0.7245,463645.47,1969073.126,-0.007244683337228386,-0.007271053495042137,41.938,40.311,38.44716666666667,0.2483240827282764
2020-11-09,600036.SH,42.99,43.47,42.6,43.03,42.48,0.55,1.2947,497141.62,2138628.747,0.012947269303201558,0.012864169916824927,42.494,40.584500000000006,38.55416666666667,0.22278613219635782
2020-11-10,600036.SH,43.77,44.38,43.4,43.72,43.03,0.69,1.6035,562079.25,2461059.112,0.016035324192423817,0.01590811645782947,42.99,40.881,38.66616666666666,0.22508629657592277
2020-11-11,600036.SH,44.0,44.35,43.51,44.35,43.72,0.63,1.441,526969.72,2322161.018,0.014409881061299146,0.014307045447250656,43.274,41.196000000000005,38.779666666666664,0.22643449624156473
2020-11-12,600036.SH,44.0,44.44,43.35,43.58,44.35,-0.77,-1.7362,471594.35,2059661.759,-0.017361894024802815,-0.01751437923911479,43.431999999999995,41.4245,38.87616666666667,0.23328311806170773
2020-11-13,600036.SH,43.2,43.2,41.81,42.58,43.58,-1.0,-2.2946,544862.9,2309702.717,-0.022946305644791165,-0.02321367005114038,43.452,41.5645,38.96366666666667,0.2478564906521842
2020-11-16,600036.SH,42.95,43.1,42.65,43.0,42.58,0.42,0.9864,389431.99,1669941.865,0.009863785814936632,0.009815456228229052,43.446,41.715,39.047000000000004,0.24882004004408376
2020-11-17,600036.SH,43.0,44.0,42.8,43.84,43.0,0.84,1.9535,472856.2,2065231.454,0.019534883720930374,0.01934652694619781,43.47,41.908500000000004,39.12683333333333,0.2543812576915136
2020-11-18,600036.SH,43.6,45.0,43.41,44.75,43.84,0.91,2.0757,628202.15,2797752.552,0.02075729927007286,0.020544802081104152,43.55,42.105999999999995,39.22516666666666,0.2543743506183569
2020-11-19,600036.SH,44.53,45.0,43.99,44.87,44.75,0.12,0.2682,477341.74,2128954.044,0.0026815642458100086,0.0026779752670275524,43.80800000000001,42.29,39.33383333333334,0.25382158617227346
2020-11-20,600036.SH,44.76,45.3,44.51,45.05,44.87,0.18,0.4012,314687.57,1414292.248,0.004011589034989882,0.004003564066454856,44.302,42.4815,39.45933333333333,0.2534575206742945
2020-11-23,600036.SH,45.05,45.58,44.82,45.4,45.05,0.35,0.7769,584621.13,2647101.184,0.007769145394006749,0.007739120992955468,44.782,42.7205,39.5865,0.24329543905351247
2020-11-24,600036.SH,45.0,45.3,44.53,44.87,45.4,-0.53,-1.1674,399467.34,1793220.437,-0.011674008810572678,-0.011742685059410314,44.988,42.941500000000005,39.70933333333333,0.24871832707320823
2020-11-25,600036.SH,45.52,45.57,44.17,44.43,44.87,-0.44,-0.9806,378072.49,1694470.963,-0.009806106529975489,-0.009854503040074875,44.924,43.158,39.8235,0.24960952716988904
2020-11-26,600036.SH,44.47,45.38,44.47,45.09,44.43,0.66,1.4855,351534.29,1584282.516,0.014854827819041239,0.014745575485175758,44.967999999999996,43.403,39.9545,0.25159681821252816
2020-11-27,600036.SH,45.4,45.97,44.7,45.85,45.09,0.76,1.6855,446077.7,2024963.455,0.016855178531825166,0.01671470626948097,45.128,43.705,40.10366666666666,0.24761952138298926
2020-11-30,600036.SH,45.85,47.77,44.03,44.2,45.85,-1.65,-3.5987,1153601.81,5291989.606,-0.03598691384950925,-0.03665040961882139,44.888,43.9025,40.19950000000001,0.2905028066640094
2020-12-01,600036.SH,44.4,46.55,44.39,46.2,44.2,2.0,4.5249,780727.87,3559778.622,0.045248868778280604,0.04425500900404078,45.154,44.1505,40.34133333333333,0.31714897373524537
2020-12-02,600036.SH,46.0,47.03,45.26,46.8,46.2,0.6,1.2987,619943.58,2864114.257,0.01298701298701288,0.012903404835907782,45.628,44.344,40.49766666666667,0.29051037790499135
2020-12-03,600036.SH,46.75,47.1,45.5,46.49,46.8,-0.31,-0.6624,502375.89,2317794.756,-0.006623931623931489,-0.006645967221107548,45.908,44.528999999999996,40.652499999999996,0.29194114913580993
2020-12-04,600036.SH,46.47,46.6,45.11,45.78,46.49,-0.71,-1.5272,461155.43,2099378.091,-0.015272101527210147,-0.015389921178072726,45.894,44.694,40.799166666666665,0.2974948765216402
2020-12-07,600036.SH,45.7,45.75,44.1,44.42,45.78,-1.36,-2.9707,704825.24,3138039.091,-0.029707295762341657,-0.030157496058139277,45.938,44.7635,40.92616666666667,0.31813084748591575
2020-12-08,600036.SH,44.39,44.76,44.0,44.26,44.42,-0.16,-0.3602,377167.35,1671238.316,-0.0036019810895994153,-0.0036084838433779205,45.55,44.790499999999994,41.050666666666665,0.31407200282682196
2020-12-09,600036.SH,44.37,44.93,44.22,44.24,44.26,-0.02,-0.0452,375194.56,1672113.664,-0.0004518752824219652,-0.00045197740882415384,45.038,44.785000000000004,41.161500000000004,0.3099333608608119
2020-12-10,600036.SH,44.04,44.63,43.8,44.28,44.24,0.04,0.0904,368873.55,1630166.599,0.0009041591320071429,0.0009037506263566791,44.596000000000004,44.82,41.27283333333333,0.30302288042623676
2020-12-11,600036.SH,44.25,44.27,42.68,42.68,44.28,-1.6,-3.6134,771435.25,3347336.214,-0.03613369467028005,-0.036802681406883524,43.976,44.825,41.35583333333334,0.31996920088396713
2020-12-14,600036.SH,43.32,44.66,43.32,44.37,42.68,1.69,3.9597,607427.01,2686115.499,0.03959700093720708,0.038833138957265464,43.965999999999994,44.8935,41.474666666666664,0.34792855351955443
2020-12-15,600036.SH,44.45,44.94,43.44,44.35,44.37,-0.02,-0.0451,438792.26,1936658.509,-0.0004507550146494177,-0.00045085663522950487,43.983999999999995,44.919,41.59133333333333,0.34158963980563073
2020-12-16,600036.SH,44.79,44.85,43.88,44.06,44.35,-0.29,-0.6539,367902.0,1628021.247,-0.0065388951521984096,-0.00656036738139142,43.948,44.8845,41.693999999999996,0.33409514464148204
2020-12-17,600036.SH,43.9,44.17,43.35,44.05,44.06,-0.01,-0.0227,502329.03,2199570.321,-0.00022696323195658952,-0.00022698899200871645,43.902,44.8435,41.79383333333333,0.3338795108424775
2020-12-18,600036.SH,44.09,44.39,42.8,43.1,44.05,-0.95,-2.1566,760599.93,3296589.099,-0.02156640181611791,-0.02180235527248627,43.986000000000004,44.745999999999995,41.881,0.34134108366531885
2020-12-21,600036.SH,43.04,43.15,42.31,42.89,43.1,-0.21,-0.4872,623850.9,2674269.716,-0.004872389791183318,-0.004884298580913036,43.69,44.6205,41.946,0.33949129557806085
2020-12-22,600036.SH,42.99,43.0,41.87,41.91,42.89,-0.98,-2.2849,784686.07,3320101.849,-0.022849148985777612,-0.023114236591808994,43.202,44.472500000000004,42.00116666666667,0.34570337102494697
2020-12-23,600036.SH,41.71,42.41,41.71,42.32,41.91,0.41,0.9783,711819.93,3004166.815,0.009782868050584703,0.009735325613063917,42.854,44.367000000000004,42.07516666666666,0.3477122213306542
2020-12-24,600036.SH,42.35,43.1,42.32,42.57,42.32,0.25,0.5907,482110.14,2055723.701,0.005907372400756117,0.005889992290017014,42.558,44.241,42.159666666666666,0.34331332606020376
2020-12-25,600036.SH,42.55,42.9,41.98,42.72,42.57,0.15,0.3524,476731.97,2023487.304,0.0035236081747709314,0.003517414811878383,42.482,44.084500000000006,42.254,0.3364605296653908
2020-12-28,600036.SH,42.75,43.32,42.23,43.04,42.72,0.32,0.7491,841409.01,3600599.046,0.0074906367041198685,0.007462721201589594,42.51199999999999,44.0265,42.35166666666667,0.3151900315731502
2020-12-29,600036.SH,43.26,43.29,42.65,42.83,43.04,-0.21,-0.4879,727147.56,3118082.06,-0.00487918215613381,-0.004891124226249347,42.696,43.858,42.44466666666667,0.2632847577515429
2020-12-30,600036.SH,42.87,43.05,41.9,43.05,42.83,0.22,0.5137,933496.43,3963394.42,0.005136586504786322,0.005123439246460155,42.842,43.6705,42.557,0.2581298891921118
2020-12-31,600036.SH,43.05,44.35,42.85,43.95,43.05,0.9,2.0906,891199.21,3909432.878,0.020905923344947785,0.020690393257446246,43.118,43.5435,42.6895,0.27257057145899266
2021-01-04,600036.SH,43.23,43.78,42.02,43.17,43.95,-0.78,-1.7747,1549522.85,6608868.849,-0.01774744027303754,-0.01790681456379986,43.208,43.413,42.806,0.2742256640087597
2021-01-05,600036.SH,42.76,42.8,41.44,42.18,43.17,-0.99,-2.2933,1387176.99,5809639.049,-0.022932592077831826,-0.023199634516757602,43.036,43.301,42.883,0.26634669462559724
2021-01-06,600036.SH,42.1,44.2,42.0,44.15,42.18,1.97,4.6705,1200645.63,5188622.737,0.04670459933617832,0.04564675199934052,43.3,43.2955,42.989000000000004,0.31826245358397426
2021-01-07,600036.SH,44.29,45.97,44.26,45.9,44.15,1.75,3.9638,1078321.87,4869741.128,0.039637599093997666,0.03887219001653038,43.870000000000005,43.3785,43.119833333333325,0.3478382384387681
2021-01-08,600036.SH,46.29,47.02,45.81,46.6,45.9,0.7,1.5251,1299594.81,6021482.985,0.015250544662309462,0.015135424065100813,44.4,43.4945,43.24633333333334,0.3509148377929147
2021-01-11,600036.SH,46.58,49.17,46.49,48.42,46.6,1.82,3.9056,1445233.56,6992740.146,0.03905579399141623,0.038312410378312164,45.45,43.7815,43.390333333333324,0.34168340809014064
2021-01-12,600036.SH,48.55,50.05,47.56,49.7,48.42,1.28,2.6435,1044485.91,5103986.009,0.026435357290375938,0.02609198159267067,46.954,44.047999999999995,43.55216666666667,0.3277061105236142
2021-01-13,600036.SH,49.31,49.98,48.88,49.4,49.7,-0.3,-0.6036,649109.79,3207741.653,-0.006036217303822977,-0.0060545089087062605,48.004,44.3005,43.70933333333333,0.3297326123989057
2021-01-14,600036.SH,49.4,50.08,48.56,49.05,49.4,-0.35,-0.7085,703770.99,3467710.708,-0.007085020242915019,-0.007110238182504771,48.634,44.55,43.84683333333333,0.33000505695212995
2021-01-15,600036.SH,50.5,53.89,50.48,51.14,49.05,2.09,4.261,1775745.22,9232542.839,0.04260958205912346,0.041726783851668586,49.541999999999994,44.9045,44.01266666666667,0.35415181544285834
2021-01-18,600036.SH,51.5,53.08,51.2,51.92,51.14,0.78,1.5252,1237641.6,6463924.98,0.015252248728979234,0.015137102532793956,50.242000000000004,45.3455,44.191,0.3374874267320939
2021-01-19,600036.SH,52.3,53.23,51.49,51.85,51.92,-0.07,-0.1348,901880.02,4710719.576,-0.0013482280431432736,-0.0013491377202981955,50.672,45.7935,44.378166666666665,0.335715123356249
2021-01-20,600036.SH,52.1,53.12,50.99,51.72,51.85,-0.13,-0.2507,792281.18,4123860.428,-0.0025072324011572444,-0.002510380771879666,51.135999999999996,46.284,44.566,0.31675394784817773
2021-01-21,600036.SH,52.97,53.5,52.15,52.64,51.72,0.92,1.7788,736714.59,3886756.922,0.017788089713843824,0.01763173311340508,51.854,46.8,44.775,0.3177003022813115
2021-01-22,600036.SH,52.85,52.85,51.0,51.64,52.64,-1.0,-1.8997,870001.32,4492606.303,-0.018996960486322156,-0.01917972103861998,51.95400000000001,47.253499999999995,44.965833333333336,0.33498815619467776
2021-01-25,600036.SH,51.1,52.46,50.1,52.11,51.64,0.47,0.9101,865362.06,4438842.57,0.009101471727343213,0.009060302942681576,51.992,47.723,45.170833333333334,0.33416122547226607
2021-01-26,600036.SH,52.0,53.1,51.0,51.4,52.11,-0.71,-1.3625,601175.33,3126374.838,-0.013625023987718254,-0.0137186964600038,51.902,48.141,45.35666666666667,0.3446660208324405
2021-01-27,600036.SH,51.61,52.9,51.61,52.0,51.4,0.6,1.1673,609231.56,3187049.336,0.011673151750972721,0.01160554612030789,51.958000000000006,48.5995,45.535999999999994,0.340724423687313
2021-01-28,600036.SH,51.0,51.75,50.8,51.61,52.0,-0.39,-0.75,523869.51,2684963.891,-0.007500000000000062,-0.007528266420791636,51.751999999999995,49.027499999999996,45.68066666666667,0.34601036343638614
2021-01-29,600036.SH,52.18,52.46,50.81,51.1,51.61,-0.51,-0.9882,621489.14,3211002.062,-0.009881805851579162,-0.00993095495097704,51.644000000000005,49.385000000000005,45.81916666666667,0.3495913124475585
2021-02-01,600036.SH,51.0,52.78,50.48,52.4,51.1,1.3,2.544,796625.87,4125446.256,0.02544031311154593,0.025122094117337672,51.702,49.8465,45.984500000000004,0.34125743521369356
2021-02-02,600036.SH,52.35,52.8,51.6,51.97,52.4,-0.43,-0.8206,720305.53,3752480.883,-0.008206106870229046,-0.00823996230664603,51.81600000000001,50.336,46.1335,0.3261031407962926
2021-02-03,600036.SH,52.07,54.0,51.49,53.05,51.97,1.08,2.0781,765876.06,4045314.776,0.0207812199345776,0.020568236039641613,52.025999999999996,50.781,46.289,0.30007320311539476
2021-02-04,600036.SH,52.87,55.2,52.61,53.5,53.05,0.45,0.8483,969109.77,5229905.917,0.008482563619227168,0.008446788841968747,52.403999999999996,51.160999999999994,46.441500000000005,0.2779893413894191
2021-02-05,600036.SH,54.06,55.94,53.7,54.74,53.5,1.24,2.3178,1151577.54,6315430.525,0.023177570093458,0.022913049710572207,53.132000000000005,51.568000000000005,46.62749999999999,0.28218664446020064
2021-02-08,600036.SH,55.19,55.6,53.69,55.26,54.74,0.52,0.9499,816377.76,4479792.762,0.009499451954694926,0.009454615882737464,53.70399999999999,51.910000000000004,46.83883333333333,0.2578153088160171
2021-02-09,600036.SH,55.38,55.38,54.25,55.26,55.26,0.0,0.0,619005.27,3393598.043,0.0,0.0,54.362,52.188,47.043166666666664,0.24793519507856368
2021-02-10,600036.SH,56.3,56.4,53.95,54.55,55.26,-0.71,-1.2848,753507.67,4135201.064,-0.012848353239232724,-0.012931607216190659,54.662,52.445499999999996,47.22166666666667,0.25323643919318406
2021-02-18,600036.SH,55.65,57.6,55.19,55.69,54.55,1.14,2.0898,1070913.22,6013345.25,0.020898258478460052,0.02068288532249734,55.1,52.777499999999996,47.404,0.25486782074479636
2021-02-19,600036.SH,55.65,56.71,54.88,55.2,55.69,-0.49,-0.8799,710181.64,3948306.737,-0.008798707128748307,-0.008837644318527488,55.19199999999999,52.98049999999999,47.57616666666666,0.22136190050776516
2021-02-22,600036.SH,55.27,55.74,53.36,54.2,55.2,-1.0,-1.8116,801511.45,4368565.094,-0.018115942028985477,-0.01828204483744907,54.980000000000004,53.0945,47.72866666666667,0.23021514845159116
2021-02-23,600036.SH,54.29,56.73,54.2,55.55,54.2,1.35,2.4908,952991.02,5306140.313,0.024907749077490715,0.024602607640038417,55.038,53.2795,47.89783333333333,0.243266530264917
2021-02-24,600036.SH,55.85,55.85,52.85,53.6,55.55,-1.95,-3.5104,844322.26,4578242.27,-0.03510351035103498,-0.03573444800888257,54.848,53.3735,48.04333333333333,0.2789541627750608
2021-02-25,600036.SH,54.5,55.5,53.91,54.45,53.6,0.85,1.5858,886187.27,4843039.32,0.01585820895522394,0.015733781302213232,54.6,53.464,48.21033333333333,0.277580120974151
2021-02-26,600036.SH,53.6,54.45,50.86,51.1,54.45,-3.35,-6.1524,1327288.76,6911104.094,-0.06152433425160697,-0.06349835216931073,53.779999999999994,53.437,48.310500000000005,0.35120033836994924
2021-03-01,600036.SH,51.11,51.3,50.03,50.39,51.1,-0.71,-1.3894,894183.63,4510517.394,-0.013894324853228945,-0.013991754517152009,53.01800000000001,53.351,48.38616666666667,0.35252857438109797
2021-03-02,600036.SH,50.86,50.9,49.01,49.55,50.39,-0.84,-1.667,1007786.21,5025206.694,-0.01666997420123051,-0.016810481916509835,51.818,53.258500000000005,48.47533333333333,0.35408685673236323
2021-03-03,600036.SH,50.0,52.98,49.6,52.77,49.55,3.22,6.4985,1315933.15,6834019.524,0.06498486377396584,0.06296058664157964,51.652,53.297000000000004,48.584833333333336,0.4242009534956789
2021-03-04,600036.SH,52.19,53.88,52.0,52.4,52.77,-0.37,-0.7012,833039.04,4396029.829,-0.0070115595982567225,-0.007036256090580152,51.242000000000004,53.3365,48.67816666666667,0.42407353267334225
2021-03-05,600036.SH,51.9,52.39,50.11,51.4,52.4,-1.0,-1.9084,735195.85,3762062.419,-0.01908396946564883,-0.019268418865877032,51.302,53.3515,48.760000000000005,0.4284689977614046
2021-03-08,600036.SH,51.59,51.98,49.7,49.93,51.4,-1.47,-2.8599,698137.59,3534603.526,-0.028599221789883278,-0.02901614794860152,51.21,53.227999999999994,48.829166666666666,0.42991708090595493
2021-03-09,600036.SH,50.02,50.98,48.18,48.5,49.93,-1.43,-2.864,983222.45,4876616.396,-0.0286400961345884,-0.029058226569080376,51.0,53.0545,48.897166666666664,0.43979476411654095
2021-03-10,600036.SH,49.01,50.0,48.55,49.25,48.5,0.75,1.5464,675909.93,3327792.628,0.015463917525773141,0.01534556967466032,50.29600000000001,52.8645,48.980333333333334,0.4363592434131502
2021-03-11,600036.SH,50.0,52.25,50.0,51.97,49.25,2.72,5.5228,904210.33,4672612.626,0.055228426395939056,0.05375726140225257,50.21,52.788,49.10916666666666,0.4823028179544442
2021-03-12,600036.SH,52.35,53.39,52.13,53.32,51.97,1.35,2.5977,855807.53,4537887.852,0.025976524918222,0.02564486629015738,50.594,52.717000000000006,49.25983333333333,0.4842631654659039
2021-03-15,600036.SH,52.98,54.79,52.64,53.11,53.32,-0.21,-0.3938,939319.16,5037471.575,-0.003938484621155314,-0.003946260876200158,51.23,52.609500000000004,49.43366666666667,0.4827924194037548
2021-03-16,600036.SH,53.9,55.25,53.5,54.32,53.11,1.21,2.2783,697162.76,3799354.094,0.022782903408021138,0.02252724881613295,52.39399999999999,52.5625,49.5995,0.4904719343353685
2021-03-17,600036.SH,53.95,54.32,53.3,53.4,54.32,-0.92,-1.6937,532314.61,2856041.089,-0.016936671575846884,-0.017081737284291583,53.224000000000004,52.504999999999995,49.75033333333333,0.4920595760753185
2021-03-18,600036.SH,53.3,54.3,52.9,54.24,53.4,0.84,1.573,482793.11,2590798.83,0.01573033707865168,0.015607897665990968,53.678,52.432500000000005,49.92,0.489398152037918
2021-03-19,600036.SH,54.02,54.46,51.54,51.76,54.24,-2.48,-4.5723,776283.61,4073645.28,-0.04572271386430682,-0.046800993439495044,53.366,52.2605,50.0485,0.514252654428675
2021-03-22,600036.SH,52.2,54.72,52.1,53.78,51.76,2.02,3.9026,791695.31,4252611.119,0.039026275115919606,0.03828400064807346,53.5,52.2395,50.2265,0.5312758232425042
2021-03-23,600036.SH,53.89,54.45,52.82,53.48,53.78,-0.3,-0.5578,595922.61,3187582.328,-0.005578281889178194,-0.005593898606976243,53.331999999999994,52.136,50.403000000000006,0.523389501230523
2021-03-24,600036.SH,53.96,54.0,51.62,52.2,53.48,-1.28,-2.3934,575013.14,3013081.502,-0.02393418100224376,-0.024225257345149322,53.092000000000006,52.065999999999995,50.57449999999999,0.5152839938876181
2021-03-25,600036.SH,52.66,52.89,50.56,51.01,52.2,-1.19,-2.2797,784538.3,4014068.059,-0.02279693486590051,-0.023060802953757977,52.446000000000005,51.894000000000005,50.71933333333334,0.5169517077201847
2021-03-26,600036.SH,51.45,51.82,50.73,51.6,51.01,0.59,1.1566,709475.25,3643743.955,0.011566359537345638,0.011499980552681883,52.414,51.919000000000004,50.86983333333333,0.4696929695247933
2021-03-29,600036.SH,51.7,51.8,50.55,50.94,51.6,-0.66,-1.2791,779803.62,3969007.334,-0.01279069767441865,-0.012873202936206146,51.84599999999999,51.9465,51.00683333333334,0.46924811621633816
2021-03-30,600036.SH,51.1,51.56,50.43,51.56,50.94,0.62,1.2171,569402.02,2902290.112,0.012171181782489215,0.012097708519675702,51.462,52.047000000000004,51.148833333333336,0.46603894828618303
2021-03-31,600036.SH,51.5,51.5,50.14,51.1,51.56,-0.46,-0.8922,521649.54,2652348.781,-0.00892164468580292,-0.008961680861327861,51.242000000000004,51.963499999999996,51.28666666666666,0.40411642349755406
2021-04-01,600036.SH,51.09,51.28,50.7,51.05,51.1,-0.05,-0.0978,337194.69,1718217.148,-0.0009784735812133905,-0.0009789525989842712,51.25,51.896,51.42,0.40355261844433027
2021-04-02,600036.SH,51.18,51.25,50.65,50.95,51.05,-0.1,-0.1959,411534.22,2093013.199,-0.0019588638589617124,-0.0019607849419406524,51.12,51.8735,51.53666666666666,0.39791257689394405
2021-04-06,600036.SH,51.1,51.83,50.8,50.99,50.95,0.04,0.0785,444002.01,2275875.718,0.0007850834151128527,0.0007847753983305457,51.13,51.9265,51.667,0.38344874758043607
2021-04-07,600036.SH,51.15,51.15,50.02,50.43,50.99,-0.56,-1.0983,500610.23,2520490.066,-0.01098254559717593,-0.011043298978430451,50.903999999999996,52.023,51.8045,0.3700342482514421
2021-04-08,600036.SH,50.2,50.63,50.05,50.5,50.43,0.07,0.1388,295010.67,1486758.655,0.0013880626611144642,0.0013871001926802585,50.784000000000006,52.0855,51.910333333333334,0.36670542031813147
2021-04-09,600036.SH,50.72,50.72,49.86,50.25,50.5,-0.25,-0.495,315068.34,1578603.909,-0.004950495049504955,-0.004962789342129014,50.624,51.9995,51.98283333333334,0.3071563042890258
2021-04-12,600036.SH,50.29,50.65,49.69,50.46,50.25,0.21,0.4179,414742.39,2082171.992,0.00417910447761205,0.004170396273726664,50.525999999999996,51.856500000000004,52.04716666666666,0.29059026513097563
2021-04-13,600036.SH,50.5,51.2,49.94,50.32,50.46,-0.14,-0.2774,490398.95,2476556.21,-0.0027744748315498002,-0.0027783308207266605,50.391999999999996,51.717,52.078833333333336,0.2905481557923585
2021-04-14,600036.SH,50.58,50.6,49.28,49.7,50.32,-0.62,-1.2321,554383.53,2758186.625,-0.012321144674085849,-0.01239767928960204,50.245999999999995,51.486000000000004,52.078833333333336,0.2763507560847363
2021-04-15,600036.SH,49.72,49.98,48.28,49.44,49.7,-0.26,-0.5231,572965.14,2810517.787,-0.005231388329979936,-0.005245119953147768,50.034000000000006,51.288,52.0795,0.2723405164166488
2021-04-16,600036.SH,49.72,49.85,49.09,49.74,49.44,0.3,0.6068,315583.44,1563464.005,0.0060679611650487075,0.006049625225823438,49.932,51.063,52.091,0.2652627996435826
2021-04-19,600036.SH,49.9,51.78,49.5,51.77,49.74,2.03,4.0812,679320.61,3476651.827,0.04081222356252523,0.04000139253855147,50.194,51.0635,52.101499999999994,0.2633925529773306
2021-04-20,600036.SH,51.01,52.19,51.01,51.99,51.77,0.22,0.425,355744.07,1842179.46,0.004249565385358256,0.004240561481814359,50.528000000000006,50.974000000000004,52.10266666666667,0.22077309091372754
2021-04-21,600036.SH,52.06,53.19,52.03,52.89,51.99,0.9,1.7311,524463.6,2758929.437,0.017311021350259637,0.01716289268226412,51.166000000000004,50.9445,52.12,0.230057928828058
2021-04-22,600036.SH,52.89,53.3,52.17,52.61,52.89,-0.28,-0.5294,429270.78,2255144.62,-0.00529400642843636,-0.005308069335172675,51.8,50.965,52.13483333333333,0.21376494010456065
2021-04-23,600036.SH,52.7,53.5,52.31,53.3,52.61,0.69,1.3115,471049.18,2495321.515,0.013115377304694809,0.013030115429082882,52.512,51.0795,52.145833333333336,0.19943628207717964
2021-04-26,600036.SH,54.0,54.5,51.7,52.07,53.3,-1.23,-2.3077,916257.41,4814829.661,-0.023076923076922995,-0.023347363996991062,52.572,51.103,52.153,0.2153039210337106
2021-04-27,600036.SH,51.95,52.43,51.58,52.07,52.07,0.0,0.0,363299.22,1890139.553,0.0,0.0,52.588,51.159499999999994,52.15233333333334,0.2095094452619234
2021-04-28,600036.SH,52.2,52.38,51.48,51.76,52.07,-0.31,-0.5954,389855.43,2019590.447,-0.0059535241021702046,-0.005971316982162633,52.362,51.1695,52.15833333333333,0.20675773731007988
2021-04-29,600036.SH,52.0,53.35,51.29,53.28,51.76,1.52,2.9366,552745.44,2913105.773,0.029366306027820865,0.02894337603948872,52.496,51.278499999999994,52.17966666666667,0.2277745939363866
2021-04-30,600036.SH,52.8,53.18,51.81,52.7,53.28,-0.58,-1.0886,450688.41,2370742.204,-0.010885885885885904,-0.010945570684817073,52.376,51.361000000000004,52.19783333333333,0.23227165066060595
2021-05-06,600036.SH,52.7,54.38,52.48,53.67,52.7,0.97,1.8406,638352.9,3432136.281,0.018406072106261773,0.018238730641420755,52.696000000000005,51.497,52.24066666666667,0.2391722328626783
2021-05-07,600036.SH,53.88,55.2,53.31,54.18,53.67,0.51,0.9503,723683.76,3943891.332,0.009502515371716092,0.009457650468211619,53.11800000000001,51.65650000000001,52.27033333333333,0.240240787844615
2021-05-10,600036.SH,54.2,54.25,53.01,53.9,54.18,-0.28,-0.5168,492240.48,2630309.849,-0.0051679586563307955,-0.005181358741997629,53.54600000000001,51.830000000000005,52.3025,0.23656372026345976
2021-05-11,600036.SH,53.45,54.15,53.28,53.84,53.9,-0.06,-0.1113,328533.12,1767435.334,-0.001113172541743923,-0.0011137925784790582,53.657999999999994,51.997,52.315666666666665,0.23701724326076823
2021-05-12,600036.SH,53.85,54.65,53.07,53.69,53.84,-0.15,-0.2786,317496.77,1708649.722,-0.002786032689450324,-0.0027899209019943425,53.855999999999995,52.169000000000004,52.31883333333334,0.2361393805267517
2021-05-13,600036.SH,53.49,54.45,52.84,53.2,53.69,-0.49,-0.9126,391205.53,2085332.075,-0.009126466753585305,-0.00916836808687933,53.762,52.306000000000004,52.29316666666667,0.24025957606220263
2021-05-14,600036.SH,53.49,55.0,52.8,54.98,53.2,1.78,3.3459,578814.21,3127193.937,0.03345864661654119,0.03291108638950079,53.922000000000004,52.539,52.2885,0.2625869045331096
2021-05-17,600036.SH,55.0,56.49,54.65,55.65,54.98,0.67,1.2186,526684.25,2933378.115,0.01218624954528913,0.012112594984454118,54.272000000000006,52.8365,52.295,0.256009747867598
2021-05-18,600036.SH,55.98,56.39,55.7,55.95,55.65,0.3,0.5391,293351.18,1642178.93,0.005390835579514919,0.005376357036380496,54.694,53.162,52.318333333333335,0.2526986709273751
2021-05-19,600036.SH,56.0,56.08,54.51,54.8,55.95,-1.15,-2.0554,357293.44,1966656.369,-0.020554066130473725,-0.02076824080396448,54.916,53.415,52.3035,0.270123766380257
2021-05-20,600036.SH,55.1,55.52,54.32,55.47,54.8,0.67,1.2226,342104.77,1881019.546,0.012226277372262784,0.01215214011317333,55.370000000000005,53.6,52.308,0.23685711936318918
2021-05-21,600036.SH,55.87,55.9,53.8,54.11,55.47,-1.36,-2.4518,514864.55,2800730.344,-0.02451775734631334,-0.02482332241249929,55.196000000000005,53.705999999999996,52.3065,0.25691326828866484
2021-05-24,600036.SH,54.2,54.7,53.77,54.08,54.11,-0.03,-0.0554,445399.14,2409885.276,-0.0005544261689152119,-0.0005545799199352866,54.882000000000005,53.765499999999996,52.282000000000004,0.25065714158808455
2021-05-25,600036.SH,54.19,57.62,53.93,57.55,54.08,3.47,6.4164,968502.04,5452025.418,0.06416420118343202,0.062189703433183065,55.202,54.0125,52.34783333333334,0.33405786742234544
2021-05-26,600036.SH,57.65,58.56,57.61,58.5,57.55,0.95,1.6507,613061.69,3565788.679,0.01650738488271064,0.016372619069919114,55.94199999999999,54.2725,52.415333333333336,0.3354049254206279
2021-05-27,600036.SH,58.0,58.78,56.81,57.95,58.5,-0.55,-0.9402,519037.39,2995138.182,-0.009401709401709368,-0.00944618445205006,56.438,54.566500000000005,52.5295,0.3235949109558688
2021-05-28,600036.SH,58.0,58.85,57.61,58.5,57.95,0.55,0.9491,410140.56,2386900.498,0.009490940465918918,0.009446184452050116,57.315999999999995,54.888,52.66466666666667,0.32318651850449187
2021-05-31,600036.SH,58.21,58.36,57.0,58.19,58.5,-0.31,-0.5299,361656.71,2089054.162,-0.005299145299145325,-0.005313235569232277,58.138,55.20949999999999,52.80866666666667,0.32287284609207856
2021-06-01,600036.SH,57.7,57.76,56.9,57.36,58.19,-0.83,-1.4264,474268.44,2713828.451,-0.014263619178553011,-0.014366322377213634,58.1,55.4135,52.88516666666667,0.3182198680386482
2021-06-02,600036.SH,57.25,57.69,56.88,57.58,57.36,0.22,0.3835,405820.27,2323829.263,0.0038354253835424235,0.00382808889266478,57.916,55.65749999999999,52.9715,0.3134121578317339
2021-06-03,600036.SH,57.5,58.33,56.19,56.28,57.58,-1.3,-2.2577,490672.57,2798317.525,-0.022577283779089963,-0.02283605293784151,57.58200000000001,55.788,53.052833333333325,0.3231135608111653
2021-06-04,600036.SH,56.05,58.92,56.02,57.53,56.28,1.25,2.221,608329.07,3504830.228,0.022210376687988642,0.021967318629013785,57.388,55.955499999999994,53.1795,0.3298090817126307
2021-06-07,600036.SH,57.21,57.25,56.5,57.0,57.53,-0.53,-0.9213,324897.42,1847968.869,-0.009212584738397367,-0.009255283040651935,57.15,56.11049999999999,53.32116666666666,0.33147930109292445
2021-06-08,600036.SH,56.95,57.94,56.01,56.7,57.0,-0.3,-0.5263,476166.23,2700887.195,-0.0052631578947367474,-0.005277057100843669,57.01800000000001,56.253499999999995,53.44533333333333,0.33248860950268116
2021-06-09,600036.SH,56.7,57.36,56.28,56.47,56.7,-0.23,-0.4056,391409.5,2220254.281,-0.004056437389770795,-0.004064687048961132,56.79600000000001,56.3925,53.52033333333334,0.3328019092103779
2021-06-10,600036.SH,56.49,57.46,56.26,56.35,56.47,-0.12,-0.2125,481135.26,2730021.836,-0.0021250221356472476,-0.00212728319896002,56.81,56.55,53.57083333333333,0.3304123892440706
2021-06-11,600036.SH,56.41,56.75,55.08,56.33,56.35,-0.02,-0.0355,682089.0,3798816.012,-0.0003549245785271493,-0.00035498757916279435,56.57000000000001,56.61750000000001,53.6245,0.31037487925109253
2021-06-15,600036.SH,55.83,55.83,54.12,54.8,56.33,-1.53,-2.7161,529240.52,2899483.734,-0.027161370495295656,-0.027537058952652828,56.13000000000001,56.575,53.63250000000001,0.32337813588736475
2021-06-16,600036.SH,54.8,56.36,54.5,55.6,54.8,0.8,1.4599,518772.28,2879681.826,0.014598540145985384,0.014493007302566824,55.910000000000004,56.55749999999999,53.66916666666667,0.3272598359800583
2021-06-17,600036.SH,55.52,56.0,54.86,55.12,55.6,-0.48,-0.8633,319019.34,1765863.526,-0.008633093525179936,-0.008670574551133643,55.64,56.5735,53.68383333333333,0.3200413758645837
2021-06-18,600036.SH,54.75,55.7,54.07,54.69,55.12,-0.43,-0.7801,427116.81,2337303.193,-0.007801161103047849,-0.007831749346721721,55.30800000000001,56.5345,53.73266666666667,0.3181829617083428
2021-06-21,600036.SH,54.3,54.79,53.12,53.69,54.69,-1.0,-1.8285,579715.5,3119639.562,-0.01828487840555859,-0.018454112924203226,54.779999999999994,56.5135,53.73116666666667,0.31266969396698957
2021-06-22,600036.SH,53.86,55.58,53.86,55.46,53.69,1.77,3.2967,643592.18,3544466.664,0.03296703296703307,0.032435275753153955,54.912,56.582499999999996,53.76416666666667,0.334086429522098
2021-06-23,600036.SH,55.38,55.47,54.48,54.82,55.46,-0.64,-1.154,408719.65,2243392.897,-0.011539848539487974,-0.0116069493129923,54.75599999999999,56.446000000000005,53.807833333333335,0.2406662380455317
2021-06-24,600036.SH,54.82,55.1,54.13,55.0,54.82,0.18,0.3283,363603.89,1988184.927,0.0032834731849689103,0.003278094357831107,54.732000000000006,56.271,53.87433333333333,0.23134377894160826
2021-06-25,600036.SH,55.0,56.55,54.78,56.4,55.0,1.4,2.5455,469559.64,2631903.465,0.025454545454545396,0.02513597327154224,55.074,56.19349999999999,53.95433333333333,0.2507794311327696
2021-06-28,600036.SH,56.2,56.29,54.03,54.7,56.4,-1.7,-3.0142,698824.74,3825857.05,-0.03014184397163111,-0.030605449076077592,55.275999999999996,56.003499999999995,54.017,0.2672150245292279
2021-06-29,600036.SH,54.2,54.85,53.7,53.8,54.7,-0.9,-1.6453,532449.31,2878196.932,-0.01645338208409519,-0.01659024226019692,54.944,55.784000000000006,54.05433333333333,0.27126964598059927
2021-06-30,600036.SH,53.9,54.44,53.86,54.19,53.8,0.39,0.7249,357303.5,1935227.659,0.0072490706319703335,0.007222922410284181,54.818000000000005,55.6255,54.10583333333333,0.27098642158207853
2021-07-01,600036.SH,54.21,56.0,53.8,56.0,54.19,1.81,3.3401,652987.35,3585284.669,0.033400996493818,0.03285530115712635,55.01800000000001,55.5465,54.188333333333325,0.29928808205368534
2021-07-02,600036.SH,55.0,55.2,52.7,53.05,56.0,-2.95,-5.2679,929818.51,4969147.605,-0.05267857142857146,-0.05411682567515713,54.348,55.385000000000005,54.223333333333336,0.3435719835793961
2021-07-05,600036.SH,52.94,53.09,51.5,52.94,53.05,-0.11,-0.2074,568609.27,2979267.518,-0.0020735155513665893,-0.0020756682610368854,53.996,55.1555,54.25583333333334,0.3307691551047307
2021-07-06,600036.SH,53.0,53.54,52.41,53.54,52.94,0.6,1.1334,452507.13,2401387.63,0.011333585190782092,0.011269841293251313,53.943999999999996,54.9825,54.30766666666667,0.33444631982564604
2021-07-07,600036.SH,53.3,53.91,53.01,53.43,53.54,-0.11,-0.2055,365978.33,1956147.233,-0.002054538662682126,-0.002056652122526494,53.791999999999994,54.819,54.3565,0.33434131835906383
2021-07-08,600036.SH,53.76,53.76,50.0,50.35,53.43,-3.08,-5.7646,1554188.68,7890344.986,-0.05764551749953206,-0.059373766805108634,52.662,54.513,54.35816666666666,0.3870668186754731
2021-07-09,600036.SH,50.35,50.91,49.51,49.9,50.35,-0.45,-0.8937,827018.78,4141886.765,-0.008937437934458892,-0.008977616407098423,52.032,54.1905,54.34883333333333,0.387049987431278
2021-07-12,600036.SH,50.6,51.14,49.8,50.4,49.9,0.5,1.002,839563.74,4227182.16,0.01002004008016022,0.00997017231984985,51.524,53.89399999999999,54.350166666666674,0.3907111956358622
2021-07-13,600036.SH,49.5,50.8,48.71,49.97,49.15,0.82,1.6684,594450.17,2969602.398,-0.008531746031746001,-0.008568349721209258,50.809999999999995,53.652499999999996,54.35466666666666,0.38236447439739546
2021-07-14,600036.SH,49.8,49.88,47.92,48.95,49.97,-1.02,-2.0412,885514.24,4295785.383,-0.020412247348408963,-0.02062345637959417,49.914,53.31999999999999,54.3465,0.3795710125036488
2021-07-15,600036.SH,49.0,51.46,48.97,51.05,48.95,2.1,4.2901,877272.98,4426680.806,0.04290091930541351,0.042006175634155006,50.053999999999995,53.116499999999995,54.36833333333333,0.41717897139733173
2021-07-16,600036.SH,50.76,51.6,50.42,51.0,51.05,-0.05,-0.0979,462103.77,2357681.005,-0.0009794319294808007,-0.0009799118863486902,50.274,52.932,54.3555,0.41694823678502224
2021-07-19,600036.SH,51.0,51.2,49.41,50.83,51.0,-0.17,-0.3333,469630.76,2357941.868,-0.0033333333333334103,-0.0033389012655147096,50.36,52.789,54.336166666666664,0.4131130059217754
2021-07-20,600036.SH,50.45,51.49,49.61,49.91,50.83,-0.92,-1.81,446889.3,2245908.475,-0.018099547511312264,-0.018265347977293313,50.348,52.5115,54.286500000000004,0.39446225890174835
2021-07-21,600036.SH,50.02,50.57,49.25,49.7,49.91,-0.21,-0.4208,506319.17,2512788.212,-0.0042075736325384305,-0.004216450378934692,50.498,52.2555,54.23799999999999,0.3936984657413508
2021-07-22,600036.SH,49.69,51.1,49.38,50.25,49.7,0.55,1.1066,592355.89,2987211.474,0.01106639839034207,0.011005613836602106,50.338,52.017999999999994,54.18716666666667,0.39672194930262594
2021-07-23,600036.SH,50.33,50.65,49.5,50.05,50.25,-0.2,-0.398,420352.8,2101810.738,-0.003980099502487566,-0.003988041177955545,50.148,51.7005,54.1535,0.38098039936245537
2021-07-26,600036.SH,49.62,49.65,47.55,47.7,50.05,-2.35,-4.6953,749929.71,3616845.775,-0.046953046953046806,-0.04809110786693391,49.522,51.3505,54.08066666666666,0.39952030198659894
2021-07-27,600036.SH,47.65,47.93,45.8,46.17,47.7,-1.53,-3.2075,749495.18,3512047.045,-0.0320754716981132,-0.03260116137539797,48.774,50.969,53.9875,0.4084219620121472
2021-07-28,600036.SH,46.31,48.34,46.31,47.47,46.17,1.3,2.8157,847309.81,4027574.991,0.028156811782542812,0.027767696044329156,48.328,50.632999999999996,53.89066666666666,0.4247177034015533
2021-07-29,600036.SH,48.2,48.3,47.5,47.95,47.47,0.48,1.0112,642745.21,3083677.744,0.010111649462818617,0.010060868766220553,47.868,50.2305,53.8115,0.4033870334215831
2021-07-30,600036.SH,47.75,47.8,46.11,46.5,47.95,-1.45,-3.024,591958.97,2760620.844,-0.030239833159541263,-0.030706488736136676,47.158,49.903000000000006,53.692,0.37699558843203884
2021-08-02,600036.SH,46.8,48.22,45.21,47.71,46.5,1.21,2.6022,836146.84,3925085.945,0.02602150537634418,0.0256887069347051,47.160000000000004,49.64149999999999,53.58416666666667,0.3939779071398821
2021-08-03,600036.SH,47.6,48.1,46.95,47.59,47.71,-0.12,-0.2515,518758.28,2456399.176,-0.0025151959756863906,-0.0025183643949965007,47.444,49.344,53.479,0.38945418824592826
2021-08-04,600036.SH,47.58,47.95,46.8,47.0,47.59,-0.59,-1.2398,511499.88,2410938.956,-0.012397562513133065,-0.012475053422960559,47.35,49.0225,53.364999999999995,0.3899410629327132
2021-08-05,600036.SH,46.68,47.3,46.09,46.75,47.0,-0.25,-0.5319,442303.11,2070051.63,-0.005319148936170248,-0.005333345975362617,47.11,48.8425,53.24933333333333,0.33912987648635834
2021-08-06,600036.SH,46.47,47.8,46.1,47.59,46.75,0.84,1.7968,507557.57,2392067.817,0.017967914438502763,0.017808399398323172,47.328,48.727000000000004,53.155833333333334,0.34675486844824527
2021-08-09,600036.SH,47.58,50.0,47.58,49.06,47.59,1.47,3.0889,730430.2,3599567.2,0.03088884219373811,0.030421383697324084,47.598,48.66,53.05716666666667,0.3639474701975763
2021-08-10,600036.SH,49.08,50.53,48.56,50.21,49.06,1.15,2.3441,663575.48,3291349.066,0.023440684875662532,0.023170171216270963,48.122,48.672000000000004,52.966499999999996,0.3728699972518804
2021-08-11,600036.SH,50.21,51.77,50.0,50.9,50.21,0.69,1.3742,568554.59,2905233.228,0.013742282413861773,0.01364871350986292,48.902,48.7695,52.882333333333335,0.3671267578815027
2021-08-12,600036.SH,50.7,51.5,50.41,50.68,50.9,-0.22,-0.4322,397182.45,2021030.379,-0.0043222003929273,-0.004331568103538748,49.688,48.751000000000005,52.81366666666666,0.33452719564914707
2021-08-13,600036.SH,50.71,51.35,50.31,51.18,50.68,0.5,0.9866,467404.7,2379825.404,0.009865824782951949,0.009817475278704541,50.406,48.760000000000005,52.74216666666667,0.3363810573484219
2021-08-16,600036.SH,51.2,51.24,49.5,50.87,51.18,-0.31,-0.6057,744139.69,3770118.258,-0.006057053536537738,-0.006075471896969127,50.768,48.762,52.68816666666667,0.3369195317007239
2021-08-17,600036.SH,50.87,51.4,49.52,49.62,50.87,-1.25,-2.4572,603231.96,3044300.923,-0.024572439551798664,-0.024879380571018662,50.65,48.7475,52.61383333333333,0.34233632666553826
2021-08-18,600036.SH,49.99,53.57,49.92,53.14,49.62,3.52,7.0939,1231242.36,6434458.385,0.07093913744457891,0.0685359620680126,51.098,48.9195,52.540333333333336,0.4243781311873757
2021-08-19,600036.SH,52.8,53.1,51.36,51.58,53.14,-1.56,-2.9356,676300.59,3515991.219,-0.029356417011667357,-0.02979593987846879,51.278,48.986000000000004,52.425,0.4390604832689756
2021-08-20,600036.SH,51.74,52.57,49.9,51.03,51.58,-0.55,-1.0663,693764.73,3537372.069,-0.01066304769290416,-0.010720305377318566,51.248000000000005,49.035000000000004,52.309666666666665,0.4408378219906194
2021-08-23,600036.SH,51.48,52.87,51.21,51.89,51.03,0.86,1.6853,539017.21,2806624.18,0.016852831667646395,0.016712398303768094,51.452,49.2445,52.19950000000001,0.40485662696221153
2021-08-24,600036.SH,52.02,52.85,51.01,52.2,51.89,0.31,0.5974,528276.9,2748379.141,0.005974176141838594,0.005956401508944859,51.967999999999996,49.54600000000001,52.099666666666664,0.3810655370965948
2021-08-25,600036.SH,52.58,52.71,51.21,51.43,52.2,-0.77,-1.4751,407380.77,2107816.696,-0.014750957854406166,-0.014860835101768237,51.626,49.744,52.000833333333325,0.37904452828570706
2021-08-26,600036.SH,51.93,51.93,49.48,49.6,51.43,-1.83,-3.5582,763035.07,3825334.082,-0.0355823449348629,-0.03623082605594301,51.230000000000004,49.826499999999996,51.86783333333333,0.40362727283330646
2021-08-27,600036.SH,49.7,50.82,49.5,50.35,49.6,0.75,1.5121,386141.76,1942863.649,0.015120967741935498,0.015007785433689516,51.094,50.019,51.769000000000005,0.3873667762053759
2021-08-30,600036.SH,50.35,50.35,47.61,48.45,50.35,-1.9,-3.7736,1079682.02,5224229.635,-0.037735849056603765,-0.03846628082779605,50.406,50.056,51.617666666666665,0.405554564674674
2021-08-31,600036.SH,48.45,49.45,47.85,48.96,48.45,0.51,1.0526,710440.24,3451030.103,0.010526315789473717,0.010471299867295437,49.757999999999996,50.1245,51.483666666666664,0.4066634581199244
2021-09-01,600036.SH,48.88,50.95,48.6,50.79,48.96,1.83,3.7377,826055.36,4129767.782,0.037377450980392135,0.036695846609082976,49.63,50.314,51.38516666666667,0.4218311741586712
2021-09-02,600036.SH,50.69,51.88,50.3,51.6,50.79,0.81,1.5948,726200.98,3729206.237,0.01594802126402839,0.01582218767436345,50.03000000000001,50.5565,51.303999999999995,0.4222094159190284
2021-09-03,600036.SH,51.7,52.33,50.41,52.0,51.6,0.4,0.7752,642573.32,3321589.086,0.007751937984496138,0.0077220460939103185,50.36,50.777,51.2315,0.4196874250159853
2021-09-06,600036.SH,51.51,52.75,51.18,51.2,52.0,-0.8,-1.5385,547428.47,2830673.161,-0.01538461538461533,-0.015504186535965199,50.910000000000004,50.884,51.146,0.4135896455228571
2021-09-07,600036.SH,51.29,53.08,50.45,52.81,51.2,1.61,3.1445,772320.09,4026086.396,0.031445312500000044,0.030961034673379732,51.67999999999999,51.013999999999996,51.112833333333334,0.4199041929572677
2021-09-08,600036.SH,52.72,53.55,52.26,52.41,52.81,-0.4,-0.7574,553906.68,2921088.035,-0.007574323044877929,-0.0076031539047669685,52.004,51.0895,51.059666666666665,0.4193915398171237
2021-09-09,600036.SH,52.1,52.68,51.68,52.1,52.41,-0.31,-0.5915,357800.25,1863278.532,-0.005914901736309819,-0.005932464054753608,52.104,51.1605,51.00933333333333,0.41973737397665895
2021-09-10,600036.SH,52.0,54.52,51.75,54.12,52.1,2.02,3.8772,1070977.99,5766878.119,0.038771593090211054,0.03803885454326598,52.528,51.307500000000005,50.999833333333335,0.4392727115874528
2021-09-13,600036.SH,53.67,54.5,53.5,53.92,54.12,-0.2,-0.3695,592830.43,3202583.507,-0.003695491500369519,-0.0037023366985356656,53.072,51.46,51.00366666666666,0.4386954067621681
2021-09-14,600036.SH,54.3,54.89,51.8,52.1,53.92,-1.82,-3.3754,631165.69,3336827.188,-0.03375370919881304,-0.034336517844730345,52.92999999999999,51.584,50.94766666666667,0.4475462233202959
2021-09-15,600036.SH,52.0,52.49,50.8,51.4,52.1,-0.7,-1.3436,542337.93,2799380.278,-0.013435700575815779,-0.013526776298201851,52.727999999999994,51.497,50.89066666666666,0.3708446147211017
2021-09-16,600036.SH,51.23,51.83,50.21,50.7,51.4,-0.7,-1.3619,629896.14,3193865.17,-0.013618677042801508,-0.013712261863981895,52.448,51.452999999999996,50.818999999999996,0.3591340842800626
2021-09-17,600036.SH,50.78,51.54,50.5,51.25,50.7,0.55,1.0848,420164.72,2143690.281,0.010848126232741562,0.010789707421380025,51.874,51.464,50.73316666666667,0.35927054936044617
2021-09-22,600036.SH,48.68,49.98,48.1,49.41,51.25,-1.84,-3.5902,1122596.22,5492053.805,-0.035902439024390276,-0.036562785160858945,50.971999999999994,51.339999999999996,50.644999999999996,0.37576635932777663
2021-09-23,600036.SH,49.5,50.53,48.61,48.84,49.41,-0.57,-1.1536,861024.53,4246316.974,-0.011536126290224491,-0.011603183615154554,50.32,51.172,50.562333333333335,0.37586768224802997
2021-09-24,600036.SH,48.45,49.33,48.4,48.77,48.84,-0.07,-0.1433,532039.33,2596408.378,-0.001433251433251459,-0.0014342795205427247,49.794,51.039,50.472,0.3733354504444124
2021-09-27,600036.SH,48.29,49.8,48.21,49.09,48.77,0.32,0.6561,667905.15,3265832.147,0.006561410703301185,0.006539978347999868,49.472,51.0135,50.35683333333334,0.353058897116273
2021-09-28,600036.SH,49.1,50.98,49.09,50.42,49.09,1.33,2.7093,709925.47,3562616.329,0.027093094316561483,0.026732573689812706,49.306,51.017,50.312999999999995,0.36241976877865834
2021-09-29,600036.SH,49.95,52.17,49.61,51.56,50.42,1.14,2.261,904609.86,4619317.49,0.022610075366917837,0.02235825631121282,49.736000000000004,51.1725,50.29,0.34105643207908537
2021-09-30,600036.SH,51.4,51.43,50.1,50.45,51.56,-1.11,-2.1528,586118.08,2960621.631,-0.02152831652443754,-0.021763431271368667,50.05800000000001,51.247,50.2385,0.35092818904619166
2021-10-08,600036.SH,50.02,51.08,50.02,50.93,50.45,0.48,0.9514,645552.92,3266919.267,0.009514370664023719,0.00946939409689522,50.489999999999995,51.254000000000005,50.19683333333333,0.3264758859687292
2021-10-11,600036.SH,51.44,54.18,51.44,53.0,50.93,2.07,4.0644,971778.65,5171368.866,0.04064402120557631,0.03983977265560861,51.272000000000006,51.324,50.241,0.35284127991543723
2021-10-12,600036.SH,52.7,53.79,52.3,53.09,53.0,0.09,0.1698,589373.29,3129716.165,0.0016981132075473138,0.001696673043458426,51.806000000000004,51.378499999999995,50.29416666666667,0.3520887870016702
2021-10-13,600036.SH,52.95,53.4,52.05,53.03,53.09,-0.06,-0.113,442556.73,2335530.448,-0.0011301563382934976,-0.001130795446541526,52.1,51.470000000000006,50.338,0.3467407193125639
2021-10-14,600036.SH,52.99,53.25,52.2,52.36,53.03,-0.67,-1.2634,288996.21,1518009.834,-0.012634357910616623,-0.012714850107339434,52.48199999999999,51.447500000000005,50.377833333333335,0.33205705324241985
2021-10-15,600036.SH,52.45,53.44,52.35,53.31,52.36,0.95,1.8144,420357.59,2230147.908,0.018143621084797612,0.017980989792970532,52.95799999999999,51.49249999999999,50.4505,0.33701501100351655
2021-10-18,600036.SH,53.31,53.35,51.55,51.86,53.31,-1.45,-2.7199,577945.39,3008070.372,-0.027199399737385166,-0.027576150724151392,52.73,51.480500000000006,50.464000000000006,0.3510387132630937
2021-10-19,600036.SH,52.25,53.32,52.0,52.88,51.86,1.02,1.9668,481692.57,2545615.998,0.019668337832626337,0.019477415432912554,52.688,51.41850000000001,50.495333333333335,0.32890682454970216
2021-10-20,600036.SH,53.21,53.64,52.28,52.4,52.88,-0.48,-0.9077,305709.59,1612336.024,-0.00907715582450841,-0.009118604216434456,52.562,51.342499999999994,50.52150000000001,0.3300544529189931
2021-10-21,600036.SH,52.85,54.0,52.6,53.75,52.4,1.35,2.5763,576586.98,3084324.265,0.0257633587786259,0.025437075680775648,52.839999999999996,51.425,50.5855,0.31970434457988817
2021-10-22,600036.SH,54.09,54.8,53.73,54.29,53.75,0.54,1.0047,547150.58,2967094.16,0.010046511627906929,0.009996380909587493,53.036,51.56949999999999,50.662000000000006,0.3157499684881022
2021-10-25,600036.SH,53.83,54.93,53.1,54.59,54.29,0.3,0.5526,623341.26,3376970.796,0.0055258795358261725,0.005510667876306571,53.581999999999994,51.763999999999996,50.73433333333333,0.3096996569498054
2021-10-26,600036.SH,54.59,56.23,54.3,55.3,54.59,0.71,1.3006,715423.69,3961794.95,0.013006045063198357,0.012922192734622848,54.065999999999995,51.96650000000001,50.82183333333333,0.310437112931743
2021-10-27,600036.SH,55.2,55.2,53.83,54.52,55.3,-0.78,-1.4105,420394.41,2287323.386,-0.01410488245931274,-0.01420530169995715,54.49000000000001,52.222,50.935500000000005,0.2815861295402023
2021-10-28,600036.SH,54.3,55.0,53.85,54.22,54.52,-0.3,-0.5503,346232.28,1883008.799,-0.0055025678650036935,-0.005517762757812423,54.584,52.49100000000001,51.06966666666667,0.2776505139735261
2021-10-29,600036.SH,54.22,54.75,53.7,53.97,54.22,-0.25,-0.4611,405439.43,2197661.117,-0.004610844706750328,-0.004621507439968092,54.52,52.751,51.178000000000004,0.27891144139707347
2021-11-01,600036.SH,54.0,54.9,53.3,54.12,53.97,0.15,0.2779,425017.81,2300857.413,0.0027793218454696955,0.0027754666720358535,54.426,53.0025,51.280833333333334,0.27899405969830793
2021-11-02,600036.SH,54.35,54.49,51.67,52.25,54.12,-1.87,-3.4553,752206.49,3957181.527,-0.03455284552845528,-0.035163912457666896,53.815999999999995,53.093999999999994,51.376666666666665,0.2994171420087497
2021-11-03,600036.SH,52.35,52.49,51.67,51.7,52.25,-0.55,-1.0526,444372.41,2312474.223,-0.010526315789473606,-0.01058210933053686,53.251999999999995,53.101,51.44316666666667,0.29211017806010425
2021-11-04,600036.SH,52.0,52.1,51.28,51.75,51.7,0.05,0.0967,482914.75,2492815.499,0.0009671179883945502,0.000966650631094974,52.758,53.166,51.5125,0.2805020643192645
2021-11-05,600036.SH,51.72,52.11,51.42,51.56,51.75,-0.19,-0.3671,361974.16,1871325.317,-0.0036714975845409947,-0.003678254074491748,52.275999999999996,53.197500000000005,51.588499999999996,0.27935866431603096
2021-11-08,600036.SH,51.32,51.9,50.8,51.3,51.56,-0.26,-0.5043,386749.06,1984383.358,-0.005042668735453892,-0.0050554258942628405,51.712,53.1125,51.66433333333334,0.23665891217256213
2021-11-09,600036.SH,51.4,51.7,50.6,51.06,51.3,-0.24,-0.4678,387883.64,1979827.705,-0.004678362573099282,-0.004689340363385948,51.474000000000004,53.011,51.722166666666666,0.2365902869659267
2021-11-10,600036.SH,51.06,51.15,50.04,50.63,51.06,-0.43,-0.8421,558071.06,2812533.072,-0.00842146494320406,-0.00845712583151995,51.260000000000005,52.891,51.748333333333335,0.237712493480488
2021-11-11,600036.SH,50.55,52.87,50.46,52.82,50.63,2.19,4.3255,849731.7,4430680.097,0.04325498716176179,0.042345620887168346,51.474000000000004,52.914,51.79183333333334,0.2835569558777499
2021-11-12,600036.SH,52.82,53.18,52.25,52.4,52.82,-0.42,-0.7952,343596.56,1807134.405,-0.007951533510034081,-0.007983315541989684,51.64200000000001,52.868500000000004,51.816833333333335,0.2771871355462107
2021-11-15,600036.SH,52.79,53.61,52.37,52.93,52.4,0.53,1.0115,366950.32,1941710.247,0.010114503816794018,0.01006369454289983,51.967999999999996,52.922000000000004,51.85433333333334,0.26108073247958635
2021-11-16,600036.SH,52.9,53.38,52.16,52.5,52.93,-0.43,-0.8124,322315.09,1699581.537,-0.008123937275647086,-0.008157116272318129,52.25599999999999,52.903,51.876333333333335,0.2534616155510529
2021-11-17,600036.SH,52.22,52.83,51.81,51.84,52.5,-0.66,-1.2571,339385.51,1768981.458,-0.012571428571428456,-0.01265111755355869,52.498000000000005,52.875,51.892500000000005,0.25537369476592114
2021-11-18,600036.SH,51.8,52.0,51.0,51.41,51.84,-0.43,-0.8295,342442.67,1762554.164,-0.008294753086419915,-0.00832934597660613,52.215999999999994,52.757999999999996,51.922333333333334,0.23702457852164313
2021-11-19,600036.SH,51.48,52.74,51.11,52.33,51.41,0.92,1.7895,464667.97,2419758.611,0.017895351099008083,0.017737114316703263,52.202,52.660000000000004,51.90883333333333,0.24390472030334842
2021-11-22,600036.SH,52.1,52.34,51.59,51.69,52.33,-0.64,-1.223,376538.34,1952025.765,-0.01223007834893941,-0.012305481176168488,51.95399999999999,52.515,51.910666666666664,0.24504401058122643
2021-11-23,600036.SH,51.75,52.3,51.44,51.75,51.69,0.06,0.1161,389148.91,2014132.978,0.0011607661056296514,0.0011600929375304458,51.803999999999995,52.3375,51.92266666666667,0.23855126039348873
2021-11-24,600036.SH,51.59,51.9,51.17,51.74,51.75,-0.01,-0.0193,315039.65,1622099.211,-0.00019323671497584183,-0.00019325538759537832,51.78399999999999,52.1985,51.92016666666667,0.235208652665659
2021-11-25,600036.SH,51.7,51.7,51.24,51.42,51.74,-0.32,-0.6185,215660.2,1107928.517,-0.006184770003865525,-0.006203974920139695,51.786,52.0585,51.90716666666666,0.2353362046596577
2021-11-26,600036.SH,51.2,51.45,49.88,50.1,51.42,-1.32,-2.5671,823357.31,4141774.917,-0.025670945157526215,-0.026006193746924266,51.339999999999996,51.864999999999995,51.885000000000005,0.24925121673383122
2021-11-29,600036.SH,49.78,50.1,48.82,49.82,50.1,-0.28,-0.5589,827247.04,4081227.201,-0.005588822355289458,-0.005604498256784789,50.966,51.65,51.88866666666667,0.24817954001923434
2021-11-30,600036.SH,49.48,49.85,48.91,49.49,49.82,-0.33,-0.6624,610042.56,3008854.122,-0.0066238458450421644,-0.006645880870239682,50.514,51.512,51.87433333333333,0.22090212556237124
2021-12-01,600036.SH,49.48,50.2,49.28,49.99,49.49,0.5,1.0103,500361.03,2498326.167,0.010103051121438611,0.010052356461684236,50.164,51.4265,51.9,0.22323287483096466
2021-12-02,600036.SH,50.01,51.0,49.49,50.89,49.99,0.9,1.8004,556070.48,2814606.846,0.018003600720144064,0.017843455175262344,50.058,51.383500000000005,51.93216666666667,0.23376156290536024
2021-12-03,600036.SH,51.07,51.28,50.47,51.25,50.89,0.36,0.7074,494076.47,2518566.499,0.007074081351935435,0.0070491774177761455,50.288,51.367999999999995,51.93983333333333,0.23507988486197715
2021-12-06,600036.SH,51.49,52.4,51.33,51.82,51.25,0.57,1.1122,604716.43,3140183.373,0.011121951219512205,0.011060557115446363,50.688,51.394000000000005,51.9435,0.2376504520763793
2021-12-07,600036.SH,52.29,52.58,51.1,51.84,51.82,0.02,0.0386,540773.71,2797815.012,0.0003859513701274242,0.00038587691005540105,51.158,51.43300000000001,51.94083333333334,0.23683433022985884
2021-12-08,600036.SH,51.98,52.28,51.4,52.04,51.84,0.2,0.3858,490974.72,2543266.829,0.0038580246913579863,0.0038506016002852334,51.568000000000005,51.503499999999995,51.95483333333333,0.234448685133037
2021-12-09,600036.SH,52.25,53.84,51.8,53.13,52.04,1.09,2.0945,840557.21,4454333.955,0.020945426594927152,0.02072908681854751,52.016,51.519000000000005,51.960166666666666,0.19108523746547332
2021-12-10,600036.SH,52.9,53.49,52.68,53.49,53.13,0.36,0.6776,564262.81,2996780.162,0.006775832862789377,0.0067529800803068606,52.464,51.5735,51.97816666666667,0.1897336787724255
2021-12-13,600036.SH,53.56,54.2,52.41,52.42,53.49,-1.07,-2.0004,645545.66,3432179.789,-0.020003739016638655,-0.020206522647898482,52.584,51.548,51.98350000000001,0.20056117823512143
2021-12-14,600036.SH,52.32,52.5,50.85,51.15,52.42,-1.27,-2.4227,810629.47,4165403.558,-0.02422739412438002,-0.024525705497624808,52.446000000000005,51.48049999999999,51.934,0.21630576441992622
2021-12-15,600036.SH,51.0,51.34,50.78,51.0,51.15,-0.15,-0.2933,378493.27,1929195.599,-0.0029325513196480912,-0.0029368596733097135,52.238,51.4385,51.88533333333334,0.21226097198870797
2021-12-16,600036.SH,50.91,51.3,50.61,51.2,51.0,0.2,0.3922,383653.39,1957514.899,0.0039215686274509665,0.003913899321136315,51.852,51.428,51.87033333333333,0.21091268300323693
2021-12-17,600036.SH,51.09,51.4,50.66,50.77,51.2,-0.43,-0.8398,476449.05,2422698.276,-0.008398437500000022,-0.008433903086159161,51.30799999999999,51.35,51.859833333333334,0.20156809654719526
2021-12-20,600036.SH,50.7,51.3,50.39,50.69,50.77,-0.08,-0.1576,470826.27,2394420.816,-0.0015757337010046113,-0.0015769764750450514,50.962,51.3,51.85966666666666,0.19750728374366575
2021-12-21,600036.SH,50.65,50.99,50.3,50.63,50.69,-0.06,-0.1184,356944.42,1808288.477,-0.0011836654172420191,-0.001184366502440147,50.858,51.24400000000001,51.849333333333334,0.19735772331822715
2021-12-22,600036.SH,50.63,50.75,49.88,50.01,50.63,-0.62,-1.2246,436828.19,2189842.1,-0.012245704127987422,-0.012321300551005542,50.660000000000004,51.1575,51.85933333333333,0.20128624091223193
2021-12-23,600036.SH,50.11,50.26,49.68,50.22,50.01,0.21,0.4199,423708.71,2115301.002,0.004199160167966509,0.004190368298626729,50.464,51.097500000000004,51.882333333333335,0.20153917623350595
2021-12-24,600036.SH,50.22,50.22,49.84,49.86,50.22,-0.36,-0.7168,344650.68,1721265.879,-0.007168458781361964,-0.007194275634027085,50.282,51.0855,51.900499999999994,0.18131074522643745
2021-12-27,600036.SH,49.87,50.06,49.0,49.33,49.86,-0.53,-1.063,735943.33,3634240.465,-0.010629763337344555,-0.010686662849764933,50.010000000000005,51.061,51.9045,0.18416647398119443
2021-12-28,600036.SH,49.33,49.8,49.2,49.63,49.33,0.3,0.6081,653220.73,3237655.243,0.006081491992702359,0.006063074353702703,49.81,51.068,51.891333333333336,0.18402113412612464
2021-12-29,600036.SH,49.67,49.72,47.61,47.62,49.63,-2.01,-4.05,1438902.68,6964711.566,-0.04049969776344964,-0.04134264854063283,49.33200000000001,50.9495,51.82566666666666,0.22987373822902857
2021-12-30,600036.SH,47.89,48.78,47.66,48.5,47.62,0.88,1.848,967916.51,4682207.989,0.018479630407391978,0.018310956884720914,48.988,50.83,51.79316666666667,0.23043759487982846
2021-12-31,600036.SH,48.54,48.88,48.33,48.71,48.5,0.21,0.433,492935.01,2399746.929,0.004329896907216524,0.004320549875013809,48.757999999999996,50.702999999999996,51.75616666666667,0.2291591617302312
2022-01-04,600036.SH,48.71,48.71,47.51,48.35,48.71,-0.36,-0.7391,719606.45,3452352.17,-0.007390679531923627,-0.007418125919147958,48.562,50.5295,51.67866666666667,0.22399352339263368
2022-01-05,600036.SH,48.49,49.68,48.4,49.05,48.35,0.7,1.4478,837173.75,4114524.304,0.014477766287487093,0.014373964112068776,48.446,50.39,51.61133333333333,0.23254445155599007
2022-01-06,600036.SH,48.82,49.39,48.1,48.15,49.05,-0.9,-1.8349,681866.64,3299825.727,-0.01834862385321101,-0.018519047767237527,48.55200000000001,50.1955,51.529999999999994,0.23759481630903143
2022-01-07,600036.SH,48.14,49.14,48.04,49.05,48.15,0.9,1.8692,660737.05,3219523.408,0.01869158878504673,0.01851904776723753,48.66199999999999,49.9915,51.474833333333336,0.23460111702019518
2022-01-10,600036.SH,49.47,50.0,48.91,49.23,49.05,0.18,0.367,570936.34,2818145.071,0.003669724770642091,0.00366300775873702,48.766,49.7785,51.40683333333334,0.2329830026649441
2022-01-11,600036.SH,49.49,50.1,48.89,49.85,49.23,0.62,1.2594,715617.48,3558651.499,0.012593946780418586,0.012515302637738257,49.065999999999995,49.65,51.373333333333335,0.2320865352669565
2022-01-12,600036.SH,49.87,50.1,49.19,49.76,49.85,-0.09,-0.1805,518411.18,2574764.177,-0.0018054162487463055,-0.0018070479769233998,49.208,49.5805,51.32133333333333,0.2173040548850702
2022-01-13,600036.SH,49.85,50.05,49.12,49.34,49.76,-0.42,-0.8441,401407.54,1989903.367,-0.008440514469453264,-0.00847633732971325,49.446,49.4975,51.27033333333333,0.21873220105769528
2022-01-14,600036.SH,49.47,49.47,48.0,48.02,49.34,-1.32,-2.6753,666570.98,3218203.4,-0.02675314146736929,-0.027117520308103493,49.24,49.338499999999996,51.17483333333333,0.23502681906504874
2022-01-17,600036.SH,48.37,48.85,47.89,48.58,48.02,0.56,1.1662,531807.61,2574842.95,0.011661807580174877,0.011594332780919227,49.11,49.229,51.07966666666666,0.23976315171488363
2022-01-18,600036.SH,48.65,49.34,48.28,49.01,48.58,0.43,0.8851,579077.08,2835126.315,0.008851379168381968,0.00881243534742961,48.94199999999999,49.144999999999996,50.98666666666667,0.2428977606101435
2022-01-19,600036.SH,49.47,49.98,49.11,49.7,49.01,0.69,1.4079,620280.26,3078947.655,0.014078759436849664,0.013980574181126951,48.93,49.0985,50.89333333333333,0.24918143753475885
2022-01-20,600036.SH,49.88,51.89,49.88,51.37,49.7,1.67,3.3602,1386248.71,7089347.716,0.03360160965794767,0.03304941137659343,49.336,49.1665,50.84083333333333,0.2732519407332958
2022-01-21,600036.SH,51.39,52.0,51.21,51.82,51.37,0.45,0.876,858080.94,4439219.181,0.008759976640062339,0.00872183065478747,50.096,49.246500000000005,50.80083333333333,0.2743304541285341
2022-01-24,600036.SH,51.95,52.0,51.03,51.85,51.82,0.03,0.0579,638155.2,3288272.324,0.0005789270551910253,0.0005787595415724017,50.75,49.346,50.765499999999996,0.27237555389302437
2022-01-25,600036.SH,51.55,51.79,50.7,50.9,51.85,-0.95,-1.8322,583512.89,2987207.43,-0.018322082931533368,-0.018492011119059376,51.128,49.4245,50.71183333333333,0.27844458224158747
2022-01-26,600036.SH,51.25,51.49,50.6,51.0,50.9,0.1,0.1965,436696.28,2226767.107,0.0019646365422396617,0.001962709167848689,51.388,49.492999999999995,50.691,0.2779713541688378
2022-01-27,600036.SH,50.9,51.18,50.12,50.77,51.0,-0.23,-0.451,529400.57,2687973.691,-0.004509803921568523,-0.004520003765022705,51.267999999999994,49.6505,50.67549999999999,0.2312654257763203
2022-01-28,600036.SH,51.05,51.2,49.15,49.21,50.77,-1.56,-3.0727,715144.11,3576839.774,-0.03072680716958842,-0.031208774081416205,50.746,49.68599999999999,50.63316666666666,0.25335617247628106
2022-02-07,600036.SH,50.3,51.5,50.13,51.35,49.21,2.14,4.3487,732349.13,3741572.656,0.04348709611867507,0.0425680814966804,50.646,49.818,50.629666666666665,0.29516984410846264
2022-02-08,600036.SH,51.55,52.0,50.99,51.71,51.35,0.36,0.7011,528241.76,2724121.499,0.007010710808179166,0.006986250033562876,50.80800000000001,49.986000000000004,50.6365,0.2929900708175252
2022-02-09,600036.SH,51.9,52.34,51.28,51.62,51.71,-0.09,-0.174,512207.06,2651984.749,-0.0017404757300328866,-0.0017419921176623139,50.932,50.11450000000001,50.645833333333336,0.2905956784983585
2022-02-10,600036.SH,51.9,51.9,51.0,51.71,51.62,0.09,0.1744,335542.47,1725040.529,0.0017435102673382108,0.0017419921176622729,51.12,50.2925,50.66383333333333,0.27983212330199375
2022-02-11,600036.SH,51.82,53.0,51.65,52.76,51.71,1.05,2.0306,809932.65,4267478.082,0.020305550183716825,0.020102141440983684,51.83,50.478,50.66283333333333,0.2810334833834676
2022-02-14,600036.SH,52.99,52.99,51.0,51.2,52.76,-1.56,-2.9568,594051.66,3060509.962,-0.029567854435178065,-0.030013795803651645,51.8,50.576499999999996,50.64283333333333,0.30498323683815637
2022-02-15,600036.SH,50.95,51.38,49.95,50.22,51.2,-0.98,-1.9141,566179.03,2851170.329,-0.019140625000000022,-0.01932617831602317,51.501999999999995,50.595,50.59766666666667,0.3112919675713991
2022-02-16,600036.SH,50.56,51.36,50.23,51.07,50.22,0.85,1.6926,404955.79,2065162.806,0.016925527678215868,0.016783886930113606,51.39200000000001,50.6605,50.57383333333333,0.3164682178632848
2022-02-17,600036.SH,51.27,51.98,50.92,51.46,51.07,0.39,0.7637,441570.43,2281127.847,0.007636577246916021,0.007607566194045592,51.342,50.7665,50.567499999999995,0.3149198987980048
2022-02-18,600036.SH,51.25,52.11,51.25,52.06,51.46,0.6,1.166,354390.1,1837821.806,0.011659541391372041,0.011592092712821307,51.202,50.9685,50.57833333333333,0.296935256021084
2022-02-21,600036.SH,51.83,51.89,51.01,51.76,52.06,-0.3,-0.5763,313450.76,1610843.08,-0.005762581636573283,-0.00577924937377429,51.314,51.127500000000005,50.56883333333334,0.2975787321355543
2022-02-22,600036.SH,51.08,51.35,50.74,51.22,51.76,-0.54,-1.0433,369839.93,1887326.607,-0.010432766615146805,-0.010487569421265913,51.513999999999996,51.238,50.561,0.3006997681016801
2022-02-23,600036.SH,51.46,51.46,50.65,50.83,51.22,-0.39,-0.7614,374999.74,1905978.106,-0.0076142131979695105,-0.007643349312568012,51.465999999999994,51.294500000000006,50.54566666666667,0.29935997686112115
2022-02-24,600036.SH,50.55,50.58,49.85,50.02,50.83,-0.81,-1.5935,482380.83,2418202.039,-0.015935471178437854,-0.01606380600933807,51.178,51.227,50.517,0.2794295982814501
2022-02-25,600036.SH,50.04,50.5,49.55,49.81,50.02,-0.21,-0.4198,451840.5,2256854.494,-0.004198320671731315,-0.004207158364280983,50.727999999999994,51.12650000000001,50.490166666666674,0.27708942255169594
2022-02-28,600036.SH,49.59,49.94,49.31,49.8,49.81,-0.01,-0.0201,335289.64,1662895.005,-0.00020076289901638233,-0.00020078305458489846,50.336,51.024,50.485166666666665,0.27701325857643727
2022-03-01,600036.SH,50.0,50.5,49.36,50.24,49.8,0.44,0.8835,406454.36,2027737.708,0.008835341365462046,0.008796538129336192,50.14,50.991,50.49216666666667,0.2723563523656868
2022-03-02,600036.SH,49.8,50.23,49.44,49.47,50.24,-0.77,-1.5326,397075.98,1972076.233,-0.015326433121019223,-0.015445096920326126,49.86800000000001,50.9145,50.49183333333333,0.2771438319250748
2022-03-03,600036.SH,49.58,49.97,49.45,49.73,49.47,0.26,0.5256,311289.67,1546031.524,0.005255710531635316,0.005241947487029932,49.81,50.8625,50.4875,0.2778469605830989
2022-03-04,600036.SH,49.25,49.39,48.5,48.7,49.73,-1.03,-2.0712,577897.2,2818733.866,-0.02071184395736969,-0.020929342638102963,49.588,50.837,50.45100000000001,0.26558629957135005
2022-03-07,600036.SH,48.01,48.26,46.5,46.76,48.7,-1.94,-3.9836,1014353.69,4773665.662,-0.03983572895277221,-0.040650893484676584,48.98,50.6075,50.37616666666667,0.24705847448893203
2022-03-08,600036.SH,46.56,46.77,45.2,45.48,46.76,-1.28,-2.7374,834664.64,3842685.602,-0.027373823781009388,-0.02775546772153235,48.028,50.296,50.2705,0.25570694323062937
2022-03-09,600036.SH,45.6,45.73,43.01,44.39,45.48,-1.09,-2.3967,900431.12,4012104.662,-0.023966578715919007,-0.024258450036391335,47.012,49.9345,50.14633333333333,0.26255971090052715
2022-03-10,600036.SH,45.6,45.7,44.63,44.7,44.39,0.31,0.6984,671495.83,3031093.298,0.006983554854697038,0.006959282773579308,46.006,49.584,50.024,0.26561713874995624
2022-03-11,600036.SH,44.5,44.79,43.1,44.45,44.7,-0.25,-0.5593,740524.88,3252533.334,-0.005592841163310935,-0.005608539659609537,45.156,49.1685,49.87933333333333,0.24527603251539418
2022-03-14,600036.SH,43.5,43.98,42.1,42.15,44.45,-2.3,-5.1744,1080465.57,4627178.709,-0.0517435320584928,-0.05313027751204924,44.233999999999995,48.716,49.690333333333335,0.28070906793154515
2022-03-15,600036.SH,41.61,41.61,39.18,39.45,42.15,-2.7,-6.4057,1313092.49,5293255.402,-0.06405693950177926,-0.06620063715598111,43.028,48.177499999999995,49.47416666666666,0.3401060196336813
2022-03-16,600036.SH,40.06,42.8,39.91,42.58,39.45,3.13,7.9341,1377449.32,5685452.904,0.07934093789607077,0.07635061217344997,42.666000000000004,47.753,49.33133333333333,0.46072995665216104
2022-03-17,600036.SH,44.15,45.17,43.67,44.51,42.58,1.93,4.5326,1319647.59,5873750.265,0.04532644434006583,0.04432922356242961,42.628,47.4055,49.223166666666664,0.49644296267174104
2022-03-18,600036.SH,44.6,46.17,44.02,46.17,44.51,1.66,3.7295,923585.31,4173209.905,0.03729498988991242,0.03661635349113464,42.972,47.111,49.13933333333333,0.5169784252385139
2022-03-21,600036.SH,45.89,45.89,44.6,44.81,46.17,-1.36,-2.9456,791032.2,3566893.332,-0.029456356941737094,-0.029898907720845927,43.504000000000005,46.7635,49.04,0.5239410887808822
2022-03-22,600036.SH,45.04,45.86,44.82,45.53,44.81,0.72,1.6068,549038.3,2497185.117,0.01606784199955369,0.015940120548639077,44.72,46.479,48.954,0.5298284975142066
2022-03-23,600036.SH,45.69,45.97,45.3,45.76,45.53,0.23,0.5052,469959.84,2148515.086,0.005051614320228381,0.0050388977248517035,45.356,46.2255,48.87283333333333,0.5310153468812411
2022-03-24,600036.SH,45.6,46.09,45.36,45.77,45.76,0.01,0.0219,380332.34,1742027.092,0.0002185314685316797,0.00021850759400847015,45.608000000000004,46.013,48.80216666666667,0.5295809774714774
2022-03-25,600036.SH,45.71,45.95,45.0,45.18,45.77,-0.59,-1.2891,318259.36,1445681.951,-0.012890539654795807,-0.012974343625693599,45.410000000000004,45.7815,48.71816666666666,0.5305428996232441
2022-03-28,600036.SH,44.84,45.5,44.25,45.05,45.18,-0.13,-0.2877,386458.74,1736237.601,-0.0028773793714033102,-0.002881526985510324,45.458,45.544,48.638,0.530351033475613
2022-03-29,600036.SH,45.15,45.55,44.91,45.01,45.05,-0.04,-0.0888,349620.89,1580213.154,-0.0008879023307436507,-0.0008882967495056291,45.354,45.2825,48.566,0.5282338191588185
2022-03-30,600036.SH,45.36,46.3,45.35,46.23,45.01,1.22,2.7105,520722.69,2389901.32,0.027105087758275914,0.026744250695292727,45.448,45.1205,48.50933333333334,0.5385604578938875
2022-03-31,600036.SH,45.99,47.12,45.82,46.8,46.23,0.57,1.233,615884.9,2878948.597,0.012329656067488592,0.012254264923466929,45.653999999999996,44.974000000000004,48.495666666666665,0.5405520550892495
2022-04-01,600036.SH,46.49,47.47,46.28,47.1,46.8,0.3,0.641,476139.44,2233625.273,0.0064102564102566095,0.0063897980987712094,46.038,44.894,48.47233333333333,0.5369832316181941
2022-04-06,600036.SH,46.4,47.73,46.38,47.39,47.1,0.29,0.6157,478268.55,2260412.706,0.006157112526539166,0.006138234957124754,46.506,44.9255,48.45033333333333,0.5174742704101771
2022-04-07,600036.SH,47.35,47.59,46.58,46.86,47.39,-0.53,-1.1184,377201.07,1776370.371,-0.011183794049377527,-0.011246802899847353,46.876,44.9945,48.42549999999999,0.5087464502151958
2022-04-08,600036.SH,46.7,47.18,46.6,47.18,46.86,0.32,0.6829,364234.74,1711753.064,0.006828851899274513,0.00680564089987945,47.065999999999995,45.134,48.394333333333336,0.4995753729904465
2022-04-11,600036.SH,46.71,46.87,45.59,45.9,47.18,-1.28,-2.713,492611.73,2263984.281,-0.027130139889783855,-0.027504956913029552,46.886,45.194,48.356833333333334,0.5109850097813173
2022-04-12,600036.SH,46.2,46.46,45.11,45.7,45.9,-0.2,-0.4357,588840.49,2691571.03,-0.004357298474945481,-0.0043668191663404025,46.606,45.2565,48.301,0.5107661969366017
2022-04-13,600036.SH,45.7,46.1,45.31,45.75,45.7,0.05,0.1094,448222.52,2054724.468,0.001094091903719896,0.0010934938213712896,46.278,45.4365,48.243,0.4700048741714065
2022-04-14,600036.SH,46.01,46.43,45.75,45.76,45.75,0.01,0.0219,326613.29,1503135.689,0.00021857923497270448,0.00021855535001216473,46.05800000000001,45.752,48.17483333333333,0.39501593154708364
2022-04-15,600036.SH,45.7,47.0,45.49,46.83,45.76,1.07,2.3383,423159.03,1962144.157,0.02338286713286708,0.023113676123907877,45.988,45.9645,48.126000000000005,0.29866372100960437
2022-04-18,600036.SH,45.96,45.96,42.78,43.39,46.83,-3.44,-7.3457,2366775.06,10320718.085,-0.07345718556480885,-0.07629502338519101,45.486000000000004,45.9085,48.026833333333336,0.37378024509554614
2022-04-19,600036.SH,42.0,42.75,41.4,42.1,43.39,-1.29,-2.973,2504770.22,10505571.111,-0.02973035261581003,-0.030181259121923532,44.766000000000005,45.705,47.92816666666667,0.35808188849459793
2022-04-20,600036.SH,41.8,41.98,40.9,41.1,42.1,-1.0,-2.3753,1318268.51,5440590.528,-0.02375296912114011,-0.024039619186146777,43.836,45.5195,47.8035,0.35331992238433196
2022-04-21,600036.SH,40.7,42.1,40.6,41.28,41.1,0.18,0.438,1143500.98,4747988.004,0.004379562043795637,0.004369999671118388,42.940000000000005,45.307,47.67466666666667,0.3468610709591206
2022-04-22,600036.SH,40.66,42.97,40.65,42.5,41.28,1.22,2.9554,1195339.84,5041291.328,0.029554263565891414,0.029125954757063796,42.074,45.144,47.55466666666667,0.3663141641660382
2022-04-25,600036.SH,40.38,40.95,38.72,38.83,42.5,-3.67,-8.6353,2368745.15,9367538.01,-0.08635294117647063,-0.09031093218679526,41.162,44.797000000000004,47.34566666666667,0.46929841883492446
2022-04-26,600036.SH,38.86,39.16,37.6,38.41,38.83,-0.42,-1.0816,1454718.77,5605383.081,-0.010816379088333772,-0.010875301385762523,40.424,44.4585,47.122166666666665,0.4690552439611387
2022-04-27,600036.SH,37.83,38.63,37.61,38.04,38.41,-0.37,-0.9633,1546207.95,5867256.791,-0.00963290809684969,-0.009679604680623784,39.812,44.108,46.892,0.4687556179014398
2022-04-28,600036.SH,38.06,40.08,37.95,39.62,38.04,1.58,4.1535,1564523.1,6124749.761,0.04153522607781279,0.04069580359321528,39.48,43.838499999999996,46.704,0.5004026981496454
2022-04-29,600036.SH,39.1,40.21,38.72,39.93,39.62,0.31,0.7824,1236928.61,4884561.443,0.007824331145885877,0.007793879804725045,38.965999999999994,43.5235,46.5195,0.48807928118421173
2022-05-05,600036.SH,39.66,40.18,39.02,39.26,39.93,-0.67,-1.6779,944251.32,3712525.676,-0.0167793638868019,-0.016921732226814947,39.052,43.1465,46.327666666666666,0.483838560089173
2022-05-06,600036.SH,38.7,38.75,37.9,37.91,39.26,-1.35,-3.4386,889455.45,3392746.139,-0.0343861436576669,-0.034991259320071605,38.952,42.687,46.13933333333333,0.4890416904924601
2022-05-09,600036.SH,37.8,37.82,36.15,36.47,37.91,-1.44,-3.7985,1252405.92,4603133.911,-0.037984700606700006,-0.03872492470765454,38.638,42.141000000000005,45.891333333333336,0.49437588702567065
2022-05-10,600036.SH,35.98,37.16,35.26,36.98,36.47,0.51,1.3984,1217637.35,4424738.771,0.013984096517685618,0.013887221138389784,38.11,41.647000000000006,45.645833333333336,0.5032815050932234
2022-05-11,600036.SH,36.83,37.56,36.6,37.21,36.98,0.23,0.622,872398.56,3245600.405,0.006219578150351568,0.006200316399552368,37.565999999999995,41.1485,45.40566666666667,0.5029953246426971
2022-05-12,600036.SH,36.8,37.06,36.43,36.61,37.21,-0.6,-1.6125,630023.11,2309969.909,-0.01612469766191893,-0.016256115226386383,37.036,40.684,45.154,0.4999117853881624
2022-05-13,600036.SH,36.98,37.6,36.9,37.15,36.61,0.54,1.475,701300.77,2610117.535,0.014750068287353146,0.014642344031623298,36.884,40.256499999999996,44.89383333333333,0.5076974442827842
2022-05-16,600036.SH,37.13,37.13,36.44,36.89,37.15,-0.26,-0.6999,644742.36,2373534.396,-0.006998654104979796,-0.007023259555183892,36.967999999999996,39.8135,44.65533333333334,0.5062039642349611
2022-05-17,600036.SH,37.36,38.63,37.36,38.6,36.89,1.71,4.6354,1183954.43,4517008.501,0.0463540254811603,0.045311764862201,37.291999999999994,39.455499999999994,44.461666666666666,0.5438950723588954
2022-05-18,600036.SH,39.0,39.08,37.9,38.5,38.6,-0.1,-0.2591,887755.39,3406772.014,-0.002590673575129543,-0.0025940351770466466,37.55,39.039,44.25216666666667,0.5317590313444267
2022-05-19,600036.SH,37.89,38.25,37.52,38.03,38.5,-0.47,-1.2208,542010.95,2054604.084,-0.012207792207792223,-0.012282919353570267,37.834,38.771,44.028333333333336,0.4750125350549405
2022-05-20,600036.SH,38.75,40.18,38.75,39.96,38.03,1.93,5.0749,1338872.44,5296502.627,0.050749408361819626,0.04950363184018449,38.396,38.664,43.826666666666675,0.506834219723477
2022-05-23,600036.SH,39.97,40.05,39.45,39.49,39.96,-0.47,-1.1762,618088.29,2449773.575,-0.011761761761761691,-0.011831478481794649,38.916000000000004,38.5835,43.622166666666665,0.5018063737680475
2022-05-24,600036.SH,39.6,39.83,38.84,38.9,39.49,-0.59,-1.494,687429.72,2695176.6,-0.014940491263611078,-0.015053224674157477,38.976000000000006,38.4645,43.41683333333334,0.5034801272101812
2022-05-25,600036.SH,38.98,39.1,38.64,38.78,38.9,-0.12,-0.3085,489025.4,1897867.054,-0.0030848329048842604,-0.003089600809894804,39.032,38.2785,43.215999999999994,0.48906012840694507
2022-05-26,600036.SH,39.0,39.0,38.08,38.43,38.78,-0.35,-0.9025,615429.63,2361966.487,-0.009025270758122761,-0.009066245237753194,39.112,38.2585,43.02283333333333,0.38187528119241165
2022-05-27,600036.SH,38.9,39.41,38.73,39.12,38.43,0.69,1.7955,608395.89,2382330.33,0.01795472287275568,0.017795440589864035,38.944,38.294,42.84466666666666,0.38495632633897325
2022-05-30,600036.SH,39.5,39.5,38.79,39.07,39.12,-0.05,-0.1278,471536.67,1841958.552,-0.001278118609406853,-0.0012789360996372685,38.86,38.3455,42.66583333333334,0.3829774044964677
2022-05-31,600036.SH,39.05,39.75,38.8,39.69,39.07,0.62,1.5869,645403.94,2550654.577,0.015868953160993016,0.015744357727994717,39.017999999999994,38.349000000000004,42.49,0.35747725044354145
2022-06-01,600036.SH,39.7,39.7,39.27,39.69,39.69,0.0,0.0,433834.08,1714345.935,0.0,0.0,39.2,38.337,42.327,0.35637804400387896
2022-06-02,600036.SH,39.3,39.43,38.74,38.92,39.69,-0.77,-1.94,547281.21,2129924.528,-0.01940035273368601,-0.019591009477169637,39.297999999999995,38.32,42.14683333333333,0.35812567613241497
2022-06-06,600036.SH,38.85,39.03,38.1,38.97,38.92,0.05,0.1285,698702.87,2692557.419,0.001284686536485058,0.0012838620328135086,39.268,38.373000000000005,41.98466666666666,0.33456579311024254
2022-06-07,600036.SH,38.96,39.5,38.67,39.35,38.97,0.38,0.9751,622726.29,2441620.703,0.009751090582499344,0.009703855512794358,39.324,38.517,41.86116666666667,0.3008925501897932
2022-06-08,600036.SH,39.36,39.6,39.02,39.53,39.35,0.18,0.4574,596930.86,2345955.707,0.00457433290978404,0.004563902445181959,39.292,38.6445,41.76199999999999,0.29858615562704977
2022-06-09,600036.SH,39.5,40.6,39.41,40.29,39.53,0.76,1.9226,908607.22,3656593.721,0.01922590437642291,0.019043421894661697,39.412,38.798500000000004,41.69366666666667,0.3036804593391062
2022-06-10,600036.SH,39.91,40.16,39.5,40.12,40.29,-0.17,-0.4219,795393.75,3166842.6,-0.0042194092827004814,-0.004228336109521176,39.652,38.974000000000004,41.617333333333335,0.2959785240741909
2022-06-13,600036.SH,39.56,39.56,38.34,38.57,40.12,-1.55,-3.8634,971312.16,3770847.475,-0.03863409770687931,-0.039400190873598306,39.572,39.045,41.51933333333333,0.3306827821072981
2022-06-14,600036.SH,38.2,39.3,38.11,39.24,38.57,0.67,1.7371,598362.44,2314895.047,0.01737101374124972,0.01722186247702595,39.55,39.1625,41.47083333333333,0.3331133687456855
2022-06-15,600036.SH,39.19,41.1,39.19,40.48,39.24,1.24,3.16,1394894.78,5639026.274,0.031600407747196524,0.03111139028204756,39.739999999999995,39.2565,41.48800000000001,0.3112192051349033
2022-06-16,600036.SH,40.88,40.98,39.96,39.96,40.48,-0.52,-1.2846,636883.39,2567652.086,-0.012845849802371467,-0.01292907119885726,39.67399999999999,39.3295,41.44433333333333,0.315569611659945
2022-06-17,600036.SH,39.84,40.17,39.27,39.85,39.96,-0.11,-0.2753,550730.77,2188790.58,-0.002752752752752774,-0.002756548544128745,39.620000000000005,39.4205,41.36666666666667,0.31166464569454305
2022-06-20,600036.SH,39.89,40.1,39.4,39.7,39.85,-0.15,-0.3764,614206.16,2440349.614,-0.0037641154328732496,-0.0037712175430792915,39.846000000000004,39.407500000000006,41.25883333333333,0.2546360123243699
2022-06-21,600036.SH,39.74,40.65,39.45,40.33,39.7,0.63,1.5869,583913.88,2351462.261,0.0158690176322418,0.015744421192132034,40.064,39.4495,41.18416666666667,0.2568808432187196
2022-06-22,600036.SH,40.4,40.47,39.3,39.31,40.33,-1.02,-2.5291,730711.87,2896990.424,-0.025291346392263714,-0.025616669451507708,39.83,39.470000000000006,41.0805,0.26788676390616634
2022-06-23,600036.SH,39.32,40.21,39.32,40.14,39.31,0.83,2.1114,616029.83,2459925.121,0.021114220300177955,0.020894403934423014,39.866,39.538,40.98683333333334,0.27701592895284566
2022-06-24,600036.SH,40.27,40.59,39.66,40.2,40.14,0.06,0.1495,639950.33,2559336.619,0.001494768310911887,0.001493652256783372,39.936,39.6265,40.894,0.2740288831155118
2022-06-27,600036.SH,40.33,41.36,40.15,41.25,40.2,1.05,2.6119,893408.11,3664489.439,0.026119402985074647,0.025784117155714634,40.246,39.733,40.8285,0.28160509142198
2022-06-28,600036.SH,41.1,41.42,40.9,41.28,41.25,0.03,0.0727,499163.67,2054696.486,0.0007272727272726875,0.000727008392617263,40.436,39.8435,40.76566666666667,0.28130931027686656
2022-06-29,600036.SH,41.27,41.71,40.99,41.01,41.28,-0.27,-0.6541,622804.11,2571017.815,-0.006540697674418672,-0.006562181769339478,40.776,39.9095,40.69899999999999,0.27884760343973963
2022-06-30,600036.SH,41.04,42.7,40.96,42.2,41.01,1.19,2.9017,832628.23,3502837.233,0.029017312850524446,0.028604281637998417,41.188,40.035,40.63183333333333,0.294943931337613
2022-07-01,600036.SH,42.38,42.38,41.21,41.38,42.2,-0.82,-1.9431,695748.15,2888674.475,-0.019431279620853115,-0.019622548724569183,41.424,40.158,40.541500000000006,0.294975429868744
2022-07-04,600036.SH,41.28,41.37,40.8,41.05,41.38,-0.33,-0.7975,486917.85,2000021.774,-0.007974867085548731,-0.008006836418959903,41.384,40.262,40.440666666666665,0.2976062659492764
2022-07-05,600036.SH,41.46,41.67,40.76,40.98,41.05,-0.07,-0.1705,534538.41,2198036.073,-0.001705237515225333,-0.00170669308768353,41.324,40.3435,40.33383333333333,0.2968195606877823
2022-07-06,600036.SH,40.96,41.09,39.6,39.8,40.98,-1.18,-2.8795,885266.38,3542584.702,-0.0287945339189849,-0.029217230520361705,41.082,40.357,40.21616666666667,0.31627208489013814
2022-07-07,600036.SH,39.8,40.17,39.55,39.75,39.8,-0.05,-0.1256,508129.21,2024650.566,-0.0012562814070351536,-0.0012570711900510918,40.592,40.33,40.092333333333336,0.3084733013711646
2022-07-08,600036.SH,40.2,40.22,39.63,39.81,39.75,0.06,0.1509,480361.45,1912947.04,0.0015094339622641062,0.0015082959118848814,40.278,40.314499999999995,39.990833333333335,0.3082260575287042
2022-07-11,600036.SH,39.58,39.69,39.2,39.44,39.81,-0.37,-0.9294,403754.87,1589869.33,-0.009294147199196301,-0.009337607277791286,39.956,40.358,39.8865,0.27557906339446264
2022-07-12,600036.SH,39.36,39.8,39.03,39.3,39.44,-0.14,-0.355,580629.88,2285703.404,-0.003549695740365122,-0.0035560108592191265,39.62,40.361,39.778999999999996,0.26928972911885596
2022-07-13,600036.SH,39.07,39.25,37.69,37.9,39.3,-1.4,-3.5623,1410830.81,5383917.613,-0.03562340966921118,-0.03627340678683487,39.239999999999995,40.232000000000006,39.648,0.27108310730606666
2022-07-14,600036.SH,37.17,37.19,35.5,36.48,37.9,-1.42,-3.7467,2325233.74,8431357.29,-0.037467018469657054,-0.038186946882250085,38.586,40.058,39.4755,0.29573219312214044
2022-07-15,600036.SH,35.1,35.96,34.86,34.87,34.96,-0.09,-0.2574,1382451.73,4872775.479,-0.044133771929824595,-0.045137304518570884,37.598,39.809,39.333499999999994,0.3274870281500888
2022-07-18,600036.SH,35.15,35.84,35.01,35.63,34.87,0.76,2.1795,903080.21,3202227.202,0.02179523946085471,0.021561118930184996,36.836,39.6055,39.22566666666667,0.3424897936479238
2022-07-19,600036.SH,35.5,35.85,35.2,35.71,35.63,0.08,0.2245,537813.84,1910448.534,0.0022452989054166927,0.002242781988612306,36.118,39.3745,39.13583333333334,0.3347153711334413
2022-07-20,600036.SH,35.94,36.12,35.71,35.85,35.71,0.14,0.392,469688.71,1685116.916,0.003920470456454828,0.003912805439272342,35.708,39.201499999999996,39.04533333333333,0.3282120013195815
2022-07-21,600036.SH,35.54,35.83,35.37,35.46,35.85,-0.39,-1.0879,466240.82,1656137.612,-0.01087866108786617,-0.010938266399567596,35.504000000000005,38.967499999999994,38.928,0.3146019233329938
2022-07-22,600036.SH,35.55,36.05,35.25,35.59,35.46,0.13,0.3666,510332.74,1817477.34,0.0036661026508741923,0.0036593988760394444,35.648,38.737,38.874,0.31538062399933225
2022-07-25,600036.SH,35.38,35.98,35.22,35.85,35.59,0.26,0.7305,404648.61,1447583.0,0.007305422871593192,0.007278867523528105,35.692,38.467,38.83133333333333,0.29657019868244605
2022-07-26,600036.SH,35.85,36.35,35.79,36.33,35.85,0.48,1.3389,456285.22,1651632.36,0.013389121338912124,0.0133002791874812,35.816,38.2195,38.80283333333333,0.3041544393316475
2022-07-27,600036.SH,36.23,36.35,35.91,36.05,36.33,-0.28,-0.7707,442471.35,1597140.637,-0.007707129094412402,-0.007736982502152563,35.856,37.9715,38.74333333333333,0.30420045229527715
2022-07-28,600036.SH,36.1,36.35,35.75,35.78,36.05,-0.27,-0.749,570667.6,2054633.516,-0.00748959778085978,-0.007517785650384844,35.92,37.6505,38.674166666666665,0.2741888783236638
2022-07-29,600036.SH,35.83,36.18,35.01,35.07,35.78,-0.71,-1.9843,649706.31,2299974.527,-0.019843487982112884,-0.02004301392848634,35.815999999999995,37.335,38.60433333333334,0.27441914949084767
2022-08-01,600036.SH,34.99,35.01,34.45,34.52,35.07,-0.55,-1.5683,705882.73,2445426.274,-0.015682919874536516,-0.01580719793685941,35.55,37.0085,38.54783333333333,0.2757354879746954
2022-08-02,600036.SH,34.2,34.21,33.33,33.91,34.52,-0.61,-1.7671,811607.51,2741206.158,-0.017670915411355903,-0.017828910077680123,35.065999999999995,36.654999999999994,38.50516666666667,0.27635622256755044
2022-08-03,600036.SH,33.9,34.49,32.95,33.06,33.91,-0.85,-2.5066,1003206.25,3341394.264,-0.02506635210852237,-0.025385863744668932,34.468,36.318,38.43983333333333,0.2731626064943359
2022-08-04,600036.SH,33.33,33.7,33.23,33.66,33.06,0.6,1.8149,593072.71,1986094.524,0.01814882032667864,0.017986096369781702,34.044,36.0135,38.38066666666667,0.2887830422705263
2022-08-05,600036.SH,33.81,34.34,33.62,34.3,33.66,0.64,1.9014,488719.48,1660667.569,0.019013666072489555,0.018835165409234238,33.89,35.738,38.342166666666664,0.302866404730225
2022-08-08,600036.SH,34.19,34.49,33.62,33.91,34.3,-0.39,-1.137,572111.97,1942979.975,-0.011370262390670627,-0.01143539803434706,33.768,35.4615,38.28816666666667,0.30314213675725377
2022-08-09,600036.SH,33.95,33.95,33.4,33.6,33.91,-0.31,-0.9142,498671.19,1675279.85,-0.009141846063108083,-0.009183889168388549,33.706,35.1765,38.233333333333334,0.3028621089690267
2022-08-10,600036.SH,33.56,33.7,33.03,33.15,33.6,-0.45,-1.3393,529604.8,1758806.053,-0.013392857142857206,-0.013483350337287101,33.724000000000004,34.939,38.142500000000005,0.285384867204992
2022-08-11,600036.SH,33.46,34.4,33.18,34.36,33.15,1.21,3.6501,826688.09,2799671.312,0.036500754147813064,0.035850380484183195,33.864,34.833000000000006,38.073499999999996,0.29942823426857107
2022-08-12,600036.SH,34.16,34.44,34.03,34.37,34.36,0.01,0.0291,402000.5,1377797.391,0.00029103608847491635,0.00029099374568783914,33.878,34.80800000000001,38.0125,0.25659015426268966
2022-08-15,600036.SH,34.1,34.33,33.53,33.73,34.37,-0.64,-1.8621,459180.83,1554089.642,-0.018620890311317972,-0.018796441788183602,33.842,34.713,37.90866666666667,0.2498241841000831
2022-08-16,600036.SH,33.86,34.37,33.75,33.91,33.73,0.18,0.5336,479154.54,1629408.747,0.00533649570115613,0.005322307063988259,33.903999999999996,34.623000000000005,37.815666666666665,0.25086132153888063
2022-08-17,600036.SH,34.0,34.33,33.54,34.24,33.91,0.33,0.9732,453954.76,1545822.426,0.009731642583308941,0.009684595135994288,34.122,34.5425,37.73799999999999,0.25365559566653917
2022-08-18,600036.SH,34.13,34.17,33.44,33.72,34.24,-0.52,-1.5187,507344.43,1709182.803,-0.015186915887850594,-0.015303418139886773,33.994,34.455499999999994,37.65366666666667,0.25606602104666504
2022-08-19,600036.SH,33.48,34.15,33.46,33.85,33.72,0.13,0.3855,428449.67,1455096.383,0.0038552787663108656,0.003847866224629363,33.89,34.3685,37.57733333333333,0.25612623056041295
2022-08-22,600036.SH,33.54,34.12,33.5,33.62,33.85,-0.23,-0.6795,525634.82,1773361.292,-0.00679468242245207,-0.006817871377814527,33.868,34.257,37.48566666666667,0.2539352137407411
2022-08-23,600036.SH,33.59,33.6,33.02,33.1,33.62,-0.52,-1.5467,539657.2,1791825.378,-0.01546698393813195,-0.015587845597452217,33.706,34.0955,37.38616666666666,0.24972925862214176
2022-08-24,600036.SH,33.14,33.44,32.8,32.84,33.1,-0.26,-0.7855,589658.52,1950217.427,-0.007854984894259731,-0.007885997798789656,33.426,33.935,37.272,0.2497547745090213
2022-08-25,600036.SH,32.9,33.77,32.59,33.69,32.84,0.85,2.5883,650738.75,2161568.446,0.02588306942752716,0.025553772834233792,33.42,33.8305,37.172000000000004,0.2716526449880235
2022-08-26,600036.SH,33.7,34.04,33.33,33.7,33.69,0.01,0.0297,549683.1,1852196.046,0.0002968239833780473,0.00029677993985472687,33.39,33.762,37.085,0.26426551166231554
2022-08-29,600036.SH,33.31,33.82,33.11,33.28,33.7,-0.42,-1.2463,389013.92,1293596.316,-0.012462908011869445,-0.012541221405308205,33.322,33.7,36.99016666666667,0.26227120310330176
2022-08-30,600036.SH,33.11,33.87,33.08,33.79,33.28,0.51,1.5325,590877.36,1983189.091,0.015324519230769162,0.015208284773190668,33.46,33.694,36.8975,0.2617710105225964
2022-08-31,600036.SH,33.54,35.24,33.47,35.05,33.79,1.26,3.7289,1665451.05,5773783.194,0.037289138798461074,0.03661071275440051,33.902,33.7935,36.82283333333334,0.27592562878133314
2022-09-01,600036.SH,34.86,35.04,34.49,34.5,35.05,-0.55,-1.5692,607421.08,2109230.456,-0.015691868758915706,-0.015816289443284892,34.064,33.8355,36.72633333333333,0.2775385410684452
2022-09-02,600036.SH,34.6,34.9,34.12,34.32,34.5,-0.18,-0.5217,476634.98,1638046.863,-0.00521739130434784,-0.005231049417552556,34.188,33.8365,36.629666666666665,0.2703505972641553
2022-09-05,600036.SH,34.25,34.39,33.56,34.23,34.32,-0.09,-0.2622,467372.06,1585571.171,-0.002622377622377714,-0.0026258220776676612,34.378,33.8525,36.55733333333333,0.26716443541355156
2022-09-06,600036.SH,34.32,34.75,33.5,33.62,34.23,-0.61,-1.7821,877561.01,2969378.343,-0.017820625182588312,-0.01798132456162435,34.344,33.853500000000004,36.46366666666666,0.27307370000605596
2022-09-07,600036.SH,33.35,33.48,33.06,33.38,33.62,-0.24,-0.7139,625220.16,2077538.98,-0.007138607971445388,-0.00716420974678035,34.010000000000005,33.864999999999995,36.34533333333333,0.2698373431162373
2022-09-08,600036.SH,33.37,33.53,33.25,33.3,33.38,-0.08,-0.2397,416672.22,1390770.603,-0.002396644697423733,-0.002399521247291001,33.77,33.812,36.23433333333333,0.2339044243522129
2022-09-09,600036.SH,33.45,34.76,33.38,34.5,33.3,1.2,3.6036,1351666.15,4636864.234,0.03603603603603611,0.035401927050916,33.806,33.81849999999999,36.14516666666667,0.2692096515352813
2022-09-13,600036.SH,34.45,35.65,34.29,35.35,34.5,0.85,2.4638,1438610.57,5071277.448,0.02463768115942022,0.024339068305267622,34.03,33.8995,36.07266666666667,0.27260464493077263
2022-09-14,600036.SH,34.9,35.3,34.71,34.86,35.35,-0.49,-1.3861,560786.36,1960637.593,-0.013861386138613874,-0.013958352250706914,34.278,33.946999999999996,35.9815,0.27839889446046157
2022-09-15,600036.SH,35.15,36.06,35.15,36.01,34.86,1.15,3.2989,1340950.49,4805992.201,0.03298909925415949,0.03245663756890901,34.803999999999995,34.0355,35.9265,0.29897017632283596
2022-09-16,600036.SH,35.69,36.0,34.92,34.95,36.01,-1.06,-2.9436,865161.34,3050978.941,-0.029436267703415564,-0.029878208980964445,35.134,34.097,35.84,0.3141633610187281
2022-09-19,600036.SH,34.89,35.32,34.75,35.09,34.95,0.14,0.4006,449981.29,1578116.277,0.004005722460658001,0.003997720915304402,35.252,34.159000000000006,35.75483333333333,0.31417574203737875
2022-09-20,600036.SH,35.1,35.19,34.35,34.54,35.09,-0.55,-1.5674,504345.51,1745868.528,-0.015673981191222652,-0.015798116876591287,35.089999999999996,34.205,35.643,0.31901049758727346
2022-09-21,600036.SH,34.45,34.88,33.86,34.41,34.54,-0.13,-0.3764,530389.25,1821095.332,-0.0037637521713955735,-0.0037708529091436196,35.0,34.2705,35.5285,0.31339029100172244
2022-09-22,600036.SH,34.0,34.25,33.91,34.17,34.41,-0.24,-0.6975,385145.51,1310807.203,-0.006974716652135893,-0.006999153682188435,34.632000000000005,34.336999999999996,35.414500000000004,0.31303382827774745
2022-09-23,600036.SH,34.0,34.66,34.0,34.36,34.17,0.19,0.556,366437.17,1258753.251,0.005560433128475095,0.005545030988853984,34.513999999999996,34.3705,35.28383333333333,0.3006838670308222
2022-09-26,600036.SH,34.02,34.52,33.84,33.95,34.36,-0.41,-1.1932,525491.4,1789545.993,-0.01193247962747368,-0.01200424311134936,34.286,34.382999999999996,35.16,0.3042585099989598
2022-09-27,600036.SH,33.89,34.05,33.44,33.9,33.95,-0.05,-0.1473,475413.62,1604082.625,-0.0014727540500737435,-0.0014738396183006637,34.158,34.414,35.04083333333334,0.30050569692348567
2022-09-28,600036.SH,33.79,34.0,33.42,33.67,33.9,-0.23,-0.6785,487298.6,1642543.374,-0.006784660766961603,-0.00680778121342141,34.010000000000005,34.408,34.919,0.2968429364612087
2022-09-29,600036.SH,33.99,34.32,33.0,33.15,33.67,-0.52,-1.5444,617859.02,2073148.613,-0.015444015444015524,-0.015564516541111685,33.806,34.313,34.808166666666665,0.2664097022113305
2022-09-30,600036.SH,33.26,33.95,33.12,33.65,33.15,0.5,1.5083,539717.07,1816711.65,0.015082956259426794,0.014970339458865244,33.664,34.2705,34.7065,0.2688139343082909
2022-10-10,600036.SH,32.99,33.09,31.25,31.8,33.65,-1.85,-5.4978,1277991.32,4068516.527,-0.054977711738484314,-0.05654676630460557,33.233999999999995,34.1445,34.573,0.3299688053179912
2022-10-11,600036.SH,31.79,32.07,31.31,31.4,31.8,-0.4,-1.2579,618664.47,1953843.165,-0.012578616352201366,-0.012658396871923577,32.733999999999995,34.003,34.439,0.3314670031665047
2022-10-12,600036.SH,31.25,31.3,30.05,30.95,31.4,-0.45,-1.4331,1173699.75,3590021.718,-0.014331210191082744,-0.014434893783602515,32.19,33.8695,34.29983333333333,0.32977800858490447
2022-10-13,600036.SH,30.47,30.56,29.7,29.89,30.95,-1.06,-3.4249,1350380.91,4045377.68,-0.034248788368336,-0.034849022834758596,31.538,33.695,34.166333333333334,0.34688137647779627
2022-10-14,600036.SH,30.3,31.22,30.1,31.08,29.89,1.19,3.9813,1269196.92,3911873.392,0.03981264637002324,0.039040549203600027,31.024,33.584,34.07633333333333,0.38210151479622295
2022-10-17,600036.SH,30.7,31.18,30.54,31.02,31.08,-0.06,-0.1931,646309.61,1997396.404,-0.0019305019305019266,-0.001932367751053924,30.868000000000002,33.410000000000004,34.012166666666666,0.3531023673544508
2022-10-18,600036.SH,31.3,31.38,30.7,30.8,31.02,-0.22,-0.7092,562813.82,1739815.953,-0.007092198581560294,-0.0071174677688639896,30.748,33.1825,33.931666666666665,0.3352100530442424
2022-10-19,600036.SH,30.72,31.07,30.21,30.26,30.8,-0.54,-1.7532,528275.18,1614469.066,-0.01753246753246751,-0.0176879816193189,30.610000000000003,32.9525,33.840833333333336,0.3365079203152672
2022-10-20,600036.SH,30.0,30.45,29.88,30.07,30.26,-0.19,-0.6279,551154.04,1657020.702,-0.006278916060806439,-0.006298711359772254,30.645999999999997,32.6555,33.7445,0.3019653503652915
2022-10-21,600036.SH,30.15,30.27,29.5,29.58,30.07,-0.49,-1.6295,728710.94,2171956.543,-0.016295310941137453,-0.016429539717784068,30.346000000000004,32.387,33.646499999999996,0.29353932327349197
2022-10-24,600036.SH,29.39,29.49,28.0,28.02,29.58,-1.56,-5.2738,1451458.35,4134436.262,-0.05273833671399586,-0.05417991637379271,29.746,32.033500000000004,33.52033333333333,0.3293178797041009
2022-10-25,600036.SH,28.02,28.47,27.81,28.19,28.02,0.17,0.6067,860282.49,2418347.973,0.006067094932191264,0.006048764217160209,29.224,31.715999999999998,33.39266666666666,0.33421360278957013
2022-10-26,600036.SH,27.98,28.32,27.76,27.93,28.19,-0.26,-0.9223,754021.89,2113201.163,-0.009223128769067057,-0.0092659251689358,28.758,31.392000000000003,33.25266666666667,0.3334466988271695
2022-10-27,600036.SH,28.2,28.44,27.9,27.94,27.93,0.01,0.0358,762865.64,2145320.724,0.0003580379520229382,0.00035797387173038865,28.332,31.0805,33.1175,0.3353876301437016
2022-10-28,600036.SH,27.6,28.0,26.99,27.18,27.94,-0.76,-2.7201,949464.22,2601030.856,-0.027201145311381625,-0.0275779451058182,27.851999999999997,30.721500000000002,32.97416666666666,0.3356496501000534
2022-10-31,600036.SH,26.9,27.13,26.3,26.82,27.18,-0.36,-1.3245,953032.53,2553633.471,-0.013245033112582738,-0.013333530869465144,27.612000000000002,30.365,32.836666666666666,0.3357076755813275
2022-11-01,600036.SH,27.1,28.25,27.01,28.19,26.82,1.37,5.1081,1059019.01,2937217.653,0.05108128262490674,0.04981942727248868,27.612000000000002,30.079500000000003,32.73116666666667,0.4018486298244572
2022-11-02,600036.SH,28.16,28.7,27.85,28.42,28.19,0.23,0.8159,728361.02,2060238.785,0.008158921603405478,0.008125817542933412,27.71,29.817,32.63966666666666,0.40635531580155215
2022-11-03,600036.SH,28.35,28.38,27.88,28.05,28.42,-0.37,-1.3019,501722.13,1410971.285,-0.013019000703729855,-0.013104490700249345,27.732000000000006,29.562,32.55616666666666,0.40586711227892297
2022-11-04,600036.SH,28.05,29.25,27.99,29.08,28.05,1.03,3.672,926829.57,2676989.831,0.036720142602495454,0.036062020696613205,28.112000000000002,29.333499999999997,32.47983333333333,0.42881158284656556
2022-11-07,600036.SH,28.8,29.43,28.62,29.16,29.08,0.08,0.2751,545380.19,1585520.854,0.0027510316368639653,0.0027472544751389236,28.580000000000002,29.201500000000003,32.39416666666666,0.39023735059624565
2022-11-08,600036.SH,29.2,29.38,28.94,29.15,29.16,-0.01,-0.0343,439781.88,1281125.722,-0.0003429355281208135,-0.0003429943439561146,28.772,29.089000000000006,32.31483333333333,0.38910106910118036
2022-11-09,600036.SH,29.15,29.55,29.0,29.18,29.15,0.03,0.1029,463059.56,1353976.618,0.0010291595197255976,0.0010286302981382426,28.924,29.0005,32.241166666666665,0.3872070845374111
2022-11-10,600036.SH,29.0,29.3,28.77,29.19,29.18,0.01,0.0343,400045.62,1163044.393,0.00034270047978068874,0.0003426417713838153,29.151999999999997,28.965500000000002,32.17516666666667,0.3688079848813642
2022-11-11,600036.SH,30.1,31.8,29.71,31.24,29.19,2.05,7.023,1688716.88,5192860.256,0.07022953066118531,0.0678731401054618,29.583999999999996,28.9735,32.12316666666666,0.42491047591546766
2022-11-14,600036.SH,32.5,33.69,32.33,33.14,31.24,1.9,6.0819,2049685.36,6818027.855,0.06081946222791301,0.059041687026931716,30.380000000000003,29.079500000000003,32.10266666666667,0.4753561446283181
2022-11-15,600036.SH,33.15,33.83,32.75,33.28,33.14,0.14,0.4225,913305.06,3043238.573,0.004224502112251116,0.0042156039545910495,31.206,29.203500000000002,32.095166666666664,0.4736333648679675
2022-11-16,600036.SH,33.26,33.48,32.86,33.38,33.28,0.1,0.3005,614594.43,2043574.641,0.0030048076923077094,0.0030003022806811912,32.04600000000001,29.359500000000004,32.086333333333336,0.4666387321803523
2022-11-17,600036.SH,33.3,33.3,32.0,32.31,33.38,-1.07,-3.2055,1037151.91,3358356.944,-0.032055122828040794,-0.03258013839728218,32.67,29.471500000000002,32.05416666666667,0.48379283474315354
2022-11-18,600036.SH,32.29,32.68,31.83,32.07,32.31,-0.24,-0.7428,562731.94,1805184.083,-0.007428040854224771,-0.007455766131343413,32.836,29.595999999999997,32.026666666666664,0.47985894107986854
2022-11-21,600036.SH,31.6,31.97,31.05,31.87,32.07,-0.2,-0.6236,479104.04,1512009.17,-0.006236357966947326,-0.006255885275818529,32.58200000000001,29.7885,31.99366666666667,0.4323598398354389
2022-11-22,600036.SH,32.07,32.88,31.8,32.45,31.87,0.58,1.8199,654166.5,2120960.84,0.018198933165986864,0.018035314720853998,32.416,30.001500000000004,31.974166666666665,0.43422699344039783
2022-11-23,600036.SH,32.33,32.95,32.15,32.22,32.45,-0.23,-0.7088,577644.27,1878620.068,-0.007087827426810578,-0.007113065401270782,32.184000000000005,30.215999999999998,31.9595,0.4332072191282325
2022-11-24,600036.SH,32.6,32.87,32.08,32.22,32.22,0.0,0.0,406301.0,1314257.028,0.0,0.0,32.166,30.43,31.949166666666667,0.43328753050539665
2022-11-25,600036.SH,32.21,33.22,32.18,33.02,32.22,0.8,2.4829,830121.55,2729700.885,0.024829298572315528,0.024526060743153822,32.356,30.721999999999998,31.938,0.4170833211390924
2022-11-28,600036.SH,32.1,32.11,31.45,31.96,33.02,-1.06,-3.2102,809376.86,2566010.758,-0.03210175651120539,-0.0326283175939081,32.374,30.979000000000003,31.909,0.4360221465192183
2022-11-29,600036.SH,32.79,34.91,32.75,34.86,31.96,2.9,9.0738,1753186.95,5977811.958,0.09073842302878599,0.08685491919380095,32.85600000000001,31.3125,31.935333333333332,0.5040187367617559
2022-11-30,600036.SH,34.33,35.44,34.2,34.96,34.86,0.1,0.2869,873324.61,3048012.198,0.002868617326448719,0.002864510695459917,33.403999999999996,31.639500000000005,31.954833333333333,0.5047828240580158
2022-12-01,600036.SH,35.9,36.5,34.85,35.0,34.96,0.04,0.1144,831397.23,2948536.902,0.0011441647597254523,0.0011435107020790205,33.96,31.987000000000002,31.954,0.49835386623336375
2022-12-02,600036.SH,35.0,35.0,34.16,34.39,35.0,-0.61,-1.7429,598462.4,2055897.652,-0.01742857142857146,-0.017582237045238872,34.234,32.252500000000005,31.952166666666667,0.49919323047006214
2022-12-05,600036.SH,34.97,36.1,34.61,36.1,34.39,1.71,4.9724,1050604.39,3735713.567,0.04972375690607733,0.04852704089466038,35.062,32.5995,31.98183333333333,0.519003313158429
2022-12-06,600036.SH,35.91,35.98,35.42,35.85,36.1,-0.25,-0.6925,651103.53,2322429.385,-0.006925207756232732,-0.006949298293205917,35.26,32.9345,32.008833333333335,0.5214689960459808
2022-12-07,600036.SH,35.8,35.95,35.3,35.32,35.85,-0.53,-1.4784,564606.28,2005014.219,-0.014783821478382198,-0.014894191309870151,35.33200000000001,33.2415,32.037166666666664,0.5284114640534564
2022-12-08,600036.SH,35.25,35.77,35.16,35.45,35.32,0.13,0.3681,443551.51,1574334.29,0.0036806342015855975,0.0036738772423773347,35.422000000000004,33.554500000000004,32.071666666666665,0.5277260440685926
2022-12-09,600036.SH,35.8,36.93,35.63,36.75,35.45,1.3,3.6671,958162.91,3491269.582,0.03667136812411842,0.03601497268070912,35.894,33.83,32.12916666666667,0.48919374210080363
2022-12-12,600036.SH,36.41,36.6,35.68,35.79,36.75,-0.96,-2.6122,606262.4,2186064.378,-0.026122448979591817,-0.026469700880911225,35.832,33.9625,32.150666666666666,0.4627149070838067
2022-12-13,600036.SH,35.73,36.26,35.61,36.14,35.79,0.35,0.9779,382903.98,1379130.447,0.00977926795194195,0.009731760386148064,35.89,34.1055,32.163833333333336,0.46313143940797113
2022-12-14,600036.SH,36.14,37.04,36.02,36.91,36.14,0.77,2.1306,644361.67,2361876.16,0.021306032097398786,0.021082231877824556,36.208,34.282,32.198,0.46687646703965563
2022-12-15,600036.SH,36.62,36.96,36.22,36.33,36.91,-0.58,-1.5714,403403.41,1470344.983,-0.015713898672446436,-0.01583867080879657,36.384,34.483,32.20333333333333,0.45286399909463104
2022-12-16,600036.SH,36.3,37.2,36.3,37.09,36.33,0.76,2.0919,607820.01,2242781.163,0.020919350399119407,0.02070354526838908,36.452,34.734,32.239000000000004,0.4526824286306684
2022-12-19,600036.SH,37.1,37.34,36.25,36.5,37.09,-0.59,-1.5907,547842.53,2014825.882,-0.015907252628741042,-0.01603513091305376,36.594,34.965500000000006,32.2625,0.45789520961116886
2022-12-20,600036.SH,36.24,36.55,35.3,35.72,36.5,-0.78,-2.137,702911.16,2518741.582,-0.021369863013698698,-0.02160150458014759,36.51,35.129,32.28216666666667,0.4667333325287031
2022-12-21,600036.SH,35.99,36.23,35.71,35.95,35.72,0.23,0.6439,330497.76,1188825.669,0.00643896976483771,0.00641832815875748,36.318,35.3155,32.307833333333335,0.46447008209995694
2022-12-22,600036.SH,36.53,36.85,36.25,36.5,35.95,0.55,1.5299,359714.83,1312827.354,0.015299026425591,0.015183176421390028,36.352000000000004,35.5295,32.34666666666667,0.46507243531229686
2022-12-23,600036.SH,36.29,36.8,36.15,36.37,36.5,-0.13,-0.3562,330583.6,1204442.484,-0.0035616438356165236,-0.0035680015895482387,36.208000000000006,35.697,32.38016666666667,0.4612584106401675
2022-12-26,600036.SH,36.35,36.8,35.89,35.95,36.37,-0.42,-1.1548,360473.52,1309281.788,-0.01154797910365668,-0.01161517483184179,36.098,35.8965,32.413500000000006,0.44466494723594996
2022-12-27,600036.SH,36.45,36.98,36.33,36.67,35.95,0.72,2.0028,367907.47,1350814.519,0.02002781641168294,0.019829897916178996,36.288,35.987,32.459666666666664,0.31980014486567054
2022-12-28,600036.SH,36.67,37.52,36.58,37.33,36.67,0.66,1.7998,528859.97,1970716.248,0.01799836378511044,0.017838310843257824,36.564,36.1055,32.52066666666666,0.32436717089759337
2022-12-29,600036.SH,36.9,37.32,36.65,37.23,37.33,-0.1,-0.2679,513629.13,1902491.092,-0.0026788106080900542,-0.002682405041866987,36.709999999999994,36.217,32.58866666666667,0.3250157386915392
2022-12-30,600036.SH,37.34,37.63,37.19,37.26,37.23,0.03,0.0806,523228.05,1959907.428,0.0008058017727639033,0.0008054772888168683,36.888,36.3605,32.648833333333336,0.3159163338010951
2023-01-03,600036.SH,37.08,37.78,36.53,37.58,37.26,0.32,0.8588,606266.16,2255334.391,0.008588298443370945,0.008551628811876896,37.214,36.4345,32.74516666666667,0.2673047205107441
2023-01-04,600036.SH,37.78,38.83,37.53,38.65,37.58,1.07,2.8473,836454.11,3207024.324,0.02847259180415107,0.02807478104811164,37.61,36.5745,32.866,0.2805758305054536
2023-01-05,600036.SH,38.99,39.27,38.4,38.5,38.65,-0.15,-0.3881,619085.19,2398823.818,-0.0038809831824061503,-0.003888533739692369,37.844,36.7335,32.99183333333333,0.27351897612243975
2023-01-06,600036.SH,38.66,38.93,37.89,38.38,38.5,-0.12,-0.3117,590006.99,2255711.424,-0.0031168831168830735,-0.003121750714184644,38.074,36.879999999999995,33.13333333333333,0.27483704379796936
2023-01-09,600036.SH,38.41,39.1,38.41,38.8,38.38,0.42,1.0943,499148.86,1937276.819,0.010943199583115959,0.01088375604967366,38.382000000000005,36.9825,33.262,0.24831557323592598
2023-01-10,600036.SH,38.78,38.8,38.16,38.25,38.8,-0.55,-1.4175,541971.59,2078031.131,-0.014175257731958713,-0.014276686356682862,38.516,37.1055,33.3825,0.23298578098328696
2023-01-11,600036.SH,38.38,39.18,38.14,38.92,38.25,0.67,1.7516,541706.98,2107076.772,0.017516339869281028,0.01736469704525945,38.57,37.2445,33.517833333333336,0.2373593668276426
2023-01-12,600036.SH,39.11,39.15,38.73,39.05,38.92,0.13,0.334,304348.71,1185494.431,0.003340184994861106,0.003334618967890512,38.67999999999999,37.3515,33.66433333333333,0.22819341978078184
2023-01-13,600036.SH,39.07,39.66,38.97,39.66,39.05,0.61,1.5621,463767.08,1825772.733,0.015620998719590329,0.015500246805955006,38.936,37.518,33.82416666666667,0.22125888908959482
2023-01-16,600036.SH,40.0,41.14,39.8,40.47,39.66,0.81,2.0424,880468.55,3569434.0,0.0204236006051437,0.020217835796124264,39.269999999999996,37.687,34.00566666666667,0.22077702633175042
2023-01-17,600036.SH,40.45,40.94,40.28,40.68,40.47,0.21,0.5189,432047.05,1752751.493,0.005189028910304039,0.005175612292585107,39.75599999999999,37.896,34.21666666666667,0.20724741979391648
2023-01-18,600036.SH,40.65,40.95,40.23,40.38,40.68,-0.3,-0.7375,294674.72,1191075.289,-0.007374631268436516,-0.007401958295667701,40.048,38.129000000000005,34.41983333333334,0.18824987010630004
2023-01-19,600036.SH,40.2,40.8,39.92,40.65,40.38,0.27,0.6686,472490.21,1910434.244,0.006686478454680511,0.0066642231091281375,40.367999999999995,38.364,34.63183333333333,0.18825580136555012
2023-01-20,600036.SH,40.98,41.1,40.68,41.05,40.65,0.4,0.984,413402.73,1692997.05,0.009840098400983877,0.009791999904617498,40.646,38.5915,34.85033333333333,0.18574796287002307
2023-01-30,600036.SH,42.55,42.63,41.85,42.03,41.05,0.98,2.3873,1007007.4,4255796.7,0.023873325213154883,0.02359281311858829,40.958,38.8745,35.097833333333334,0.19250899541726976
2023-01-31,600036.SH,42.35,42.35,41.21,41.21,42.03,-0.82,-1.951,642311.85,2677248.182,-0.019509873899595576,-0.019702703666299393,41.064,39.1375,35.337666666666664,0.20456041284891105
2023-02-01,600036.SH,41.64,41.69,39.95,40.54,41.21,-0.67,-1.6258,916791.3,3709963.959,-0.016258189759767117,-0.016391804326872077,41.096000000000004,39.331,35.543499999999995,0.21407350902742323
2023-02-02,600036.SH,40.7,40.75,39.55,40.03,40.54,-0.51,-1.258,727232.93,2898996.931,-0.012580167735569803,-0.012659968019371724,40.972,39.465999999999994,35.736999999999995,0.2171613368259577
2023-02-03,600036.SH,39.79,39.79,39.01,39.3,40.03,-0.73,-1.8236,638163.64,2506324.574,-0.018236322757931633,-0.01840465412926678,40.622,39.5695,35.9245,0.22976986798447588
2023-02-06,600036.SH,38.72,38.74,37.88,38.35,39.3,-0.95,-2.4173,731000.66,2790029.317,-0.024173027989821794,-0.024469991061950268,39.886,39.623999999999995,36.079,0.24896337651151984
2023-02-07,600036.SH,38.5,38.94,38.16,38.41,38.35,0.06,0.1565,426570.86,1643882.586,0.0015645371577572842,0.0015633145445480246,39.326,39.665499999999994,36.23316666666666,0.24757783261664867
2023-02-08,600036.SH,38.5,38.92,38.36,38.49,38.41,0.08,0.2083,317065.28,1222704.068,0.0020827909398595246,0.002080624937841434,38.916,39.6575,36.38883333333334,0.22579636407234407
2023-02-09,600036.SH,38.42,38.89,38.32,38.49,38.49,0.0,0.0,498174.81,1920854.681,0.0,0.0,38.608,39.657,36.544,0.22535680854607204
2023-02-10,600036.SH,38.3,38.39,37.9,38.16,38.49,-0.33,-0.8574,411026.39,1567982.948,-0.00857365549493394,-0.008610620715569168,38.38,39.646,36.69349999999999,0.22720920526218963
2023-02-13,600036.SH,37.9,37.98,37.07,37.72,38.16,-0.44,-1.153,825181.34,3095654.45,-0.011530398322851076,-0.011597388814828954,38.254000000000005,39.592,36.801500000000004,0.22660721613589335
2023-02-14,600036.SH,37.78,38.06,37.51,38.0,37.72,0.28,0.7423,486076.63,1836814.072,0.007423117709437932,0.0073957019611289926,38.172000000000004,39.579499999999996,36.88250000000001,0.22329329152864402
2023-02-15,600036.SH,38.0,38.09,37.0,37.17,38.0,-0.83,-2.1842,771047.78,2872782.991,-0.021842105263157885,-0.022084175417224988,37.908,39.492000000000004,36.94733333333333,0.22549200830652474
2023-02-16,600036.SH,37.2,37.85,37.02,37.27,37.17,0.1,0.269,654152.31,2453427.441,0.002690341673392549,0.0026867291820063034,37.664,39.403,37.012166666666666,0.2252918902891209
2023-02-17,600036.SH,37.15,37.38,36.68,36.71,37.27,-0.56,-1.5025,575812.8,2130963.531,-0.015025489669975967,-0.015139515982424237,37.374,39.2555,37.0855,0.21926073011363437
2023-02-20,600036.SH,36.82,38.51,36.82,38.49,36.71,1.78,4.8488,1080228.3,4089276.99,0.04848815036774723,0.04734926978691185,37.528000000000006,39.15650000000001,37.192499999999995,0.2756947327243756
2023-02-21,600036.SH,38.43,38.82,38.13,38.69,38.49,0.2,0.5196,530465.4,2043801.362,0.005196154845414247,0.005182701416766698,37.666000000000004,39.057,37.30616666666666,0.2756973229271849
2023-02-22,600036.SH,38.46,38.6,38.14,38.16,38.69,-0.53,-1.3699,383091.39,1467027.311,-0.013698630136986356,-0.013793322132335873,37.864000000000004,38.946,37.40133333333333,0.2781252376441457
2023-02-23,600036.SH,38.16,38.77,38.16,38.27,38.16,0.11,0.2883,370638.24,1423074.975,0.002882599580712908,0.002878452857525236,38.064,38.827,37.50216666666666,0.2767506912749678
2023-02-24,600036.SH,38.17,38.25,37.4,37.46,38.27,-0.81,-2.1165,533690.15,2011474.6,-0.02116540371047826,-0.02139260242166852,38.214,38.647499999999994,37.5895,0.27973347883927724
2023-02-27,600036.SH,37.27,37.58,37.09,37.16,37.46,-0.3,-0.8009,449333.67,1674343.23,-0.008008542445275046,-0.008040783070304773,37.94799999999999,38.403999999999996,37.658500000000004,0.259095649518912
2023-02-28,600036.SH,37.17,37.48,36.85,37.31,37.16,0.15,0.4037,378225.52,1405386.5,0.004036598493003307,0.004028473287428787,37.672,38.208999999999996,37.74766666666667,0.25629422827174775
2023-03-01,600036.SH,37.25,38.34,37.2,38.25,37.31,0.94,2.5194,571194.01,2169732.585,0.025194317877244687,0.024882173039478348,37.69,38.0945,37.80416666666667,0.27345607463370897
2023-03-02,600036.SH,38.04,38.5,37.77,38.25,38.25,0.0,0.0,349070.09,1332878.911,0.0,0.0,37.686,38.0055,37.859,0.2711024127726918
2023-03-03,600036.SH,38.5,38.77,37.9,38.25,38.25,0.0,0.0,357113.9,1365470.222,0.0,0.0,37.844,37.953,37.91316666666667,0.26438192592062865
2023-03-06,600036.SH,38.02,38.23,36.91,37.0,38.25,-1.25,-3.268,810519.39,3015166.37,-0.0326797385620915,-0.03322564762832039,37.812,37.8855,37.95666666666667,0.2756597878617461
2023-03-07,600036.SH,36.89,37.48,36.41,36.56,37.0,-0.44,-1.1892,737411.49,2722185.234,-0.011891891891891881,-0.011963166058275174,37.662,37.79299999999999,37.964333333333336,0.27771038991353153
2023-03-08,600036.SH,36.25,36.32,35.8,36.0,36.56,-0.56,-1.5317,616583.57,2216886.862,-0.015317286652078876,-0.015435808129839362,37.212,37.6685,37.966833333333334,0.2809007226371041
2023-03-09,600036.SH,36.0,36.08,35.5,35.58,36.0,-0.42,-1.1667,539996.02,1928666.141,-0.011666666666666714,-0.011735256218420965,36.678000000000004,37.523,37.97116666666667,0.2821925878648802
2023-03-10,600036.SH,35.05,35.66,34.95,35.03,35.58,-0.55,-1.5458,558453.66,1963698.972,-0.015458122540753183,-0.015578845028293589,36.034000000000006,37.366499999999995,37.96416666666667,0.28479163937195373
2023-03-13,600036.SH,34.92,35.38,34.71,35.05,35.03,0.02,0.0571,584204.63,2046110.685,0.0005709391949755283,0.0005707762712034439,35.644,37.233000000000004,37.935833333333335,0.283852517195976
2023-03-14,600036.SH,34.68,34.93,34.34,34.58,35.05,-0.47,-1.3409,626667.5,2168927.834,-0.013409415121255264,-0.013500133225454567,35.248000000000005,37.062,37.91566666666667,0.282837139315418
2023-03-15,600036.SH,35.15,35.71,34.88,34.88,34.58,0.3,0.8676,676383.78,2380639.264,0.008675534991324563,0.008638118785634533,35.024,36.9475,37.894666666666666,0.27881438635629463
2023-03-16,600036.SH,34.5,35.15,34.21,34.65,34.88,-0.23,-0.6594,403894.89,1401995.822,-0.006594036697247785,-0.0066158734048667196,34.838,36.816500000000005,37.857,0.2782353965329098
2023-03-17,600036.SH,35.02,35.37,34.02,34.36,34.65,-0.29,-0.8369,832715.78,2893458.533,-0.00836940836940836,-0.008404628519857607,34.70399999999999,36.699,37.82416666666667,0.27556680478287515
2023-03-20,600036.SH,34.44,34.91,34.02,34.12,34.36,-0.24,-0.6985,520725.15,1790157.157,-0.006984866123399325,-0.007009374492576277,34.518,36.48049999999999,37.77466666666667,0.19674706925272661
2023-03-21,600036.SH,34.21,34.5,34.01,34.23,34.12,0.11,0.3224,367475.39,1256872.36,0.0032239155920281704,0.003218729918615628,34.44799999999999,36.2575,37.73683333333334,0.19538708092302098
2023-03-22,600036.SH,34.52,34.73,34.28,34.54,34.23,0.31,0.9056,459867.4,1587045.184,0.009056383289512082,0.00901562017643854,34.379999999999995,36.076499999999996,37.71716666666667,0.20018304379900065
2023-03-23,600036.SH,34.4,35.34,34.32,35.2,34.54,0.66,1.9108,542146.33,1890730.123,0.019108280254777288,0.018928009885519077,34.489999999999995,35.923,37.70466666666666,0.21619004178482198
2023-03-24,600036.SH,34.98,34.98,34.23,34.43,35.2,-0.77,-2.1875,678718.39,2342134.999,-0.02187500000000009,-0.022117805253619106,34.504000000000005,35.7715,37.67016666666667,0.2169470027480322
2023-03-27,600036.SH,34.6,34.6,34.05,34.21,34.43,-0.22,-0.639,449836.1,1538661.024,-0.006389776357827448,-0.006410278360919054,34.522000000000006,35.624,37.63416666666667,0.21663799725923902
2023-03-28,600036.SH,34.41,34.72,34.18,34.4,34.21,0.19,0.5554,533234.36,1834470.874,0.005553931598947681,0.005538565389839363,34.556,35.4785,37.608333333333334,0.21745355373165248
2023-03-29,600036.SH,34.61,34.7,34.1,34.12,34.4,-0.28,-0.814,418630.12,1433206.733,-0.008139534883720989,-0.008172841755874358,34.472,35.272,37.56583333333334,0.18842820608663968
2023-03-30,600036.SH,34.15,34.39,33.71,34.35,34.12,0.23,0.6741,562289.7,1915822.304,0.006740914419695265,0.006718296044880049,34.302,35.077,37.51616666666667,0.19257290306719393
2023-03-31,600036.SH,34.36,34.82,34.14,34.27,34.35,-0.08,-0.2329,577794.28,1993103.479,-0.002328966521106257,-0.0023316827818408805,34.269999999999996,34.878,37.466833333333334,0.19190027219314135
2023-04-03,600036.SH,34.31,34.45,33.98,34.37,34.27,0.1,0.2918,504675.01,1727952.628,0.0029180040852054834,0.002913754975224817,34.302,34.7465,37.41866666666667,0.1644416317148993
2023-04-04,600036.SH,34.38,34.42,34.06,34.28,34.37,-0.09,-0.2619,487820.66,1668757.196,-0.0026185627000290257,-0.002621997132163406,34.278000000000006,34.63250000000001,37.36366666666667,0.16153012242962947
2023-04-06,600036.SH,34.17,34.17,33.73,33.8,34.28,-0.48,-1.4002,486795.67,1650684.312,-0.014002333722287208,-0.014101291240606105,34.214,34.5225,37.28283333333333,0.16028066470985605
2023-04-07,600036.SH,33.85,34.26,33.75,34.14,33.8,0.34,1.0059,394141.2,1343439.511,0.010059171597633254,0.010008914877321574,34.172000000000004,34.4505,37.210166666666666,0.1634010248909751
2023-04-10,600036.SH,34.15,34.3,33.97,34.24,34.14,0.1,0.2929,330159.49,1128256.665,0.0029291154071471315,0.0029248339072468882,34.166,34.411,37.14116666666666,0.15621173750044462
2023-04-11,600036.SH,34.24,34.34,33.63,33.73,34.24,-0.51,-1.4895,733991.53,2485887.912,-0.014894859813084249,-0.015006902199982616,34.038,34.345,37.056666666666665,0.1635021661739827
2023-04-12,600036.SH,33.89,33.95,33.66,33.74,33.73,0.01,0.0296,416127.69,1403968.679,0.0002964719833977725,0.00029642804426356954,33.92999999999999,34.303000000000004,36.9815,0.15780834902533805
2023-04-13,600036.SH,33.65,34.24,33.25,34.01,33.74,0.27,0.8002,634304.56,2142100.175,0.008002371072910464,0.007970521901281818,33.972,34.2595,36.89966666666667,0.15726781922780236
2023-04-14,600036.SH,34.2,34.79,34.02,34.39,34.01,0.38,1.1173,693923.38,2387857.214,0.011173184357541999,0.011111225425070849,34.022,34.2465,36.821999999999996,0.16178916543281513
2023-04-17,600036.SH,34.32,35.2,34.1,35.2,34.39,0.81,2.3553,893730.12,3107511.587,0.023553358534457836,0.02328025815987671,34.214000000000006,34.288500000000006,36.74766666666667,0.17945956759759543
2023-04-18,600036.SH,35.21,36.35,35.12,35.68,35.2,0.48,1.3636,942714.63,3375509.116,0.013636363636363447,0.013544225107757034,34.604,34.3665,36.667833333333334,0.1817931733413834
2023-04-19,600036.SH,35.84,35.84,35.3,35.5,35.68,-0.18,-0.5045,510886.48,1815680.622,-0.005044843049327397,-0.005057611230438559,34.955999999999996,34.43,36.5815,0.1835963644172539
2023-04-20,600036.SH,35.6,35.74,34.86,34.99,35.5,-0.51,-1.4366,680915.3,2393722.845,-0.014366197183098506,-0.014470390101773365,35.152,34.4525,36.49166666666667,0.19017245451245976
2023-04-21,600036.SH,34.99,35.18,34.43,34.5,34.99,-0.49,-1.4004,531591.46,1849378.443,-0.014004001143183786,-0.014102982342282605,35.174,34.417500000000004,36.38916666666667,0.18391656320246638
2023-04-24,600036.SH,34.52,34.69,33.51,33.6,34.5,-0.9,-2.6087,729873.68,2474101.753,-0.02608695652173909,-0.026433257068155483,34.854,34.376,36.265,0.19075598555242723
2023-04-25,600036.SH,33.61,34.14,33.51,34.03,33.6,0.43,1.2798,512212.8,1731551.113,0.012797619047619113,0.012716421543655874,34.524,34.367000000000004,36.13166666666667,0.19585722913815934
2023-04-26,600036.SH,33.8,33.96,33.35,33.82,34.03,-0.21,-0.6171,496500.7,1673601.45,-0.0061710255656773905,-0.006190145042380166,34.188,34.33800000000001,36.008500000000005,0.19571754357652849
2023-04-27,600036.SH,32.97,32.99,32.14,32.63,33.82,-1.19,-3.5186,1559279.39,5072330.698,-0.035186280307510254,-0.03582023286520489,33.716,34.26350000000001,35.87666666666667,0.2297922111507281
2023-04-28,600036.SH,32.46,33.75,32.41,33.6,32.63,0.97,2.9727,940213.08,3136764.115,0.029727244866686986,0.02929395636392919,33.536,34.226,35.7695,0.2546975403785841
2023-05-04,600036.SH,33.29,34.4,32.83,34.13,33.6,0.53,1.5774,725433.03,2457318.979,0.01577380952380958,0.01565069594945718,33.641999999999996,34.21900000000001,35.68333333333333,0.26144307747172835
2023-05-05,600036.SH,34.18,35.06,34.15,34.69,34.13,0.56,1.6408,800889.73,2785096.474,0.016407852329328954,0.016274698063042586,33.774,34.235,35.62233333333334,0.267799429210653
2023-05-08,600036.SH,34.86,35.95,34.64,35.6,34.69,0.91,2.6232,1064265.8,3773892.3,0.02623234361487481,0.02589417687632663,34.13,34.301,35.575500000000005,0.28238621059130936
2023-05-09,600036.SH,35.68,36.1,34.96,34.99,35.6,-0.61,-1.7135,985529.78,3503564.878,-0.017134831460674183,-0.01728333147838814,34.602,34.3605,35.51716666666666,0.28495396164980535
2023-05-10,600036.SH,34.9,35.12,34.29,34.4,34.99,-0.59,-1.6862,638373.87,2203715.637,-0.016861960560160094,-0.01700574200024404,34.762,34.3735,35.449,0.29067722132513163
2023-05-11,600036.SH,34.6,35.33,34.4,34.45,34.4,0.05,0.1453,445802.84,1547837.683,0.0014534883720931369,0.0014524330803150226,34.82600000000001,34.384,35.387166666666666,0.2905634605885666
2023-05-12,600036.SH,34.47,34.55,34.0,34.04,34.45,-0.41,-1.1901,459365.69,1569062.497,-0.011901306240929,-0.011972693754494309,34.696,34.3995,35.32583333333333,0.2886526118872143
2023-05-15,600036.SH,34.09,34.85,33.71,34.7,34.04,0.66,1.9389,528094.53,1811811.263,0.019388954171563055,0.01920338324764031,34.516,34.447500000000005,35.270833333333336,0.2962297798696197
2023-05-16,600036.SH,34.95,35.2,34.57,34.82,34.7,0.12,0.3458,385248.04,1341479.236,0.0034582132564839885,0.003452247387229314,34.482,34.488,35.23166666666667,0.2953588374858758
2023-05-17,600036.SH,34.81,35.13,34.43,34.5,34.82,-0.32,-0.919,396376.35,1380094.248,-0.009190120620333198,-0.009232610302728967,34.502,34.4935,35.185500000000005,0.29521399182681474
2023-05-18,600036.SH,34.73,34.84,34.21,34.45,34.5,-0.05,-0.1449,329012.3,1137523.121,-0.0014492753623187582,-0.0014503265776464136,34.501999999999995,34.456,35.14783333333333,0.2821731066656801
2023-05-19,600036.SH,34.35,34.45,33.94,33.95,34.45,-0.5,-1.4514,392989.8,1339332.375,-0.014513788098693747,-0.014620143454962431,34.484,34.3695,35.07216666666667,0.28059268316421127
2023-05-22,600036.SH,33.98,34.34,33.98,34.2,33.95,0.25,0.7364,296934.41,1014463.033,0.007363770250368162,0.007336790063854308,34.384,34.304500000000004,34.99733333333334,0.28245333802097816
2023-05-23,600036.SH,34.21,34.38,33.6,33.6,34.2,-0.6,-1.7544,346921.26,1177389.441,-0.01754385964912286,-0.017699577099400975,34.14,34.235,34.92133333333334,0.2845587216285613
2023-05-24,600036.SH,33.59,33.59,32.93,32.93,33.6,-0.67,-1.994,463998.73,1541649.339,-0.01994047619047623,-0.020141970580885675,33.826,34.1565,34.83233333333333,0.2886661937151555
2023-05-25,600036.SH,32.76,32.76,32.16,32.42,32.93,-0.51,-1.5487,706051.03,2286618.239,-0.015487397509869383,-0.015608580080742833,33.42,34.097500000000004,34.748333333333335,0.27931844826591845
2023-05-26,600036.SH,32.44,32.86,32.22,32.74,32.42,0.32,0.987,294623.74,958855.792,0.009870450339296788,0.009822055635458857,33.178,34.033,34.67466666666667,0.27749920305435916
2023-05-29,600036.SH,32.95,32.95,32.44,32.69,32.74,-0.05,-0.1527,387300.9,1263259.965,-0.0015271838729384868,-0.0015283512068697813,32.876,33.9765,34.59766666666667,0.27701492316767984
2023-05-30,600036.SH,32.69,32.9,32.36,32.64,32.69,-0.05,-0.153,340071.78,1108840.1,-0.0015295197308043962,-0.001530690640212857,32.684,33.977,34.50416666666667,0.24694701604016306
2023-05-31,600036.SH,32.6,32.8,32.24,32.3,32.64,-0.34,-1.0417,525413.98,1704091.986,-0.01041666666666674,-0.010471299867295478,32.55800000000001,33.912,34.405,0.2230935698004928
2023-06-01,600036.SH,32.31,32.5,32.02,32.06,32.3,-0.24,-0.743,472398.81,1521250.952,-0.007430340557275428,-0.007458083047203847,32.486000000000004,33.808499999999995,34.301833333333335,0.21375294937808567
2023-06-02,600036.SH,32.22,33.1,32.2,33.07,32.06,1.01,3.1503,558856.07,1829053.08,0.03150343106674969,0.03101737981229437,32.552,33.727500000000006,34.23633333333334,0.23737755688132786
2023-06-05,600036.SH,33.07,33.27,32.84,33.04,33.07,-0.03,-0.0907,312730.34,1033695.634,-0.000907166616268551,-0.0009075783409241285,32.622,33.5995,34.17766666666667,0.2123683074249249
2023-06-06,600036.SH,33.04,33.8,32.98,33.07,33.04,0.03,0.0908,386633.75,1288946.278,0.0009079903147699575,0.0009075783409240804,32.708,33.503499999999995,34.12883333333333,0.20674448891378505
2023-06-07,600036.SH,33.25,33.61,33.16,33.3,33.07,0.23,0.6955,338906.35,1132209.544,0.006954944058058521,0.0069308699926965865,32.908,33.4485,34.090833333333336,0.20240350792254938
2023-06-08,600036.SH,33.32,34.22,33.22,34.08,33.3,0.78,2.3423,549615.01,1859578.016,0.023423423423423406,0.02315330497471682,33.312,33.42999999999999,34.075,0.22090140711126957
2023-06-09,600036.SH,34.05,34.25,33.74,33.74,34.08,-0.34,-0.9977,415108.72,1408235.126,-0.009976525821596138,-0.010026624843292633,33.446,33.415,34.05316666666667,0.21968011229503148
2023-06-12,600036.SH,33.73,33.92,33.38,33.73,33.74,-0.01,-0.0296,406773.76,1370601.854,-0.0002963841138116097,-0.0002964280442634761,33.583999999999996,33.366499999999995,34.039,0.20696293954853123
2023-06-13,600036.SH,33.56,33.94,33.5,33.73,33.73,0.0,0.0,231245.56,779060.071,0.0,0.0,33.715999999999994,33.312,34.01983333333333,0.20626324033063567
2023-06-14,600036.SH,33.93,34.04,33.39,33.39,33.73,-0.34,-1.008,382633.1,1289658.685,-0.01008004743551727,-0.010131195117995647,33.733999999999995,33.2565,33.99883333333334,0.2067264419626805
2023-06-15,600036.SH,33.5,33.79,33.31,33.72,33.39,0.33,0.9883,369537.06,1239411.035,0.009883198562443685,0.009834679178091395,33.662,33.22,33.988166666666665,0.21067837260488126
2023-06-16,600036.SH,33.86,34.04,33.75,33.93,33.72,0.21,0.6228,426806.37,1448460.382,0.006227758007117501,0.0062084456624841335,33.7,33.219,33.985,0.2058244594013858
2023-06-19,600036.SH,33.91,33.91,33.56,33.58,33.93,-0.35,-1.0315,278960.62,939883.957,-0.010315355142941351,-0.010368927146744018,33.67,33.188,33.97416666666666,0.20705545577033355
2023-06-20,600036.SH,33.5,33.56,33.1,33.19,33.58,-0.39,-1.1614,307648.75,1024392.135,-0.011614055985705751,-0.01168202591751149,33.562,33.1675,33.95166666666667,0.20170923760792878
2023-06-21,600036.SH,33.06,33.64,33.0,33.17,33.19,-0.02,-0.0603,427865.99,1426164.911,-0.0006025911419100805,-0.0006027727729220593,33.518,33.179500000000004,33.917833333333334,0.1882695582475503
2023-06-26,600036.SH,32.93,33.1,32.42,32.61,33.17,-0.56,-1.6883,432103.0,1410658.235,-0.01688272535423585,-0.01702686315773338,33.296,33.189,33.8875,0.18989229810267388
2023-06-27,600036.SH,32.63,33.01,32.44,32.82,32.61,0.21,0.644,345715.27,1132557.913,0.0064397424103035394,0.006419095860717024,33.074,33.193,33.864333333333335,0.18799431075043463
2023-06-28,600036.SH,32.81,33.18,32.72,33.05,32.82,0.23,0.7008,333818.01,1100128.735,0.007007921998781086,0.00698348063575031,32.968,33.211,33.841833333333334,0.18939746098638702
2023-06-29,600036.SH,33.05,33.18,32.67,32.68,33.05,-0.37,-1.1195,258548.31,848217.753,-0.011195158850226816,-0.011258296305893045,32.866,33.213,33.81783333333333,0.19390294331506835
2023-06-30,600036.SH,32.73,33.0,32.64,32.76,32.68,0.08,0.2448,293613.27,964762.581,0.00244798041615657,0.0024449889930664398,32.784,33.236000000000004,33.791333333333334,0.18995798793849125
2023-07-03,600036.SH,32.9,33.76,32.8,33.72,32.76,0.96,2.9304,453667.67,1515242.663,0.029304029304029422,0.028882874148786146,33.006,33.319,33.78216666666666,0.21234720675133711
2023-07-04,600036.SH,33.6,33.6,33.36,33.51,33.72,-0.21,-0.6228,224086.56,749827.211,-0.006227758007117501,-0.006247231384435739,33.14399999999999,33.340999999999994,33.767833333333336,0.18469489177178
2023-07-05,600036.SH,33.5,33.5,32.84,33.03,33.51,-0.48,-1.4324,413071.58,1365494.25,-0.01432408236347349,-0.014427662346520643,33.14,33.3405,33.747,0.19225309145555966
2023-07-06,600036.SH,33.03,33.12,32.51,32.58,33.03,-0.45,-1.3624,407842.46,1334753.417,-0.013623978201634968,-0.013717636228799306,33.12,33.316,33.72666666666667,0.19822447862675185
2023-07-07,600036.SH,32.5,32.58,32.29,32.31,32.58,-0.27,-0.8287,472794.4,1530388.129,-0.008287292817679481,-0.008321823337492106,33.03,33.26649999999999,33.69616666666666,0.1978290283526408
2023-07-10,600036.SH,32.52,32.69,32.33,32.45,32.31,0.14,0.4333,272076.77,883689.382,0.004333023831631033,0.0043236633136920725,32.775999999999996,33.185,33.666333333333334,0.17646603271593297
2023-07-11,600036.SH,32.73,32.8,32.47,32.71,32.45,0.26,0.8012,329166.54,1074347.765,0.008012326656394286,0.007980398400193375,32.616,33.133500000000005,33.64933333333333,0.1777556198500941
2023-07-12,600036.SH,32.72,33.44,32.72,33.2,32.71,0.49,1.498,632049.33,2098753.494,0.014980128401100634,0.01486903437215037,32.65,33.107,33.64033333333334,0.18713925627237366
2023-07-13,600036.SH,31.99,32.0,31.45,31.85,31.46,0.39,1.2397,563850.28,1791570.807,-0.0406626506024097,-0.04151249390427057,32.504000000000005,33.013,33.60433333333334,0.23467352947198505
2023-07-14,600036.SH,31.94,32.19,31.78,31.93,31.85,0.08,0.2512,347520.56,1111472.582,0.0025117739403452966,0.002508624708518224,32.428,32.94,33.56333333333334,0.23371799575634114
2023-07-17,600036.SH,31.77,31.78,31.43,31.65,31.93,-0.28,-0.8769,262002.79,827190.406,-0.008769182586908952,-0.008807858136505545,32.268,32.8365,33.50416666666667,0.2303566996744069
2023-07-18,600036.SH,31.65,31.77,31.39,31.46,31.65,-0.19,-0.6003,316389.46,996591.508,-0.006003159557661841,-0.006021250960053341,32.018,32.713,33.43383333333333,0.2278927993371592
2023-07-19,600036.SH,31.29,31.64,31.26,31.58,31.46,0.12,0.3814,240295.64,755090.293,0.0038143674507309377,0.003807111197364118,31.694,32.613,33.368500000000004,0.22795020462914545
2023-07-20,600036.SH,31.77,32.1,31.6,31.69,31.58,0.11,0.3483,272394.43,867690.876,0.003483217226092572,0.0034771648753334538,31.662,32.538000000000004,33.3135,0.2266501292209432
2023-07-21,600036.SH,31.8,31.98,31.61,31.8,31.69,0.11,0.3471,315669.0,1004431.833,0.0034711265383402523,0.003465116083301855,31.636000000000003,32.4695,33.268499999999996,0.22749355188992537
2023-07-24,600036.SH,31.46,31.73,31.4,31.45,31.8,-0.35,-1.1006,239122.03,753332.483,-0.011006289308176154,-0.011067306639681673,31.595999999999997,32.411500000000004,33.23266666666667,0.22331554175853754
2023-07-25,600036.SH,32.0,33.35,32.0,33.27,31.45,1.82,5.787,1261620.96,4159900.848,0.05786963434022274,0.05625710688393598,31.958000000000006,32.434000000000005,33.22,0.3071187275579874
2023-07-26,600036.SH,33.27,33.73,33.07,33.35,33.27,0.08,0.2405,501751.4,1673625.171,0.002404568680492991,0.0024016823312474206,32.312000000000005,32.449,33.21216666666667,0.3063295676374896
2023-07-27,600036.SH,33.5,33.82,33.2,33.66,33.35,0.31,0.9295,548488.96,1845231.37,0.009295352323837935,0.009252416401027079,32.706,32.498000000000005,33.22933333333334,0.3044707930167724
2023-07-28,600036.SH,33.49,35.29,33.41,35.1,33.66,1.44,4.2781,1256287.59,4358344.107,0.042780748663101775,0.04189094170916034,33.366,32.615,33.254333333333335,0.33771555326552616
2023-07-31,600036.SH,35.52,36.04,35.01,35.56,35.1,0.46,1.3105,1162756.05,4127807.307,0.013105413105413133,0.013020280173883729,34.188,32.707,33.27816666666667,0.3261017488721861
2023-08-01,600036.SH,35.53,35.58,34.77,34.99,35.56,-0.57,-1.6029,660095.85,2316910.863,-0.016029246344206993,-0.01615910426610719,34.532000000000004,32.781,33.283166666666666,0.33153440270356144
2023-08-02,600036.SH,34.16,34.82,33.77,34.03,34.99,-0.96,-2.7436,915357.61,3124298.66,-0.02743641040297229,-0.02781981786678231,34.668,32.831,33.257,0.34334707533441877
2023-08-03,600036.SH,34.02,34.78,33.87,34.68,34.03,0.65,1.9101,509293.81,1750414.829,0.019100793417572648,0.018920663399526663,34.872,32.936,33.25183333333334,0.3436100577955852
2023-08-04,600036.SH,35.08,35.5,34.72,34.88,34.68,0.2,0.5767,812642.48,2854335.236,0.005767012687428075,0.005750447128437938,34.828,33.0645,33.25983333333333,0.3409087459343181
2023-08-07,600036.SH,34.75,34.78,34.28,34.5,34.88,-0.38,-1.0894,344671.92,1187405.635,-0.010894495412844152,-0.010954275003464922,34.616,33.167,33.260666666666665,0.3450022625377058
2023-08-08,600036.SH,34.33,34.65,33.81,34.15,34.5,-0.35,-1.0145,502282.55,1715919.7,-0.010144927536231974,-0.010196738020515093,34.448,33.239,33.2625,0.34771539832895565
2023-08-09,600036.SH,34.02,34.31,33.95,34.02,34.15,-0.13,-0.3807,386832.5,1318960.193,-0.0038067349926792504,-0.0038139990490832607,34.446,33.28,33.25116666666666,0.3450722171650548
2023-08-10,600036.SH,33.9,34.25,33.8,34.14,34.02,0.12,0.3527,287724.69,978706.457,0.003527336860670083,0.0035211303985787394,34.33800000000001,33.3945,33.23983333333334,0.30712202727327603
2023-08-11,600036.SH,34.16,34.47,33.15,33.15,34.14,-0.99,-2.8998,606240.04,2032299.867,-0.02899824253075578,-0.02942700073442311,33.992,33.45550000000001,33.217333333333336,0.32830981008688276
2023-08-14,600036.SH,32.8,32.83,32.25,32.46,33.15,-0.69,-2.0814,667072.91,2167337.311,-0.020814479638008976,-0.021034154545426283,33.583999999999996,33.495999999999995,33.18416666666666,0.33627496632466125
2023-08-15,600036.SH,32.46,32.64,32.15,32.36,32.46,-0.1,-0.3081,582959.14,1887265.044,-0.0030807147258163914,-0.003085469896154216,33.226,33.541000000000004,33.157666666666664,0.335572349670632
2023-08-16,600036.SH,32.15,32.25,31.88,31.97,32.36,-0.39,-1.2052,580151.81,1857011.416,-0.012051915945611835,-0.012125129118540828,32.816,33.560500000000005,33.1205,0.33890607740992934
2023-08-17,600036.SH,31.78,31.87,31.49,31.79,31.97,-0.18,-0.563,646075.69,2043578.651,-0.005630278385986842,-0.005646188149038723,32.346,33.5655,33.090333333333334,0.3395021645826748
2023-08-18,600036.SH,31.75,32.63,31.75,31.88,31.79,0.09,0.2831,674594.67,2169641.216,0.0028310789556464933,0.002827078999303017,32.092,33.5695,33.07283333333333,0.3394322527643882
2023-08-21,600036.SH,31.81,31.84,31.13,31.13,31.88,-0.75,-2.3526,809575.31,2537398.399,-0.02352572145545795,-0.02380686946849747,31.826,33.5535,33.05133333333334,0.34778869085888614
2023-08-22,600036.SH,31.21,31.47,31.0,31.32,31.13,0.19,0.6103,601070.44,1877097.295,0.006103437198843542,0.006084886669085535,31.617999999999995,33.456,33.02766666666667,0.27361203854506905
2023-08-23,600036.SH,31.2,31.44,30.85,30.85,31.32,-0.47,-1.5006,560743.58,1743312.676,-0.015006385696040847,-0.01512012077120551,31.394,33.331,32.997,0.27612465869123737
2023-08-24,600036.SH,31.0,31.15,30.8,31.06,30.85,0.21,0.6807,412256.14,1277299.345,0.0068071312803887896,0.006784067369144002,31.248,33.201,32.970666666666666,0.27470366285385917
2023-08-25,600036.SH,31.0,31.85,30.9,31.56,31.06,0.5,1.6098,647471.34,2028793.535,0.016097875080489432,0.01596967825713254,31.184000000000005,33.024,32.958333333333336,0.22674610250448937
2023-08-28,600036.SH,33.3,33.93,32.03,32.26,31.56,0.7,2.218,1405093.67,4608776.006,0.02217997465145749,0.02193757671938926,31.410000000000004,32.859,32.961666666666666,0.23845065295696777
2023-08-29,600036.SH,32.26,32.44,31.77,32.04,32.26,-0.22,-0.682,721169.98,2310485.794,-0.0068195908245505255,-0.00684295049690433,31.553999999999995,32.7115,32.9445,0.2348871594879784
2023-08-30,600036.SH,32.19,32.19,31.55,31.66,32.04,-0.38,-1.186,639801.58,2031430.069,-0.011860174781523014,-0.0119310677472923,31.716,32.593,32.9215,0.22060200219891996
2023-08-31,600036.SH,31.8,32.08,31.49,31.55,31.66,-0.11,-0.3474,503220.17,1595044.491,-0.003474415666456121,-0.0034804654656439508,31.814,32.4365,32.896166666666666,0.20382825152468131
2023-09-01,600036.SH,31.95,32.63,31.88,32.27,31.55,0.72,2.2821,697526.19,2250478.414,0.022820919175911225,0.022564417076648264,31.956,32.306,32.879,0.2234239292836503
2023-09-04,600036.SH,32.58,33.61,32.47,33.53,32.27,1.26,3.9046,1104299.32,3671655.441,0.0390455531453362,0.03830255441426669,32.21,32.2575,32.86983333333333,0.26819265412796794
2023-09-05,600036.SH,33.3,33.44,32.97,33.11,33.53,-0.42,-1.2526,447322.61,1483496.734,-0.012526096033402934,-0.012605208918982279,32.424,32.2055,32.85933333333333,0.26936601444975256
2023-09-06,600036.SH,33.1,33.46,32.77,33.36,33.11,0.25,0.7551,546740.47,1812037.299,0.007550588945937742,0.007522225931391063,32.763999999999996,32.1725,32.85316666666667,0.27103684202112693
2023-09-07,600036.SH,33.31,33.31,33.01,33.14,33.36,-0.22,-0.6595,358701.98,1188879.205,-0.00659472422062346,-0.006616565492129114,33.08200000000001,32.1225,32.843333333333334,0.2712544170499208
2023-09-08,600036.SH,33.0,33.26,32.95,33.17,33.14,0.03,0.0905,298500.98,989879.153,0.0009052504526252392,0.0009048409605442108,33.262,32.12349999999999,32.839666666666666,0.2508238041894291
2023-09-11,600036.SH,33.13,33.29,32.91,32.91,33.17,-0.26,-0.7838,632873.69,2091952.941,-0.007838408200181002,-0.007869290003712599,33.138,32.146,32.82616666666667,0.24045530827675893
2023-09-12,600036.SH,32.9,33.05,32.82,32.88,32.91,-0.03,-0.0912,277590.78,914017.922,-0.0009115770282587254,-0.0009119927672692397,33.092,32.172000000000004,32.80866666666667,0.24011442810704073
2023-09-13,600036.SH,32.95,33.08,32.66,32.75,32.88,-0.13,-0.3954,298915.34,980129.608,-0.0039537712895377775,-0.003961608106718306,32.97,32.211,32.79483333333334,0.23600400980888742
2023-09-14,600036.SH,32.95,33.19,32.85,33.07,32.75,0.32,0.9771,437343.9,1443840.329,0.009770992366412212,0.009723564912440488,32.955999999999996,32.275,32.792833333333334,0.23632861450885315
2023-09-15,600036.SH,33.3,33.42,32.8,32.96,33.07,-0.11,-0.3326,439602.15,1453249.853,-0.003326277592984539,-0.0033318219524304253,32.914,32.329,32.78933333333333,0.23707859230713968
2023-09-18,600036.SH,32.87,33.05,32.7,33.02,32.96,0.06,0.182,360401.92,1186454.306,0.001820388349514701,0.0018187334507111384,32.936,32.423500000000004,32.796166666666664,0.21746728719477748
2023-09-19,600036.SH,33.0,33.0,32.72,32.96,33.02,-0.06,-0.1817,384652.7,1263587.161,-0.00181708055723806,-0.001818733450711023,32.952000000000005,32.5055,32.7985,0.2178043718832503
2023-09-20,600036.SH,32.86,32.86,32.63,32.73,32.96,-0.23,-0.6978,309317.58,1012842.173,-0.006978155339805947,-0.00700261652818193,32.948,32.5995,32.793166666666664,0.21093158905944823
2023-09-21,600036.SH,32.75,32.81,32.37,32.37,32.73,-0.36,-1.0999,390318.54,1270724.458,-0.010999083409715893,-0.011060020574936196,32.80800000000001,32.665,32.788,0.21612517179925447
2023-09-22,600036.SH,32.59,33.37,32.32,33.34,32.37,0.97,2.9966,712833.16,2349131.841,0.029966017917825383,0.02952580938449519,32.884,32.754000000000005,32.797666666666665,0.23294357508336155
2023-09-25,600036.SH,33.28,33.28,32.9,33.0,33.34,-0.34,-1.0198,456515.41,1506238.619,-0.010197960407918538,-0.01025031585616783,32.88,32.791,32.78566666666667,0.2255395496267195
2023-09-26,600036.SH,32.93,33.08,32.75,32.8,33.0,-0.2,-0.6061,322023.56,1058673.65,-0.0060606060606061,-0.006079046076382226,32.848,32.829,32.773833333333336,0.22519614012100997
2023-09-27,600036.SH,32.9,33.09,32.75,32.82,32.8,0.02,0.061,352466.79,1159673.83,0.0006097560975610872,0.0006095702718469018,32.866,32.887,32.77033333333333,0.21984163405758828
2023-09-28,600036.SH,33.02,33.14,32.75,32.97,32.82,0.15,0.457,388564.69,1280959.169,0.004570383912248621,0.00455997142169484,32.986000000000004,32.958,32.77683333333333,0.2190911223527937
2023-10-09,600036.SH,32.7,32.7,32.38,32.58,32.97,-0.39,-1.1829,361342.67,1176010.754,-0.011828935395814422,-0.01189945390974066,32.833999999999996,32.9735,32.781333333333336,0.21038196222972377
2023-10-10,600036.SH,33.12,33.13,32.59,32.59,32.58,0.01,0.0307,342636.98,1123856.356,0.00030693677102533456,0.00030688967557126876,32.751999999999995,32.9265,32.78366666666667,0.15369446398476067
2023-10-11,600036.SH,32.84,32.85,32.4,32.45,32.59,-0.14,-0.4296,376091.24,1226529.938,-0.004295796256520434,-0.0043050496993712025,32.682,32.8935,32.779333333333334,0.14846324853921716
2023-10-12,600036.SH,32.99,33.33,32.78,33.07,32.45,0.62,1.9106,617459.63,2041713.576,0.01910631741140212,0.018926083843602375,32.732000000000006,32.879,32.777166666666666,0.16227815059071385
2023-10-13,600036.SH,32.78,32.88,32.51,32.61,33.07,-0.46,-1.391,410371.87,1341527.525,-0.013909888116117375,-0.014007537192473697,32.66,32.8525,32.789833333333334,0.1679671306049694
2023-10-16,600036.SH,32.58,32.66,32.24,32.31,32.61,-0.3,-0.92,286774.14,928068.013,-0.009199632014719294,-0.009242209964820761,32.606,32.8095,32.796166666666664,0.17045533036310861
2023-10-17,600036.SH,32.39,32.6,32.22,32.52,32.31,0.21,0.65,286229.14,928757.316,0.006499535747446661,0.006478504843203004,32.592,32.79,32.81066666666667,0.17071221780774656
2023-10-18,600036.SH,32.49,32.64,32.41,32.49,32.52,-0.03,-0.0923,249316.67,810933.178,-0.0009225092250922939,-0.0009229349986009506,32.6,32.7705,32.82783333333334,0.1707125366116039
2023-10-19,600036.SH,32.4,32.4,31.52,31.57,32.49,-0.92,-2.8316,604293.38,1922080.369,-0.02831640504770705,-0.028725047111108713,32.3,32.7115,32.827666666666666,0.19704372298522113
2023-10-20,600036.SH,31.49,31.81,31.4,31.65,31.57,0.08,0.2534,372589.37,1178535.483,0.0025340513145390986,0.002530846020284888,32.108000000000004,32.6405,32.827000000000005,0.193060912262864
2023-10-23,600036.SH,31.59,31.65,31.0,31.23,31.65,-0.42,-1.327,393801.84,1232365.016,-0.013270142180094702,-0.0133589772951979,31.892000000000003,32.554,32.8175,0.19706872052264574
2023-10-24,600036.SH,31.38,31.41,31.04,31.3,31.23,0.07,0.2241,365526.63,1142319.006,0.0022414345180916673,0.002238926251120414,31.648000000000003,32.468,32.815000000000005,0.19720014847570272
2023-10-25,600036.SH,31.6,31.75,31.2,31.42,31.3,0.12,0.3834,375693.32,1179249.724,0.00383386581469658,0.0038265352813676595,31.433999999999997,32.391,32.78416666666667,0.19851279275158593
2023-10-26,600036.SH,31.36,31.75,31.26,31.5,31.42,0.08,0.2546,287029.85,904374.422,0.0025461489497136114,0.0025429130041123332,31.419999999999998,32.329499999999996,32.75333333333334,0.19842459495491283
2023-10-27,600036.SH,31.45,31.65,31.15,31.53,31.5,0.03,0.0952,391452.76,1231933.968,0.0009523809523810378,0.0009519277253821558,31.395999999999997,32.28750000000001,32.71783333333334,0.19562251849143814
2023-10-30,600036.SH,31.01,31.13,30.55,30.9,31.53,-0.63,-1.9981,838500.56,2582604.676,-0.019980970504281714,-0.02018328965326975,31.330000000000002,32.1655,32.64783333333333,0.16838627211980114
2023-10-31,600036.SH,30.74,30.99,30.61,30.76,30.9,-0.14,-0.4531,528015.99,1624462.29,-0.0045307443365695255,-0.004541039266256499,31.221999999999998,32.0535,32.56783333333333,0.16669628826088462
2023-11-01,600036.SH,30.8,30.88,30.43,30.45,30.76,-0.31,-1.0078,529897.07,1617976.148,-0.01007802340702213,-0.010129150481537218,31.028000000000002,31.935999999999996,32.49216666666667,0.1681327017886883
2023-11-02,600036.SH,30.6,30.81,30.51,30.68,30.45,0.23,0.7553,364667.71,1118895.486,0.007553366174055887,0.007524982343149464,30.863999999999997,31.829,32.43633333333334,0.17222634448413882
2023-11-03,600036.SH,30.68,31.04,30.6,30.99,30.68,0.31,1.0104,439568.79,1357177.293,0.010104302477183857,0.010053595300601457,30.756,31.73,32.374833333333335,0.17664793416370517
2023-11-06,600036.SH,31.15,31.35,30.96,31.14,30.99,0.15,0.484,519823.85,1617714.882,0.004840271055179146,0.004828594606195457,30.804000000000002,31.657999999999998,32.3125,0.17554520920492328
2023-11-07,600036.SH,31.14,31.14,30.65,30.8,31.14,-0.34,-1.0918,516240.67,1589834.114,-0.010918432883750828,-0.010978476426323512,30.812,31.5685,32.25083333333334,0.1779257260815815
2023-11-08,600036.SH,30.74,30.78,30.5,30.6,30.8,-0.2,-0.6494,445182.98,1363161.957,-0.00649350649350644,-0.006514681021193642,30.842000000000002,31.476,32.19166666666667,0.1783477557852274
2023-11-09,600036.SH,30.55,30.78,30.52,30.66,30.6,0.06,0.1961,327649.58,1003833.045,0.0019607843137254832,0.0019588644853329716,30.838,31.3555,32.135666666666665,0.15973959747263938
2023-11-10,600036.SH,30.5,30.56,30.1,30.16,30.66,-0.5,-1.6308,516964.62,1561581.974,-0.016307893020221842,-0.0164423303039128,30.672000000000004,31.233000000000004,32.06933333333333,0.16197803990317505
2023-11-13,600036.SH,30.17,30.27,29.61,29.82,30.16,-0.34,-1.1273,634242.73,1891693.842,-0.011273209549071628,-0.011337233803162974,30.408000000000005,31.1085,32.01383333333334,0.16305044240722935
2023-11-14,600036.SH,29.87,30.2,29.86,30.2,29.82,0.38,1.2743,448342.67,1347710.79,0.012743125419181656,0.012662615044231496,30.288,30.9925,31.976166666666664,0.1697276763239138
2023-11-15,600036.SH,30.45,30.77,30.39,30.64,30.2,0.44,1.457,601939.6,1842095.992,0.014569536423841178,0.014464420491566713,30.296,30.9,31.947499999999998,0.1815155768887178
2023-11-16,600036.SH,30.67,30.77,30.37,30.54,30.64,-0.1,-0.3264,315719.93,965161.754,-0.0032637075718016106,-0.0032690450819042186,30.272000000000002,30.8485,31.92366666666667,0.15473180289596922
2023-11-17,600036.SH,30.46,30.52,30.1,30.33,30.54,-0.21,-0.6876,432452.82,1308022.703,-0.006876227897838927,-0.006899978089996664,30.306,30.7825,31.89933333333333,0.15499289832091884
2023-11-20,600036.SH,30.34,30.59,30.14,30.58,30.33,0.25,0.8243,369227.08,1123420.442,0.00824266402901408,0.008208878800426407,30.458,30.75,31.877666666666666,0.15319834291280746
2023-11-21,600036.SH,30.75,30.87,30.37,30.43,30.58,-0.15,-0.4905,488544.7,1497630.759,-0.004905166775670322,-0.004917236592036483,30.503999999999998,30.7065,31.865999999999996,0.1532889330781092
2023-11-22,600036.SH,30.3,30.41,30.15,30.16,30.43,-0.27,-0.8873,273705.42,828342.908,-0.00887282287216562,-0.00891242076912438,30.407999999999998,30.6435,31.846666666666668,0.15420722045727478
2023-11-23,600036.SH,30.02,30.21,29.95,30.14,30.16,-0.02,-0.0663,299793.83,900540.283,-0.0006631299734748408,-0.0006633499414059624,30.327999999999996,30.575499999999998,31.834833333333336,0.15337103862353257
2023-11-24,600036.SH,30.06,30.1,29.93,30.0,30.14,-0.14,-0.4645,291162.76,873539.196,-0.004644990046449915,-0.00465581153619404,30.262,30.498999999999995,31.817166666666665,0.1531513659435113
2023-11-27,600036.SH,30.0,30.03,29.29,29.4,30.0,-0.6,-2.0,581019.58,1714186.982,-0.020000000000000018,-0.020202707317519466,30.026,30.424,31.781166666666664,0.15318028580196952
2023-11-28,600036.SH,29.41,29.49,29.04,29.16,29.4,-0.24,-0.8163,475165.11,1389229.278,-0.008163265306122436,-0.008196767204178515,29.772,30.344,31.729499999999998,0.15437568384031553
2023-11-29,600036.SH,29.2,29.24,28.68,28.8,29.16,-0.36,-1.2346,620637.52,1789462.813,-0.012345679012345623,-0.012422519998557096,29.5,30.2615,31.6755,0.15602924099896426
2023-11-30,600036.SH,28.8,28.98,28.6,28.79,28.8,-0.01,-0.0347,551560.06,1585194.742,-0.0003472222222222765,-0.00034728251781579624,29.23,30.167,31.627666666666663,0.15157602628686262
2023-12-01,600036.SH,28.72,28.74,28.07,28.26,28.79,-0.53,-1.8409,882736.44,2496795.77,-0.01840916985064245,-0.018580727367702984,28.881999999999998,30.0305,31.57283333333333,0.15234469673504358
2023-12-04,600036.SH,28.27,28.46,28.02,28.08,28.26,-0.18,-0.6369,557878.3,1569603.288,-0.006369426751592466,-0.006389798098771122,28.618000000000002,29.877499999999998,31.503,0.14831746191458173
2023-12-05,600036.SH,28.06,28.07,27.5,27.51,28.08,-0.57,-2.0299,618901.67,1717656.519,-0.020299145299145227,-0.020508004221127123,28.288,29.713,31.40266666666667,0.15668590656114761
2023-12-06,600036.SH,27.56,27.96,27.45,27.76,27.51,0.25,0.9088,611259.26,1697947.805,0.00908760450745194,0.009046560702120685,28.080000000000002,29.570999999999998,31.3135,0.1650281041457179
2023-12-07,600036.SH,27.77,27.94,27.29,27.81,27.76,0.05,0.1801,594966.98,1643064.047,0.0018011527377521652,0.0017995326072697282,27.884000000000004,29.428500000000003,31.221,0.16494222939168365
2023-12-08,600036.SH,27.7,27.95,27.5,27.5,27.81,-0.31,-1.1147,533497.65,1479206.064,-0.011147069399496501,-0.011209663573347784,27.732,29.295499999999997,31.127000000000002,0.16114638713038543
2023-12-11,600036.SH,27.25,27.85,26.9,27.76,27.5,0.26,0.9455,758085.97,2067921.108,0.009454545454545604,0.009410130966078291,27.668,29.192500000000003,31.036833333333334,0.166399320940146
2023-12-12,600036.SH,27.7,28.07,27.61,28.05,27.76,0.29,1.0447,504201.11,1409339.298,0.01044668587896247,0.010392496330101504,27.776,29.084999999999997,30.95583333333333,0.16359850360238087
2023-12-13,600036.SH,27.92,27.92,27.2,27.22,28.05,-0.83,-2.959,671239.32,1844591.027,-0.02959001782531201,-0.030036634745385378,27.668,28.913999999999998,30.8615,0.17323511403933567
2023-12-14,600036.SH,27.44,27.64,27.03,27.03,27.22,-0.19,-0.698,445268.08,1214879.008,-0.0069801616458485816,-0.007004636934963716,27.512,28.7385,30.766166666666667,0.17300328944136176
2023-12-15,600036.SH,27.47,28.05,27.2,27.23,27.03,0.2,0.7399,980686.59,2697705.037,0.007399186089530163,0.0073719463973120035,27.458,28.583499999999997,30.668833333333332,0.17937963265247298
2023-12-18,600036.SH,27.0,27.38,26.9,27.28,27.23,0.05,0.1836,477164.25,1299068.335,0.0018362100624311761,0.0018345262895931543,27.362000000000002,28.4185,30.574166666666667,0.17432773623332215
2023-12-19,600036.SH,27.2,27.35,27.02,27.29,27.28,0.01,0.0367,376573.73,1024185.206,0.0003665689149559004,0.00036650174498564184,27.209999999999997,28.2615,30.478666666666662,0.17562024787383665
2023-12-20,600036.SH,27.31,27.41,27.06,27.06,27.29,-0.23,-0.8428,531128.08,1446520.286,-0.008427995602784955,-0.008463711977605174,27.177999999999997,28.1065,30.380333333333336,0.17550970434239835
2023-12-21,600036.SH,26.98,27.75,26.92,27.71,27.06,0.65,2.4021,759104.81,2082187.758,0.024020694752402205,0.0237367361322452,27.314,27.985000000000003,30.29666666666667,0.20383669562123757
2023-12-22,600036.SH,27.78,27.85,27.41,27.61,27.71,-0.1,-0.3609,623643.72,1721377.205,-0.0036088054853843365,-0.0036153329328239827,27.389999999999997,27.865500000000004,30.217333333333332,0.20383418564272845
2023-12-25,600036.SH,27.6,27.72,27.42,27.53,27.61,-0.08,-0.2898,419033.86,1154001.375,-0.0028975009054689194,-0.0029017067875470024,27.439999999999998,27.772,30.1205,0.19494636650833985
2023-12-26,600036.SH,27.49,27.49,27.16,27.27,27.53,-0.26,-0.9444,365257.08,997177.589,-0.009444242644388035,-0.009489122297018884,27.436,27.6775,30.025,0.19543059485639663
2023-12-27,600036.SH,27.33,27.37,27.05,27.3,27.27,0.03,0.11,410636.87,1117439.216,0.0011001100110010764,0.0010995053334168679,27.483999999999998,27.602500000000003,29.933333333333334,0.19296378844300757
2023-12-28,600036.SH,27.25,28.13,27.25,27.99,27.3,0.69,2.5275,1061062.85,2953200.858,0.025274725274725185,0.024960601336448014,27.54,27.5625,29.85283333333333,0.21688271015980773
2023-12-29,600036.SH,27.9,28.05,27.77,27.82,27.99,-0.17,-0.6074,655773.45,1827818.811,-0.006073597713469048,-0.00609211703206525,27.582,27.540499999999998,29.767000000000003,0.20823857936140144
2024-01-02,600036.SH,27.95,27.96,27.56,27.58,27.82,-0.24,-0.8627,542194.8,1500865.548,-0.008626887131560124,-0.008664314130141194,27.592000000000002,27.515500000000003,29.683666666666667,0.2092053135486616
2024-01-03,600036.SH,27.58,27.84,27.52,27.77,27.58,0.19,0.6889,433955.88,1200383.624,0.006889050036258171,0.006865428953552439,27.692,27.5285,29.603333333333335,0.19755765380148718
2024-01-04,600036.SH,27.76,27.83,27.36,27.81,27.77,0.04,0.144,637102.49,1759101.593,0.0014404033129276073,0.0014393669271652843,27.794,27.531,29.526,0.195019961333746
2024-01-05,600036.SH,27.75,28.78,27.62,28.29,27.81,0.48,1.726,1190633.15,3376466.447,0.01725997842502691,0.017112717067602284,27.853999999999996,27.555,29.44633333333333,0.204245383563501
2024-01-08,600036.SH,28.17,28.59,27.95,28.13,28.29,-0.16,-0.5656,816820.7,2305065.736,-0.005655708731000408,-0.005671762811710392,27.915999999999997,27.5865,29.371666666666666,0.20083886049576272
2024-01-09,600036.SH,28.12,28.28,27.9,28.17,28.13,0.04,0.1422,558663.06,1569684.23,0.0014219694276573769,0.0014209593865158216,28.034000000000002,27.607,29.302666666666667,0.198475052360126
2024-01-10,600036.SH,28.02,28.35,28.02,28.05,28.17,-0.12,-0.426,453640.48,1277638.873,-0.004259850905218299,-0.0042689499195758904,28.089999999999996,27.607000000000006,29.228166666666667,0.19584986670763024
2024-01-11,600036.SH,28.0,28.57,27.85,28.38,28.05,0.33,1.1765,735318.26,2082611.272,0.0117647058823529,0.011696039763191236,28.204,27.665000000000003,29.159666666666666,0.16542895332236462
2024-01-12,600036.SH,28.26,28.78,28.26,28.54,28.38,0.16,0.5638,577832.01,1652242.626,0.005637773079633535,0.005621940316793748,28.253999999999998,27.740500000000004,29.109166666666667,0.1622351615193609
2024-01-15,600036.SH,28.5,28.94,28.37,28.77,28.54,0.23,0.8059,482452.29,1383953.76,0.008058864751226302,0.008026565514766139,28.381999999999998,27.817500000000003,29.06116666666667,0.16250145098012322
2024-01-16,600036.SH,28.63,29.13,28.6,29.13,28.77,0.36,1.2513,853440.24,2469511.282,0.012513034410844615,0.012435393407886675,28.574,27.909999999999997,29.026166666666665,0.16603917891198744
2024-01-17,600036.SH,29.12,29.58,29.03,29.19,29.13,0.06,0.206,1308601.46,3843478.823,0.002059732234809486,0.0020576138946801622,28.802,28.005000000000003,28.991,0.16574585569962386
2024-01-18,600036.SH,28.94,29.68,28.6,29.58,29.19,0.39,1.3361,1295126.45,3762050.846,0.013360739979444869,0.01327227241663021,29.042,28.131,28.96033333333333,0.1631083682597889
2024-01-19,600036.SH,29.37,29.9,29.14,29.73,29.58,0.15,0.5071,968616.23,2865398.412,0.005070993914807476,0.005058179727352745,29.28,28.232,28.930833333333332,0.1460219669947603
2024-01-22,600036.SH,29.76,30.5,29.7,30.25,29.73,0.52,1.7491,1549702.67,4691297.1,0.01749075008409018,0.01733954746684419,29.576,28.363999999999997,28.909499999999998,0.15138394418135906
2024-01-23,600036.SH,30.01,30.35,29.8,29.99,30.25,-0.26,-0.8595,886055.52,2661547.376,-0.008595041322314145,-0.008632191715932845,29.748,28.487000000000002,28.894333333333336,0.15640384259156076
2024-01-24,600036.SH,30.15,30.29,29.38,30.09,29.99,0.1,0.3334,974892.39,2904947.629,0.0033344448149383865,0.0033288978810362075,29.927999999999997,28.628000000000004,28.883166666666668,0.14781447294243685
2024-01-25,600036.SH,30.31,31.0,30.18,30.9,30.09,0.81,2.6919,1234509.22,3791899.866,0.02691924227318032,0.02656329326174579,30.191999999999997,28.808,28.890666666666668,0.1661202100587763
2024-01-26,600036.SH,30.92,31.35,30.66,31.12,30.9,0.22,0.712,1009915.78,3132788.305,0.007119741100323651,0.007094515406491101,30.47,28.964499999999997,28.898,0.15031227050083842
2024-01-29,600036.SH,31.2,31.6,31.17,31.35,31.12,0.23,0.7391,838824.33,2632393.04,0.0073907455012853784,0.00736356776873888,30.690000000000005,29.141000000000002,28.904,0.1442069385980861
2024-01-30,600036.SH,31.2,31.5,30.78,31.0,31.35,-0.35,-1.1164,743999.13,2316762.5,-0.011164274322169154,-0.011227062593783553,30.892000000000003,29.312,28.901666666666667,0.14786231829855995
2024-01-31,600036.SH,30.92,31.19,30.59,30.71,31.0,-0.29,-0.9355,808949.28,2494516.011,-0.009354838709677349,-0.009398870032415175,31.016,29.458999999999996,28.900166666666667,0.1573626787669148
2024-02-01,600036.SH,30.67,30.84,30.2,30.42,30.71,-0.29,-0.9443,859700.09,2621519.218,-0.009443178117876871,-0.009488047621584162,30.919999999999998,29.589500000000005,28.897166666666667,0.16525540563389188
2024-02-02,600036.SH,30.45,30.66,29.64,30.23,30.42,-0.19,-0.6246,987291.65,2986530.108,-0.0062458908612754716,-0.006265478039780107,30.742,29.686500000000002,28.889999999999997,0.16230837773275997
2024-02-05,600036.SH,30.23,30.95,30.06,30.71,30.23,0.48,1.5878,1063978.81,3246673.368,0.01587826662256031,0.015753525661364256,30.613999999999997,29.815499999999997,28.899166666666666,0.16440942544130205
2024-02-06,600036.SH,30.71,31.35,30.6,31.33,30.71,0.62,2.0189,1062158.43,3296036.54,0.020188863562357495,0.01998777051136932,30.68,29.9735,28.92433333333333,0.17309470282537925
2024-02-07,600036.SH,31.42,31.48,30.81,31.31,31.33,-0.02,-0.0638,1110510.58,3458135.329,-0.0006383657835939971,-0.0006385696257860324,30.8,30.136499999999995,28.942833333333336,0.17088118256288992
2024-02-08,600036.SH,31.31,31.45,31.02,31.4,31.31,0.09,0.2874,873004.36,2728137.528,0.0028744809964866835,0.0028703575758932923,30.996,30.2875,28.955499999999997,0.169513227621086
2024-02-19,600036.SH,31.99,31.99,31.41,31.62,31.4,0.22,0.7006,875490.1,2770406.837,0.007006369426751702,0.006981938867118385,31.274,30.441499999999998,28.9735,0.16963793850490158
2024-02-20,600036.SH,31.62,31.62,31.29,31.4,31.62,-0.22,-0.6958,606404.69,1907541.533,-0.006957621758380883,-0.006981938867118388,31.412,30.573,28.991333333333333,0.17457375588274088
2024-02-21,600036.SH,31.4,33.39,31.35,33.0,31.4,1.6,5.0955,1528656.12,5003152.628,0.05095541401273884,0.04969966855227254,31.746,30.7665,29.031666666666663,0.2394335404861389
2024-02-22,600036.SH,32.81,32.95,32.39,32.8,33.0,-0.2,-0.6061,752760.38,2461009.465,-0.0060606060606061,-0.006079046076382226,32.044,30.946999999999996,29.07116666666667,0.24307631880939848
2024-02-23,600036.SH,32.81,33.4,32.62,32.95,32.8,0.15,0.4573,639848.72,2118316.307,0.004573170731707599,0.004562745558418458,32.354,31.115500000000004,29.117666666666665,0.24152255975871545
2024-02-26,600036.SH,32.86,33.06,32.08,32.25,32.95,-0.7,-2.1244,666390.18,2163023.087,-0.02124430955993939,-0.02147321770673482,32.48,31.241500000000002,29.15283333333333,0.2595573406509003
2024-02-27,600036.SH,32.24,32.4,31.99,32.18,32.25,-0.07,-0.2171,543491.54,1746108.592,-0.0021705426356589674,-0.0021729016775443983,32.636,31.338,29.189166666666665,0.2555577895586616
2024-02-28,600036.SH,32.29,32.29,31.6,32.02,32.18,-0.16,-0.4972,683707.52,2186677.932,-0.0049720323182099735,-0.004984433995668428,32.440000000000005,31.4395,29.232833333333335,0.253653013763999
2024-02-29,600036.SH,31.89,32.2,31.85,32.04,32.02,0.02,0.0625,498928.29,1595634.178,0.0006246096189879147,0.0006244146315896267,32.288,31.537,29.28083333333333,0.25384453663573947
2024-03-01,600036.SH,31.92,32.08,31.75,31.94,32.04,-0.1,-0.3121,427173.92,1361853.701,-0.003121098626716501,-0.003125979413291993,32.086,31.589,29.333166666666667,0.23865797851144507
2024-03-04,600036.SH,31.76,31.87,31.47,31.52,31.94,-0.42,-1.315,591350.15,1868022.544,-0.01314965560425807,-0.013236877797188086,31.940000000000005,31.608999999999998,29.378666666666668,0.2434205865949574
2024-03-05,600036.SH,31.42,32.21,31.31,32.18,31.52,0.66,2.0939,894028.67,2850224.114,0.02093908629441632,0.02072287657455885,31.939999999999998,31.6505,29.444000000000003,0.2528904036938641
2024-03-06,600036.SH,32.14,32.26,31.87,31.87,32.18,-0.31,-0.9633,516101.77,1655425.115,-0.009633312616531997,-0.009680013134992097,31.909999999999997,31.694,29.507166666666663,0.251936087733927
2024-03-07,600036.SH,31.87,32.13,31.78,32.0,31.87,0.13,0.4079,519491.97,1659111.449,0.004079071226859021,0.00407077437048141,31.901999999999997,31.758500000000005,29.581999999999997,0.24875027411452405
2024-03-08,600036.SH,31.89,32.01,31.55,31.67,32.0,-0.33,-1.0313,441071.17,1399732.269,-0.010312499999999947,-0.010366042249178066,31.848000000000003,31.820999999999998,29.647166666666667,0.24930727051084586
2024-03-11,600036.SH,31.55,31.75,31.2,31.48,31.67,-0.19,-0.5999,738537.94,2318402.185,-0.00599936848752769,-0.0060174370013460115,31.839999999999996,31.883499999999998,29.708333333333332,0.24919892410572397
2024-03-12,600036.SH,31.42,32.15,31.28,31.95,31.48,0.47,1.493,769253.75,2447163.517,0.0149301143583227,0.014819757274341289,31.794,31.945500000000003,29.782500000000002,0.2485276151218354
2024-03-13,600036.SH,31.96,31.99,31.43,31.52,31.95,-0.43,-1.3459,469387.14,1482651.384,-0.013458528951486692,-0.013549915833865429,31.724,31.955000000000002,29.845166666666668,0.24470805361751063
2024-03-14,600036.SH,31.46,31.72,31.16,31.25,31.52,-0.27,-0.8566,508174.98,1595073.269,-0.008565989847715727,-0.008602888807267863,31.574,31.952000000000005,29.898500000000002,0.24676921387421782
2024-03-15,600036.SH,31.24,31.42,31.0,31.18,31.25,-0.07,-0.224,520780.63,1621589.213,-0.0022400000000000198,-0.002242512552780064,31.476,31.940999999999995,29.9645,0.2466514603920495
2024-03-18,600036.SH,31.15,31.34,31.0,31.13,31.18,-0.05,-0.1604,461897.7,1436837.36,-0.001603592046183433,-0.0016048791761136421,31.406,31.916500000000003,30.032833333333333,0.2451861557443179
2024-03-19,600036.SH,31.1,31.11,30.73,30.8,31.13,-0.33,-1.0601,547025.3,1688506.946,-0.010600706713780883,-0.01065729447398798,31.176,31.8865,30.092333333333332,0.2467613407920162
2024-03-20,600036.SH,30.8,31.2,30.66,31.18,30.8,0.38,1.2338,498272.25,1544956.631,0.012337662337662314,0.012262173650101654,31.107999999999997,31.795499999999997,30.157333333333334,0.16313054416765835
2024-03-21,600036.SH,31.17,31.76,31.05,31.55,31.18,0.37,1.1867,646761.08,2040298.376,0.011866581141757537,0.011796725357591704,31.168,31.732999999999997,30.228333333333335,0.17059337770152336
2024-03-22,600036.SH,31.53,31.55,30.9,31.2,31.55,-0.35,-1.1094,552878.52,1722145.156,-0.011093502377179099,-0.01115549417178551,31.172000000000004,31.6455,30.29733333333333,0.17178585128747006
2024-03-25,600036.SH,31.11,31.51,30.92,31.35,31.2,0.15,0.4808,483759.02,1514858.505,0.004807692307692291,0.0047961722634930135,31.216,31.6005,30.358,0.15882581815112276
2024-03-26,600036.SH,31.8,32.66,31.73,32.4,31.35,1.05,3.3493,1244307.91,4014510.51,0.03349282296650702,0.03294415571935384,31.536,31.6115,30.437833333333334,0.2012235560413378
2024-03-27,600036.SH,32.29,32.65,32.21,32.3,32.4,-0.1,-0.3086,782084.88,2539984.05,-0.0030864197530864335,-0.003091192569672858,31.76,31.6255,30.517333333333333,0.20066439730436325
2024-03-28,600036.SH,32.34,32.5,32.07,32.18,32.3,-0.12,-0.3715,694744.92,2242513.222,-0.0037151702786376584,-0.0037220886643735927,31.886000000000003,31.6325,30.59916666666667,0.2012222298554931
2024-03-29,600036.SH,32.1,32.64,32.07,32.2,32.18,0.02,0.0622,514001.31,1663236.764,0.0006215040397763438,0.0006213109861255558,32.086,31.6455,30.680833333333336,0.20081799331390138
2024-04-01,600036.SH,32.18,32.85,32.18,32.64,32.2,0.44,1.3665,570152.32,1861582.316,0.013664596273291751,0.013572077545543466,32.344,31.701500000000003,30.758333333333333,0.19922903921428356
2024-04-02,600036.SH,32.7,32.92,32.44,32.55,32.64,-0.09,-0.2757,536618.99,1753251.097,-0.0027573529411766273,-0.0027611614413281683,32.373999999999995,31.72,30.837166666666665,0.18641475577620026
2024-04-03,600036.SH,32.54,32.63,32.23,32.23,32.55,-0.32,-0.9831,498081.63,1612691.616,-0.009831029185867868,-0.009879672827231739,32.36,31.738,30.914666666666665,0.18656049066772518
2024-04-08,600036.SH,32.24,32.56,32.03,32.4,32.23,0.17,0.5275,477291.23,1544564.957,0.0052745888923364515,0.005260726970937337,32.403999999999996,31.758,30.991833333333332,0.18690186285597946
2024-04-09,600036.SH,32.5,32.63,32.31,32.31,32.4,-0.09,-0.2778,384772.07,1248965.235,-0.002777777777777657,-0.0027816429618766915,32.426,31.79,31.06683333333333,0.18289140837864576
2024-04-10,600036.SH,32.19,32.68,32.19,32.49,32.31,0.18,0.5571,504013.72,1638691.786,0.0055710306406684396,0.005555569844601964,32.396,31.8405,31.136833333333335,0.1815720375671547
2024-04-11,600036.SH,32.31,32.42,32.13,32.3,32.49,-0.19,-0.5848,443747.73,1432073.801,-0.005847953216374435,-0.005865119452398246,32.346000000000004,31.857999999999997,31.20633333333333,0.17630692466747913
2024-04-12,600036.SH,32.28,32.47,32.06,32.12,32.3,-0.18,-0.5573,478204.14,1540845.216,-0.005572755417956654,-0.00558834115004993,32.324,31.887999999999998,31.272166666666667,0.17007729495975818
2024-04-15,600036.SH,32.1,33.0,32.09,32.83,32.12,0.71,2.2105,764644.73,2503221.029,0.022104607721046055,0.021863842434940356,32.410000000000004,31.966999999999995,31.35183333333333,0.1816549324540878
2024-04-16,600036.SH,32.71,32.97,32.45,32.75,32.83,-0.08,-0.2437,741556.1,2429469.045,-0.0024367956137678615,-0.0024397694322403425,32.498000000000005,32.0455,31.424666666666667,0.18172481114778413
2024-04-17,600036.SH,32.69,33.49,32.47,33.3,32.75,0.55,1.6794,948211.96,3131202.074,0.016793893129770865,0.016654434905137093,32.66,32.154,31.504,0.18781845471889907
2024-04-18,600036.SH,33.26,34.1,33.19,33.65,33.3,0.35,1.0511,1006574.01,3393695.785,0.010510510510510551,0.010455659104338709,32.93,32.296499999999995,31.58533333333333,0.1817363865725326
2024-04-19,600036.SH,33.56,33.84,33.42,33.62,33.65,-0.03,-0.0892,540383.5,1818443.521,-0.0008915304606240682,-0.0008919281102672588,33.230000000000004,32.4185,31.660166666666665,0.18022643519216472
2024-04-22,600036.SH,33.78,34.19,33.05,33.34,33.62,-0.28,-0.8328,607535.07,2034006.573,-0.008328375966686341,-0.00836325065782145,33.332,32.508,31.729333333333333,0.18253147380349985
2024-04-23,600036.SH,33.3,33.82,33.23,33.38,33.34,0.04,0.12,512452.44,1717681.682,0.0011997600479902726,0.0011990409110409451,33.458,32.617000000000004,31.792666666666666,0.1751659484794179
2024-04-24,600036.SH,33.38,33.55,33.1,33.46,33.38,0.08,0.2397,443383.53,1480785.929,0.002396644697423511,0.0023937773249888003,33.49,32.7225,31.854833333333332,0.17512529658268536
2024-04-25,600036.SH,33.44,34.4,33.38,34.4,33.46,0.94,2.8093,919481.8,3136628.386,0.028093245666467315,0.027705868820674648,33.64,32.822500000000005,31.924,0.16344552227376935
2024-04-26,600036.SH,34.4,34.87,34.22,34.48,34.4,0.08,0.2326,954898.83,3292052.902,0.0023255813953488857,0.0023228814161397287,33.812,32.9315,31.998833333333334,0.16187232183380668
2024-04-29,600036.SH,34.4,35.16,34.2,34.88,34.48,0.4,1.1601,818064.12,2854804.596,0.011600928074246175,0.011534153245286765,34.12,33.0665,32.07866666666667,0.16217337189367156
2024-04-30,600036.SH,34.4,34.58,34.05,34.31,34.88,-0.57,-1.6342,868041.8,2982962.844,-0.01634174311926606,-0.016476742170420538,34.306,33.172000000000004,32.1355,0.17743915045222816
2024-05-06,600036.SH,35.1,35.36,34.72,34.88,34.31,0.57,1.6613,1000704.94,3501168.456,0.01661323229379197,0.0164767421704206,34.589999999999996,33.284,32.198166666666665,0.1800271435318554
2024-05-07,600036.SH,34.88,34.95,34.63,34.87,34.88,-0.01,-0.0287,473848.57,1649813.221,-0.0002866972477065799,-0.0002867383532192471,34.684000000000005,33.4,32.25683333333333,0.17912044829221774
2024-05-08,600036.SH,34.82,34.96,34.55,34.57,34.87,-0.3,-0.8603,412861.58,1434042.865,-0.00860338399770566,-0.008640606754026519,34.702,33.516999999999996,32.31633333333333,0.17795708798424997
2024-05-09,600036.SH,34.6,34.93,34.6,34.84,34.57,0.27,0.781,512391.31,1782846.432,0.007810240092565923,0.007779898050768994,34.694,33.638999999999996,32.38516666666666,0.17850602353479272
2024-05-10,600036.SH,34.84,35.85,34.8,35.62,34.84,0.78,2.2388,940365.7,3331360.84,0.02238805970149227,0.022141125877213282,34.956,33.804500000000004,32.471833333333336,0.1884733047474326
2024-05-13,600036.SH,35.44,36.07,35.33,35.91,35.62,0.29,0.8141,747800.26,2674602.938,0.008141493542953349,0.00810853037647583,35.162,33.9755,32.5665,0.18880531622875113
2024-05-14,600036.SH,35.89,36.13,35.2,35.34,35.91,-0.57,-1.5873,687778.84,2440460.309,-0.015873015873015706,-0.016000341346440964,35.256,34.1275,32.64366666666667,0.19955133821910462
2024-05-15,600036.SH,35.33,35.44,34.69,35.05,35.34,-0.29,-0.8206,674944.06,2361226.415,-0.00820599886813822,-0.008239853410951375,35.352,34.274,32.705666666666666,0.20153766500516082
2024-05-16,600036.SH,35.08,36.45,35.0,36.25,35.05,1.2,3.4237,1291475.53,4659047.071,0.0342368045649073,0.033663767820084706,35.634,34.44500000000001,32.788,0.2194390694465325
2024-05-17,600036.SH,36.3,36.9,36.06,36.85,36.25,0.6,1.6552,916879.44,3342837.158,0.016551724137931156,0.016416237334661948,35.88,34.65,32.87883333333333,0.22118306300979865
2024-05-20,600036.SH,36.85,37.0,36.09,36.38,36.85,-0.47,-1.2754,914250.0,3337501.051,-0.012754409769335062,-0.012836445545369335,35.974000000000004,34.803999999999995,32.95816666666666,0.22686526408816896
2024-05-21,600036.SH,36.36,36.52,36.13,36.24,36.38,-0.14,-0.3848,445999.44,1620630.88,-0.003848268279274314,-0.003855691915197602,36.154,34.933499999999995,33.038833333333336,0.22756852800206342
2024-05-22,600036.SH,36.22,36.38,35.76,36.06,36.24,-0.18,-0.4967,664477.39,2398900.244,-0.004966887417218513,-0.004979263399607338,36.35600000000001,35.0555,33.08983333333334,0.22913988954559356
2024-05-23,600036.SH,35.9,36.01,35.32,35.5,36.06,-0.56,-1.553,924584.95,3284073.837,-0.015529672767609637,-0.0156515212938012,36.206,35.1635,33.13483333333333,0.23545389222579868
2024-05-24,600036.SH,35.3,35.48,34.66,34.74,35.5,-0.76,-2.1408,870440.0,3051224.758,-0.021408450704225257,-0.02164093566841114,35.784000000000006,35.2315,33.16466666666667,0.251210614554881
2024-05-27,600036.SH,34.85,35.21,34.75,35.14,34.74,0.4,1.1514,570938.14,1997775.669,0.011514104778353351,0.011448321945992126,35.536,35.3155,33.212833333333336,0.2534202564829128
2024-05-28,600036.SH,35.1,35.33,34.72,34.83,35.14,-0.31,-0.8822,476190.58,1660811.058,-0.008821855435401371,-0.008860998381041431,35.254,35.337,33.257,0.2374911124383269
2024-05-29,600036.SH,34.75,35.06,34.46,34.57,34.83,-0.26,-0.7465,491041.18,1703567.318,-0.0074648291702554825,-0.007492830444376611,34.956,35.3415,33.2995,0.23915399097619042
2024-05-30,600036.SH,34.45,34.9,34.18,34.34,34.57,-0.23,-0.6653,559244.84,1928489.154,-0.006653167486259659,-0.006675398464203589,34.724000000000004,35.3145,33.337833333333336,0.23641236447230404
2024-05-31,600036.SH,34.53,34.6,34.28,34.28,34.34,-0.06,-0.1747,508932.48,1752657.846,-0.0017472335468842193,-0.0017487617397505515,34.632,35.313,33.37683333333334,0.22914941537027228
2024-06-03,600036.SH,34.22,34.38,33.92,34.15,34.28,-0.13,-0.3792,608111.35,2071791.245,-0.0037922987164528132,-0.0037995077127800417,34.434000000000005,35.2765,33.42066666666667,0.22089136058643272
2024-06-04,600036.SH,34.15,34.68,34.1,34.54,34.15,0.39,1.142,533788.42,1840296.169,0.011420204978038084,0.01135548670173349,34.376000000000005,35.260000000000005,33.46,0.2252347597933714
2024-06-05,600036.SH,34.68,34.7,33.89,33.99,34.54,-0.55,-1.5924,691041.22,2359792.656,-0.015923566878980777,-0.01605170901050779,34.260000000000005,35.23100000000001,33.495333333333335,0.23022293236762514
2024-06-06,600036.SH,34.09,34.2,33.78,34.0,33.99,0.01,0.0294,677240.66,2302856.624,0.0002942041776992088,0.000294160908136637,34.19199999999999,35.189,33.528666666666666,0.22805357167822257
2024-06-07,600036.SH,34.05,34.25,33.65,33.99,34.0,-0.01,-0.0294,678265.59,2298090.33,-0.0002941176470587781,-0.000294160908136706,34.134,35.1075,33.56733333333333,0.2105834668587793
2024-06-11,600036.SH,33.78,33.97,33.12,33.36,33.99,-0.63,-1.8535,690448.31,2309722.313,-0.018534863195057483,-0.018708786217478745,33.976,34.980000000000004,33.59866666666667,0.21436929111632028
2024-06-12,600036.SH,33.35,33.36,32.95,33.09,33.36,-0.27,-0.8094,511380.59,1693037.688,-0.008093525179855954,-0.008126455557025052,33.686,34.8675,33.617666666666665,0.21019521682891326
2024-06-13,600036.SH,33.2,33.22,32.72,32.82,33.09,-0.27,-0.816,550184.21,1808251.998,-0.008159564823209564,-0.008193036271576092,33.452,34.756,33.63933333333333,0.21018061684282535
2024-06-14,600036.SH,32.82,34.02,32.82,33.81,32.82,0.99,3.0165,991674.29,3324856.785,0.030164533820840944,0.02971853105784978,33.414,34.634,33.682,0.2008505976952237
2024-06-17,600036.SH,33.6,33.8,33.39,33.73,33.81,-0.08,-0.2366,457682.48,1539063.152,-0.002366163856847292,-0.0023689676462359545,33.362,34.478,33.7245,0.1866465052938963
2024-06-18,600036.SH,33.86,34.3,33.62,33.71,33.73,-0.02,-0.0593,453675.39,1538144.777,-0.0005929439667949898,-0.0005931198275893699,33.432,34.344500000000004,33.7675,0.18436016188242985
2024-06-19,600036.SH,33.71,34.4,33.66,34.15,33.71,0.44,1.3053,585937.22,1997678.159,0.013052506674577247,0.012968056770829682,33.644,34.24,33.82333333333334,0.19375047037638737
2024-06-20,600036.SH,34.16,34.23,33.9,34.01,34.15,-0.14,-0.41,392466.67,1336247.232,-0.0040995607613469875,-0.004107986997694971,33.882,34.1375,33.8705,0.19365190275939692
2024-06-21,600036.SH,33.88,34.08,33.49,33.7,34.01,-0.31,-0.9115,523962.8,1765822.362,-0.009114966186415607,-0.009156761660787894,33.86,34.0475,33.906333333333336,0.18937339842099216
2024-06-24,600036.SH,33.79,34.22,33.49,34.07,33.7,0.37,1.0979,692589.54,2350203.464,0.010979228486646786,0.01091939431455906,33.928000000000004,34.013999999999996,33.954166666666666,0.18127648472649738
2024-06-25,600036.SH,34.07,34.47,33.97,34.3,34.07,0.23,0.6751,638160.2,2187945.494,0.006750807161725714,0.00672812249901889,34.046,33.971999999999994,34.00333333333334,0.17769921700318103
2024-06-26,600036.SH,34.18,34.36,33.95,34.06,34.3,-0.24,-0.6997,452638.01,1545807.548,-0.0069970845481047705,-0.007021678937351823,34.028,33.933499999999995,34.031,0.1767699303705636
2024-06-27,600036.SH,33.96,34.34,33.83,34.26,34.06,0.2,0.5872,555172.6,1894891.373,0.005871990604814803,0.0058548176614314,34.077999999999996,33.918,34.06366666666667,0.17669864854532133
2024-06-28,600036.SH,34.2,34.48,34.04,34.19,34.26,-0.07,-0.2043,525749.4,1799951.939,-0.0020431990659661725,-0.0020452892447639618,34.176,33.9105,34.097166666666666,0.17528407888317948
2024-07-01,600036.SH,34.19,34.4,33.95,34.36,34.19,0.17,0.4972,472238.65,1616131.283,0.004972214097689331,0.004959893464844651,34.233999999999995,33.9145,34.13316666666667,0.17609862831135092
2024-07-02,600036.SH,34.38,35.25,34.36,35.08,34.36,0.72,2.0955,868770.71,3041833.255,0.020954598370197974,0.020738070387927736,34.39,33.961,34.17383333333334,0.19006044329205
2024-07-03,600036.SH,35.01,35.09,34.31,34.46,35.08,-0.62,-1.7674,691372.7,2388331.234,-0.01767388825541616,-0.017831936404198695,34.47,33.957,34.205666666666666,0.19764754472737847
2024-07-04,600036.SH,34.54,35.04,34.48,34.71,34.46,0.25,0.7255,696918.92,2424281.266,0.0072547881601856545,0.007228598773911267,34.559999999999995,33.993,34.247,0.18991991263744065
2024-07-05,600036.SH,34.71,34.83,33.66,33.88,34.71,-0.83,-2.3912,967782.76,3295568.199,-0.023912417170844136,-0.02420296008984125,34.498000000000005,33.986999999999995,34.27166666666667,0.20971533426225122
2024-07-08,600036.SH,33.85,34.23,33.71,33.99,33.88,0.11,0.3247,545730.02,1855611.836,0.0032467532467532756,0.003241493924171023,34.424,33.987,34.29966666666667,0.2100469200563265
2024-07-09,600036.SH,33.99,34.55,33.72,34.47,33.99,0.48,1.4122,621037.01,2124005.154,0.014121800529567352,0.0140230168207492,34.30200000000001,34.042500000000004,34.33266666666667,0.20354159257819762
2024-07-10,600036.SH,34.47,35.0,34.45,34.68,34.47,0.21,0.6092,726314.24,2524474.646,0.006092254134029584,0.006073771383567092,34.346000000000004,34.122,34.37233333333334,0.20068269759152718
2024-07-11,600036.SH,33.08,33.13,32.79,32.9,32.71,0.19,0.5809,732388.96,2411951.386,-0.051326412918108466,-0.05269049414101494,33.984,34.126,34.38533333333333,0.27544894950023685
2024-07-12,600036.SH,33.01,34.08,33.01,34.0,32.9,1.1,3.3435,944904.25,3199683.547,0.033434650455927084,0.03288786684483521,34.008,34.1355,34.404833333333336,0.2803574903102509
2024-07-15,600036.SH,34.0,34.05,33.72,33.78,34.0,-0.22,-0.6471,474603.66,1605883.747,-0.006470588235294117,-0.006491613236507374,33.965999999999994,34.138,34.422000000000004,0.2812775244850895
2024-07-16,600036.SH,33.76,33.89,33.46,33.79,33.78,0.01,0.0296,455792.55,1535668.998,0.00029603315571336,0.00029598934654448357,33.83,34.141999999999996,34.430166666666665,0.2812609367020799
2024-07-17,600036.SH,33.7,34.19,33.65,34.07,33.79,0.28,0.8286,577954.22,1964635.267,0.00828647528854698,0.00825233094667669,33.708,34.138,34.43716666666667,0.2788867623938643
2024-07-18,600036.SH,34.07,34.25,33.76,34.09,34.07,0.02,0.0587,598627.17,2036474.28,0.0005870267097154436,0.0005868544769366819,33.946,34.142,34.44500000000001,0.27846193578103134
2024-07-19,600036.SH,34.0,34.3,33.59,34.25,34.09,0.16,0.4693,810072.18,2749172.01,0.0046934584922264655,0.004682478558422575,33.996,34.169500000000006,34.460166666666666,0.27660004299728885
2024-07-22,600036.SH,34.17,34.17,33.09,33.34,34.25,-0.91,-2.6569,808205.77,2694241.975,-0.026569343065693363,-0.026928687385586285,33.908,34.132999999999996,34.459500000000006,0.2903253339622099
2024-07-23,600036.SH,33.34,33.71,33.23,33.34,33.34,0.0,0.0,538754.68,1803269.6,0.0,0.0,33.818,34.085,34.4575,0.28894482612652655
2024-07-24,600036.SH,33.45,33.58,33.03,33.18,33.34,-0.16,-0.4799,482452.94,1604648.703,-0.0047990401919617565,-0.004810592560349661,33.64,34.041000000000004,34.43716666666667,0.2884708406446275
2024-07-25,600036.SH,33.22,33.32,32.37,32.83,33.18,-0.35,-1.0549,762078.54,2496804.673,-0.010548523206751148,-0.010604553248797225,33.388,33.9695,34.409666666666666,0.28905807381202764
2024-07-26,600036.SH,32.8,33.04,32.11,32.37,32.83,-0.46,-1.4012,601461.67,1952156.132,-0.01401157477916537,-0.01411066357534829,33.012,33.8785,34.36783333333334,0.29220302041327323
2024-07-29,600036.SH,32.38,32.65,32.2,32.45,32.37,0.08,0.2471,413475.33,1343740.115,0.0024714241581713647,0.0024683752119462363,32.834,33.783,34.33683333333333,0.2914809989334996
2024-07-30,600036.SH,32.4,32.59,32.15,32.42,32.45,-0.03,-0.0924,390781.61,1264925.929,-0.0009244992295840415,-0.0009249268425690235,32.65,33.65,34.295833333333334,0.2779711580397793
2024-07-31,600036.SH,32.42,33.0,32.25,32.73,32.42,0.31,0.9562,595369.65,1948675.368,0.009561998766193458,0.00951657220555885,32.559999999999995,33.5635,34.26016666666667,0.27673480881288914
2024-08-01,600036.SH,32.73,32.85,32.27,32.71,32.73,-0.02,-0.0611,409138.81,1332771.463,-0.0006110601894285805,-0.0006112469627965215,32.536,33.4635,34.229166666666664,0.27448472651589473
2024-08-02,600036.SH,32.42,32.6,32.23,32.28,32.71,-0.43,-1.3146,386130.24,1250037.017,-0.013145826964231166,-0.013232998148544539,32.518,33.383500000000005,34.1865,0.26604179333943134
2024-08-05,600036.SH,32.2,32.52,32.05,32.1,32.28,-0.18,-0.5576,584419.84,1884940.815,-0.005576208178438624,-0.00559181326577783,32.44799999999999,33.289,34.12783333333333,0.26545323115507913
2024-08-06,600036.SH,32.36,32.39,31.51,31.7,32.1,-0.4,-1.2461,514388.64,1637765.272,-0.012461059190031265,-0.012539349252735364,32.304,33.1505,34.05766666666667,0.2597920956130101
2024-08-07,600036.SH,31.73,31.9,31.55,31.58,31.7,-0.12,-0.3785,390731.73,1238023.516,-0.003785488958990557,-0.003792672055738919,32.074,32.9955,33.995,0.2570283351333546
2024-08-08,600036.SH,31.61,31.98,31.38,31.93,31.58,0.35,1.1083,394599.78,1252394.782,0.011082963901203335,0.011021997899194658,31.918,32.946999999999996,33.943,0.19414779734467735
2024-08-09,600036.SH,31.97,32.58,31.81,32.33,31.93,0.4,1.2527,482748.47,1561254.687,0.012527403695584027,0.012449585010651004,31.927999999999997,32.8635,33.87766666666666,0.15449401062943727
2024-08-12,600036.SH,32.3,32.34,31.93,32.12,32.33,-0.21,-0.6496,318943.21,1023447.632,-0.006495515001546548,-0.006516702658780788,31.932,32.7805,33.798833333333334,0.15450259712197187
2024-08-13,600036.SH,32.1,32.23,31.76,31.94,32.12,-0.18,-0.5604,282377.69,902009.896,-0.005603985056039762,-0.0056197462916944595,31.98,32.688,33.724833333333336,0.15452052949243802
2024-08-14,600036.SH,31.9,32.14,31.81,31.86,31.94,-0.08,-0.2505,282446.1,901196.911,-0.00250469630557304,-0.002507838304964,32.035999999999994,32.5775,33.65183333333333,0.1489297327403065
2024-08-15,600036.SH,31.85,32.92,31.65,32.76,31.86,0.9,2.8249,739789.83,2409557.383,0.02824858757062132,0.027856954502966064,32.202,32.510999999999996,33.59683333333333,0.18621862656347654
2024-08-16,600036.SH,32.75,33.25,32.72,33.15,32.76,0.39,1.1905,418503.02,1383877.362,0.011904761904761862,0.011834457647002798,32.366,32.456,33.55766666666667,0.19130652088858008
2024-08-19,600036.SH,33.25,33.5,33.03,33.42,33.15,0.27,0.8145,422843.42,1409948.503,0.00814479638009069,0.008111806535376333,32.626,32.46,33.535666666666664,0.1695710866386726
2024-08-20,600036.SH,33.45,33.6,33.16,33.48,33.42,0.06,0.1795,423728.73,1415473.211,0.0017953321364450048,0.001793722454026679,32.934,32.467,33.508,0.16966641583019307
2024-08-21,600036.SH,33.3,33.43,32.82,33.24,33.48,-0.24,-0.7168,378101.05,1254587.421,-0.007168458781361853,-0.007194275634026973,33.21,32.47,33.4815,0.17080872555647195
2024-08-22,600036.SH,33.28,33.55,33.18,33.3,33.24,0.06,0.1805,382863.99,1276718.683,0.0018050541516243523,0.001803426999150505,33.318,32.4935,33.46033333333334,0.1661153173901059
2024-08-23,600036.SH,33.27,33.85,33.07,33.7,33.3,0.4,1.2012,465587.26,1561509.818,0.012012012012012185,0.01194044037191807,33.428000000000004,32.56,33.449666666666666,0.16102339458656592
2024-08-26,600036.SH,33.7,33.84,33.47,33.77,33.7,0.07,0.2077,351174.6,1182990.04,0.0020771513353115,0.0020749970391602166,33.498000000000005,32.626,33.44116666666666,0.16101624114029123
2024-08-27,600036.SH,33.77,33.94,33.53,33.7,33.77,-0.07,-0.2073,387208.57,1308314.397,-0.0020728457210541507,-0.0020749970391602496,33.542,32.69,33.43366666666667,0.1613483038194214
2024-08-28,600036.SH,33.83,33.98,33.44,33.68,33.7,-0.02,-0.0593,415232.08,1398682.394,-0.0005934718100890635,-0.0005936479841901054,33.63,32.7375,33.419333333333334,0.1590348451542567
2024-08-29,600036.SH,33.59,33.77,32.9,32.93,33.68,-0.75,-2.2268,516387.82,1712021.359,-0.02226840855106893,-0.02252009298585311,33.556000000000004,32.74849999999999,33.40166666666667,0.18000749250381537
2024-08-30,600036.SH,32.8,33.11,32.12,32.15,32.93,-0.78,-2.3687,1112229.83,3618077.5,-0.023686607956270866,-0.02397164570464451,33.245999999999995,32.742000000000004,33.37083333333333,0.19387906697269175
2024-09-02,600036.SH,32.0,32.38,31.84,31.93,32.15,-0.22,-0.6843,558020.65,1787602.792,-0.006842923794712297,-0.0068664439569377555,32.878,32.7335,33.3365,0.19440236225791946
2024-09-03,600036.SH,32.01,32.08,31.4,31.62,31.93,-0.31,-0.9709,505751.88,1596269.78,-0.009708737864077666,-0.009756174945364685,32.462,32.7295,33.3075,0.19233341245639582
2024-09-04,600036.SH,31.53,31.93,31.35,31.36,31.62,-0.26,-0.8223,380525.9,1198859.446,-0.008222643896268256,-0.008256636299118932,31.997999999999998,32.7185,33.278666666666666,0.19411106020707022
2024-09-05,600036.SH,31.36,31.44,30.9,31.2,31.36,-0.16,-0.5102,542063.45,1687017.96,-0.005102040816326481,-0.005115100666770377,31.651999999999997,32.682,33.25166666666667,0.1900050607268103
2024-09-06,600036.SH,31.25,31.74,31.2,31.25,31.2,0.05,0.1603,383182.14,1206615.762,0.0016025641025640969,0.0016012813669738276,31.471999999999998,32.628,33.208999999999996,0.18346700733957455
2024-09-09,600036.SH,30.98,30.99,30.04,30.24,31.25,-1.01,-3.232,871073.47,2641195.521,-0.032320000000000015,-0.03285382487107827,31.133999999999997,32.534,33.15083333333334,0.21305728562682424
2024-09-10,600036.SH,30.25,30.43,29.94,30.19,30.24,-0.05,-0.1653,476023.57,1435849.555,-0.0016534391534390736,-0.0016548075925847349,30.848000000000003,32.4465,33.092166666666664,0.212859899162583
2024-09-11,600036.SH,30.14,30.2,29.93,30.08,30.19,-0.11,-0.3644,415793.76,1249059.023,-0.0036435905929116386,-0.0036502446371084376,30.591999999999995,32.3575,33.02433333333333,0.21288246233153935
2024-09-12,600036.SH,30.1,30.5,29.94,30.23,30.08,0.15,0.4987,410266.97,1242374.645,0.004986702127659726,0.00497430970972776,30.398000000000003,32.231,32.961333333333336,0.18162564114188665
2024-09-13,600036.SH,30.28,30.9,30.0,30.6,30.23,0.37,1.2239,495974.43,1520857.906,0.012239497188223591,0.012165200166968378,30.268,32.1035,32.909666666666666,0.18201660457624466
2024-09-18,600036.SH,30.61,31.2,30.61,31.11,30.6,0.51,1.6667,418540.27,1295345.114,0.016666666666666607,0.016529301951210506,30.442,31.988,32.86033333333334,0.19176773864652655
2024-09-19,600036.SH,31.2,31.23,30.63,30.82,31.11,-0.29,-0.9322,451191.26,1393040.942,-0.009321761491481784,-0.009365481017575904,30.568,31.855,32.80233333333334,0.19175265085211624
2024-09-20,600036.SH,30.82,31.11,30.66,30.94,30.82,0.12,0.3894,487417.55,1505998.312,0.0038935756002596023,0.0038860152529504016,30.74,31.74,32.75033333333334,0.1933882548072665
2024-09-23,600036.SH,30.85,31.49,30.84,31.39,30.94,0.45,1.4544,344608.72,1076332.365,0.014544279250161551,0.014439525708942072,30.972,31.6445,32.7025,0.20307422850024962
2024-09-24,600036.SH,31.68,33.14,31.67,33.13,31.39,1.74,5.5432,1361218.0,4427310.186,0.055431666135712154,0.053949845457942444,31.478,31.615999999999996,32.68483333333334,0.28659180666681333
2024-09-25,600036.SH,33.85,34.49,33.7,34.15,33.13,1.02,3.0788,1856242.79,6327661.421,0.030787805614246766,0.03032336970499444,32.086,31.635,32.681333333333335,0.30762947691480746
2024-09-26,600036.SH,34.16,35.38,33.91,35.38,34.15,1.23,3.6018,1745329.99,6068657.572,0.03601756954612023,0.03538410271484031,32.998000000000005,31.719,32.68633333333334,0.3317817267919585
2024-09-27,600036.SH,36.11,36.5,34.91,35.63,35.38,0.25,0.7066,745457.82,2653812.67,0.007066139061616683,0.007041290886105413,33.936,31.8165,32.70583333333333,0.3319055629930064
2024-09-30,600036.SH,36.35,38.0,35.92,37.61,35.63,1.98,5.5571,2561012.6,9443438.268,0.055571147909065255,0.05408199286450021,35.18,32.0505,32.75416666666667,0.3664456193199018
2024-10-08,600036.SH,41.37,41.37,38.82,40.0,37.61,2.39,6.3547,2973038.68,11999361.938,0.06354692900824244,0.06160948163169123,36.554,32.443,32.85616666666667,0.39918938464469894
2024-10-09,600036.SH,39.7,39.72,37.01,37.01,40.0,-2.99,-7.475,1855932.1,7113813.985,-0.0747500000000001,-0.0776913077158718,37.126,32.697,32.9065,0.5000952402362374
2024-10-10,600036.SH,37.4,39.5,37.4,38.73,37.01,1.72,4.6474,1433298.41,5528664.144,0.04647392596595501,0.045426347128596084,37.79600000000001,33.052499999999995,32.9775,0.513470353824442
2024-10-11,600036.SH,38.73,39.22,38.03,38.43,38.73,-0.3,-0.7746,903475.8,3498241.86,-0.0077459333849728695,-0.007776088949908235,38.356,33.406,33.04,0.5132401978772125
2024-10-14,600036.SH,39.01,39.8,38.69,39.33,38.43,0.9,2.3419,1292938.39,5076841.42,0.023419203747072626,0.023149181866965622,38.7,33.8125,33.14716666666667,0.5115650806371408
2024-10-15,600036.SH,39.17,39.99,38.5,38.5,39.33,-0.83,-2.1103,955976.53,3755705.942,-0.02110348334604628,-0.021329345149979632,38.4,34.175,33.222166666666666,0.5239676661379563
2024-10-16,600036.SH,38.15,39.5,38.13,39.5,38.5,1.0,2.5974,1012548.15,3963555.265,0.025974025974025983,0.025642430613337652,38.898,34.638,33.3175,0.5003641239945242
2024-10-17,600036.SH,39.53,39.79,38.49,38.49,39.5,-1.01,-2.557,848922.28,3315820.471,-0.02556962025316456,-0.025902204611421436,38.85,35.053,33.395833333333336,0.5171568406879933
2024-10-18,600036.SH,38.51,39.43,38.21,39.05,38.49,0.56,1.4549,928194.33,3603949.498,0.014549233567160202,0.014444408990040123,38.974000000000004,35.50150000000001,33.478833333333334,0.5135392918705549
2024-10-21,600036.SH,39.15,39.15,38.5,38.85,39.05,-0.2,-0.5122,717539.46,2780905.731,-0.005121638924455718,-0.005134799472038416,38.878,35.932500000000005,33.558166666666665,0.5170383761939844
2024-10-22,600036.SH,38.84,39.6,38.75,39.17,38.85,0.32,0.8237,600526.1,2352800.199,0.00823680823680828,0.008203070864083532,39.012,36.361000000000004,33.640166666666666,0.5173247923533962
2024-10-23,600036.SH,39.06,39.94,39.02,39.66,39.17,0.49,1.251,627099.68,2482861.345,0.012509573653306072,0.012431975413909953,39.044,36.7885,33.7455,0.5171367818608861
2024-10-24,600036.SH,39.55,39.68,39.14,39.31,39.66,-0.35,-0.8825,336312.2,1323826.643,-0.008825012607160732,-0.008864183657880827,39.208000000000006,37.213,33.845,0.5168588894663849
2024-10-25,600036.SH,39.25,39.49,39.06,39.1,39.31,-0.21,-0.5342,447931.19,1756222.719,-0.005342152124141464,-0.005356472442448892,39.218,37.621,33.943666666666665,0.519986980281771
2024-10-28,600036.SH,39.01,39.1,38.28,38.52,39.1,-0.58,-1.4834,664640.94,2559210.507,-0.014833759590792805,-0.014944880061395245,39.152,37.977500000000006,34.0385,0.5286769752168081
2024-10-29,600036.SH,38.6,39.1,38.41,38.6,38.52,0.08,0.2077,514681.61,1990283.154,0.0020768431983384517,0.002074689540860297,39.038,38.251,34.14233333333333,0.5022165085992417
2024-10-30,600036.SH,38.51,38.9,37.61,37.88,38.6,-0.72,-1.8653,703408.28,2680423.056,-0.01865284974093262,-0.01882900815290766,38.682,38.4375,34.23283333333334,0.5033165047824971
2024-10-31,600036.SH,37.8,37.99,36.91,37.36,37.88,-0.52,-1.3728,850392.51,3173924.099,-0.013727560718057141,-0.013822654957235744,38.292,38.5365,34.31516666666666,0.4944373519041401
2024-11-01,600036.SH,37.44,38.3,37.38,38.01,37.36,0.65,1.7398,703102.11,2671523.515,0.017398286937901464,0.017248669640515468,38.074,38.655499999999996,34.40316666666667,0.49686657641738885
2024-11-04,600036.SH,38.1,38.75,37.41,38.75,38.01,0.74,1.9469,646612.09,2466019.719,0.019468560905025134,0.019281472798198765,38.12,38.7125,34.50383333333333,0.4621989226725693
2024-11-05,600036.SH,38.43,39.1,38.4,39.08,38.75,0.33,0.8516,628744.76,2445317.943,0.008516129032257957,0.008480071375225884,38.215999999999994,38.6665,34.61716666666667,0.4022364911801809
2024-11-06,600036.SH,39.0,39.08,38.15,38.56,39.08,-0.52,-1.3306,648336.29,2501077.845,-0.013306038894575156,-0.013395357432237052,38.352,38.744,34.724833333333336,0.298193710792359
2024-11-07,600036.SH,38.42,39.58,38.38,39.57,38.56,1.01,2.6193,743472.18,2904874.006,0.026192946058091193,0.025855785654987966,38.794,38.786,34.855999999999995,0.2651306058337058
2024-11-08,600036.SH,39.68,39.85,38.75,38.8,39.57,-0.77,-1.9459,745368.46,2920926.027,-0.019459186252211325,-0.01965100876810522,38.952,38.804500000000004,34.97633333333333,0.2735037697465788
2024-11-11,600036.SH,38.3,38.7,37.89,38.33,38.8,-0.47,-1.2113,703145.55,2682610.299,-0.012113402061855627,-0.012187367236763993,38.868,38.7545,35.083,0.2631031920896753
2024-11-12,600036.SH,38.19,38.84,37.51,37.59,38.33,-0.74,-1.9306,893289.28,3399364.219,-0.019306026611009552,-0.019494821816376993,38.57,38.709,35.17066666666667,0.2613674302821386
2024-11-13,600036.SH,37.59,37.98,37.51,37.82,37.59,0.23,0.6119,485304.4,1833809.094,0.006118648576749042,0.006100005654224718,38.422000000000004,38.625,35.26566666666667,0.24297778699304728
2024-11-14,600036.SH,37.66,38.48,37.53,38.06,37.82,0.24,0.6346,676440.3,2585688.546,0.0063458487572713995,0.00632579863769211,38.12,38.603500000000004,35.36766666666667,0.2279668289426305
2024-11-15,600036.SH,38.08,38.57,37.81,37.82,38.06,-0.24,-0.6306,699276.88,2671344.642,-0.006305832895428298,-0.006325798637692024,37.924,38.542,35.467,0.22168388326606708
2024-11-18,600036.SH,38.05,38.66,37.8,37.9,37.82,0.08,0.2115,763448.07,2918992.44,0.0021152829190904665,0.002113048858069266,37.838,38.4945,35.55266666666667,0.22160696841807698
2024-11-19,600036.SH,37.91,38.18,37.45,37.72,37.9,-0.18,-0.4749,521248.55,1967719.175,-0.004749340369393118,-0.004760654323123896,37.864,38.422000000000004,35.62883333333333,0.2190955046970584
2024-11-20,600036.SH,37.8,37.85,37.4,37.48,37.72,-0.24,-0.6363,451291.26,1693331.536,-0.006362672322375418,-0.006383000395035327,37.796,38.313,35.6965,0.21290836675341718
2024-11-21,600036.SH,37.48,37.66,37.27,37.43,37.48,-0.05,-0.1334,350336.14,1309684.433,-0.0013340448239059777,-0.0013349354538837342,37.67,38.219,35.76233333333334,0.21172480551375314
2024-11-22,600036.SH,37.43,37.55,36.36,36.45,37.43,-0.98,-2.6182,690490.9,2544524.441,-0.026182206786000473,-0.02653106346167038,37.396,38.086499999999994,35.81583333333333,0.22791789835936632
2024-11-25,600036.SH,36.7,36.86,36.12,36.22,36.45,-0.23,-0.631,534094.73,1945383.41,-0.006310013717421237,-0.006330005999399944,37.06,37.9715,35.86450000000001,0.22422741291107864
2024-11-26,600036.SH,36.03,36.58,35.84,36.39,36.22,0.17,0.4694,459421.21,1666651.768,0.004693539480949749,0.004682559168801128,36.794,37.861,35.90933333333333,0.22520019352342296
2024-11-27,600036.SH,36.39,36.68,36.11,36.6,36.39,0.21,0.5771,392076.88,1429782.933,0.00577081615828523,0.005754228783252099,36.618,37.797,35.9565,0.21907015704124427
2024-11-28,600036.SH,36.6,36.85,36.18,36.47,36.6,-0.13,-0.3552,451939.1,1647865.702,-0.003551912568306115,-0.0035582355867318145,36.426,37.752500000000005,36.00266666666666,0.2145463174285978
2024-11-29,600036.SH,36.59,37.0,36.31,36.34,36.47,-0.13,-0.3565,664379.99,2437776.752,-0.0035645736221551205,-0.003570941852563653,36.404,37.669,36.047000000000004,0.20315207034524801
2024-12-02,600036.SH,36.45,36.68,36.2,36.51,36.34,0.17,0.4678,424652.09,1548959.36,0.004678040726472155,0.004667132699520318,36.462,37.557,36.10666666666667,0.18851791539755497
2024-12-03,600036.SH,36.65,37.22,36.38,37.12,36.51,0.61,1.6708,721986.09,2658919.819,0.01670775130101343,0.016569712250454338,36.608,37.459,36.189499999999995,0.1971456010401028
2024-12-04,600036.SH,37.09,37.09,36.53,36.81,37.12,-0.31,-0.8351,620511.24,2285383.469,-0.008351293103448176,-0.008386360527069965,36.65,37.3715,36.270833333333336,0.19430633428602156
2024-12-05,600036.SH,36.66,37.36,36.61,36.91,36.81,0.1,0.2717,568949.34,2108115.265,0.002716653083401077,0.0027129696509772708,36.738,37.2385,36.359,0.1642794249157321
2024-12-06,600036.SH,37.01,37.82,37.01,37.7,36.91,0.79,2.1403,877235.87,3296793.042,0.021403413709022212,0.021177577412058137,37.010000000000005,37.183499999999995,36.464666666666666,0.1750530295012613
2024-12-09,600036.SH,37.59,37.99,37.35,37.7,37.7,0.0,0.0,492995.35,1859542.283,0.0,0.0,37.248000000000005,37.152,36.573,0.17042071174737594
2024-12-10,600036.SH,38.8,38.99,38.4,38.6,37.7,0.9,2.3873,1038953.19,4022695.501,0.023872679045092715,0.02359218201681998,37.544000000000004,37.2025,36.6955,0.17694041682050474
2024-12-11,600036.SH,38.54,38.79,38.23,38.3,38.6,-0.3,-0.7772,517709.36,1988895.959,-0.00777202072538874,-0.007802380284185011,37.842,37.2265,36.82983333333333,0.1788717114673862
2024-12-12,600036.SH,38.29,38.83,38.21,38.8,38.3,0.5,1.3055,586888.76,2267252.621,0.01305483028720622,0.012970350442627405,38.220000000000006,37.2635,36.973333333333336,0.1832173089278591
2024-12-13,600036.SH,38.45,38.6,37.28,37.3,38.8,-1.5,-3.866,1117982.8,4213094.969,-0.03865979381443296,-0.039426919979457874,38.14,37.2375,37.093666666666664,0.2303275806731784
2024-12-16,600036.SH,37.35,37.78,37.32,37.74,37.3,0.44,1.1796,640315.89,2409086.954,0.011796246648793751,0.011727213290634484,38.148,37.229499999999994,37.218833333333336,0.23436449495530373
2024-12-17,600036.SH,37.54,38.16,37.54,37.85,37.74,0.11,0.2915,603104.08,2287237.539,0.0029146793852676822,0.002910439943053687,37.998,37.236,37.339666666666666,0.23392961629292608
2024-12-18,600036.SH,38.02,38.66,37.86,38.52,37.85,0.67,1.7701,805855.36,3101731.956,0.017701453104359333,0.017546607046467044,38.042,37.288,37.463166666666666,0.24037848400506867
2024-12-19,600036.SH,38.38,38.53,38.0,38.02,38.52,-0.5,-1.298,611195.82,2336249.857,-0.012980269989615767,-0.013065249869641686,37.886,37.3175,37.58316666666667,0.24568254841251802
2024-12-20,600036.SH,38.05,38.28,37.86,37.91,38.02,-0.11,-0.2893,542150.38,2060744.582,-0.0028932140978433774,-0.0028974075320397693,38.008,37.3905,37.699333333333335,0.22464455232791
2024-12-23,600036.SH,37.99,38.7,37.98,38.35,37.91,0.44,1.1606,902691.56,3473126.152,0.011606436296491829,0.011539598285021858,38.13,37.497,37.81533333333333,0.22479148484353803
2024-12-24,600036.SH,38.35,39.29,38.32,39.22,38.35,0.87,2.2686,993428.46,3875223.368,0.02268578878748362,0.022432292954934943,38.404,37.6385,37.91683333333334,0.235454473259372
2024-12-25,600036.SH,39.23,39.56,38.99,39.4,39.22,0.18,0.4589,755913.07,2972981.821,0.004589495155532974,0.004578995535687995,38.58,37.7785,38.004333333333335,0.23536442865812796
2024-12-26,600036.SH,39.4,39.54,39.01,39.48,39.4,0.08,0.203,539251.94,2125139.425,0.0020304568527917954,0.002028398261392619,38.872,37.928999999999995,38.07266666666667,0.23388188237049612
2024-12-27,600036.SH,39.48,39.64,38.78,39.34,39.48,-0.14,-0.3546,700319.55,2742768.758,-0.0035460992907799804,-0.0035524016043676607,39.158,38.07899999999999,38.134499999999996,0.23387388584954275
2024-12-30,600036.SH,39.34,39.8,39.25,39.62,39.34,0.28,0.7117,678845.33,2690314.729,0.007117437722419684,0.007092228309491616,39.412,38.2345,38.168000000000006,0.23411709838419448
2024-12-31,600036.SH,39.56,39.9,39.3,39.3,39.62,-0.32,-0.8077,643716.99,2549055.494,-0.008076728924785503,-0.008109522395189361,39.428,38.34349999999999,38.156333333333336,0.23308225834336235
2025-01-02,600036.SH,39.35,39.5,38.34,38.51,39.3,-0.79,-2.0102,642000.7,2493694.677,-0.020101781170483446,-0.020306571048398014,39.25,38.4285,38.181333333333335,0.24411662636216974
2025-01-03,600036.SH,38.6,39.04,38.54,38.66,38.51,0.15,0.3895,682583.06,2646967.329,0.0038950921838483143,0.0038875259533672794,39.086,38.516000000000005,38.180166666666665,0.24417446247457578
2025-01-06,600036.SH,38.9,39.1,38.13,39.05,38.66,0.39,1.0088,617158.63,2394244.404,0.010087946197620212,0.010037402505510067,39.028,38.5835,38.19050000000001,0.2356693148011939
2025-01-07,600036.SH,38.97,39.15,38.61,38.9,39.05,-0.15,-0.3841,492752.05,1917344.814,-0.003841229193341844,-0.003848625661294338,38.88399999999999,38.643499999999996,38.18333333333333,0.2364658251186944
2025-01-08,600036.SH,38.83,39.55,38.82,39.28,38.9,0.38,0.9769,751481.02,2952943.868,0.00976863753213375,0.009721232861864604,38.879999999999995,38.6775,38.196333333333335,0.22386916226367462
2025-01-09,600036.SH,39.4,39.43,38.83,39.0,39.28,-0.28,-0.7128,447083.35,1748399.288,-0.007128309572301483,-0.00715383735661877,38.977999999999994,38.7125,38.188,0.22354724249733957
2025-01-10,600036.SH,39.34,39.45,38.81,38.98,39.0,-0.02,-0.0513,481424.8,1881660.497,-0.0005128205128206442,-0.0005129520502318065,39.042,38.7215,38.19616666666666,0.21898547997424367
2025-01-13,600036.SH,38.93,39.15,38.54,39.07,38.98,0.09,0.2309,606322.74,2360608.444,0.002308876346844624,0.0023062149875645527,39.046,38.809999999999995,38.1965,0.16351994239091686
2025-01-14,600036.SH,39.09,39.97,38.9,39.85,39.07,0.78,1.9964,708011.88,2802857.578,0.019964166879959055,0.019767496169244836,39.236,38.9155,38.213166666666666,0.17210890842703483
2025-01-15,600036.SH,39.99,41.0,39.89,40.64,39.85,0.79,1.9824,796700.88,3234242.853,0.01982434127979915,0.01963039803400231,39.507999999999996,39.055,38.23766666666667,0.18244153279723377
2025-01-16,600036.SH,40.65,41.15,40.53,40.99,40.64,0.35,0.8612,592593.86,2423118.469,0.008612204724409489,0.00857533124601978,39.906000000000006,39.1785,38.259833333333326,0.17587483584642843
2025-01-17,600036.SH,40.96,41.16,40.13,40.71,40.99,-0.28,-0.6831,475900.5,1936832.044,-0.006830934374237652,-0.00685437200135876,40.251999999999995,39.313,38.283166666666666,0.1696287533445386
2025-01-20,600036.SH,40.98,41.07,40.11,40.12,40.71,-0.59,-1.4493,542574.82,2195966.48,-0.01449275362318847,-0.014598799421152749,40.462,39.423500000000004,38.30016666666667,0.18008223120902658
2025-01-21,600036.SH,40.32,40.51,40.01,40.14,40.12,0.02,0.0499,400685.06,1613495.367,0.0004985044865404298,0.000498380274457352,40.52,39.513,38.32716666666667,0.17725212602143225
2025-01-22,600036.SH,40.14,40.16,39.32,39.45,40.14,-0.69,-1.719,588912.22,2327377.021,-0.0171898355754857,-0.017339296076308734,40.282,39.5245,38.34133333333333,0.1730175675326974
2025-01-23,600036.SH,39.67,40.23,39.52,39.83,39.45,0.38,0.9632,606618.1,2417576.583,0.009632446134347106,0.009586349901669441,40.05,39.546,38.37383333333333,0.17556420743195453
2025-01-24,600036.SH,39.66,40.55,39.46,40.26,39.83,0.43,1.0796,574652.34,2312073.726,0.010795882500627574,0.010738023018092475,39.96,39.585,38.42216666666666,0.17922961975276105
2025-01-27,600036.SH,40.58,40.97,40.55,40.65,40.26,0.39,0.9687,526060.47,2144848.681,0.009687034277198192,0.009640415782174153,40.065999999999995,39.6505,38.46616666666667,0.18088708386161326
2025-02-05,600036.SH,40.85,40.9,39.9,40.0,40.65,-0.65,-1.599,504788.89,2030411.802,-0.01599015990159902,-0.0161193818798833,40.038,39.6695,38.487,0.19007349661241407
2025-02-06,600036.SH,40.0,40.38,39.73,40.2,40.0,0.2,0.5,466088.42,1866867.478,0.0050000000000001155,0.004987541511039188,40.188,39.7145,38.50566666666666,0.18786079402490985
2025-02-07,600036.SH,40.1,40.4,39.96,40.2,40.2,0.0,0.0,521066.18,2092855.37,0.0,0.0,40.262,39.79899999999999,38.533,0.17036659535588114
2025-02-10,600036.SH,40.2,40.92,39.96,40.6,40.2,0.4,0.995,581805.95,2357786.974,0.00995024875621886,0.009901070982711537,40.33,39.896,38.55016666666667,0.1725059614289552
2025-02-11,600036.SH,40.75,41.04,40.64,40.98,40.6,0.38,0.936,457771.19,1872296.623,0.009359605911329894,0.009316076203066584,40.396,39.9925,38.5865,0.17210034745586358
2025-02-12,600036.SH,40.96,41.66,40.56,41.62,40.98,0.64,1.5617,603591.49,2484722.115,0.015617374328940947,0.015496678154734671,40.720000000000006,40.1285,38.641333333333336,0.17644067683642647
2025-02-13,600036.SH,41.65,41.95,41.34,41.71,41.62,0.09,0.2162,462206.98,1927409.816,0.002162421912542234,0.0021600872433656976,41.022000000000006,40.25,38.71,0.17488320170734847
2025-02-14,600036.SH,41.69,42.03,41.52,42.03,41.71,0.32,0.7672,498736.9,2086301.72,0.0076720210980580905,0.007642740808171519,41.388,40.4015,38.780166666666666,0.17129771890966236
2025-02-17,600036.SH,41.99,41.99,41.36,41.72,42.03,-0.31,-0.7376,536125.61,2228540.282,-0.007375684035213048,-0.007403018884453735,41.612,40.538500000000006,38.84116666666667,0.17527724623716753
2025-02-18,600036.SH,41.51,42.48,41.51,42.05,41.72,0.33,0.791,546665.39,2301403.254,0.007909875359539686,0.007878756286385262,41.826,40.6875,38.91166666666666,0.17591566260500735
2025-02-19,600036.SH,42.0,42.15,41.76,41.98,42.05,-0.07,-0.1665,374702.23,1572476.676,-0.0016646848989299023,-0.0016660720264701885,41.897999999999996,40.794,38.97966666666666,0.16592930187340724
2025-02-20,600036.SH,42.0,42.09,41.68,41.85,41.98,-0.13,-0.3097,407675.08,1705724.684,-0.0030967127203429534,-0.0031015174570025355,41.926,40.8545,39.048500000000004,0.15399828811341737
2025-02-21,600036.SH,41.96,41.99,41.22,41.4,41.85,-0.45,-1.0753,595255.79,2467492.898,-0.010752688172043112,-0.01081091610421573,41.8,40.875,39.11383333333333,0.157460045913126
2025-02-24,600036.SH,41.39,41.75,41.1,41.27,41.4,-0.13,-0.314,571107.09,2361716.151,-0.0031400966183573464,-0.0031450370667781085,41.709999999999994,40.903,39.17783333333333,0.15570231302816046
2025-02-25,600036.SH,41.15,41.44,40.91,41.03,41.27,-0.24,-0.5815,507321.2,2088784.244,-0.005815362248606792,-0.005832337310395788,41.506,40.9485,39.25416666666667,0.14726910863220097
2025-02-26,600036.SH,41.13,41.7,41.05,41.48,41.03,0.45,1.0968,476446.61,1974231.834,0.010967584694126176,0.01090787690723179,41.406,41.015499999999996,39.34183333333333,0.15127667997397398
2025-02-27,600036.SH,41.6,42.4,41.28,42.38,41.48,0.9,2.1697,622596.57,2611617.503,0.021697203471552795,0.021465169478826665,41.512,41.162,39.44166666666667,0.14988965987043396
2025-02-28,600036.SH,42.38,42.66,42.05,42.05,42.38,-0.33,-0.7787,705423.65,2985755.469,-0.007786691835771742,-0.007817166421196103,41.642,41.273,39.5325,0.1533523249814421
2025-03-03,600036.SH,42.12,42.62,41.95,42.05,42.05,0.0,0.0,470149.02,1983165.73,0.0,0.0,41.798,41.3625,39.6255,0.15061262536336897
2025-03-04,600036.SH,41.91,42.1,41.77,41.8,42.05,-0.25,-0.5945,317245.42,1329037.847,-0.005945303210463715,-0.005963046888246413,41.952,41.42,39.7165,0.1505553346005408
2025-03-05,600036.SH,41.96,42.91,41.75,42.89,41.8,1.09,2.6077,632037.43,2689749.944,0.026076555023923476,0.02574235899807849,42.234,41.564499999999995,39.82283333333333,0.15973674958097422
2025-03-06,600036.SH,42.89,43.1,42.45,42.96,42.89,0.07,0.1632,572053.04,2450800.591,0.0016320820704127659,0.001630751671820239,42.35,41.7025,39.92016666666667,0.15977632653442078
2025-03-07,600036.SH,42.9,43.8,42.85,43.57,42.96,0.61,1.4199,605413.19,2626484.644,0.014199255121042809,0.014099389928741476,42.653999999999996,41.871,40.03283333333333,0.16370177872526007
2025-03-10,600036.SH,43.49,43.58,42.82,43.07,43.57,-0.5,-1.1476,508749.71,2191791.878,-0.011475786091347251,-0.011542141063331528,42.858,41.9945,40.1355,0.17102088492077086
2025-03-11,600036.SH,42.77,43.64,42.71,43.51,43.07,0.44,1.0216,565741.09,2447134.269,0.010215927559786397,0.010164097666569533,43.2,42.120999999999995,40.23233333333334,0.17146885323867966
2025-03-12,600036.SH,43.5,43.86,43.25,43.54,43.51,0.03,0.0689,418258.36,1822497.448,0.0006894966674328984,0.0006892590738127645,43.33,42.217,40.32966666666667,0.1650298404540147
2025-03-13,600036.SH,43.6,44.38,43.5,43.84,43.54,0.3,0.689,585539.28,2575079.64,0.006890215893431417,0.006866586833358803,43.506,42.323499999999996,40.417,0.1658257150752334
2025-03-14,600036.SH,44.0,45.47,43.94,45.16,43.84,1.32,3.0109,911275.35,4095818.343,0.030109489051094673,0.02966509664170096,43.824,42.480000000000004,40.531333333333336,0.19207579789901277
2025-03-17,600036.SH,45.32,45.5,44.98,45.04,45.16,-0.12,-0.2657,654209.73,2957486.225,-0.0026572187776793266,-0.00266075545002629,44.217999999999996,42.646,40.63533333333333,0.18918649477902658
2025-03-18,600036.SH,45.29,45.38,44.82,45.14,45.04,0.1,0.222,428220.01,1933102.848,0.002220248667850866,0.002217787557954759,44.544,42.8005,40.766,0.188665382028727
2025-03-19,600036.SH,45.28,46.1,45.1,46.02,45.14,0.88,1.9495,670705.94,3061182.015,0.019494904740806396,0.0193073132178302,45.040000000000006,43.0025,40.903999999999996,0.1956292582032407
2025-03-20,600036.SH,45.92,45.92,44.78,45.24,46.02,-0.78,-1.6949,678656.03,3067327.047,-0.016949152542372947,-0.017094433359300183,45.32000000000001,43.172,41.027166666666666,0.20867389555009877
2025-03-21,600036.SH,45.12,45.34,44.52,44.7,45.24,-0.54,-1.1936,675411.7,3030118.215,-0.011936339522546358,-0.012008149628396496,45.228,43.337,41.13016666666667,0.20982167240990668
2025-03-24,600036.SH,44.55,45.19,44.55,45.05,44.7,0.35,0.783,449576.19,2018232.266,0.007829977628635243,0.007799482434823669,45.230000000000004,43.525999999999996,41.24733333333334,0.20853231557729476
2025-03-25,600036.SH,45.0,45.5,44.95,45.09,45.05,0.04,0.0888,356871.55,1610425.397,0.0008879023307437617,0.0008875083786460358,45.220000000000006,43.729,41.367,0.2054811772597623
2025-03-26,600036.SH,44.5,44.59,42.61,42.66,45.09,-2.43,-5.3892,1578326.32,6817699.594,-0.05389221556886237,-0.0553987793897884,44.548,43.788,41.43883333333334,0.2909134433364217
2025-03-27,600036.SH,42.75,43.74,42.74,43.26,42.66,0.6,1.4065,827950.81,3583722.318,0.01406469760900153,0.013966707481708321,44.152,43.832,41.506166666666665,0.2851116281310527
2025-03-28,600036.SH,43.3,43.45,43.06,43.22,43.26,-0.04,-0.0925,386184.09,1671063.294,-0.000924641701340656,-0.0009250694461727183,43.856,43.890499999999996,41.56983333333333,0.2832828363365294
2025-03-31,600036.SH,43.21,43.78,42.61,43.29,43.22,0.07,0.162,539568.88,2334387.177,0.0016196205460434765,0.0016183103751492576,43.504000000000005,43.9525,41.63333333333333,0.28322541332443163
2025-04-01,600036.SH,43.28,43.29,42.75,42.87,43.29,-0.42,-0.9702,389360.35,1671945.743,-0.00970200970200974,-0.009749380844003503,43.06,44.006,41.69216666666667,0.28486330749907046
2025-04-02,600036.SH,42.87,43.15,42.68,42.73,42.87,-0.14,-0.3266,331201.89,1420244.308,-0.0032656869605784955,-0.00327103095395215,43.074,43.998000000000005,41.744,0.26982178608859664
2025-04-03,600036.SH,42.02,42.85,42.02,42.65,42.73,-0.08,-0.1872,464165.5,1977833.089,-0.0018722209220687347,-0.001873975718245388,42.952,43.9825,41.79983333333334,0.2698192022875687
2025-04-07,600036.SH,40.94,42.0,39.39,40.83,42.65,-1.82,-4.2673,1815632.92,7360169.684,-0.04267291910902693,-0.043610168606203696,42.474,43.8455,41.838499999999996,0.3029840572043635
2025-04-08,600036.SH,40.78,41.2,40.44,41.15,40.83,0.32,0.7837,1610477.36,6562173.34,0.007837374479549464,0.007806821791594535,42.046,43.7495,41.88,0.3036294944423898
2025-04-09,600036.SH,40.6,41.02,40.3,40.46,41.15,-0.69,-1.6768,973969.35,3956703.949,-0.016767922235722876,-0.01691009538347932,41.564,43.597,41.903499999999994,0.3042191885681264
2025-04-10,600036.SH,40.99,41.45,40.55,41.1,40.46,0.64,1.5818,743788.75,3057795.208,0.015818091942659374,0.015694289762589474,41.238,43.475,41.94016666666667,0.31159952541922264
2025-04-11,600036.SH,41.11,41.69,40.81,41.51,41.1,0.41,0.9976,583056.91,2404586.566,0.009975669099756557,0.009926240562758334,41.01,43.35850000000001,41.977333333333334,0.3130472704251037
2025-04-14,600036.SH,41.68,41.91,41.41,41.48,41.51,-0.03,-0.0723,482159.84,2006762.053,-0.0007227174174897488,-0.0007229787036207971,41.14,43.174499999999995,42.01866666666667,0.28857290305701816
2025-04-15,600036.SH,41.49,42.29,41.45,42.1,41.48,0.62,1.4947,614563.86,2578602.435,0.014946962391514163,0.01483635732700933,41.33,43.027499999999996,42.07066666666666,0.29638470416757934
2025-04-16,600036.SH,41.98,42.58,41.82,42.25,42.1,0.15,0.3563,576293.58,2425842.589,0.0035629453681709222,0.003556613114847021,41.688,42.882999999999996,42.123666666666665,0.2967485112877746
2025-04-17,600036.SH,42.12,42.36,41.85,42.12,42.25,-0.13,-0.3077,405792.88,1711632.454,-0.003076923076923088,-0.003081666537408112,41.891999999999996,42.688,42.161500000000004,0.2844830233170005
2025-04-18,600036.SH,42.13,42.79,42.05,42.75,42.12,0.63,1.4957,435001.28,1849158.562,0.014957264957265126,0.014846508116994638,42.14,42.5635,42.19666666666667,0.2881314290858892
2025-04-21,600036.SH,42.66,43.08,42.28,42.28,42.75,-0.47,-1.0994,416465.85,1774479.138,-0.010994152046783556,-0.011055034380732269,42.3,42.442499999999995,42.21816666666667,0.28774855451898673
2025-04-22,600036.SH,42.31,42.54,42.01,42.01,42.28,-0.27,-0.6386,433788.13,1831804.304,-0.006385998107852453,-0.006406475820746232,42.282,42.290499999999994,42.23983333333334,0.28531583569352675
2025-04-23,600036.SH,42.3,42.3,41.77,41.99,42.01,-0.02,-0.0476,467743.59,1965588.261,-0.0004760771244940454,-0.00047619048518866207,42.23,42.13549999999999,42.270999999999994,0.2850893645831905
2025-04-24,600036.SH,42.0,42.38,41.95,42.21,41.99,0.22,0.5239,413651.85,1747384.624,0.005239342700642968,0.00522566509830543,42.248,42.113,42.3055,0.2147810484661155
2025-04-25,600036.SH,42.29,42.55,42.04,42.08,42.21,-0.13,-0.308,424349.93,1792844.933,-0.0030798389007344884,-0.003084591364953024,42.114000000000004,42.054,42.349333333333334,0.20793537765888967
2025-04-28,600036.SH,42.15,42.56,42.03,42.35,42.08,0.27,0.6416,386973.17,1639160.75,0.006416349809885924,0.006395852668608972,42.128,42.0105,42.391333333333336,0.209735722252352
2025-04-29,600036.SH,42.35,42.65,42.0,42.0,42.35,-0.35,-0.8264,457698.53,1933096.299,-0.008264462809917439,-0.008298802814695179,42.126,41.946000000000005,42.42033333333333,0.21107105228853132
2025-04-30,600036.SH,41.64,41.64,40.51,40.74,42.0,-1.26,-3.0,1172682.1,4782474.914,-0.029999999999999916,-0.03045920748470846,41.876,41.8395,42.42183333333333,0.23280499980712296
2025-05-06,600036.SH,40.9,41.41,40.51,41.37,40.74,0.63,1.5464,666409.99,2734586.584,0.015463917525773141,0.01534556967466032,41.708000000000006,41.771499999999996,42.44466666666666,0.24126462418707945
2025-05-07,600036.SH,41.79,42.23,41.31,42.02,41.37,0.65,1.5712,712913.88,2985699.306,0.01571186850374673,0.015589714943534274,41.696,41.74,42.475,0.24886370804600463
2025-05-08,600036.SH,42.01,43.42,42.0,42.8,42.02,0.78,1.8563,833809.64,3581050.505,0.018562589243217298,0.018392407170896536,41.786,41.838499999999996,42.51833333333333,0.20218985976592296
2025-05-09,600036.SH,42.8,43.6,42.8,43.48,42.8,0.68,1.5888,668154.72,2897563.045,0.015887850467289688,0.015762959665257554,42.082,41.955,42.56633333333333,0.20700425685622784
2025-05-12,600036.SH,43.45,44.4,43.11,43.8,43.48,0.32,0.736,848974.09,3724155.034,0.007359705611775569,0.007332755129391791,42.693999999999996,42.122,42.61333333333333,0.1940029885444208
2025-05-13,600036.SH,44.09,44.65,43.85,44.56,43.8,0.76,1.7352,699124.17,3099990.42,0.01735159817351617,0.01720277823662832,43.331999999999994,42.295,42.66233333333333,0.19530922765509864
2025-05-14,600036.SH,44.55,45.3,44.32,44.81,44.56,0.25,0.561,712790.18,3194543.663,0.005610412926391417,0.005594733179023111,43.89,42.459999999999994,42.714000000000006,0.19418534633924456
2025-05-15,600036.SH,44.83,45.38,44.65,44.92,44.81,0.11,0.2455,684600.48,3080577.618,0.0024548091943763506,0.0024518010721908683,44.314,42.632000000000005,42.762166666666666,0.19350769802608075
2025-05-16,600036.SH,44.75,44.98,44.03,44.27,44.92,-0.65,-1.447,619655.35,2743750.956,-0.014470169189670479,-0.014575883126192726,44.472,42.740500000000004,42.80466666666666,0.19963801652049684
2025-05-19,600036.SH,44.2,44.46,43.75,43.84,44.27,-0.43,-0.9713,502817.01,2213557.25,-0.009713124011746066,-0.009760604104289526,44.480000000000004,42.82,42.8345,0.20428912648911027
2025-05-20,600036.SH,44.03,44.61,43.87,43.9,43.84,0.06,0.1369,500534.83,2210731.576,0.0013686131386860811,0.0013676774413655215,44.348,42.909000000000006,42.8665,0.20345242452003467
2025-05-21,600036.SH,43.95,44.37,43.84,43.9,43.9,0.0,0.0,499200.35,2199193.618,0.0,0.0,44.166000000000004,42.9665,42.900666666666666,0.19781391044501304
2025-05-22,600036.SH,43.9,44.56,43.75,44.51,43.9,0.61,1.3895,565655.62,2503244.591,0.013895216400911181,0.013799562946637308,44.084,43.078,42.9525,0.19685391779458677
2025-05-23,600036.SH,44.51,44.68,43.9,44.05,44.51,-0.46,-1.0335,541460.09,2395482.582,-0.010334756234554043,-0.01038853064557445,44.04,43.18,42.99883333333334,0.19973498587478344
2025-05-26,600036.SH,43.89,44.17,43.63,43.8,44.05,-0.25,-0.5675,456099.75,2000068.964,-0.005675368898978461,-0.005691534999788097,44.032,43.270500000000006,43.044999999999995,0.20158899585468215
2025-05-27,600036.SH,43.8,44.15,43.67,43.74,43.8,-0.06,-0.137,363750.01,1594752.084,-0.001369863013698569,-0.0013708021337786036,44.0,43.347,43.08266666666667,0.20162780492675783
2025-05-28,600036.SH,43.78,44.05,43.6,43.68,43.74,-0.06,-0.1372,300355.24,1313730.557,-0.001371742112482921,-0.0013726838119722468,43.956,43.427,43.10433333333333,0.20116353436165155
2025-05-29,600036.SH,43.7,43.95,43.45,43.47,43.68,-0.21,-0.4808,492989.7,2152530.686,-0.004807692307692291,-0.004819286435948883,43.748,43.483000000000004,43.12800000000001,0.20179839429980378
2025-05-30,600036.SH,43.55,43.88,43.35,43.43,43.47,-0.04,-0.092,571391.44,2491890.458,-0.000920174833218268,-0.0009205984539701522,43.624,43.554500000000004,43.150999999999996,0.19880325669692978
