date,ts_code,open,high,low,close,pre_close,change,pct_chg,volume,amount,returns,logReturns,ma5,ma20,ma60,volatility
2019-01-02,600900.SH,15.79,15.8,15.12,15.42,15.88,-0.46,-2.8967,305334.08,467205.842,,,,,,
2019-01-03,600900.SH,15.29,15.57,15.27,15.57,15.42,0.15,0.9728,158289.71,244273.877,0.009727626459143934,0.009680617710723496,,,,
2019-01-04,600900.SH,15.55,15.55,15.16,15.32,15.57,-0.25,-1.6057,241127.34,369454.172,-0.016056518946692355,-0.01618682153346172,,,,
2019-01-07,600900.SH,15.39,15.43,15.16,15.24,15.32,-0.08,-0.5222,195114.27,297628.905,-0.005221932114882533,-0.005235614053945052,,,,
2019-01-08,600900.SH,15.2,15.61,15.2,15.56,15.24,0.32,2.0997,200298.89,308659.635,0.0209973753280841,0.020779968491745435,15.422,,,
2019-01-09,600900.SH,15.65,15.74,15.47,15.48,15.56,-0.08,-0.5141,125442.16,195552.061,-0.005141388174807249,-0.0051546505886645375,15.434000000000001,,,
2019-01-10,600900.SH,15.42,15.54,15.24,15.33,15.48,-0.15,-0.969,138792.26,212924.463,-0.009689922480620172,-0.009737175277858317,15.386000000000001,,,
2019-01-11,600900.SH,15.33,15.42,15.22,15.39,15.33,0.06,0.3914,92002.73,140977.726,0.00391389432485334,0.0039062549670652105,15.4,,,
2019-01-14,600900.SH,15.35,15.42,15.19,15.27,15.39,-0.12,-0.7797,116617.36,178286.132,-0.007797270955165803,-0.007827828620246903,15.406,,,
2019-01-15,600900.SH,15.28,15.4,15.22,15.4,15.27,0.13,0.8513,64059.14,98265.575,0.00851342501637209,0.008477390189042526,15.374,,,
2019-01-16,600900.SH,15.41,15.57,15.33,15.52,15.4,0.12,0.7792,102553.28,158459.847,0.007792207792207684,0.007762005335489109,15.382,,,
2019-01-17,600900.SH,15.56,15.56,15.39,15.45,15.52,-0.07,-0.451,82507.36,127573.975,-0.0045103092783504994,-0.0045205114113182066,15.406,,,
2019-01-18,600900.SH,15.56,15.79,15.5,15.75,15.45,0.3,1.9417,173605.19,272067.831,0.01941747572815533,0.019231361927887592,15.478,,,
2019-01-21,600900.SH,15.7,15.83,15.7,15.82,15.75,0.07,0.4444,86923.63,137083.604,0.004444444444444473,0.004434597067865775,15.588,,,
2019-01-22,600900.SH,15.85,15.89,15.75,15.81,15.82,-0.01,-0.0632,102032.8,161487.06,-0.0006321112515802474,-0.0006323111181271348,15.669999999999998,,,
2019-01-23,600900.SH,15.8,15.97,15.78,15.96,15.81,0.15,0.9488,96633.68,153527.848,0.009487666034155628,0.009442940800282087,15.758000000000001,,,
2019-01-24,600900.SH,15.97,16.03,15.82,15.95,15.96,-0.01,-0.0627,113918.25,181776.697,-0.0006265664160401974,-0.0006267627908092267,15.857999999999999,,,
2019-01-25,600900.SH,16.0,16.06,15.9,15.91,15.95,-0.04,-0.2508,84048.66,134117.614,-0.0025078369905955356,-0.0025109868811580022,15.89,,,
2019-01-28,600900.SH,15.96,16.07,15.79,15.91,15.91,0.0,0.0,157702.46,250587.338,0.0,0.0,15.907999999999998,,,
2019-01-29,600900.SH,15.87,16.29,15.84,16.2,15.91,0.29,1.8228,161776.1,260628.835,0.018227529855436853,0.01806339988864291,15.985999999999999,15.613,,
2019-01-30,600900.SH,16.29,16.29,16.08,16.19,16.2,-0.01,-0.0617,92774.58,150189.614,-0.0006172839506171091,-0.0006174745487944538,16.032,15.651499999999999,,0.1576336167150931
2019-01-31,600900.SH,16.32,16.43,16.22,16.43,16.19,0.24,1.4824,157357.63,257298.355,0.014823965410747375,0.01471516435963295,16.128,15.6945,,0.16172378864679424
2019-02-01,600900.SH,16.47,16.5,16.3,16.35,16.43,-0.08,-0.4869,94044.49,154028.101,-0.004869141813755196,-0.004881034705914183,16.216,15.746,,0.1488397264300275
2019-02-11,600900.SH,16.21,16.42,16.21,16.31,16.35,-0.04,-0.2446,134852.06,220536.175,-0.0024464831804282827,-0.0024494807103400446,16.296,15.7995,,0.14704727983474475
2019-02-12,600900.SH,16.35,16.39,16.18,16.34,16.31,0.03,0.1839,188646.92,307305.554,0.0018393623543839777,0.0018376727989344863,16.324,15.8385,,0.1316223696261038
2019-02-13,600900.SH,16.36,16.44,16.16,16.39,16.34,0.05,0.306,245619.86,399693.159,0.003059975520195879,0.0030553033238815324,16.364,15.884,,0.12850552701210877
2019-02-14,600900.SH,16.33,16.42,16.26,16.32,16.39,-0.07,-0.4271,163304.7,266766.677,-0.004270896888346587,-0.004280043219777401,16.342000000000002,15.933499999999999,,0.12278107012554833
2019-02-15,600900.SH,16.31,16.37,16.23,16.3,16.32,-0.02,-0.1225,122935.07,200272.303,-0.001225490196078427,-0.0012262417232442964,16.332,15.979,,0.12371542917152722
2019-02-18,600900.SH,16.37,16.38,16.19,16.34,16.3,0.04,0.2454,282369.85,459580.193,0.0024539877300613355,0.0024509816191401607,16.338,16.032500000000002,,0.11712956669778486
2019-02-19,600900.SH,16.3,16.32,16.16,16.25,16.34,-0.09,-0.5508,266421.73,432019.302,-0.005507955936352449,-0.005523180656110272,16.32,16.075,,0.11958763076326169
2019-02-20,600900.SH,16.27,16.27,16.15,16.24,16.25,-0.01,-0.0615,112261.19,182015.214,-0.0006153846153846843,-0.0006155740422146682,16.29,16.111,,0.11857443585153968
2019-02-21,600900.SH,16.23,16.3,16.07,16.1,16.24,-0.14,-0.8621,174725.76,283047.934,-0.008620689655172264,-0.00865806274311443,16.246,16.1435,,0.12253537313552716
2019-02-22,600900.SH,16.1,16.2,15.95,16.2,16.1,0.1,0.6211,159269.29,256473.489,0.006211180124223503,0.00619197024792098,16.226,16.166,,0.10555864613530272
2019-02-25,600900.SH,16.19,16.38,16.06,16.38,16.2,0.18,1.1111,486146.67,787591.824,0.011111111111111072,0.011049836186584935,16.233999999999998,16.194,,0.1106148061804553
2019-02-26,600900.SH,16.3,16.5,16.26,16.28,16.38,-0.1,-0.6105,334604.3,548282.201,-0.006105006105005972,-0.006123717850528993,16.24,16.2175,,0.11384576539305064
2019-02-27,600900.SH,16.31,16.38,16.18,16.22,16.28,-0.06,-0.3686,263508.8,428213.047,-0.0036855036855037993,-0.003692311887127491,16.235999999999997,16.2305,,0.11114284736068665
2019-02-28,600900.SH,16.22,16.3,16.14,16.3,16.22,0.08,0.4932,197897.96,321039.157,0.004932182490752224,0.004920059125449853,16.276,16.247999999999998,,0.11192444086169762
2019-03-01,600900.SH,16.3,16.32,16.11,16.27,16.3,-0.03,-0.184,204181.73,331215.875,-0.0018404907975461127,-0.00184218658177032,16.29,16.266000000000002,,0.11166314985996258
2019-03-04,600900.SH,16.26,16.38,16.19,16.26,16.27,-0.01,-0.0615,433836.98,706018.079,-0.0006146281499691542,-0.0006148171112817831,16.266000000000002,16.2835,,0.11176784007463281
2019-03-05,600900.SH,16.27,16.38,16.24,16.3,16.26,0.04,0.246,308665.81,503632.487,0.002460024600245969,0.0024570036930520837,16.270000000000003,16.288500000000003,,0.09201065464964586
2019-03-06,600900.SH,16.3,16.98,16.25,16.86,16.3,0.56,3.4356,472037.02,785521.111,0.03435582822085892,0.03377884476099277,16.398000000000003,16.322,,0.15167185142480066
2019-03-07,600900.SH,16.88,16.92,16.52,16.69,16.86,-0.17,-1.0083,319724.76,533707.647,-0.010083036773428145,-0.010134214899965601,16.476,16.335,,0.14965279301543388
2019-03-08,600900.SH,16.6,16.74,16.42,16.66,16.69,-0.03,-0.1797,303448.53,503176.832,-0.0017974835230677444,-0.0017991009350471158,16.554,16.3505,,0.14849486339689583
2019-03-11,600900.SH,16.57,16.65,16.36,16.47,16.66,-0.19,-1.1405,273329.97,450196.184,-0.01140456182472993,-0.011470092549147716,16.595999999999997,16.3585,,0.1545191970818916
2019-03-12,600900.SH,16.45,16.63,16.28,16.35,16.47,-0.12,-0.7286,377722.72,620838.287,-0.007285974499089076,-0.0073126468462863786,16.606,16.359,,0.15687286572721412
2019-03-13,600900.SH,16.31,16.35,16.0,16.04,16.35,-0.31,-1.896,396433.13,640474.482,-0.018960244648318136,-0.019142294904894056,16.442,16.341500000000003,,0.17022319267021963
2019-03-14,600900.SH,16.04,16.33,15.99,16.29,16.04,0.25,1.5586,245273.74,397118.616,0.01558603491271815,0.01546582017558527,16.362000000000002,16.339999999999996,,0.17953882049026137
2019-03-15,600900.SH,16.22,16.4,16.17,16.28,16.29,-0.01,-0.0614,176483.23,287610.172,-0.000613873542050225,-0.0006140620395594097,16.286,16.339000000000002,,0.1794980087224648
2019-03-18,600900.SH,16.29,16.84,16.29,16.75,16.28,0.47,2.887,301433.59,500900.212,0.028869778869778706,0.02846089769668104,16.342000000000002,16.3595,,0.20671753737892304
2019-03-19,600900.SH,16.73,17.13,16.7,16.94,16.75,0.19,1.1343,227211.9,383759.973,0.011343283582089692,0.011279430952833031,16.46,16.394,,0.20798600726061742
2019-03-20,600900.SH,16.85,16.94,16.74,16.84,16.94,-0.1,-0.5903,168613.2,284153.902,-0.005903187721369663,-0.00592068040972779,16.62,16.424,,0.20976195169756823
2019-03-21,600900.SH,16.9,17.01,16.78,16.84,16.84,0.0,0.0,191038.11,322787.957,0.0,0.0,16.73,16.461000000000002,,0.20623083899934674
2019-03-22,600900.SH,16.85,17.12,16.81,17.12,16.84,0.28,1.6627,205612.36,349953.457,0.016627078384798155,0.01649036189941543,16.898,16.507,,0.21206328392183926
2019-03-25,600900.SH,17.02,17.2,16.82,16.92,17.12,-0.2,-1.1682,219170.57,372682.902,-0.011682242990654124,-0.01175101653551874,16.932,16.534,,0.21568930608862458
2019-03-26,600900.SH,17.0,17.1,16.9,17.05,16.92,0.13,0.7683,179118.6,304696.772,0.0076832151300236795,0.007653849551448615,16.954,16.572499999999998,,0.21461365121643802
2019-03-27,600900.SH,17.03,17.09,16.72,16.76,17.05,-0.29,-1.7009,151944.2,256635.455,-0.017008797653958907,-0.017155108675588778,16.938,16.5995,,0.22460215802825048
2019-03-28,600900.SH,16.72,17.08,16.55,16.94,16.76,0.18,1.074,188050.22,316265.755,0.010739856801909253,0.0106825941699713,16.958,16.6315,,0.22663615631092995
2019-03-29,600900.SH,16.91,16.93,16.68,16.87,16.94,-0.07,-0.4132,312744.95,526663.21,-0.004132231404958664,-0.004140792666031388,16.908,16.661499999999997,,0.2272994122214178
2019-04-01,600900.SH,16.95,17.14,16.82,16.9,16.87,0.03,0.1778,359695.25,607940.512,0.0017783046828687699,0.0017767253711506276,16.904000000000003,16.6935,,0.2271056728678644
2019-04-02,600900.SH,16.92,16.93,16.78,16.92,16.9,0.02,0.1183,226134.4,381196.528,0.0011834319526629056,0.0011827322490496157,16.878,16.7245,16.208666666666666,0.22711871538591602
2019-04-03,600900.SH,16.85,16.93,16.76,16.89,16.92,-0.03,-0.1773,218995.89,368722.392,-0.0017730496453901567,-0.001774623358368601,16.904000000000003,16.726000000000003,16.233166666666666,0.19232040416392013
2019-04-04,600900.SH,16.86,16.88,16.74,16.8,16.89,-0.09,-0.5329,220199.54,370158.927,-0.005328596802841923,-0.0053428444104954695,16.876,16.731500000000004,16.253666666666668,0.18968484536341412
2019-04-08,600900.SH,16.8,16.85,16.5,16.55,16.8,-0.25,-1.4881,394914.01,657521.94,-0.014880952380952328,-0.01499278458614128,16.812,16.726,16.274166666666666,0.19722689395681778
2019-04-09,600900.SH,16.55,16.65,16.43,16.53,16.55,-0.02,-0.1208,280805.37,465342.971,-0.0012084592145015227,-0.001209189990139109,16.738,16.729000000000003,16.295666666666666,0.19285650558038736
2019-04-10,600900.SH,16.55,16.7,16.44,16.58,16.53,0.05,0.3025,256847.84,424588.02,0.003024803387779551,0.0030202378742158627,16.669999999999998,16.7405,16.312666666666665,0.1909753044654164
2019-04-11,600900.SH,16.6,16.78,16.59,16.75,16.58,0.17,1.0253,253233.29,423328.968,0.01025331724969858,0.010201108563926671,16.642,16.776,16.333833333333335,0.17871053185785113
2019-04-12,600900.SH,16.75,16.92,16.71,16.88,16.75,0.13,0.7761,230022.61,387662.337,0.00776119402985076,0.007731230896735629,16.657999999999998,16.805500000000002,16.359666666666666,0.173020967323162
2019-04-15,600900.SH,16.98,16.98,16.6,16.61,16.88,-0.27,-1.5995,306300.56,513300.979,-0.015995260663507094,-0.016124565542607536,16.669999999999998,16.822,16.380000000000003,0.18416593463703038
2019-04-16,600900.SH,16.61,16.8,16.52,16.78,16.61,0.17,1.0235,208056.18,346970.325,0.010234798314268545,0.010182777413856646,16.72,16.823500000000003,16.405166666666666,0.15668275617519306
2019-04-17,600900.SH,16.8,16.86,16.74,16.78,16.78,0.0,0.0,169764.58,285213.592,0.0,0.0,16.76,16.8155,16.428166666666666,0.1509915729181137
2019-04-18,600900.SH,16.78,16.83,16.65,16.68,16.78,-0.1,-0.5959,131415.12,219550.669,-0.005959475566150285,-0.005977304108459526,16.746000000000002,16.8075,16.4475,0.15101875738005305
2019-04-19,600900.SH,16.72,16.79,16.64,16.77,16.68,0.09,0.5396,102588.6,171711.992,0.0053956834532373765,0.00538117890451675,16.723999999999997,16.804,16.4695,0.1524323890901422
2019-04-22,600900.SH,16.77,16.84,16.67,16.68,16.77,-0.09,-0.5367,180933.9,303382.345,-0.00536672629695889,-0.0053811789045168186,16.738,16.782,16.485,0.13976488563581108
2019-04-23,600900.SH,16.77,16.83,16.7,16.78,16.68,0.1,0.5995,153554.83,257558.39,0.00599520383693064,0.0059773041084596025,16.738,16.775000000000002,16.501,0.13633178298339796
2019-04-24,600900.SH,16.85,16.88,16.74,16.84,16.78,0.06,0.3576,142576.61,239570.178,0.0035756853396899935,0.0035693077751204364,16.75,16.7645,16.518166666666666,0.13386698821898035
2019-04-25,600900.SH,16.84,16.86,16.71,16.75,16.84,-0.09,-0.5344,166119.69,278654.945,-0.005344418052256494,-0.00535875054310519,16.764,16.764000000000003,16.531333333333336,0.12063637837470977
2019-04-26,600900.SH,16.7,16.83,16.54,16.56,16.75,-0.19,-1.1343,178964.55,299265.895,-0.01134328358208958,-0.011408109313961835,16.722,16.745,16.5415,0.12002125818838397
2019-04-29,600900.SH,16.63,16.88,16.57,16.78,16.56,0.22,1.3285,168677.87,283231.777,0.013285024154589431,0.013197552081946543,16.741999999999997,16.7405,16.556,0.12972861649057288
2019-04-30,600900.SH,16.68,16.88,16.65,16.87,16.78,0.09,0.5364,165921.13,278886.432,0.005363528009535212,0.005349195518816865,16.759999999999998,16.738999999999997,16.572,0.13108395684864016
2019-05-06,600900.SH,16.7,16.91,16.58,16.91,16.87,0.04,0.2371,321772.73,537979.166,0.002371072910491989,0.0023682663526119895,16.774,16.7385,16.583833333333335,0.131300550523144
2019-05-07,600900.SH,16.86,17.02,16.73,16.84,16.91,-0.07,-0.414,190774.09,321784.455,-0.004139562389118834,-0.004148154096308231,16.792,16.735999999999997,16.594666666666665,0.13199201089960552
2019-05-08,600900.SH,16.79,16.85,16.48,16.52,16.84,-0.32,-1.9002,255471.31,423555.746,-0.019002375296912177,-0.019185240721348727,16.784,16.722,16.596166666666665,0.14720283275862409
2019-05-09,600900.SH,16.45,16.57,16.37,16.4,16.52,-0.12,-0.7264,160562.93,264161.852,-0.007263922518159882,-0.007290433262679344,16.708000000000002,16.7145,16.597,0.1398371705222498
2019-05-10,600900.SH,16.4,16.57,16.37,16.53,16.4,0.13,0.7927,143001.92,235687.849,0.007926829268292801,0.007895577002780188,16.64,16.7145,16.60066666666667,0.14287910374529975
2019-05-13,600900.SH,16.49,16.58,16.41,16.5,16.53,-0.03,-0.1815,90054.51,148523.174,-0.001814882032667997,-0.0018165309263980052,16.558,16.710500000000003,16.603333333333335,0.14256997350734327
2019-05-14,600900.SH,16.38,16.57,16.31,16.4,16.5,-0.1,-0.6061,304827.06,500629.79,-0.0060606060606061,-0.006079046076382226,16.47,16.693,16.6035,0.13839976811867524
2019-05-15,600900.SH,16.38,16.44,16.33,16.41,16.4,0.01,0.061,210128.72,344292.286,0.0006097560975610872,0.0006095702718469018,16.448,16.6695,16.605,0.13465983081630542
2019-05-16,600900.SH,16.38,16.62,16.34,16.61,16.41,0.2,1.2188,204303.7,336296.008,0.01218769043266299,0.012114018523203955,16.49,16.6695,16.610166666666668,0.1311962437705195
2019-05-17,600900.SH,16.6,16.65,16.51,16.56,16.61,-0.05,-0.301,129533.15,214686.119,-0.003010234798314304,-0.0030147746680899068,16.496,16.6585,16.613833333333336,0.12585066113503934
2019-05-20,600900.SH,16.59,16.85,16.38,16.51,16.56,-0.05,-0.3019,236753.46,392514.786,-0.003019323671497376,-0.0030238910250767834,16.497999999999998,16.645,16.618166666666667,0.12610637092210752
2019-05-21,600900.SH,16.49,16.77,16.41,16.69,16.51,0.18,1.0902,131140.74,218503.546,0.010902483343428138,0.01084347974170698,16.556,16.6455,16.625666666666667,0.13103028517746337
2019-05-22,600900.SH,16.7,16.95,16.6,16.88,16.69,0.19,1.1384,193027.24,324524.452,0.0113840623127619,0.011319751494067117,16.65,16.651,16.638666666666666,0.13589692165845157
2019-05-23,600900.SH,16.82,16.99,16.8,16.9,16.88,0.02,0.1185,190125.31,321776.647,0.0011848341232227888,0.001184132761216772,16.708,16.662,16.650333333333332,0.13421344536148366
2019-05-24,600900.SH,16.99,17.09,16.91,17.0,16.9,0.1,0.5917,183119.94,311874.538,0.00591715976331364,0.005899722127188322,16.796,16.673,16.660666666666668,0.13417280434199413
2019-05-27,600900.SH,17.0,17.18,16.85,16.95,17.0,-0.05,-0.2941,185301.93,314675.862,-0.002941176470588225,-0.002945510229756803,16.884,16.6785,16.671833333333336,0.13430499348368866
2019-05-28,600900.SH,16.95,17.28,16.87,17.21,16.95,0.26,1.5339,497488.42,850893.777,0.015339233038348166,0.015222776396988866,16.988,16.7015,16.688333333333336,0.14247347058345808
2019-05-29,600900.SH,17.04,17.33,16.96,17.22,17.21,0.01,0.0581,209685.27,360926.413,0.000581057524694728,0.0005808887761364746,17.056,16.7345,16.703666666666667,0.13439280390873687
2019-05-30,600900.SH,17.29,17.72,17.21,17.72,17.22,0.5,2.9036,334605.76,586537.845,0.029036004645760727,0.02862244617735013,17.22,16.7815,16.727833333333333,0.16095535047561604
2019-05-31,600900.SH,17.75,17.87,17.59,17.71,17.72,-0.01,-0.0564,219232.81,388667.751,-0.0005643340857787171,-0.000564493382192653,17.362000000000002,16.823500000000003,16.752,0.1610675563030089
2019-06-03,600900.SH,17.71,17.86,17.51,17.66,17.71,-0.05,-0.2823,213030.21,376871.754,-0.0028232636928289256,-0.0028272566189282327,17.503999999999998,16.860999999999997,16.77466666666667,0.16216624924306575
2019-06-04,600900.SH,17.7,17.73,17.48,17.6,17.66,-0.06,-0.3398,200997.18,353405.301,-0.003397508493771184,-0.003403293131707807,17.582,16.899,16.787,0.16180117489461557
2019-06-05,600900.SH,17.71,17.73,17.51,17.53,17.6,-0.07,-0.3977,120653.94,212548.294,-0.003977272727272774,-0.003985203110963014,17.644,16.9495,16.801,0.14335389705710957
2019-06-06,600900.SH,17.6,17.7,17.51,17.52,17.53,-0.01,-0.057,152600.8,268388.938,-0.0005704506560183509,-0.0005706134248978464,17.604000000000003,17.0055,16.81533333333333,0.1388910189574398
2019-06-10,600900.SH,17.65,18.3,17.59,17.95,17.52,0.43,2.4543,228877.04,411294.141,0.024543378995433685,0.024247029426042396,17.651999999999997,17.0765,16.84,0.15744674166801584
2019-06-11,600900.SH,18.01,18.18,17.93,18.0,17.95,0.05,0.2786,217062.23,391180.292,0.0027855153203342198,0.0027816429618767705,17.72,17.1515,16.8675,0.15596519920262636
2019-06-12,600900.SH,18.0,18.0,17.77,17.91,18.0,-0.09,-0.5,146151.28,261277.487,-0.0050000000000000044,-0.005012541823544286,17.782000000000004,17.227,16.898666666666667,0.15506407708341935
2019-06-13,600900.SH,17.91,17.92,17.63,17.67,17.91,-0.24,-1.34,198027.04,350988.901,-0.01340033500837512,-0.01349092974101529,17.81,17.29,16.921666666666667,0.16717750211194413
2019-06-14,600900.SH,17.73,17.77,17.36,17.5,17.67,-0.17,-0.9621,268805.5,470686.048,-0.009620826259196469,-0.009667405402136751,17.806,17.3345,16.942,0.17048277499540102
2019-06-17,600900.SH,17.53,17.68,17.46,17.59,17.5,0.09,0.5143,156265.27,274457.172,0.005142857142857116,0.005129677819998404,17.734,17.386000000000003,16.956,0.169334030304812
2019-06-18,600900.SH,17.66,17.72,17.56,17.69,17.59,0.1,0.5685,109000.26,192404.052,0.005685048322910724,0.005668949422227086,17.672000000000004,17.445,16.9685,0.1679925415308793
2019-06-19,600900.SH,17.86,17.89,17.68,17.78,17.69,0.09,0.5088,161583.74,287404.28,0.005087620124364145,0.005074721914064708,17.646,17.4995,16.984166666666667,0.16585329497493906
2019-06-20,600900.SH,17.79,18.1,17.72,17.98,17.78,0.2,1.1249,211130.68,378343.765,0.011248593925759165,0.01118579895771558,17.708,17.5545,17.00316666666667,0.1657655205548412
2019-06-21,600900.SH,18.0,18.02,17.62,17.63,17.98,-0.35,-1.9466,266589.94,473358.303,-0.019466073414905583,-0.01965803263369549,17.734,17.591,17.011666666666667,0.18428920689743722
2019-06-24,600900.SH,17.63,17.72,17.52,17.58,17.63,-0.05,-0.2836,204749.9,359984.986,-0.0028360748723766926,-0.0028401041527479826,17.732000000000003,17.619999999999997,17.022666666666666,0.18455416070316485
2019-06-25,600900.SH,17.61,17.74,17.53,17.65,17.58,0.07,0.3982,235014.28,414958.926,0.003981797497155881,0.003973891122274857,17.723999999999997,17.655,17.032666666666668,0.18385862039204404
2019-06-26,600900.SH,17.64,17.86,17.6,17.83,17.65,0.18,1.0198,157550.42,279850.572,0.010198300283286166,0.010146648495743312,17.733999999999998,17.686,17.0505,0.17980553776483943
2019-06-27,600900.SH,17.86,17.9,17.74,17.81,17.83,-0.02,-0.1122,164887.81,293645.12,-0.0011217049915871469,-0.0011223345734786912,17.7,17.7155,17.065,0.18006402464386576
2019-06-28,600900.SH,17.81,17.99,17.7,17.9,17.81,0.09,0.5053,123155.69,219654.533,0.005053340819764163,0.005040615545139014,17.753999999999998,17.7245,17.08216666666667,0.14936331997526506
2019-07-01,600900.SH,17.99,18.0,17.77,17.81,17.9,-0.09,-0.5028,280048.89,500215.062,-0.005027932960893877,-0.005040615545139051,17.799999999999997,17.729499999999998,17.09733333333333,0.15063889347860654
2019-07-02,600900.SH,17.81,17.89,17.75,17.84,17.81,0.03,0.1684,284546.41,507416.983,0.0016844469399215356,0.0016830298502931785,17.838,17.738500000000002,17.112666666666666,0.1502389556404902
2019-07-03,600900.SH,17.84,18.34,17.77,18.26,17.84,0.42,2.3543,317555.2,573066.862,0.02354260089686111,0.02326974801495921,17.924,17.7715,17.1355,0.1699874222398084
2019-07-04,600900.SH,18.24,18.4,18.15,18.28,18.26,0.02,0.1095,177373.35,324469.813,0.0010952902519167917,0.0010946908591815748,18.018,17.808999999999997,17.160166666666665,0.1686106764326652
2019-07-05,600900.SH,18.32,18.4,18.16,18.37,18.28,0.09,0.4923,147427.54,269741.758,0.004923413566739532,0.00491133320103026,18.112000000000002,17.851499999999998,17.1905,0.16856264211736233
2019-07-08,600900.SH,18.25,18.33,17.83,18.11,18.37,-0.26,-1.4154,229719.03,414266.53,-0.014153511159499255,-0.014254627331712342,18.172000000000004,17.8595,17.216833333333334,0.1567704775860574
2019-07-09,600900.SH,18.15,18.16,17.8,17.84,18.11,-0.27,-1.4909,158501.5,283303.385,-0.014908890115957973,-0.015021144743458633,18.172,17.851499999999998,17.237833333333334,0.16566398868713206
2019-07-10,600900.SH,17.9,18.02,17.76,18.0,17.84,0.16,0.8969,118235.31,211659.152,0.008968609865470878,0.008928630744301398,18.119999999999997,17.855999999999998,17.258666666666667,0.16791852331902854
2019-07-11,600900.SH,18.09,18.27,18.02,18.25,18.0,0.25,1.3889,162037.51,294585.203,0.01388888888888884,0.01379332213233577,18.113999999999997,17.884999999999998,17.2815,0.16631195768150453
2019-07-12,600900.SH,18.23,18.33,18.12,18.21,18.25,-0.04,-0.2192,152760.77,278873.407,-0.0021917808219177326,-0.002194186288983849,18.082,17.9205,17.30816666666667,0.16164893544176492
2019-07-15,600900.SH,18.27,18.33,17.9,18.19,18.21,-0.02,-0.1098,162576.87,294518.039,-0.0010982976386600951,-0.0010989012094857183,18.098000000000003,17.950499999999998,17.331666666666667,0.1615779624694538
2019-07-16,600900.SH,18.23,18.33,18.03,18.11,18.19,-0.08,-0.4398,127794.12,232310.573,-0.0043980208905993745,-0.004407720634709017,18.152,17.9715,17.353833333333334,0.16226520060291777
2019-07-17,600900.SH,18.16,18.18,18.0,18.09,18.11,-0.02,-0.1104,154125.99,278652.731,-0.001104362230811673,-0.0011049724881182148,18.17,17.987000000000002,17.377333333333336,0.16179743180218392
2019-07-18,600900.SH,17.48,17.94,17.31,17.72,17.41,0.31,1.7806,300179.8,530226.944,-0.020453289110005546,-0.020665354230268895,18.064,17.974,17.393166666666666,0.1736397325407009
2019-07-19,600900.SH,17.75,17.96,17.72,17.96,17.72,0.24,1.3544,177986.6,318626.306,0.013544018058690765,0.013453117697118676,18.014,17.9905,17.414499999999997,0.16559905597671148
2019-07-22,600900.SH,18.0,18.2,17.86,18.19,17.96,0.23,1.2806,235151.94,425122.274,0.012806236080178168,0.012724929655977336,18.014,18.021,17.438,0.17006733143163053
2019-07-23,600900.SH,18.15,18.3,18.01,18.2,18.19,0.01,0.055,134518.1,244445.672,0.0005497526113247275,0.0005496015527186049,18.032,18.048499999999997,17.46066666666667,0.16990930852055114
2019-07-24,600900.SH,18.27,18.29,18.12,18.18,18.2,-0.02,-0.1099,116875.31,212377.503,-0.001098901098901095,-0.0010995053334168876,18.05,18.066,17.484500000000004,0.16702559880653686
2019-07-25,600900.SH,18.0,18.23,17.95,18.22,18.18,0.04,0.22,126912.92,229501.135,0.002200220022002153,0.00219780308247944,18.15,18.0865,17.512166666666666,0.1668754928979638
2019-07-26,600900.SH,18.12,18.56,18.12,18.5,18.22,0.28,1.5368,179871.01,330918.277,0.015367727771679496,0.015250840252466894,18.258000000000003,18.116500000000002,17.54083333333333,0.17390981218429818
2019-07-29,600900.SH,18.53,18.95,18.53,18.8,18.5,0.3,1.6216,211698.36,398369.135,0.016216216216216273,0.016086137751624444,18.38,18.166,17.573,0.17926503848962722
2019-07-30,600900.SH,18.8,18.96,18.72,18.74,18.8,-0.06,-0.3191,116545.33,219135.22,-0.0031914893617022155,-0.003196593025627481,18.488,18.211,17.6035,0.18048765910100611
2019-07-31,600900.SH,18.65,18.74,18.6,18.72,18.74,-0.02,-0.1067,142797.06,266344.947,-0.0010672358591248265,-0.0010678057608301005,18.595999999999997,18.234,17.634833333333333,0.1627470141826025
2019-08-01,600900.SH,18.61,18.92,18.6,18.76,18.72,0.04,0.2137,148847.13,279651.304,0.002136752136752351,0.002134472528632841,18.704,18.258000000000003,17.672166666666666,0.1627720718687158
2019-08-02,600900.SH,18.61,18.86,18.36,18.79,18.76,0.03,0.1599,154715.04,287308.154,0.0015991471215350828,0.0015978698472952333,18.762,18.279000000000003,17.712,0.16223008145112336
2019-08-05,600900.SH,18.59,18.7,18.2,18.25,18.79,-0.54,-2.8739,250338.86,460004.786,-0.028738690792974975,-0.029159733396873423,18.651999999999997,18.286,17.740666666666666,0.186899952307624
2019-08-06,600900.SH,18.01,18.57,17.9,18.34,18.25,0.09,0.4932,227112.99,415571.715,0.004931506849314982,0.004919386799818194,18.572,18.311,17.771333333333335,0.1783465788724043
2019-08-07,600900.SH,18.37,18.62,18.28,18.33,18.34,-0.01,-0.0545,162918.97,300424.751,-0.0005452562704472141,-0.0005454049767052485,18.494,18.3275,17.8035,0.17620681275506972
2019-08-08,600900.SH,18.48,19.02,18.38,18.92,18.33,0.59,3.2188,256268.87,481335.819,0.03218767048554305,0.03168050177211879,18.526,18.361,17.845333333333333,0.2038132707825204
2019-08-09,600900.SH,18.87,18.94,18.69,18.86,18.92,-0.06,-0.3171,154844.26,291365.605,-0.003171247357294016,-0.00317628641842093,18.54,18.3935,17.88283333333333,0.20410241597460413
2019-08-12,600900.SH,18.75,18.9,18.61,18.77,18.86,-0.09,-0.4772,167033.74,313381.832,-0.004772004241781591,-0.004783426606894028,18.644,18.4225,17.919666666666664,0.2052158928610416
2019-08-13,600900.SH,18.76,18.76,18.53,18.73,18.77,-0.04,-0.2131,160775.22,299854.999,-0.0021310602024506853,-0.0021333341424202715,18.722,18.4535,17.956666666666663,0.20448625100963153
2019-08-14,600900.SH,18.75,18.93,18.66,18.82,18.73,0.09,0.4805,157426.88,295640.339,0.00480512546716505,0.004793617701236505,18.82,18.490000000000002,17.992166666666666,0.20446300627848843
2019-08-15,600900.SH,18.68,18.85,18.59,18.84,18.82,0.02,0.1063,160770.85,301175.503,0.0010626992561104665,0.0010621349909833693,18.804000000000002,18.546,18.024833333333333,0.18651973620790965
2019-08-16,600900.SH,18.86,19.05,18.7,19.05,18.84,0.21,1.1146,189195.84,357366.34,0.011146496815286566,0.011084832424492914,18.842000000000002,18.6005,18.060666666666666,0.18493248386700095
2019-08-19,600900.SH,19.07,19.65,18.94,19.52,19.05,0.47,2.4672,260041.1,505452.593,0.024671916010498673,0.024372479412236442,18.991999999999997,18.666999999999998,18.102666666666664,0.19762578506315323
2019-08-20,600900.SH,19.4,19.58,18.86,18.9,19.52,-0.62,-3.1762,306036.0,588258.677,-0.03176229508196726,-0.032277658919349785,19.026,18.702,18.135166666666667,0.23416333779088616
2019-08-21,600900.SH,18.96,19.08,18.73,18.77,18.9,-0.13,-0.6878,227811.97,429329.31,-0.006878306878306817,-0.006902071467179183,19.016,18.7315,18.161166666666666,0.23606617449773823
2019-08-22,600900.SH,18.91,18.91,18.56,18.8,18.77,0.03,0.1598,215033.77,402648.081,0.0015982951518380695,0.001597019237486101,19.008000000000003,18.7605,18.1875,0.2360590416743597
2019-08-23,600900.SH,18.8,18.96,18.7,18.9,18.8,0.1,0.5319,243897.92,460135.231,0.005319148936170137,0.005305052229693098,18.977999999999998,18.780499999999996,18.20716666666667,0.23096724504763375
2019-08-26,600900.SH,18.88,19.11,18.61,18.85,18.9,-0.05,-0.2646,242667.96,457080.675,-0.002645502645502451,-0.0026490081715767307,18.844,18.783,18.226166666666664,0.2242784722101098
2019-08-27,600900.SH,18.96,19.38,18.86,19.18,18.85,0.33,1.7507,574227.84,1099389.049,0.017506631299734732,0.017355155561272376,18.9,18.805,18.2515,0.23199459593071842
2019-08-28,600900.SH,19.2,19.22,18.95,19.04,19.18,-0.14,-0.7299,245809.58,468477.503,-0.007299270072992692,-0.007326040092072898,18.954,18.820999999999998,18.2755,0.23387180512798844
2019-08-29,600900.SH,19.04,19.08,18.68,18.78,19.04,-0.26,-1.3655,231337.23,435082.666,-0.013655462184873901,-0.013749555583102356,18.95,18.822,18.296333333333333,0.23946127093293113
2019-08-30,600900.SH,18.88,18.89,18.57,18.62,18.78,-0.16,-0.852,164106.37,306692.279,-0.008519701810436597,-0.0085562019311958,18.894,18.813499999999998,18.314666666666668,0.24134194591008357
2019-09-02,600900.SH,18.56,18.66,18.35,18.38,18.62,-0.24,-1.2889,323989.0,597756.895,-0.012889366272824998,-0.0129731549213801,18.8,18.82,18.321833333333334,0.22242627859992456
2019-09-03,600900.SH,18.36,18.73,18.36,18.64,18.38,0.26,1.4146,233590.06,434009.558,0.01414581066376508,0.014046692329904251,18.692,18.835,18.3325,0.2272423763110969
2019-09-04,600900.SH,18.68,18.75,18.33,18.53,18.64,-0.11,-0.5901,237521.74,438580.679,-0.005901287553648049,-0.005918768960176693,18.59,18.845000000000002,18.34283333333333,0.22848879389454746
2019-09-05,600900.SH,18.5,18.64,18.35,18.47,18.53,-0.06,-0.3238,353142.84,652268.74,-0.0032379924446843678,-0.0032432460861198916,18.528,18.822499999999998,18.35616666666667,0.1958953069713801
2019-09-06,600900.SH,18.49,18.6,18.38,18.6,18.47,0.13,0.7038,170952.53,316177.147,0.0070384407146726335,0.00701378650800716,18.524,18.8095,18.3745,0.19782731077268337
2019-09-09,600900.SH,18.66,18.66,18.48,18.54,18.6,-0.06,-0.3226,259708.15,480933.794,-0.003225806451613078,-0.0032310205814466432,18.556,18.798,18.39033333333333,0.19747270480038287
2019-09-10,600900.SH,18.57,18.67,18.43,18.66,18.54,0.12,0.6472,205609.83,382195.294,0.006472491909385258,0.0064516352814888165,18.56,18.7945,18.4065,0.19891106057151403
2019-09-11,600900.SH,18.67,18.67,18.52,18.65,18.66,-0.01,-0.0536,212867.6,395487.407,-0.000535905680600246,-0.0005360493293732507,18.584,18.785999999999998,18.421,0.19806145822028237
2019-09-12,600900.SH,18.66,18.86,18.58,18.85,18.65,0.2,1.0724,233805.37,438677.034,0.010723860589812562,0.010666767804195449,18.66,18.7865,18.4355,0.20192569650210979
2019-09-16,600900.SH,18.85,19.03,18.75,19.0,18.85,0.15,0.7958,196222.67,371537.052,0.007957559681697646,0.007926065272420723,18.74,18.784,18.458333333333332,0.19991996949645086
2019-09-17,600900.SH,19.0,19.02,18.45,18.51,19.0,-0.49,-2.5789,273948.12,512576.413,-0.025789473684210473,-0.02612785258103427,18.734,18.7335,18.473833333333335,0.19736406947152366
2019-09-18,600900.SH,18.54,18.87,18.48,18.79,18.51,0.28,1.5127,151774.2,284358.079,0.015126958400864199,0.015013686839967615,18.76,18.728,18.492833333333333,0.17423170958713471
2019-09-19,600900.SH,18.79,18.84,18.53,18.65,18.79,-0.14,-0.7451,126683.76,236500.292,-0.007450771687067648,-0.0074786673355494585,18.759999999999998,18.722,18.506500000000003,0.1745328262697599
2019-09-20,600900.SH,18.74,18.87,18.55,18.87,18.65,0.22,1.1796,262697.77,492421.858,0.011796246648793751,0.011727213290634484,18.764000000000003,18.7255,18.524166666666666,0.17965413902069532
2019-09-23,600900.SH,18.79,18.8,18.56,18.71,18.87,-0.16,-0.8479,139529.32,259868.996,-0.008479067302596732,-0.008515219094460619,18.706,18.716,18.537666666666667,0.18115734723387122
2019-09-24,600900.SH,18.7,19.0,18.59,18.98,18.71,0.27,1.4431,220651.23,415699.89,0.014430785676109004,0.01432765289578353,18.8,18.7225,18.557166666666667,0.18839985737412718
2019-09-25,600900.SH,18.98,18.98,18.41,18.44,18.98,-0.54,-2.8451,348687.1,650058.088,-0.028451001053740765,-0.028863575053334024,18.73,18.685499999999998,18.567166666666665,0.20313944924213898
2019-09-26,600900.SH,18.58,18.64,18.33,18.42,18.44,-0.02,-0.1085,262006.69,484456.086,-0.0010845986984815426,-0.0010851873012869635,18.684,18.654500000000002,18.56983333333333,0.2021387488241647
2019-09-27,600900.SH,18.42,18.48,18.01,18.2,18.42,-0.22,-1.1944,206406.05,375022.068,-0.011943539630836164,-0.012015436744411238,18.55,18.6255,18.568499999999997,0.2008693074971925
2019-09-30,600900.SH,18.15,18.42,18.13,18.23,18.2,0.03,0.1648,164550.93,300596.631,0.0016483516483516425,0.0016469946078219973,18.454,18.606,18.566166666666668,0.19938742798475725
2019-10-08,600900.SH,18.19,18.66,18.15,18.58,18.23,0.35,1.9199,255160.9,471526.081,0.019199122325836315,0.019017144695120575,18.374000000000002,18.616,18.574,0.2063834586520463
2019-10-09,600900.SH,18.53,18.62,18.42,18.47,18.58,-0.11,-0.592,124111.53,229565.443,-0.005920344456404658,-0.005937939174543786,18.380000000000003,18.6075,18.5845,0.2011692434264305
2019-10-10,600900.SH,18.44,18.44,18.1,18.24,18.47,-0.23,-1.2453,297665.72,541520.149,-0.012452625879805113,-0.012530809564963287,18.344,18.592999999999996,18.5885,0.2048637021399646
2019-10-11,600900.SH,18.25,18.44,18.15,18.37,18.24,0.13,0.7127,203131.15,371588.165,0.007127192982456343,0.007101914580849154,18.378,18.588,18.590500000000002,0.2064641847903529
2019-10-14,600900.SH,18.39,18.46,18.16,18.23,18.37,-0.14,-0.7621,340117.27,621220.692,-0.007621121393576513,-0.007650310536462644,18.377999999999997,18.569499999999998,18.590833333333332,0.2062137653925829
2019-10-15,600900.SH,18.25,18.25,17.88,17.9,18.23,-0.33,-1.8102,377671.7,680854.49,-0.01810202962150309,-0.018267875843862434,18.241999999999997,18.5375,18.586,0.21499071032699354
2019-10-16,600900.SH,17.89,18.03,17.7,17.81,17.9,-0.09,-0.5028,212753.65,379303.706,-0.005027932960893877,-0.005040615545139051,18.11,18.494999999999997,18.581000000000003,0.21308283097166694
2019-10-17,600900.SH,17.84,17.98,17.75,17.87,17.81,0.06,0.3369,138115.11,246328.356,0.003368893879842849,0.0033632318697664533,18.036,18.456,18.577333333333332,0.21394665495418713
2019-10-18,600900.SH,17.87,17.93,17.53,17.73,17.87,-0.14,-0.7834,301184.4,532561.213,-0.007834359261331914,-0.007865209085220225,17.907999999999998,18.4,18.5775,0.20934603982458547
2019-10-21,600900.SH,17.63,17.73,17.41,17.42,17.73,-0.31,-1.7484,239436.31,419725.51,-0.017484489565707806,-0.01763914866175975,17.746000000000002,18.321,18.568500000000004,0.21119529012707675
2019-10-22,600900.SH,17.51,17.63,17.28,17.62,17.42,0.2,1.1481,188310.54,328521.747,0.01148105625717566,0.011415649083676711,17.69,18.276500000000002,18.559,0.20201049366940643
2019-10-23,600900.SH,17.6,17.77,17.58,17.76,17.62,0.14,0.7946,166913.94,295251.906,0.007945516458569779,0.007914117055990528,17.68,18.225,18.551666666666666,0.1952494207335262
2019-10-24,600900.SH,17.79,17.89,17.68,17.76,17.76,0.0,0.0,133196.45,236902.5,0.0,0.0,17.657999999999998,18.180500000000002,18.544666666666664,0.19465690148517217
2019-10-25,600900.SH,17.8,17.8,17.48,17.79,17.76,0.03,0.1689,195511.03,344501.104,0.0016891891891890332,0.0016877641137196147,17.67,18.1265,18.5375,0.18809669354776914
2019-10-28,600900.SH,17.75,17.94,17.69,17.73,17.79,-0.06,-0.3373,136531.17,242803.52,-0.003372681281618828,-0.003378381591627195,17.732000000000003,18.0775,18.52466666666667,0.1869489147909368
2019-10-29,600900.SH,17.75,17.75,17.44,17.5,17.73,-0.23,-1.2972,153841.53,269746.289,-0.012972363226170347,-0.013057239156648165,17.708000000000002,18.0035,18.502999999999997,0.17893346570345542
2019-10-30,600900.SH,17.5,17.72,17.47,17.59,17.5,0.09,0.5143,144127.76,253750.265,0.005142857142857116,0.005129677819998404,17.674,17.961000000000002,18.483833333333333,0.15633140548676325
2019-10-31,600900.SH,17.66,17.86,17.6,17.86,17.59,0.27,1.535,176663.32,313643.507,0.015349630471859,0.015233016698886175,17.694,17.933,18.4695,0.16845494751320012
2019-11-01,600900.SH,17.86,17.92,17.74,17.88,17.86,0.02,0.112,161875.16,288682.173,0.0011198208286673506,0.0011191942970150324,17.712,17.917,18.454833333333337,0.1640260180847403
2019-11-04,600900.SH,17.94,18.06,17.89,18.0,17.88,0.12,0.6711,140909.88,253204.193,0.006711409395973256,0.00668898815079671,17.766,17.9055,18.441666666666666,0.16601555433626045
2019-11-05,600900.SH,18.03,18.17,17.92,18.08,18.0,0.08,0.4444,172517.68,311461.549,0.004444444444444251,0.004434597067865554,17.881999999999998,17.8805,18.43883333333333,0.1502060331477956
2019-11-06,600900.SH,18.13,18.13,18.02,18.07,18.08,-0.01,-0.0553,109051.12,197211.309,-0.0005530973451326471,-0.0005532503598932167,17.977999999999998,17.8605,18.43433333333333,0.14923107991263604
2019-11-07,600900.SH,18.02,18.05,17.76,17.82,18.07,-0.25,-1.3835,157546.24,281964.923,-0.013835085777531786,-0.013931682561473839,17.970000000000002,17.8395,18.425833333333337,0.15070525483333594
2019-11-08,600900.SH,17.88,18.06,17.79,18.0,17.82,0.18,1.0101,174523.45,313245.912,0.010101010101010166,0.010050335853501506,17.994,17.821,18.410500000000003,0.15321282362003305
2019-11-11,600900.SH,17.95,18.07,17.86,18.0,18.0,0.0,0.0,170687.64,306954.508,0.0,0.0,17.994,17.8095,18.39616666666667,0.15120152859044172
2019-11-12,600900.SH,18.03,18.16,17.97,18.09,18.0,0.09,0.5,129347.51,233749.951,0.004999999999999893,0.004987541511038968,17.996,17.819,18.384833333333333,0.13731663030424487
2019-11-13,600900.SH,18.05,18.12,17.91,17.99,18.09,-0.1,-0.5528,115722.13,208251.052,-0.005527915975677256,-0.005543251444762117,17.98,17.828,18.372500000000002,0.137597844515895
2019-11-14,600900.SH,18.06,18.1,17.8,17.81,17.99,-0.18,-1.0006,129138.72,231249.248,-0.010005558643690904,-0.010055950660871416,17.977999999999998,17.825,18.355666666666664,0.14206660183855996
2019-11-15,600900.SH,17.89,18.08,17.78,17.95,17.81,0.14,0.7861,167761.82,301585.051,0.007860752386299907,0.007830017632717672,17.967999999999996,17.836,18.340833333333332,0.14170105753783832
2019-11-18,600900.SH,17.95,18.1,17.85,18.07,17.95,0.12,0.6685,105499.31,189810.612,0.006685236768802394,0.00666298966984941,17.982,17.8685,18.3245,0.12573837873090396
2019-11-19,600900.SH,18.02,18.16,18.0,18.07,18.07,0.0,0.0,110894.75,200623.176,0.0,0.0,17.977999999999998,17.891,18.300333333333334,0.12058975314937756
2019-11-20,600900.SH,18.04,18.24,18.02,18.12,18.07,0.05,0.2767,151257.75,274635.743,0.0027670171555063128,0.0027631960106960945,18.003999999999998,17.909,18.287333333333333,0.1181753792277999
2019-11-21,600900.SH,18.07,18.17,17.96,18.0,18.12,-0.12,-0.6623,140432.71,253360.971,-0.0066225165562914245,-0.006644542718668613,18.042,17.921,18.2745,0.12123947242009908
2019-11-22,600900.SH,17.93,17.99,17.8,17.9,18.0,-0.1,-0.5556,190602.5,341092.611,-0.005555555555555647,-0.005571045049455472,18.032,17.926499999999997,18.259500000000003,0.1231668261136905
2019-11-25,600900.SH,17.91,18.19,17.88,18.15,17.9,0.25,1.3966,168638.23,305094.43,0.013966480446927276,0.013869847864150377,18.048,17.947499999999998,18.247,0.13134697208764606
2019-11-26,600900.SH,18.2,18.38,18.0,18.37,18.15,0.22,1.2121,518676.9,947044.135,0.0121212121212122,0.012048338516174574,18.108,17.991,18.239,0.1254983994806604
2019-11-27,600900.SH,18.22,18.22,18.01,18.09,18.37,-0.28,-1.5242,167848.28,303707.064,-0.015242242787153026,-0.015359599819830578,18.101999999999997,18.016,18.220833333333335,0.13976504388962155
2019-11-28,600900.SH,18.07,18.14,18.03,18.12,18.09,0.03,0.1658,99608.61,180270.258,0.0016583747927032544,0.0016570012076296086,18.125999999999998,18.029000000000003,18.205499999999997,0.12978517715529875
2019-11-29,600900.SH,18.07,18.15,17.94,18.13,18.12,0.01,0.0552,126021.73,227597.693,0.0005518763796907855,0.0005517241519262519,18.171999999999997,18.0415,18.194666666666667,0.12977964245946072
2019-12-02,600900.SH,18.01,18.17,17.89,17.94,18.13,-0.19,-1.048,161587.11,290947.023,-0.010479867622724681,-0.010535168136109541,18.130000000000003,18.0385,18.183333333333334,0.13355605198904058
2019-12-03,600900.SH,17.98,18.0,17.91,17.95,17.94,0.01,0.0557,98569.54,176988.917,0.0005574136008916764,0.0005572583036376347,18.046,18.032,18.17616666666667,0.13249751162604473
2019-12-04,600900.SH,18.04,18.04,17.83,17.94,17.95,-0.01,-0.0557,104373.35,186975.221,-0.0005571030640667551,-0.0005572583036377226,18.016,18.0255,18.164499999999997,0.1324976027989029
2019-12-05,600900.SH,17.93,17.97,17.8,17.83,17.94,-0.11,-0.6132,173208.89,309309.062,-0.00613154960981066,-0.006150424755601201,17.958000000000002,18.026,18.152833333333334,0.12467234744994637
2019-12-06,600900.SH,17.9,17.91,17.66,17.83,17.83,0.0,0.0,194794.64,346023.129,0.0,0.0,17.898,18.017500000000002,18.142166666666665,0.1189018668543117
2019-12-09,600900.SH,17.84,17.94,17.73,17.92,17.83,0.09,0.5048,123124.28,219363.2,0.0050476724621426605,0.005034975671735575,17.894,18.0135,18.130833333333335,0.12049329547667664
2019-12-10,600900.SH,17.89,17.95,17.8,17.84,17.92,-0.08,-0.4464,121620.51,217303.723,-0.0044642857142858094,-0.004474280394921189,17.872000000000003,18.000999999999998,18.11916666666667,0.11976206892731506
2019-12-11,600900.SH,17.9,18.01,17.83,18.01,17.84,0.17,0.9529,154803.93,277346.274,0.009529147982062947,0.009484032036001556,17.886,18.002000000000002,18.108333333333334,0.12352604506233572
2019-12-12,600900.SH,18.07,18.45,18.03,18.42,18.01,0.41,2.2765,277693.6,507616.453,0.022765130483064944,0.022509871639296058,18.003999999999998,18.032500000000002,18.104499999999998,0.14148872815626043
2019-12-13,600900.SH,18.48,18.8,18.37,18.51,18.42,0.09,0.4886,445250.15,829152.798,0.004885993485342022,0.004874095758245353,18.14,18.0605,18.098833333333335,0.14016498350932516
2019-12-16,600900.SH,18.54,18.91,18.52,18.83,18.51,0.32,1.7288,281930.96,529936.912,0.01728795245813064,0.01714021608365481,18.322,18.098499999999998,18.096,0.1500006341477636
2019-12-17,600900.SH,18.82,18.89,18.68,18.77,18.83,-0.06,-0.3186,189473.7,355427.239,-0.0031864046733934837,-0.003191492070643555,18.508000000000003,18.133499999999998,18.10033333333333,0.15101648790251104
2019-12-18,600900.SH,18.8,18.8,18.32,18.4,18.77,-0.37,-1.9712,265881.92,491693.502,-0.019712306872669227,-0.01990918598347759,18.586000000000002,18.1475,18.093833333333336,0.1693600033257394
2019-12-19,600900.SH,18.4,18.52,18.29,18.41,18.4,0.01,0.0543,154065.54,283419.137,0.0005434782608697564,0.0005433306300467441,18.584,18.168,18.08983333333333,0.1670776043469377
2019-12-20,600900.SH,18.33,18.44,18.24,18.29,18.41,-0.12,-0.6518,157377.11,288201.499,-0.006518196632265161,-0.006539532842212248,18.54,18.1875,18.080166666666667,0.16762630452893296
2019-12-23,600900.SH,18.37,18.39,18.12,18.26,18.29,-0.03,-0.164,125232.04,228509.035,-0.0016402405686165578,-0.0016415872359517465,18.426,18.193,18.07266666666667,0.16079138309876073
2019-12-24,600900.SH,18.25,18.25,18.12,18.2,18.26,-0.06,-0.3286,92729.17,168507.961,-0.0032858707557503752,-0.0032912810840728442,18.312,18.1845,18.059666666666665,0.1550301538090678
2019-12-25,600900.SH,18.22,18.22,18.02,18.08,18.2,-0.12,-0.6593,114898.82,207869.408,-0.006593406593406681,-0.006615239118719317,18.247999999999998,18.184,18.05366666666667,0.14688842867264745
2019-12-26,600900.SH,17.91,18.22,17.91,18.18,18.08,0.1,0.5531,135083.98,244553.752,0.005530973451327581,0.005515733785302484,18.201999999999998,18.187,18.049666666666667,0.14810201414912927
2019-12-27,600900.SH,18.12,18.21,18.1,18.19,18.18,0.01,0.055,154058.03,279724.403,0.0005500550055006492,0.0005499037806982096,18.182000000000002,18.19,18.049500000000002,0.14810195795861653
2019-12-30,600900.SH,18.15,18.46,18.11,18.37,18.19,0.18,0.9896,191157.62,349515.295,0.009895547003848204,0.009846906697003334,18.204,18.2115,18.051833333333335,0.14625113654724464
2019-12-31,600900.SH,18.4,18.42,18.26,18.38,18.37,0.01,0.0544,120769.86,221271.513,0.0005443658138268859,0.0005442177005067019,18.240000000000002,18.233,18.048499999999997,0.14625193405149628
2020-01-02,600900.SH,18.46,18.6,18.39,18.47,18.38,0.09,0.4897,191284.92,353770.322,0.00489662676822622,0.0048846772836074895,18.318,18.2595,18.0485,0.14665144202234717
2020-01-03,600900.SH,18.5,18.65,18.45,18.57,18.47,0.1,0.5414,154383.77,286562.117,0.005414185165132812,0.005399581153465996,18.395999999999997,18.2965,18.054,0.1443947372554911
2020-01-06,600900.SH,18.54,18.61,18.05,18.2,18.57,-0.37,-1.9925,415505.82,757921.841,-0.019924609585352804,-0.020125781281864846,18.398,18.314999999999998,18.051166666666667,0.16415953884900653
2020-01-07,600900.SH,18.22,18.26,18.1,18.19,18.2,-0.01,-0.0549,232106.68,421457.432,-0.0005494505494504365,-0.000549601552718668,18.362000000000002,18.3285,18.0505,0.16356572366590644
2020-01-08,600900.SH,18.08,18.17,17.99,18.05,18.19,-0.14,-0.7697,264409.91,476879.6,-0.007696536558548739,-0.007726307751141045,18.296,18.339,18.053,0.16533785964809952
2020-01-09,600900.SH,18.12,18.13,17.97,18.09,18.05,0.04,0.2216,227832.72,410739.697,0.00221606648199435,0.0022136146283137296,18.22,18.343,18.057666666666663,0.1621279001231817
2020-01-10,600900.SH,18.07,18.12,17.98,18.0,18.09,-0.09,-0.4975,217894.72,392420.935,-0.00497512437810943,-0.004987541511039051,18.106,18.322,18.059833333333334,0.13938909636431157
2020-01-13,600900.SH,18.04,18.14,17.99,18.07,18.0,0.07,0.3889,226000.48,407709.43,0.0038888888888888307,0.003881346707972375,18.080000000000002,18.3,18.0655,0.1388636080006149
2020-01-14,600900.SH,18.11,18.21,18.06,18.18,18.07,0.11,0.6087,244288.43,443161.695,0.006087437742114066,0.006068984145195714,18.078,18.267500000000002,18.078166666666664,0.12402038464984777
2020-01-15,600900.SH,18.14,18.22,17.98,18.01,18.18,-0.17,-0.9351,210772.96,380964.67,-0.00935093509350926,-0.009394929561467973,18.07,18.2295,18.084666666666667,0.12688076048110658
2020-01-16,600900.SH,18.02,18.08,17.95,18.02,18.01,0.01,0.0555,148242.7,266911.505,0.0005552470849528035,0.0005550929923271449,18.056,18.2105,18.089000000000002,0.10849044764322407
2020-01-17,600900.SH,17.9,18.01,17.69,17.74,18.02,-0.28,-1.5538,387582.59,688835.469,-0.015538290788013387,-0.015660275298758495,18.004,18.177,18.08866666666667,0.11983998149262869
2020-01-20,600900.SH,17.79,17.94,17.63,17.87,17.74,0.13,0.7328,248090.48,441190.182,0.007328072153325982,0.007301352289903404,17.964,18.156,18.09,0.1226922671286886
2020-01-21,600900.SH,17.76,17.86,17.71,17.79,17.87,-0.08,-0.4477,163789.34,291027.072,-0.004476776720761189,-0.004486827493593034,17.886000000000003,18.1325,18.091,0.1232598327195117
2020-01-22,600900.SH,17.78,17.78,17.51,17.6,17.79,-0.19,-1.068,238084.93,419236.233,-0.010680157391793066,-0.010737599633637601,17.804,18.1025,18.09266666666667,0.12757929849655172
2020-01-23,600900.SH,17.49,17.57,17.09,17.15,17.6,-0.45,-2.5568,352368.38,611103.97,-0.02556818181818199,-0.025900728432157353,17.630000000000003,18.056,18.08533333333333,0.15265730177213627
2020-02-03,600900.SH,16.4,17.17,16.01,17.13,17.15,-0.02,-0.1166,718606.11,1204779.054,-0.0011661807580174433,-0.0011668612759203323,17.508,18.003500000000003,18.07316666666667,0.1497538665673576
2020-02-04,600900.SH,16.99,17.8,16.88,17.31,17.13,0.18,1.0508,315440.99,546552.865,0.010507880910682887,0.01045305685208922,17.396,17.9595,18.063666666666666,0.15682534428458333
2020-02-05,600900.SH,17.26,17.45,17.15,17.31,17.31,0.0,0.0,231231.22,399598.997,0.0,0.0,17.3,17.9065,18.052166666666665,0.15030884014822374
2020-02-06,600900.SH,17.45,17.45,17.23,17.44,17.31,0.13,0.751,192889.54,334597.543,0.007510109763142925,0.007482049292715916,17.268,17.8595,18.0415,0.15441844965163767
2020-02-07,600900.SH,17.2,17.95,17.2,17.89,17.44,0.45,2.5803,237027.62,417417.116,0.02580275229357798,0.02547547903979422,17.416,17.8305,18.0385,0.18301960736509293
2020-02-10,600900.SH,17.68,17.83,17.59,17.63,17.89,-0.26,-1.4533,157747.96,278841.675,-0.014533258803801075,-0.014639901110849002,17.516,17.7835,18.03533333333333,0.18664114893970127
2020-02-11,600900.SH,17.66,17.83,17.57,17.6,17.63,-0.03,-0.1702,130790.44,231213.18,-0.001701644923425838,-0.001703094365672621,17.574,17.753500000000003,18.028666666666663,0.1749566831052204
2020-02-12,600900.SH,17.58,17.59,17.39,17.58,17.6,-0.02,-0.1136,156715.92,273942.278,-0.001136363636363824,-0.001137009787075347,17.627999999999997,17.723000000000003,18.021666666666665,0.17492158496806406
2020-02-13,600900.SH,17.51,17.64,17.45,17.6,17.58,0.02,0.1138,123500.31,216722.523,0.0011376564277589818,0.0011370097870753238,17.66,17.700499999999998,18.0135,0.17367530048562452
2020-02-14,600900.SH,17.52,17.64,17.46,17.62,17.6,0.02,0.1136,98575.64,173155.13,0.001136363636363713,0.0011357184639274286,17.606,17.677,18.007333333333335,0.17343537030455133
2020-02-17,600900.SH,17.6,17.71,17.55,17.69,17.62,0.07,0.3973,144948.3,255799.598,0.0039727582292850006,0.003964887663660555,17.618000000000002,17.661499999999997,18.005333333333333,0.17380021405761933
2020-02-18,600900.SH,17.62,17.67,17.51,17.52,17.69,-0.17,-0.961,125987.24,221489.39,-0.009609949123798867,-0.009656422663448638,17.602,17.634,17.998166666666666,0.17555476714819163
2020-02-19,600900.SH,17.51,17.59,17.46,17.52,17.52,0.0,0.0,138942.98,243225.363,0.0,0.0,17.590000000000003,17.601,17.989,0.17338808205059988
2020-02-20,600900.SH,17.5,17.66,17.45,17.62,17.52,0.1,0.5708,145175.85,254753.101,0.005707762557077611,0.005691534999788055,17.594,17.5815,17.9815,0.17291803518837093
2020-02-21,600900.SH,17.56,17.61,17.45,17.53,17.62,-0.09,-0.5108,182043.42,318976.991,-0.005107832009080604,-0.005120921574890333,17.576,17.557,17.971666666666668,0.17339392941369386
2020-02-24,600900.SH,17.49,17.53,17.38,17.41,17.53,-0.12,-0.6845,171735.3,299429.208,-0.0068454078722191,-0.006868945153045504,17.52,17.5405,17.961833333333335,0.16655079497594943
2020-02-25,600900.SH,17.34,17.46,17.18,17.18,17.41,-0.23,-1.3211,192105.66,331920.84,-0.013210798391728895,-0.013298837223988365,17.452,17.506,17.94983333333333,0.16905370782428678
2020-02-26,600900.SH,17.05,17.14,16.99,17.0,17.18,-0.18,-1.0477,320403.01,546935.808,-0.010477299185098987,-0.010532572499893268,17.348000000000003,17.4665,17.930666666666664,0.17158352449347697
2020-02-27,600900.SH,17.01,17.25,16.95,17.23,17.0,0.23,1.3529,185451.72,318034.81,0.013529411764706012,0.013438706483622302,17.270000000000003,17.448,17.911666666666665,0.17716753266562318
2020-02-28,600900.SH,17.08,17.24,16.9,17.03,17.23,-0.2,-1.1608,274022.79,467105.945,-0.01160766105629707,-0.011675555865241254,17.17,17.442,17.894000000000002,0.1573113943166771
2020-03-02,600900.SH,17.05,17.41,17.05,17.26,17.03,0.23,1.3506,290426.57,502793.093,0.01350557839107469,0.01341519098068509,17.139999999999997,17.4485,17.87966666666667,0.164693153494822
2020-03-03,600900.SH,17.32,17.68,17.32,17.57,17.26,0.31,1.7961,234099.59,410037.19,0.017960602549246696,0.01780121654372382,17.218,17.461499999999997,17.870333333333335,0.172673690755357
2020-03-04,600900.SH,17.65,17.75,17.54,17.59,17.57,0.02,0.1138,240471.29,424131.217,0.0011383039271484208,0.0011376565504608504,17.336000000000002,17.4755,17.8645,0.1726508738826738
2020-03-05,600900.SH,17.64,17.75,17.58,17.72,17.59,0.13,0.7391,267930.47,473604.14,0.007390562819783897,0.007363386427468016,17.434,17.4895,17.860666666666667,0.1725902990071058
2020-03-06,600900.SH,17.6,17.72,17.43,17.48,17.72,-0.24,-1.3544,203780.53,357191.719,-0.013544018058690654,-0.013636574949545396,17.524,17.469,17.853,0.15249004599307336
2020-03-09,600900.SH,17.2,17.62,17.02,17.45,17.48,-0.03,-0.1716,368809.69,638503.906,-0.0017162471395881784,-0.0017177215789533097,17.562,17.46,17.846666666666668,0.14408663961133203
2020-03-10,600900.SH,17.27,17.76,17.27,17.64,17.45,0.19,1.0888,421789.24,743701.852,0.010888252148997246,0.010829401930209185,17.576,17.462,17.8435,0.1494928450266125
2020-03-11,600900.SH,17.76,17.78,17.52,17.59,17.64,-0.05,-0.2834,176642.35,311176.861,-0.0028344671201814275,-0.002838491829178464,17.576,17.4625,17.838,0.1498086731386639
2020-03-12,600900.SH,17.51,17.59,17.31,17.45,17.59,-0.14,-0.7959,243778.0,425631.021,-0.007959067652075102,-0.007990910101030693,17.522,17.455000000000002,17.831500000000002,0.15240678776486824
2020-03-13,600900.SH,17.06,17.3,16.96,17.0,17.45,-0.45,-2.5788,463505.1,790908.999,-0.025787965616045794,-0.026126304592220036,17.426,17.424,17.814666666666668,0.17684980497353206
2020-03-16,600900.SH,17.07,17.14,16.88,16.92,17.0,-0.08,-0.4706,323066.36,549543.352,-0.004705882352941115,-0.004716989878138798,17.32,17.3855,17.789666666666665,0.1758179140056115
2020-03-17,600900.SH,16.86,17.25,16.86,16.93,16.92,0.01,0.0591,356550.16,608143.555,0.0005910165484632746,0.0005908419669666447,17.178,17.356,17.763333333333332,0.173805478922124
2020-03-18,600900.SH,16.88,16.99,16.7,16.72,16.93,-0.21,-1.2404,399578.88,673846.066,-0.012404016538688722,-0.012481588488488387,17.003999999999998,17.316,17.728166666666667,0.177771399904665
2020-03-19,600900.SH,16.65,16.78,16.19,16.36,16.72,-0.36,-2.1531,375048.43,614925.413,-0.021531100478468845,-0.021766276481954512,16.785999999999998,17.253,17.688,0.187573410978201
2020-03-20,600900.SH,16.52,16.71,16.3,16.49,16.36,0.13,0.7946,257140.34,423399.258,0.007946210268948706,0.007914805396906588,16.683999999999997,17.201,17.656166666666664,0.19188904370717355
2020-03-23,600900.SH,16.17,16.65,16.06,16.52,16.49,0.03,0.1819,231491.27,381578.652,0.0018192844147968401,0.0018176315213244657,16.604,17.1565,17.624666666666666,0.19204111485242711
2020-03-24,600900.SH,16.64,16.99,16.6,16.91,16.52,0.39,2.3608,397935.37,672333.067,0.02360774818401934,0.023333394817656894,16.6,17.143,17.60166666666667,0.20868371310043599
2020-03-25,600900.SH,17.1,17.14,16.84,17.03,16.91,0.12,0.7096,255141.28,433878.663,0.00709639266706108,0.00707133176410815,16.662,17.1445,17.581166666666665,0.20709132572100666
2020-03-26,600900.SH,16.89,17.01,16.73,16.83,17.03,-0.2,-1.1744,228714.26,384597.099,-0.011743981209630272,-0.011813486471882483,16.756,17.124499999999998,17.558333333333334,0.20488567864315949
2020-03-27,600900.SH,16.9,16.97,16.78,16.91,16.83,0.08,0.4753,192585.33,324981.137,0.004753416518122444,0.004742154707774335,16.839999999999996,17.1185,17.538833333333333,0.2019610801011979
2020-03-30,600900.SH,16.86,17.11,16.79,17.1,16.91,0.19,1.1236,211551.04,359224.814,0.011235955056179803,0.011173300598125255,16.956,17.110500000000002,17.520833333333332,0.20005858698031795
2020-03-31,600900.SH,17.1,17.37,17.07,17.29,17.1,0.19,1.1111,149253.55,257923.557,0.011111111111111072,0.011049836186584935,17.032,17.0965,17.505833333333335,0.19308140641737673
2020-04-01,600900.SH,17.29,17.35,16.96,17.03,17.29,-0.26,-1.5038,157779.81,269929.01,-0.015037593984962294,-0.015151805020602108,17.032,17.0685,17.4835,0.19943579450406457
2020-04-02,600900.SH,16.96,17.36,16.96,17.26,17.03,0.23,1.3506,108265.19,186250.121,0.01350557839107469,0.01341519098068509,17.118000000000002,17.0455,17.464833333333335,0.20419257372361221
2020-04-03,600900.SH,17.26,17.33,17.12,17.22,17.26,-0.04,-0.2317,90939.44,156552.736,-0.002317497103128785,-0.0023201866556973095,17.18,17.0325,17.444000000000003,0.1990406515670987
2020-04-07,600900.SH,17.44,17.44,17.21,17.25,17.22,0.03,0.1742,126466.15,218913.553,0.0017421602787457413,0.0017406444777841182,17.21,17.0225,17.422000000000004,0.19917902221101494
2020-04-08,600900.SH,17.25,17.27,17.02,17.21,17.25,-0.04,-0.2319,138340.81,237241.639,-0.002318840579710102,-0.00232153325392067,17.194,17.001,17.4055,0.19462766882695026
2020-04-09,600900.SH,17.21,17.21,17.02,17.06,17.21,-0.15,-0.8716,71433.7,122088.484,-0.008715862870424251,-0.008754068159915071,17.2,16.9745,17.386666666666667,0.19640968482750668
2020-04-10,600900.SH,17.06,17.12,17.0,17.05,17.06,-0.01,-0.0586,124509.39,212410.655,-0.0005861664712777381,-0.0005863383340071579,17.157999999999998,16.954500000000003,17.37,0.19490968095484992
2020-04-13,600900.SH,17.01,17.13,17.01,17.11,17.05,0.06,0.3519,75544.91,128883.315,0.0035190615835776207,0.0035128841745762215,17.136000000000003,16.96,17.353666666666665,0.17207333718348075
2020-04-14,600900.SH,17.17,17.27,17.09,17.23,17.11,0.12,0.7013,158333.57,271919.524,0.007013442431326844,0.0069889626357362775,17.131999999999998,16.9755,17.340833333333332,0.17250858526898943
2020-04-15,600900.SH,17.18,17.32,17.04,17.07,17.23,-0.16,-0.9286,106672.06,182894.055,-0.009286128845037767,-0.009329513733489052,17.104,16.982499999999998,17.324166666666667,0.1763129287248235
2020-04-16,600900.SH,17.02,17.23,17.02,17.15,17.07,0.08,0.4687,105974.96,181431.738,0.004686584651435233,0.004675636805599644,17.122,17.003999999999998,17.307000000000002,0.17008795866228027
2020-04-17,600900.SH,17.15,17.18,17.05,17.12,17.15,-0.03,-0.1749,158441.5,270879.925,-0.0017492711370260539,-0.0017508028983526933,17.136000000000003,17.041999999999998,17.292166666666667,0.1478751934635505
2020-04-20,600900.SH,17.11,17.14,17.0,17.0,17.12,-0.12,-0.7009,157900.09,269024.911,-0.007009345794392607,-0.007034026657380048,17.113999999999997,17.0675,17.275166666666667,0.14983638712532787
2020-04-21,600900.SH,16.97,17.1,16.96,17.09,17.0,0.09,0.5294,112379.09,191375.853,0.0052941176470588935,0.005280153071283511,17.086000000000002,17.096,17.264333333333333,0.15042074218084553
2020-04-22,600900.SH,17.08,17.22,17.02,17.22,17.09,0.13,0.7607,122138.24,209633.271,0.0076067875950847075,0.007578001872085084,17.116,17.1115,17.2535,0.12872729226377014
2020-04-23,600900.SH,17.29,17.38,17.17,17.3,17.22,0.08,0.4646,151299.46,261579.065,0.004645760743321903,0.004635002504148705,17.146,17.125,17.245333333333335,0.1274605119905887
2020-04-24,600900.SH,17.3,17.55,17.27,17.53,17.3,0.23,1.3295,139598.46,243745.234,0.013294797687861237,0.013207197429409834,17.228,17.160000000000004,17.24416666666667,0.12570794911935862
2020-04-27,600900.SH,17.57,17.94,17.56,17.61,17.53,0.08,0.4564,174533.54,309629.065,0.004563605248145919,0.004553223574971525,17.35,17.195,17.251833333333334,0.12565599245249834
2020-04-28,600900.SH,17.59,17.86,17.46,17.75,17.61,0.14,0.795,143541.78,253825.987,0.007950028392958552,0.007918593413310037,17.482,17.2275,17.262166666666666,0.12298641540980308
2020-04-29,600900.SH,17.78,17.79,17.39,17.61,17.75,-0.14,-0.7887,109221.15,191651.259,-0.007887323943661984,-0.007918593413310042,17.56,17.2435,17.267166666666665,0.12259397357280909
2020-04-30,600900.SH,17.5,17.65,17.38,17.45,17.61,-0.16,-0.9086,164043.15,286979.495,-0.009085746734809774,-0.00912727385967861,17.59,17.264499999999998,17.2695,0.11380764470707208
2020-05-06,600900.SH,17.31,17.5,17.16,17.24,17.45,-0.21,-1.2034,253052.38,436425.773,-0.012034383954154793,-0.012107383412889196,17.532,17.2635,17.266166666666667,0.11341763187295131
2020-05-07,600900.SH,17.18,17.18,17.0,17.03,17.24,-0.21,-1.2181,318594.42,542687.563,-0.012180974477958073,-0.012255770560949961,17.416,17.254,17.25183333333333,0.12118962026962479
2020-05-08,600900.SH,17.1,17.17,17.06,17.09,17.03,0.06,0.3523,162724.96,278424.599,0.0035231943628888374,0.003517002452902428,17.284,17.246000000000002,17.242833333333333,0.12179528599084764
2020-05-11,600900.SH,17.12,17.23,17.05,17.16,17.09,0.07,0.4096,194859.34,334358.057,0.0040959625511995945,0.004087596932316763,17.194,17.2435,17.2355,0.12260711084929939
2020-05-12,600900.SH,17.23,17.35,17.16,17.22,17.16,0.06,0.3497,164084.49,282727.244,0.0034965034965033226,0.003490404939768346,17.148,17.2515,17.229499999999998,0.11885338803812424
2020-05-13,600900.SH,17.21,17.24,17.09,17.18,17.22,-0.04,-0.2323,147839.72,254033.784,-0.0023228803716608404,-0.00232558244347541,17.136000000000003,17.258000000000003,17.2225,0.1192219424622495
2020-05-14,600900.SH,17.26,17.26,17.07,17.15,17.18,-0.03,-0.1746,136641.17,234065.427,-0.0017462165308499422,-0.0017477429441605079,17.16,17.259999999999998,17.21466666666667,0.11886329620865761
2020-05-15,600900.SH,17.15,17.18,17.08,17.16,17.15,0.01,0.0583,148994.32,255213.495,0.0005830903790089437,0.0005829204478674977,17.174,17.2565,17.20583333333333,0.11609325056675458
2020-05-18,600900.SH,17.11,17.13,16.99,17.04,17.16,-0.12,-0.6993,170831.55,291436.46,-0.006993006993007089,-0.0070175726586466465,17.15,17.255000000000003,17.19783333333333,0.11397313025485585
2020-05-19,600900.SH,17.13,17.13,17.02,17.02,17.04,-0.02,-0.1174,169111.53,288305.204,-0.0011737089201877549,-0.0011743982559415578,17.11,17.2485,17.1895,0.11262413842092811
2020-05-20,600900.SH,17.03,17.06,16.99,17.04,17.02,0.02,0.1175,154990.09,263716.36,0.001175088131609936,0.0011743982559416616,17.082,17.2445,17.17983333333333,0.11262284698229516
2020-05-21,600900.SH,17.07,17.08,16.96,17.02,17.04,-0.02,-0.1174,174083.96,296217.843,-0.0011737089201877549,-0.0011743982559415578,17.056,17.2455,17.171333333333333,0.10982033320324996
2020-05-22,600900.SH,16.98,17.0,16.77,16.77,17.02,-0.25,-1.4689,203041.26,342636.197,-0.014688601645123422,-0.014797547310110633,16.978,17.229499999999998,17.160666666666664,0.11970290130627602
2020-05-25,600900.SH,16.93,17.09,16.7,17.07,16.77,0.3,1.7889,164683.27,279434.556,0.017889087656529634,0.017730960971231877,16.983999999999998,17.222,17.158833333333334,0.13411176135853387
2020-05-26,600900.SH,17.17,17.18,16.98,17.06,17.07,-0.01,-0.0586,163660.72,278841.236,-0.0005858230814295151,-0.0005859947428162918,16.991999999999997,17.21,17.15983333333333,0.13277844106353964
2020-05-27,600900.SH,17.0,17.06,16.96,16.98,17.06,-0.08,-0.4689,133448.37,226861.653,-0.004689331770222682,-0.004700361180331741,16.979999999999997,17.182499999999997,17.155666666666665,0.12266105858676597
2020-05-28,600900.SH,17.1,17.45,17.08,17.45,16.98,0.47,2.768,332644.93,575707.326,0.027679623085983485,0.027303467765234887,17.066,17.174500000000002,17.162666666666667,0.1598000272600197
2020-05-29,600900.SH,17.45,17.45,17.22,17.39,17.45,-0.06,-0.3438,276174.3,478044.94,-0.0034383954154727503,-0.0034443202822444776,17.19,17.1565,17.164833333333334,0.15698783915523776
2020-06-01,600900.SH,17.43,17.92,17.4,17.8,17.39,0.41,2.3577,356360.33,631372.191,0.02357676825761934,0.02330312893184782,17.336,17.166,17.168666666666663,0.17706563099535663
2020-06-02,600900.SH,17.7,18.0,17.64,18.0,17.8,0.2,1.1236,268022.22,477731.436,0.011235955056179803,0.011173300598125255,17.524,17.1935,17.1755,0.17702260016546617
2020-06-03,600900.SH,18.06,18.28,17.95,18.16,18.0,0.16,0.8889,231159.08,419732.585,0.008888888888888946,0.0088496152769826,17.759999999999998,17.2395,17.182833333333335,0.17111229558172722
2020-06-04,600900.SH,18.16,18.22,17.8,17.8,18.16,-0.36,-1.9824,214460.62,384633.406,-0.01982378854625544,-0.020022915875107704,17.830000000000002,17.278,17.188166666666667,0.18172429775120733
2020-06-05,600900.SH,17.89,17.95,17.66,17.75,17.8,-0.05,-0.2809,146097.41,259506.531,-0.002808988764045006,-0.0028129413766147236,17.901999999999997,17.311,17.193166666666666,0.1825358905290598
2020-06-08,600900.SH,17.8,18.05,17.54,17.89,17.75,0.14,0.7887,242527.63,430814.866,0.007887323943662095,0.007856381599203112,17.919999999999998,17.3475,17.197333333333333,0.18361754462586663
2020-06-09,600900.SH,17.85,18.07,17.77,18.02,17.89,0.13,0.7267,143411.34,257627.18,0.007266629401900371,0.007240354659563932,17.924,17.3875,17.2045,0.18447037251219156
2020-06-10,600900.SH,18.04,18.04,17.77,17.87,18.02,-0.15,-0.8324,154710.59,276804.78,-0.008324084350721295,-0.008358923008855056,17.866000000000003,17.422,17.2115,0.1876829509549772
2020-06-11,600900.SH,17.88,17.93,17.6,17.6,17.87,-0.27,-1.5109,169387.31,300095.617,-0.015109121432568484,-0.015224427127230508,17.826,17.4445,17.2215,0.19701728865218485
2020-06-12,600900.SH,17.24,17.58,17.2,17.53,17.6,-0.07,-0.3977,289648.13,504748.262,-0.003977272727272774,-0.003985203110963014,17.782,17.463,17.23166666666667,0.19792141719913867
2020-06-15,600900.SH,17.35,17.44,17.22,17.23,17.53,-0.3,-1.7114,187749.46,325104.795,-0.01711351968054764,-0.017261648393304883,17.650000000000002,17.4725,17.236666666666668,0.20651151925549188
2020-06-16,600900.SH,17.38,17.71,17.36,17.64,17.23,0.41,2.3796,157806.38,277195.211,0.023795705165409187,0.023517000038807006,17.574,17.5035,17.252,0.2220472681569165
2020-06-17,600900.SH,17.59,18.11,17.52,17.92,17.64,0.28,1.5873,246284.44,440551.375,0.01587301587301604,0.01574835696813933,17.584,17.5475,17.278000000000002,0.22748825522108918
2020-06-18,600900.SH,17.94,18.3,17.94,18.19,17.92,0.27,1.5067,227145.82,413255.593,0.01506696428571419,0.01495458498324638,17.702,17.606,17.306333333333335,0.23117261892974897
2020-06-19,600900.SH,18.26,18.4,18.08,18.17,18.19,-0.02,-0.11,266598.84,485691.32,-0.0010995052226497881,-0.0011001101219510491,17.830000000000002,17.676000000000002,17.333833333333335,0.22189261730959772
2020-06-22,600900.SH,18.24,18.36,18.0,18.21,18.17,0.04,0.2201,176083.68,320894.92,0.0022014309301046087,0.0021990113314368093,18.026,17.733,17.3555,0.21587739554115723
2020-06-23,600900.SH,18.07,18.9,17.89,18.75,18.21,0.54,2.9654,359297.13,666761.747,0.029654036243822013,0.029222858676903177,18.248,17.817500000000003,17.384166666666665,0.23449506276266419
2020-06-24,600900.SH,18.9,19.45,18.9,19.09,18.75,0.34,1.8133,315146.77,605084.501,0.018133333333333335,0.017970885321236425,18.482,17.923,17.421833333333336,0.23618557084615668
2020-06-29,600900.SH,19.08,19.28,18.94,18.98,19.09,-0.11,-0.5762,231723.59,441421.885,-0.005762179151388103,-0.00577884455587438,18.64,17.9995,17.456333333333337,0.22499747214758964
2020-06-30,600900.SH,19.09,19.31,18.89,18.94,18.98,-0.04,-0.2107,209434.31,399355.767,-0.0021074815595363283,-0.0021097054238495955,18.794,18.077,17.487000000000002,0.2244387791947103
2020-07-01,600900.SH,19.05,19.45,18.91,19.45,18.94,0.51,2.6927,232633.61,445764.241,0.02692713833157323,0.02657098230652296,19.041999999999998,18.1595,17.523,0.22851897630519166
2020-07-02,600900.SH,19.42,19.49,19.06,19.15,19.45,-0.3,-1.5424,374491.43,719134.679,-0.015424164524421635,-0.015544354437800344,19.122000000000003,18.217000000000002,17.558333333333334,0.23757385709202236
2020-07-03,600900.SH,19.15,19.31,18.91,19.09,19.15,-0.06,-0.3133,303544.61,578963.247,-0.0031331592689294308,-0.0031380778889986767,19.122,18.2635,17.588833333333334,0.23759318709198393
2020-07-06,600900.SH,19.15,19.57,19.13,19.31,19.09,0.22,1.1524,454612.51,882185.709,0.011524358302776205,0.01145845870276671,19.188,18.339000000000002,17.623666666666665,0.22401119695809324
2020-07-07,600900.SH,19.45,19.68,19.32,19.32,19.31,0.01,0.0518,488964.06,952891.315,0.0005178663904712444,0.0005177323439488503,19.264,18.417499999999997,17.658166666666666,0.22294454821393087
2020-07-08,600900.SH,19.34,19.5,19.15,19.18,19.32,-0.14,-0.7246,344537.13,664800.508,-0.007246376811594235,-0.007272759329079809,19.21,18.482,17.691,0.2261988933813825
2020-07-09,600900.SH,19.2,19.28,18.91,19.03,19.18,-0.15,-0.7821,377189.83,717971.67,-0.007820646506777829,-0.007851388147233974,19.186,18.532500000000002,17.72383333333333,0.2292594015338065
2020-07-10,600900.SH,19.03,19.33,18.88,18.89,19.03,-0.14,-0.7357,356624.26,680407.526,-0.0073568050446662925,-0.007383999794639915,19.146,18.5835,17.7545,0.22866022174037598
2020-07-13,600900.SH,19.0,19.38,19.0,19.16,18.89,0.27,1.4293,389834.54,747944.786,0.014293276866066629,0.014192091029296229,19.116,18.661499999999997,17.788666666666668,0.22169804206108926
2020-07-14,600900.SH,19.1,19.65,19.1,19.41,19.16,0.25,1.3048,502220.78,971444.478,0.013048016701461274,0.012963624638204298,19.133999999999997,18.7555,17.825,0.22145594364830432
2020-07-15,600900.SH,19.5,19.99,19.43,19.96,19.41,0.55,2.8336,498648.86,988302.452,0.028335909325090114,0.027941873702398985,19.29,18.892,17.873166666666666,0.21947745020015588
2020-07-16,600900.SH,19.99,20.0,19.12,19.13,19.96,-0.83,-4.1583,541797.78,1051765.083,-0.041583166332665455,-0.04247248743115654,19.31,18.9665,17.906166666666667,0.271507867462915
2020-07-17,600900.SH,18.51,18.75,18.42,18.61,18.45,0.16,0.8672,308124.74,572105.278,-0.02718243596445369,-0.027558712798002066,19.253999999999998,19.000999999999998,17.930999999999997,0.2893866932723418
2020-07-20,600900.SH,18.6,18.8,18.42,18.64,18.61,0.03,0.1612,371640.43,691938.575,0.001612036539494932,0.0016107386032857731,19.15,19.0235,17.958333333333332,0.2852710595510251
2020-07-21,600900.SH,18.7,18.96,18.6,18.67,18.64,0.03,0.1609,319207.22,596831.281,0.0016094420600858417,0.0016081482961861253,19.002000000000002,19.048499999999997,17.984666666666666,0.28512122706101306
2020-07-22,600900.SH,18.61,18.88,18.42,18.67,18.67,0.0,0.0,317400.82,592736.276,0.0,0.0,18.744,19.0715,18.00883333333333,0.28515770869092244
2020-07-23,600900.SH,18.53,18.75,18.48,18.66,18.67,-0.01,-0.0536,228949.96,425938.356,-0.0005356186395287788,-0.0005357621344336022,18.65,19.067,18.0315,0.2649035793744483
2020-07-24,600900.SH,18.59,18.66,18.02,18.2,18.66,-0.46,-2.4652,352872.81,646851.762,-0.024651661307609873,-0.024960601336448115,18.568,19.0225,18.042666666666666,0.2693266310981922
2020-07-27,600900.SH,18.31,18.58,18.22,18.53,18.2,0.33,1.8132,226440.97,416736.493,0.01813186813186829,0.0179694462145189,18.546,19.0,18.058,0.27839246237478243
2020-07-28,600900.SH,18.6,18.84,18.5,18.66,18.53,0.13,0.7016,187515.76,350020.336,0.007015650296815945,0.006991155121929326,18.544,18.986,18.073166666666665,0.27981363451775565
2020-07-29,600900.SH,18.56,18.64,18.25,18.57,18.66,-0.09,-0.4823,175788.16,325074.357,-0.004823151125401881,-0.004834820054583293,18.524,18.942,18.089166666666664,0.26041709885688624
2020-07-30,600900.SH,18.57,18.74,18.25,18.33,18.57,-0.24,-1.2924,233983.14,430679.286,-0.01292407108239102,-0.013008313513000847,18.458000000000002,18.901,18.103833333333334,0.2588778074978967
2020-07-31,600900.SH,18.45,18.64,18.23,18.37,18.33,0.04,0.2182,225913.1,416914.965,0.0021822149481725006,0.0021798373754207422,18.492,18.865000000000002,18.122666666666664,0.2592723975463378
2020-08-03,600900.SH,18.33,18.57,18.25,18.33,18.37,-0.04,-0.2177,244533.22,448836.804,-0.0021774632553077655,-0.0021798373754208364,18.452,18.816,18.144333333333336,0.25445531877502037
2020-08-04,600900.SH,18.41,18.42,18.27,18.35,18.33,0.02,0.1091,229320.52,420886.367,0.0010911074740864724,0.0010905126489659065,18.389999999999997,18.767500000000002,18.165333333333333,0.25455294347628543
2020-08-05,600900.SH,18.35,18.44,18.11,18.17,18.35,-0.18,-0.9809,161041.7,293173.672,-0.009809264305177146,-0.009857692092499495,18.31,18.717000000000002,18.182166666666667,0.2553548532805048
2020-08-06,600900.SH,18.2,18.23,18.05,18.07,18.17,-0.1,-0.5504,173984.51,314831.97,-0.005503577325261522,-0.005518777803942794,18.258000000000003,18.669,18.19633333333333,0.2548557844394026
2020-08-07,600900.SH,18.14,18.16,18.0,18.08,18.07,0.01,0.0553,167625.67,302787.762,0.0005534034311012181,0.0005532503598932583,18.2,18.6285,18.211333333333332,0.25438685270669414
2020-08-10,600900.SH,18.1,18.23,17.99,18.06,18.08,-0.02,-0.1106,186845.62,338262.174,-0.0011061946902655162,-0.0011068069751911064,18.145999999999997,18.573500000000003,18.2265,0.24701844418954788
2020-08-11,600900.SH,18.14,18.16,17.99,18.07,18.06,0.01,0.0554,230221.36,415690.479,0.0005537098560355336,0.0005535566152978599,18.09,18.5065,18.241666666666667,0.24025135282372695
2020-08-12,600900.SH,18.01,18.07,17.81,18.02,18.07,-0.05,-0.2767,234100.31,420262.528,-0.002767017155506424,-0.0027708524239453292,18.06,18.4095,18.258,0.2089887514016371
2020-08-13,600900.SH,18.03,18.16,17.93,18.02,18.02,0.0,0.0,200071.79,360904.966,0.0,0.0,18.05,18.354000000000003,18.27466666666667,0.1585182737991621
2020-08-14,600900.SH,18.1,18.22,18.02,18.21,18.02,0.19,1.0544,228039.92,413543.942,0.010543840177580588,0.01048864155932485,18.076,18.334,18.29416666666667,0.13710384338073311
2020-08-17,600900.SH,18.31,18.42,18.28,18.37,18.21,0.16,0.8786,251135.77,461278.764,0.008786381109280539,0.008748005487517621,18.137999999999998,18.320500000000003,18.316666666666666,0.14125386977486643
2020-08-18,600900.SH,18.38,18.42,18.21,18.24,18.37,-0.13,-0.7077,157588.37,288878.628,-0.007076755579749738,-0.0071019145808491006,18.172,18.299,18.341166666666666,0.1427345610582236
2020-08-19,600900.SH,18.29,18.76,18.14,18.53,18.24,0.29,1.5899,334661.39,619323.788,0.015899122807017774,0.015774055651083307,18.274,18.291999999999998,18.365499999999997,0.15502587777901164
2020-08-20,600900.SH,18.51,18.98,18.33,18.98,18.53,0.45,2.4285,518291.87,972890.406,0.024284943335132203,0.02399475288451338,18.466,18.308,18.397499999999997,0.1779341982913794
2020-08-21,600900.SH,19.1,19.22,18.8,18.99,18.98,0.01,0.0527,342795.94,652690.147,0.0005268703898839711,0.0005267316424125866,18.622,18.3475,18.430999999999997,0.1502527215669151
2020-08-24,600900.SH,18.99,19.15,18.7,18.91,18.99,-0.08,-0.4213,231611.44,436548.498,-0.004212743549236397,-0.004221642153828341,18.729999999999997,18.3665,18.455333333333332,0.13930313179700046
2020-08-25,600900.SH,18.85,18.92,18.52,18.55,18.91,-0.36,-1.9038,231620.01,432180.805,-0.019037546271813865,-0.01922109361692199,18.792,18.360999999999997,18.474666666666668,0.15439008486291328
2020-08-26,600900.SH,18.69,18.81,18.56,18.72,18.55,0.17,0.9164,225006.03,420845.207,0.009164420485175073,0.009122681996001716,18.830000000000002,18.3685,18.490000000000002,0.15685980889422432
2020-08-27,600900.SH,18.81,18.81,18.55,18.67,18.72,-0.05,-0.2671,139968.44,261271.295,-0.0026709401709400504,-0.0026745134958146215,18.768,18.3855,18.50116666666667,0.14930684813126985
2020-08-28,600900.SH,18.7,19.03,18.58,18.99,18.67,0.32,1.714,225265.29,425637.967,0.0171397964649167,0.01699456727056299,18.768,18.4165,18.515,0.1599874206312453
2020-08-31,600900.SH,18.95,19.56,18.91,19.3,18.99,0.31,1.6324,336875.75,652342.038,0.016324381253291387,0.016192571086645534,18.846,18.465,18.540000000000003,0.1673371222559579
2020-09-01,600900.SH,19.3,19.55,19.16,19.53,19.3,0.23,1.1917,219785.18,426370.514,0.011917098445595853,0.011846648977747697,19.042,18.524,18.569666666666667,0.17039754714310226
2020-09-02,600900.SH,19.6,19.76,19.3,19.65,19.53,0.12,0.6144,272133.36,533390.901,0.006144393241167334,0.006125593426682576,19.228,18.598,18.599,0.16354577991865044
2020-09-03,600900.SH,19.75,20.36,19.71,20.02,19.65,0.37,1.883,378173.05,760179.235,0.018829516539440316,0.018654435571804396,19.497999999999998,18.6955,18.632333333333335,0.16760291902217328
2020-09-04,600900.SH,19.9,20.27,19.81,20.01,20.02,-0.01,-0.05,227733.56,455929.403,-0.0004995004995004271,-0.0004996252914324128,19.701999999999998,18.792,18.668000000000003,0.16803035692573173
2020-09-07,600900.SH,19.99,20.5,19.92,20.08,20.01,0.07,0.3498,353909.61,716012.971,0.0034982508745624585,0.003492146227886146,19.857999999999997,18.893,18.709333333333333,0.16654960808498895
2020-09-08,600900.SH,20.21,20.45,20.0,20.0,20.08,-0.08,-0.3984,282691.08,570167.396,-0.003984063745019806,-0.003992021269537338,19.951999999999998,18.9895,18.7505,0.16904925517528016
2020-09-09,600900.SH,19.9,20.19,19.71,19.99,20.0,-0.01,-0.05,228931.41,457725.093,-0.000500000000000056,-0.0005001250416823539,20.02,19.088,18.796499999999998,0.16782991973453473
2020-09-10,600900.SH,19.97,20.19,19.75,20.07,19.99,0.08,0.4002,243550.97,487020.788,0.00400200100050041,0.003994014295938237,20.029999999999998,19.1905,18.837,0.16676612735428575
2020-09-11,600900.SH,20.0,20.45,19.96,20.36,20.07,0.29,1.4449,296482.33,600596.379,0.014449427005480686,0.01434602887407509,20.099999999999998,19.298,18.877666666666666,0.16890959454289575
2020-09-14,600900.SH,20.4,20.98,20.23,20.9,20.36,0.54,2.6523,331402.36,686414.633,0.026522593320235766,0.026176967288443334,20.264,19.424500000000002,18.922833333333333,0.1843095725673944
2020-09-15,600900.SH,21.0,21.0,20.51,20.59,20.9,-0.31,-1.4833,269662.6,556931.726,-0.01483253588516742,-0.014943637931067195,20.381999999999998,19.541999999999998,18.96316666666667,0.19372282152663073
2020-09-16,600900.SH,20.7,20.76,20.38,20.61,20.59,0.02,0.0971,202507.34,416788.148,0.0009713453132589311,0.0009708738626696503,20.506,19.646,19.00316666666667,0.1909847285055298
2020-09-17,600900.SH,20.61,20.75,20.33,20.42,20.61,-0.19,-0.9219,157247.4,321494.075,-0.009218825812712161,-0.009261582165848051,20.576,19.718,19.031000000000002,0.18394762583165367
2020-09-18,600900.SH,20.62,20.82,20.45,20.71,20.42,0.29,1.4202,258852.67,534018.61,0.014201762977473109,0.014101862670973337,20.646,19.804,19.058,0.18716902353966713
2020-09-21,600900.SH,20.61,20.7,20.31,20.32,20.71,-0.39,-1.8831,208303.88,425514.719,-0.01883148237566401,-0.01901105269721173,20.53,19.8745,19.080333333333332,0.20265455327587154
2020-09-22,600900.SH,20.32,20.53,20.03,20.05,20.32,-0.27,-1.3287,260621.93,528692.854,-0.013287401574803126,-0.013376468957702926,20.422,19.9495,19.098833333333335,0.1949883103153399
2020-09-23,600900.SH,20.21,20.26,19.99,20.01,20.05,-0.04,-0.1995,269534.88,541688.371,-0.001995012468827939,-0.00199700515693616,20.302,20.014,19.108166666666666,0.19506672294634966
2020-09-24,600900.SH,19.84,19.84,19.33,19.4,20.01,-0.61,-3.0485,549870.07,1075237.677,-0.030484757621189518,-0.030959082526359708,20.098000000000003,20.050500000000003,19.112333333333332,0.22865758406866007
2020-09-25,600900.SH,19.5,19.5,18.62,18.86,19.4,-0.54,-2.7835,768874.14,1450554.876,-0.027835051546391765,-0.028229788863971025,19.728,20.044,19.1085,0.24439851175108543
2020-09-28,600900.SH,18.9,19.28,18.82,19.05,18.86,0.19,1.0074,564407.82,1074571.235,0.010074231177094495,0.010023824367398649,19.473999999999997,20.0315,19.104166666666668,0.2397460540990451
2020-09-29,600900.SH,19.19,19.23,18.92,19.04,19.05,-0.01,-0.0525,377405.19,719566.389,-0.0005249343832022246,-0.0005250722094908409,19.272,20.006999999999998,19.099499999999995,0.23519436421770074
2020-09-30,600900.SH,19.11,19.18,18.9,19.13,19.04,0.09,0.4727,270136.54,514379.005,0.004726890756302504,0.0047157540889422355,19.095999999999997,19.981,19.098666666666666,0.23466330105478214
2020-10-09,600900.SH,19.15,19.23,18.9,18.96,19.13,-0.17,-0.8887,322845.42,614777.009,-0.008886565603763663,-0.008926286625285702,19.008,19.928,19.097500000000004,0.2235928424705223
2020-10-12,600900.SH,18.83,19.4,18.82,19.25,18.96,0.29,1.5295,444379.34,851015.979,0.015295358649789037,0.015179563906917493,19.086000000000002,19.889999999999997,19.1035,0.23243564013529486
2020-10-13,600900.SH,19.25,19.43,18.98,19.33,19.25,0.08,0.4156,170998.31,328263.736,0.004155844155844024,0.004147232486446168,19.142000000000003,19.8525,19.106333333333332,0.23264727101768484
2020-10-14,600900.SH,19.35,19.4,19.08,19.12,19.33,-0.21,-1.0864,290415.45,557534.57,-0.010863942058975562,-0.010923385596984178,19.157999999999998,19.8085,19.1015,0.23477628436072054
2020-10-15,600900.SH,19.06,19.16,18.8,19.03,19.12,-0.09,-0.4707,332014.37,629756.523,-0.004707112970711247,-0.004718226315197054,19.137999999999998,19.7605,19.086000000000002,0.23486071997750113
2020-10-16,600900.SH,19.03,19.14,18.91,18.91,19.03,-0.12,-0.6306,243932.87,463339.288,-0.006305832895428298,-0.006325798637692024,19.127999999999997,19.702499999999997,19.08233333333333,0.23400977244562962
2020-10-19,600900.SH,18.98,19.11,18.8,18.82,18.91,-0.09,-0.4759,267371.7,505899.634,-0.004759386567953494,-0.004770748513132581,19.041999999999998,19.625500000000002,19.085833333333333,0.22491196026947496
2020-10-20,600900.SH,18.8,18.89,18.76,18.84,18.82,0.02,0.1063,186288.42,350820.676,0.0010626992561104665,0.0010621349909833693,18.944,19.5225,19.089166666666664,0.19558747067347468
2020-10-21,600900.SH,18.82,19.05,18.7,19.0,18.84,0.16,0.8493,248952.46,470301.793,0.00849256900212314,0.008456710018223458,18.92,19.443,19.09466666666667,0.19770989154306523
2020-10-22,600900.SH,19.0,19.07,18.83,19.0,19.0,0.0,0.0,214831.31,407163.734,0.0,0.0,18.914,19.3625,19.100166666666667,0.19741997434092112
2020-10-23,600900.SH,19.0,19.0,18.73,18.73,19.0,-0.27,-1.4211,166039.01,312408.997,-0.014210526315789451,-0.014312462710443292,18.877999999999997,19.278,19.101333333333333,0.19995419386704555
2020-10-26,600900.SH,18.71,19.03,18.7,18.99,18.73,0.26,1.3881,155536.29,293856.698,0.0138814735718098,0.013786008368197235,18.912,19.192,19.114500000000003,0.19956537536976388
2020-10-27,600900.SH,18.91,19.2,18.86,19.09,18.99,0.1,0.5266,237534.33,452210.202,0.00526592943654558,0.005252112913461765,18.962,19.1305,19.12383333333333,0.19447970813302343
2020-10-28,600900.SH,19.09,19.28,19.06,19.13,19.09,0.04,0.2095,246084.5,471658.497,0.002095337873232017,0.0020931457145052196,18.988,19.0845,19.131666666666668,0.19137556155959667
2020-10-29,600900.SH,18.98,19.09,18.84,18.9,19.13,-0.23,-1.2023,202438.43,383600.588,-0.012023000522739191,-0.01209586138656485,18.967999999999996,19.029,19.137166666666666,0.19446564499333338
2020-10-30,600900.SH,18.9,19.16,18.9,18.96,18.9,0.06,0.3175,238556.36,454238.113,0.0031746031746033854,0.0031695747612792606,19.014,19.006999999999998,19.147666666666666,0.16538879768162898
2020-11-02,600900.SH,19.04,19.85,19.04,19.79,18.96,0.83,4.3776,566062.93,1108540.97,0.043776371308016815,0.04284526278759855,19.174,19.0535,19.171333333333333,0.20291093394217866
2020-11-03,600900.SH,19.89,20.17,19.72,20.0,19.79,0.21,1.0611,351078.45,701900.832,0.010611419909045017,0.010555513939516679,19.356,19.101,19.199166666666663,0.20318615272456467
2020-11-04,600900.SH,19.9,20.05,19.72,19.95,20.0,-0.05,-0.25,224943.22,447328.303,-0.0025000000000000577,-0.0025031302181185884,19.52,19.1465,19.225833333333334,0.20369810388204584
2020-11-05,600900.SH,20.0,20.49,19.93,20.35,19.95,0.4,2.005,286309.28,581040.228,0.020050125313283207,0.01985176855273153,19.810000000000002,19.2075,19.262166666666666,0.21305279075452163
2020-11-06,600900.SH,20.29,20.42,20.06,20.36,20.35,0.01,0.0491,201494.54,407971.531,0.0004914004914002845,0.0004912797937177919,20.089999999999996,19.2775,19.300333333333334,0.20856134328731574
2020-11-09,600900.SH,20.22,20.55,20.13,20.36,20.36,0.0,0.0,262748.04,533947.491,0.0,0.0,20.204,19.333000000000002,19.33833333333333,0.2042556604008635
2020-11-10,600900.SH,20.25,20.66,20.05,20.22,20.36,-0.14,-0.6876,324495.95,656780.726,-0.006876227897838927,-0.006899978089996664,20.248,19.3775,19.37433333333333,0.20707921678858207
2020-11-11,600900.SH,20.22,20.73,20.04,20.54,20.22,0.32,1.5826,329621.02,676117.884,0.015825914935707175,0.015701990908086768,20.366,19.448500000000003,19.415499999999998,0.20619000852859196
2020-11-12,600900.SH,20.69,20.83,20.42,20.61,20.54,0.07,0.3408,302576.24,623226.015,0.003407984420642718,0.0034021904019555607,20.418,19.5275,19.458666666666666,0.20381704098737816
2020-11-13,600900.SH,20.62,20.62,20.16,20.36,20.61,-0.25,-1.213,267495.88,543991.358,-0.012130033964095066,-0.012204203220045636,20.418,19.599999999999998,19.497666666666664,0.20873973030690363
2020-11-16,600900.SH,20.46,20.49,19.88,19.98,20.36,-0.38,-1.8664,343467.06,689469.703,-0.018664047151277008,-0.01884041846191453,20.342,19.657999999999998,19.527166666666666,0.22171759542488648
2020-11-17,600900.SH,20.0,20.0,19.48,19.55,19.98,-0.43,-2.1522,395507.23,777909.462,-0.021521521521521536,-0.0217564867890327,20.208000000000002,19.6935,19.546833333333332,0.2383227961643554
2020-11-18,600900.SH,19.55,19.94,19.5,19.77,19.55,0.22,1.1253,339511.4,671184.932,0.011253196930946174,0.011190350751150649,20.054,19.732,19.572333333333336,0.23952525382359532
2020-11-19,600900.SH,19.85,19.96,19.65,19.84,19.77,0.07,0.3541,248020.05,492611.535,0.0035407182599898057,0.003534464674201114,19.9,19.774,19.59416666666667,0.23944415420222143
2020-11-20,600900.SH,19.88,19.89,19.61,19.81,19.84,-0.03,-0.1512,262495.19,518618.065,-0.0015120967741936164,-0.0015132411462672407,19.79,19.828,19.608,0.2319764742467825
2020-11-23,600900.SH,19.88,19.95,19.61,19.9,19.81,0.09,0.4543,269889.8,535187.356,0.004543160020191728,0.004532871019987055,19.773999999999997,19.8735,19.62316666666667,0.22845886135041596
2020-11-24,600900.SH,19.81,19.92,19.69,19.71,19.9,-0.19,-0.9548,205740.27,406720.503,-0.009547738693467256,-0.009593610565817794,19.806,19.9045,19.6365,0.2320521106266175
2020-11-25,600900.SH,19.74,19.78,19.45,19.46,19.71,-0.25,-1.2684,251650.75,493225.605,-0.01268391679350589,-0.012765044406769887,19.744,19.921,19.651666666666664,0.23758215303826993
2020-11-26,600900.SH,19.51,20.25,19.47,20.23,19.46,0.77,3.9568,488351.59,971436.914,0.03956834532374098,0.038805574421795073,19.822,19.9875,19.67683333333333,0.26872581385962885
2020-11-27,600900.SH,20.15,20.31,19.87,20.31,20.23,0.08,0.3955,280955.63,565072.795,0.003954522985664788,0.003946724412639153,19.922,20.055,19.704166666666666,0.2687259940946578
2020-11-30,600900.SH,20.21,20.7,20.07,20.11,20.31,-0.2,-0.9847,443329.12,900066.35,-0.00984736582964052,-0.009896171807732586,19.964000000000002,20.071,19.72283333333333,0.2264226310289623
2020-12-01,600900.SH,20.14,20.39,20.02,20.3,20.11,0.19,0.9448,288019.81,581562.106,0.009448035803083066,0.009403682263180993,20.082,20.086000000000002,19.7395,0.22579749422835457
2020-12-02,600900.SH,20.47,20.47,20.15,20.2,20.3,-0.1,-0.4926,222633.73,451344.079,-0.0049261083743843415,-0.004938281640582677,20.23,20.098499999999998,19.750666666666667,0.22643679379524945
2020-12-03,600900.SH,20.2,20.28,20.06,20.24,20.2,0.04,0.198,161413.58,325280.05,0.001980198019801982,0.0019782400121057205,20.232,20.093,19.760499999999997,0.21475964601807737
2020-12-04,600900.SH,20.24,20.28,19.98,20.12,20.24,-0.12,-0.5929,239191.51,480614.335,-0.005928853754940566,-0.005946499187726191,20.194,20.081,19.762166666666662,0.21569866971616425
2020-12-07,600900.SH,20.06,20.11,19.79,19.8,20.12,-0.32,-1.5905,206642.07,410200.513,-0.015904572564612307,-0.016032407531048887,20.131999999999998,20.053,19.758666666666667,0.22248542918349368
2020-12-08,600900.SH,19.89,19.9,19.71,19.83,19.8,0.03,0.1515,156289.28,309984.926,0.0015151515151514694,0.0015140048312150113,20.038,20.0335,19.7545,0.22168897042241706
2020-12-09,600900.SH,19.84,20.15,19.82,20.09,19.83,0.26,1.3111,216217.71,433248.874,0.013111447302067702,0.013026236295138563,20.016,20.011,19.755999999999997,0.21917077730587084
2020-12-10,600900.SH,19.98,20.1,19.89,19.95,20.09,-0.14,-0.6969,193351.5,386019.842,-0.006968641114982632,-0.006993035490970637,19.958,19.977999999999998,19.755333333333333,0.2194868682557845
2020-12-11,600900.SH,20.0,20.3,19.68,20.01,19.95,0.06,0.3008,368044.95,735592.99,0.003007518796992681,0.0030030052597697773,19.936,19.960500000000003,19.75433333333333,0.216351000854412
2020-12-14,600900.SH,19.97,20.03,19.77,19.77,20.01,-0.24,-1.1994,254624.31,505354.303,-0.011994002998500841,-0.012066511413116592,19.93,19.95,19.7445,0.21024726893331053
2020-12-15,600900.SH,19.7,19.8,19.51,19.53,19.77,-0.24,-1.214,273718.49,536312.203,-0.012139605462822334,-0.01221389229393785,19.869999999999997,19.949,19.721666666666668,0.20016958201069235
2020-12-16,600900.SH,19.6,19.85,19.55,19.76,19.53,0.23,1.1777,236679.93,466567.262,0.01177675371223752,0.011707947431134128,19.804,19.948500000000003,19.70783333333333,0.20056738066714686
2020-12-17,600900.SH,19.8,20.1,19.63,19.82,19.76,0.06,0.3036,395961.75,786764.511,0.0030364372469635637,0.003031836582120176,19.778,19.947499999999998,19.694666666666667,0.20045892170710672
2020-12-18,600900.SH,19.91,20.02,19.67,19.75,19.82,-0.07,-0.3532,330529.05,655356.423,-0.003531786074672083,-0.003538037554711091,19.726000000000003,19.944499999999998,19.6835,0.20079217114622108
2020-12-21,600900.SH,19.77,19.84,19.52,19.58,19.75,-0.17,-0.8608,384936.86,755509.638,-0.008607594936708929,-0.00864485424476662,19.688000000000002,19.9285,19.664666666666665,0.20220045669039222
2020-12-22,600900.SH,19.6,19.61,19.13,19.15,19.58,-0.43,-2.1961,390919.15,756197.774,-0.02196118488253318,-0.02220592147570931,19.612,19.9005,19.645166666666668,0.21384290882020743
2020-12-23,600900.SH,19.19,19.22,18.9,19.05,19.15,-0.1,-0.5222,347742.79,661512.02,-0.005221932114882422,-0.00523561405394494,19.47,19.88,19.6285,0.21020916166643425
2020-12-24,600900.SH,19.09,19.15,18.91,18.98,19.05,-0.07,-0.3675,197923.8,375708.931,-0.0036745406824146842,-0.0036813083909281504,19.302,19.817500000000003,19.611333333333334,0.1457235363661038
2020-12-25,600900.SH,18.92,19.47,18.92,19.32,18.98,0.34,1.7914,260978.35,503631.326,0.017913593256059013,0.017755035602590136,19.216,19.768,19.61,0.16223106570369233
2020-12-28,600900.SH,19.41,19.48,19.04,19.13,19.32,-0.19,-0.9834,322324.8,619374.935,-0.009834368530020732,-0.009883045332210459,19.125999999999998,19.719,19.614500000000003,0.16222320729373277
2020-12-29,600900.SH,19.2,19.24,18.92,18.98,19.13,-0.15,-0.7841,254880.52,485212.988,-0.007841087297438487,-0.00787199027037961,19.092000000000002,19.653,19.613333333333333,0.15693388506179803
2020-12-30,600900.SH,18.99,19.18,18.91,19.03,18.98,0.05,0.2634,358891.31,683185.199,0.0026343519494205214,0.0026308881262763952,19.088,19.5945,19.613166666666668,0.15819066513499586
2020-12-31,600900.SH,19.08,19.2,18.92,19.16,19.03,0.13,0.6831,326051.28,622071.24,0.006831318970047295,0.006808091234656364,19.124000000000002,19.5405,19.613666666666667,0.16109895552007164
2021-01-04,600900.SH,19.11,19.13,18.81,18.9,19.16,-0.26,-1.357,557806.08,1055731.664,-0.013569937369519947,-0.013662850477117907,19.04,19.479499999999998,19.612666666666666,0.16536386600089012
2021-01-05,600900.SH,18.85,18.9,18.71,18.89,18.9,-0.01,-0.0529,487577.46,914606.873,-0.0005291005291003792,-0.0005292405521783611,18.992,19.433999999999997,19.606666666666666,0.15839739795442573
2021-01-06,600900.SH,18.78,19.21,18.73,19.21,18.89,0.32,1.694,522941.18,993820.924,0.01694017998941244,0.01679829526704715,19.038,19.403,19.604666666666667,0.17219082685654705
2021-01-07,600900.SH,19.31,19.57,19.03,19.23,19.21,0.02,0.1041,620974.58,1194728.67,0.0010411244143675447,0.00104058282022311,19.078,19.360000000000003,19.606499999999997,0.1636983127440736
2021-01-08,600900.SH,19.3,19.45,19.1,19.34,19.23,0.11,0.572,574763.07,1106810.22,0.005720228809152239,0.0057039304244597775,19.113999999999997,19.3295,19.611666666666665,0.16492044942975442
2021-01-11,600900.SH,19.35,19.42,19.05,19.1,19.34,-0.24,-1.241,567350.41,1090970.656,-0.012409513960703111,-0.012487154972563983,19.154,19.284,19.614833333333333,0.16837496352855488
2021-01-12,600900.SH,19.1,19.16,18.83,19.16,19.1,0.06,0.3141,488183.42,926016.751,0.003141361256544517,0.0031364374901303115,19.208,19.2535,19.6205,0.16532663437864656
2021-01-13,600900.SH,19.16,19.45,18.95,19.42,19.16,0.26,1.357,565154.3,1089220.876,0.013569937369519947,0.01347869032046448,19.25,19.247999999999998,19.630166666666664,0.16856745745467155
2021-01-14,600900.SH,19.35,19.61,19.15,19.18,19.42,-0.24,-1.2358,443848.43,858276.872,-0.012358393408856916,-0.012435393407886759,19.240000000000002,19.219,19.633166666666668,0.1675362902200661
2021-01-15,600900.SH,19.1,19.32,19.03,19.2,19.18,0.02,0.1043,350741.36,672641.251,0.0010427528675702735,0.00104220957844359,19.212,19.188,19.6365,0.166979009111959
2021-01-18,600900.SH,19.2,19.25,18.98,19.1,19.2,-0.1,-0.5208,398756.11,761753.611,-0.005208333333333259,-0.005221943981151601,19.212,19.1555,19.642666666666667,0.16735052376027337
2021-01-19,600900.SH,19.15,19.48,19.12,19.4,19.1,0.3,1.5707,497345.02,960033.769,0.015706806282722363,0.015584731016698111,19.26,19.1465,19.6495,0.17591982661613706
2021-01-20,600900.SH,19.38,19.38,19.05,19.1,19.4,-0.3,-1.5464,366505.89,701133.99,-0.01546391752577303,-0.01558473101669809,19.196,19.144000000000002,19.64966666666667,0.16662599945947332
2021-01-21,600900.SH,19.05,19.19,19.01,19.13,19.1,0.03,0.1571,375611.08,716129.861,0.0015706806282720365,0.001569448399577104,19.186,19.148000000000003,19.64966666666667,0.1655862879101111
2021-01-22,600900.SH,19.05,19.09,18.9,18.91,19.13,-0.22,-1.15,283489.39,536911.777,-0.011500261369576492,-0.01156690078179529,19.127999999999997,19.1445,19.649833333333333,0.1703157907052488
2021-01-25,600900.SH,18.89,19.02,18.5,18.9,18.91,-0.01,-0.0529,469841.45,879646.788,-0.0005288207297726721,-0.0005289606047694965,19.088,19.1235,19.648833333333336,0.15641565497705015
2021-01-26,600900.SH,18.77,19.05,18.68,18.99,18.9,0.09,0.4762,340664.6,643811.561,0.004761904761904745,0.004750602758597799,19.005999999999997,19.1165,19.6355,0.15411033165965712
2021-01-27,600900.SH,19.01,19.24,18.98,19.16,18.99,0.17,0.8952,395829.42,758079.607,0.008952080042127442,0.008912247718519981,19.018,19.1255,19.6215,0.15477099639523398
2021-01-28,600900.SH,19.55,20.26,19.36,20.0,19.16,0.84,4.3841,1090972.82,2164578.64,0.04384133611691032,0.0429075010112766,19.192,19.174,19.622333333333337,0.21831909400121738
2021-01-29,600900.SH,19.8,20.15,19.4,19.68,20.0,-0.32,-1.6,707728.21,1399077.904,-0.016000000000000014,-0.016129381929883644,19.346,19.2,19.611166666666666,0.2272774021023831
2021-02-01,600900.SH,19.8,19.8,19.32,19.43,19.68,-0.25,-1.2703,1320647.11,2579449.453,-0.012703252032520318,-0.012784628234758639,19.451999999999998,19.2265,19.595666666666666,0.2265380668866499
2021-02-02,600900.SH,19.68,19.77,19.31,19.51,19.43,0.08,0.4117,1346334.14,2629777.853,0.004117344312918325,0.004108891245671281,19.556,19.2575,19.581500000000002,0.22659209246865433
2021-02-03,600900.SH,19.6,19.72,19.33,19.48,19.51,-0.03,-0.1538,928920.49,1810742.298,-0.0015376729882112805,-0.0015388564206309085,19.62,19.271,19.569166666666668,0.2195034380660248
2021-02-04,600900.SH,19.35,19.58,19.3,19.52,19.48,0.04,0.2053,962142.07,1873001.385,0.002053388090349051,0.002051282770557361,19.523999999999997,19.2855,19.55216666666667,0.2195483392144161
2021-02-05,600900.SH,19.53,19.66,19.34,19.43,19.52,-0.09,-0.4611,542690.17,1056400.601,-0.004610655737704916,-0.004621317595597707,19.474,19.29,19.532500000000002,0.21956414342664676
2021-02-08,600900.SH,19.46,20.03,19.43,19.5,19.43,0.07,0.3603,764770.62,1499130.384,0.0036026762738035067,0.0035962021803525087,19.488,19.31,19.51816666666667,0.21454919993197993
2021-02-09,600900.SH,19.53,19.62,19.03,19.28,19.5,-0.22,-1.1282,686257.3,1321462.133,-0.011282051282051175,-0.011346176387301454,19.442,19.316,19.506500000000003,0.21881536018636802
2021-02-10,600900.SH,19.29,19.79,19.23,19.69,19.28,0.41,2.1266,728872.66,1428002.523,0.021265560165975028,0.02104260346863454,19.484,19.3295,19.508833333333335,0.2265271974060542
2021-02-18,600900.SH,19.83,19.95,19.52,19.63,19.69,-0.06,-0.3047,700008.72,1376318.408,-0.003047232097511565,-0.003051884362664614,19.506,19.351999999999997,19.5065,0.22172145526053966
2021-02-19,600900.SH,19.65,20.1,19.58,19.98,19.63,0.35,1.783,907884.63,1802875.274,0.01782985226693845,0.017672764932037854,19.616,19.391,19.50883333333333,0.22938648873127246
2021-02-22,600900.SH,19.96,19.96,19.5,19.56,19.98,-0.42,-2.1021,844348.54,1658999.349,-0.021021021021021102,-0.021245108613736265,19.628,19.413999999999998,19.504666666666665,0.24254976716879034
2021-02-23,600900.SH,19.6,19.91,19.56,19.73,19.56,0.17,0.8691,681307.16,1347067.305,0.008691206543967267,0.008653655427852689,19.718,19.430500000000002,19.50183333333333,0.2382635707120091
2021-02-24,600900.SH,19.86,19.87,19.5,19.61,19.73,-0.12,-0.6082,605475.9,1190786.921,-0.00608210846426771,-0.006100679826269165,19.701999999999998,19.456,19.500166666666665,0.23193495559840677
2021-02-25,600900.SH,19.66,19.92,19.6,19.8,19.61,0.19,0.9689,653498.37,1292211.903,0.009688934217236156,0.009642297492234693,19.736,19.4895,19.505833333333335,0.2337883223010357
2021-02-26,600900.SH,19.65,19.99,19.61,19.75,19.8,-0.05,-0.2525,688625.51,1365331.97,-0.002525252525252597,-0.0025284463533587487,19.69,19.5315,19.497833333333336,0.22912797078161057
2021-03-01,600900.SH,19.8,19.83,19.55,19.67,19.75,-0.08,-0.4051,478552.3,941857.564,-0.004050632911392293,-0.004058858946163061,19.712,19.57,19.487166666666667,0.23003844008788427
2021-03-02,600900.SH,19.7,20.08,19.62,19.75,19.67,0.08,0.4067,576782.48,1142046.337,0.004067107269954073,0.004058858946163002,19.716,19.608,19.48116666666667,0.22994489608849003
2021-03-03,600900.SH,19.73,20.05,19.69,20.03,19.75,0.28,1.4177,562498.43,1119455.967,0.014177215189873582,0.014077658330596172,19.8,19.651500000000002,19.47666666666667,0.23275219468115652
2021-03-04,600900.SH,19.92,20.58,19.92,20.27,20.03,0.24,1.1982,920435.97,1858368.671,0.011982026959560521,0.011910810786181647,19.894,19.665,19.477833333333333,0.17853805851682797
2021-03-05,600900.SH,20.15,20.32,19.74,20.2,20.27,-0.07,-0.3453,641374.7,1287399.214,-0.003453379378391741,-0.003459356056749621,19.984,19.691,19.47716666666667,0.16819940273963194
2021-03-08,600900.SH,20.13,20.52,20.03,20.2,20.2,0.0,0.0,781754.68,1581226.502,0.0,0.0,20.089999999999996,19.729499999999998,19.4785,0.15995647105428085
2021-03-09,600900.SH,20.29,21.08,20.1,20.25,20.2,0.05,0.2475,1266227.63,2593858.919,0.0024752475247524774,0.002472189145389073,20.189999999999998,19.7665,19.485999999999997,0.15977335827688813
2021-03-10,600900.SH,20.01,20.27,19.81,19.9,20.25,-0.35,-1.7284,898496.17,1798799.277,-0.01728395061728405,-0.017435061822101534,20.163999999999998,19.7875,19.487166666666667,0.1734709832456741
2021-03-11,600900.SH,19.95,20.35,19.91,20.2,19.9,0.3,1.5075,785444.97,1585833.256,0.015075376884422065,0.01496287267671232,20.15,19.8215,19.489,0.18041584992681156
2021-03-12,600900.SH,20.26,21.97,20.21,21.32,20.2,1.12,5.5446,2075045.93,4388789.6,0.055445544554455495,0.05396299489048476,20.374,19.916,19.511833333333335,0.2604269278319708
2021-03-15,600900.SH,21.32,21.72,20.75,20.94,21.32,-0.38,-1.7824,1227062.39,2601761.557,-0.017823639774859235,-0.017984393855252943,20.522,19.988,19.527333333333335,0.27253357761102426
2021-03-16,600900.SH,20.94,21.1,20.66,20.91,20.94,-0.03,-0.1433,763410.21,1591292.087,-0.0014326647564470996,-0.0014336920018486968,20.654,20.0695,19.546333333333333,0.26754601456037663
2021-03-17,600900.SH,20.97,21.0,20.35,20.42,20.91,-0.49,-2.3434,801671.37,1646898.537,-0.023433763749402092,-0.0237127007040226,20.758000000000003,20.106,19.56116666666667,0.2766224351039207
2021-03-18,600900.SH,20.41,20.63,20.23,20.43,20.42,0.01,0.049,709282.73,1448606.333,0.0004897159647403448,0.000489596093011087,20.804,20.146,19.572333333333336,0.2760569472334181
2021-03-19,600900.SH,20.27,20.68,20.16,20.47,20.43,0.04,0.1958,674779.3,1380768.949,0.0019579050416054233,0.0019559908436674127,20.634,20.1705,19.583166666666667,0.26977052828662
2021-03-22,600900.SH,20.46,21.34,20.45,21.21,20.47,0.74,3.615,1019533.21,2144527.177,0.036150464093795964,0.03551236890339308,20.688,20.253,19.6075,0.2829094192389973
2021-03-23,600900.SH,21.15,21.44,20.79,20.97,21.21,-0.24,-1.1315,887931.04,1873830.705,-0.011315417256011373,-0.011379923662762557,20.7,20.315,19.630666666666666,0.287577201690609
2021-03-24,600900.SH,20.95,21.03,20.58,20.78,20.97,-0.19,-0.9061,654498.75,1359899.581,-0.009060562708631315,-0.009101859242747182,20.772,20.3735,19.657833333333333,0.2890436106562353
2021-03-25,600900.SH,20.8,21.07,20.64,21.06,20.78,0.28,1.3474,505229.85,1057457.891,0.013474494706448459,0.01338452103474806,20.898000000000003,20.436500000000002,19.691333333333333,0.2905043551351183
2021-03-26,600900.SH,20.9,21.16,20.76,20.83,21.06,-0.23,-1.0921,619995.26,1298506.382,-0.010921177587844277,-0.010981251432948841,20.97,20.4905,19.722166666666666,0.2942214477630322
2021-03-29,600900.SH,20.75,21.35,20.7,21.26,20.83,0.43,2.0643,708326.09,1499457.975,0.02064330292846872,0.020433117640921407,20.979999999999997,20.57,19.7545,0.2995749646873667
2021-03-30,600900.SH,21.23,21.47,21.07,21.44,21.26,0.18,0.8467,496545.96,1058424.549,0.008466603951081897,0.008430963288799422,21.074,20.654500000000002,19.793,0.2999829800328931
2021-03-31,600900.SH,21.44,21.5,21.25,21.44,21.44,0.0,0.0,358277.89,766359.211,0.0,0.0,21.206,20.725,19.834000000000003,0.29799415723858863
2021-04-01,600900.SH,21.41,21.73,21.33,21.63,21.44,0.19,0.8862,303777.33,654937.002,0.008861940298507287,0.008822903762365986,21.32,20.793,19.877333333333333,0.2970304885098235
2021-04-02,600900.SH,21.6,21.6,21.06,21.12,21.63,-0.51,-2.3578,545920.43,1157306.786,-0.023578363384188505,-0.023860781126906552,21.378000000000004,20.839000000000002,19.910000000000004,0.31144398405687795
2021-04-06,600900.SH,21.12,21.21,20.84,20.95,21.12,-0.17,-0.8049,418594.07,877026.055,-0.008049242424242542,-0.008081812469914105,21.316000000000003,20.8765,19.944166666666664,0.3135732656111003
2021-04-07,600900.SH,21.11,21.19,20.95,21.13,20.95,0.18,0.8592,387015.26,816513.653,0.008591885441527447,0.008555185259818594,21.254,20.9205,19.9815,0.31444484301194975
2021-04-08,600900.SH,21.01,21.1,20.74,20.86,21.13,-0.27,-1.2778,347680.0,725466.056,-0.012778040700425874,-0.012860382055338883,21.137999999999998,20.9685,20.009,0.3111094018852412
2021-04-09,600900.SH,20.86,20.99,20.75,20.85,20.86,-0.01,-0.0479,235211.15,491286.409,-0.0004793863854265501,-0.0004795013278158285,20.982,21.000999999999998,20.036,0.3076762488620599
2021-04-12,600900.SH,20.8,21.35,20.79,21.19,20.85,0.34,1.6307,656456.37,1390041.467,0.016306954436450916,0.01617542403539732,20.996,20.9945,20.06683333333334,0.24130841001812894
2021-04-13,600900.SH,21.11,21.24,20.85,21.02,21.19,-0.17,-0.8023,374922.01,786451.475,-0.008022652194431434,-0.008055006831402735,21.01,20.9985,20.098833333333335,0.2342163692479136
2021-04-14,600900.SH,21.05,21.08,20.71,20.76,21.02,-0.26,-1.2369,532018.43,1107905.89,-0.01236917221693612,-0.012446307151117044,20.936,20.991,20.1255,0.23846416228364375
2021-04-15,600900.SH,20.76,20.83,20.28,20.32,20.76,-0.44,-2.1195,576002.78,1176856.409,-0.021194605009633993,-0.02142243558740683,20.828,20.986,20.1405,0.23569362546359116
2021-04-16,600900.SH,20.4,20.61,20.32,20.47,20.32,0.15,0.7382,249514.68,510404.035,0.007381889763779403,0.007354776962916895,20.752000000000002,20.988,20.162,0.23720322504354824
2021-04-19,600900.SH,20.41,20.64,20.4,20.51,20.47,0.04,0.1954,322163.69,660703.746,0.0019540791402052893,0.0019521724110911926,20.616,20.990000000000002,20.183833333333332,0.23720285008813768
2021-04-20,600900.SH,20.44,20.63,20.41,20.61,20.51,0.1,0.4876,231265.59,475301.797,0.004875670404680621,0.004863822818078398,20.534,20.96,20.209,0.1968942323089341
2021-04-21,600900.SH,20.55,20.65,20.47,20.6,20.61,-0.01,-0.0485,238638.41,490001.631,-0.0004852013585636694,-0.0004853191068321324,20.502,20.941499999999998,20.229,0.1933529363021181
2021-04-22,600900.SH,20.6,20.65,20.32,20.4,20.6,-0.2,-0.9709,377109.76,770042.882,-0.009708737864077777,-0.009756174945364798,20.518,20.9225,20.250666666666667,0.19373268494038762
2021-04-23,600900.SH,20.39,20.4,20.02,20.38,20.4,-0.02,-0.098,498109.67,1007769.32,-0.0009803921568627416,-0.000980873055591948,20.5,20.8885,20.2715,0.18620408937379176
2021-04-26,600900.SH,20.36,20.45,20.16,20.16,20.38,-0.22,-1.0795,318798.03,646011.942,-0.01079489695780167,-0.01085358459141079,20.43,20.855,20.292333333333332,0.18612053569327766
2021-04-27,600900.SH,20.11,20.26,20.07,20.12,20.16,-0.04,-0.1984,226832.43,456809.084,-0.001984126984126977,-0.001986097971629403,20.332,20.798000000000002,20.312666666666665,0.16661449453676794
2021-04-28,600900.SH,20.15,20.2,19.97,20.12,20.12,0.0,0.0,285066.91,573097.979,0.0,0.0,20.236,20.732,20.3315,0.16172778612212485
2021-04-29,600900.SH,20.09,20.19,19.97,20.13,20.12,0.01,0.0497,345057.4,693006.081,0.0004970178926440028,0.0004968944201615266,20.182,20.6665,20.34766666666667,0.16186462902565515
2021-04-30,600900.SH,20.13,20.15,19.8,19.97,20.13,-0.16,-0.7948,481615.64,961349.743,-0.007948335817188235,-0.007980092223976226,20.1,20.583499999999997,20.34716666666667,0.15629371021721067
2021-05-06,600900.SH,19.9,20.07,19.87,19.89,19.97,-0.08,-0.4006,516965.23,1030697.494,-0.0040060090135202175,-0.004014054561842954,20.046,20.522,20.350666666666665,0.13804966335849017
2021-05-07,600900.SH,19.9,19.97,19.69,19.76,19.89,-0.13,-0.6536,433865.27,858407.47,-0.006535947712418277,-0.006557400546159052,19.974,20.4625,20.356166666666663,0.13741272804441096
2021-05-10,600900.SH,19.75,19.84,19.56,19.67,19.76,-0.09,-0.4555,387219.77,761289.495,-0.0045546558704453455,-0.004565059918754055,19.884,20.3895,20.358833333333333,0.13060611640355455
2021-05-11,600900.SH,19.64,19.95,19.52,19.89,19.67,0.22,1.1185,343328.39,679428.903,0.011184544992374201,0.011122460464913156,19.836000000000002,20.341,20.365666666666666,0.13572667702506883
2021-05-12,600900.SH,19.85,19.97,19.7,19.77,19.89,-0.12,-0.6033,248641.61,492445.885,-0.006033182503770829,-0.006051455683355378,19.796,20.287,20.369833333333336,0.1361462208561098
2021-05-13,600900.SH,19.7,19.88,19.63,19.76,19.77,-0.01,-0.0506,299638.82,591903.723,-0.0005058168942841945,-0.0005059448628037116,19.770000000000003,20.2155,20.375333333333334,0.11685876323101241
2021-05-14,600900.SH,19.75,19.77,19.55,19.65,19.76,-0.11,-0.5567,424373.36,832625.097,-0.005566801619433348,-0.005582354004451665,19.747999999999998,20.147,20.37783333333333,0.11590871698152241
2021-05-17,600900.SH,19.66,19.9,19.62,19.76,19.65,0.11,0.5598,629568.89,1242243.112,0.005597964376590436,0.005582354004451619,19.766,20.097,20.38583333333333,0.11488434649171521
2021-05-18,600900.SH,19.75,19.79,19.66,19.79,19.76,0.03,0.1518,271278.92,535115.714,0.0015182186234816708,0.0015170672947524924,19.746,20.0705,20.3875,0.0916472384578101
2021-05-19,600900.SH,19.79,19.8,19.59,19.61,19.79,-0.18,-0.9096,284536.36,559034.64,-0.009095502779181364,-0.009137119406219408,19.714,20.0275,20.387166666666666,0.08957333839331864
2021-05-20,600900.SH,19.58,19.62,19.31,19.43,19.61,-0.18,-0.9179,600532.08,1167625.531,-0.009178990311065727,-0.009221376818906135,19.648,19.973499999999998,20.378,0.0915390476832014
2021-05-21,600900.SH,19.46,19.64,19.42,19.6,19.43,0.17,0.8749,337742.81,660609.127,0.008749356664951247,0.008711302847122964,19.637999999999998,19.923000000000002,20.378666666666668,0.0966715383889576
2021-05-24,600900.SH,19.61,19.65,19.34,19.38,19.6,-0.22,-1.1224,352968.4,685356.082,-0.011224489795918502,-0.011287959773851507,19.562,19.862000000000002,20.372833333333336,0.10112868232526648
2021-05-25,600900.SH,19.34,19.84,19.18,19.81,19.38,0.43,2.2188,625913.07,1224321.659,0.022187822497419907,0.021945254247839278,19.566000000000003,19.832500000000003,20.376166666666666,0.1318864177458076
2021-05-26,600900.SH,19.75,19.76,19.41,19.42,19.81,-0.39,-1.9687,795056.92,1549587.797,-0.01968702675416445,-0.019883397847280593,19.528,19.7845,20.369833333333336,0.14689555177393526
2021-05-27,600900.SH,19.44,19.52,19.39,19.44,19.42,0.02,0.103,559297.7,1086850.623,0.001029866117404632,0.0010293361691140592,19.53,19.7485,20.364666666666665,0.1438651544826216
2021-05-28,600900.SH,19.45,19.69,19.38,19.67,19.44,0.23,1.1831,500763.36,978866.825,0.011831275720164625,0.011761833368674701,19.544000000000004,19.726,20.364666666666665,0.15174476873661072
2021-05-31,600900.SH,19.74,19.86,19.55,19.86,19.67,0.19,0.9659,479572.4,945549.633,0.009659379766141285,0.009613026216058786,19.64,19.713,20.3665,0.15646286735141843
2021-06-01,600900.SH,19.86,20.07,19.72,19.93,19.86,0.07,0.3525,442198.88,880173.691,0.0035246727089628394,0.003518475607676917,19.664,19.703,20.36483333333333,0.1571132075941949
2021-06-02,600900.SH,19.98,20.05,19.71,19.82,19.93,-0.11,-0.5519,379838.07,752333.964,-0.005519317611640706,-0.005534605322861383,19.744000000000003,19.695500000000003,20.357333333333333,0.15580736486305669
2021-06-03,600900.SH,19.82,20.03,19.73,19.9,19.82,0.08,0.4036,354006.94,703988.296,0.004036326942482349,0.004028202828604788,19.836,19.695999999999998,20.35233333333333,0.15590682874819073
2021-06-04,600900.SH,19.9,20.02,19.77,19.87,19.9,-0.03,-0.1508,316699.07,629828.241,-0.0015075376884421399,-0.0015086751667211598,19.875999999999998,19.7015,20.346833333333336,0.15409177607792673
2021-06-07,600900.SH,19.87,19.87,19.66,19.74,19.87,-0.13,-0.6543,349702.85,690822.245,-0.006542526421741468,-0.006564022558390106,19.851999999999997,19.705,20.338333333333335,0.15508459771971173
2021-06-08,600900.SH,19.77,19.9,19.71,19.82,19.74,0.08,0.4053,373697.07,739978.707,0.004052684903748771,0.004044494896506444,19.830000000000002,19.7015,20.337,0.15039404327885098
2021-06-09,600900.SH,19.87,20.33,19.83,20.32,19.82,0.5,2.5227,714811.28,1441167.85,0.025227043390514625,0.024914093808439206,19.93,19.729,20.339,0.17331801295230798
2021-06-10,600900.SH,20.33,20.6,20.26,20.32,20.32,0.0,0.0,575580.7,1173651.153,0.0,0.0,20.014000000000003,19.757,20.322333333333333,0.1732523955916229
2021-06-11,600900.SH,20.35,20.83,20.32,20.69,20.32,0.37,1.8209,713959.16,1477074.21,0.018208661417322913,0.0180448690471706,20.178,19.809,20.318166666666666,0.18086068979013112
2021-06-15,600900.SH,20.69,20.75,20.36,20.43,20.69,-0.26,-1.2566,428075.18,877522.2,-0.012566457225713035,-0.012646082927921104,20.316000000000003,19.8425,20.310166666666667,0.18826655429800143
2021-06-16,600900.SH,20.43,20.59,20.22,20.4,20.43,-0.03,-0.1468,412396.15,841933.3,-0.001468428781204123,-0.0014695079793599947,20.432,19.873,20.309833333333334,0.18861038257446486
2021-06-17,600900.SH,20.44,20.72,20.34,20.4,20.4,0.0,0.0,421769.95,866536.326,0.0,0.0,20.448,19.9125,20.30933333333333,0.18449705073247913
2021-06-18,600900.SH,20.47,20.52,20.06,20.08,20.4,-0.32,-1.5686,513203.76,1037095.299,-0.015686274509803977,-0.015810606026642315,20.4,19.945,20.302833333333332,0.19107425186704105
2021-06-21,600900.SH,20.12,20.14,19.8,19.94,20.08,-0.14,-0.6972,508948.1,1013084.621,-0.006972111553784743,-0.006996530289836057,20.25,19.962,20.281666666666663,0.1915468398761419
2021-06-22,600900.SH,19.92,20.32,19.92,20.15,19.94,0.21,1.0532,358059.43,721434.072,0.010531594784352949,0.010476523858999607,20.193999999999996,20.0005,20.268000000000004,0.18878592752024279
2021-06-23,600900.SH,20.25,20.38,20.05,20.27,20.15,0.12,0.5955,402782.01,814425.614,0.005955334987593153,0.00593767207121678,20.168,20.0235,20.2595,0.17399661754445722
2021-06-24,600900.SH,20.3,20.45,20.23,20.4,20.27,0.13,0.6413,257446.38,524439.376,0.006413418845584662,0.006392940386262092,20.168,20.072499999999998,20.248499999999996,0.15618433774675855
2021-06-25,600900.SH,20.44,20.72,20.3,20.64,20.4,0.24,1.1765,490388.54,1005552.904,0.011764705882353121,0.011696039763191456,20.279999999999998,20.1325,20.245333333333335,0.15944888184864087
2021-06-28,600900.SH,20.82,21.45,20.78,20.97,20.64,0.33,1.5988,656123.85,1380408.737,0.015988372093023173,0.015861904300466516,20.485999999999997,20.197499999999998,20.2405,0.16312676766051487
2021-06-29,600900.SH,20.97,20.97,20.36,20.5,20.97,-0.47,-2.2413,432558.49,890229.544,-0.022412970910824948,-0.022667958769466045,20.556,20.229499999999998,20.224833333333333,0.18472285704440694
2021-06-30,600900.SH,20.51,20.71,20.39,20.64,20.5,0.14,0.6829,229813.75,472168.763,0.006829268292682933,0.006806054468999496,20.63,20.265,20.211499999999997,0.1855379816393025
2021-07-01,600900.SH,20.65,20.95,20.41,20.89,20.64,0.25,1.2112,285216.8,589083.447,0.012112403100775104,0.012039634955112346,20.728,20.3185,20.199166666666667,0.1868431500327322
2021-07-02,600900.SH,20.73,20.75,20.25,20.3,20.89,-0.59,-2.8243,411888.59,839403.593,-0.028243178554332227,-0.028649689520732782,20.66,20.338500000000003,20.185499999999998,0.21654870010542174
2021-07-05,600900.SH,20.3,20.4,20.04,20.13,20.3,-0.17,-0.8374,364824.54,734636.853,-0.008374384236453314,-0.008409646396041645,20.492,20.3515,20.171833333333336,0.218996724243557
2021-07-06,600900.SH,20.1,20.72,19.95,20.27,20.13,0.14,0.6955,396850.27,806203.341,0.00695479384003983,0.006930720812208639,20.446,20.378,20.157500000000002,0.21828262227547818
2021-07-07,600900.SH,20.29,20.43,20.11,20.31,20.27,0.04,0.1973,301929.04,611213.22,0.0019733596447952806,0.001971415128384665,20.380000000000003,20.4025,20.148333333333333,0.21807414800413635
2021-07-08,600900.SH,20.39,20.45,20.04,20.31,20.31,0.0,0.0,357036.04,721024.624,0.0,0.0,20.264,20.402,20.139333333333333,0.1989255575843886
2021-07-09,600900.SH,20.26,20.4,20.19,20.31,20.31,0.0,0.0,277994.23,564245.147,0.0,0.0,20.266,20.4015,20.124666666666663,0.1989255575843886
2021-07-12,600900.SH,20.38,20.42,19.91,19.96,20.31,-0.35,-1.7233,556711.69,1117592.303,-0.01723289020187091,-0.01738310470897531,20.232,20.365,20.106999999999996,0.19577306374060188
2021-07-13,600900.SH,19.91,20.21,19.82,20.19,19.96,0.23,1.1523,337663.32,678015.684,0.011523046092184464,0.011457161441428306,20.216,20.353,20.0975,0.1967461430773295
2021-07-14,600900.SH,20.21,20.26,19.93,20.21,20.19,0.02,0.0991,378056.54,759761.127,0.000990589400693409,0.0009900990907835108,20.196,20.3435,20.095666666666666,0.19678207876045525
2021-07-15,600900.SH,20.11,20.34,19.97,20.28,20.21,0.07,0.3464,331778.23,670717.009,0.003463631865413097,0.0034576473074527077,20.19,20.3375,20.092499999999998,0.19725761791481974
2021-07-16,600900.SH,19.61,19.61,19.18,19.29,19.58,-0.29,-1.4811,539814.18,1041371.768,-0.04881656804733736,-0.05004835180534479,19.986,20.298,20.072166666666664,0.2575494927711245
2021-07-19,600900.SH,19.27,19.43,19.15,19.4,19.29,0.11,0.5702,305816.83,590447.563,0.005702436495593544,0.005686239151644709,19.874,20.270999999999997,20.052000000000003,0.25815311310076544
2021-07-20,600900.SH,19.39,19.44,19.2,19.29,19.4,-0.11,-0.567,253928.95,489774.868,-0.005670103092783485,-0.005686239151644717,19.694,20.228,20.030166666666666,0.2547346017776484
2021-07-21,600900.SH,19.22,19.29,19.0,19.01,19.29,-0.28,-1.4515,560251.25,1070155.64,-0.014515292897874454,-0.014621670417299825,19.454,20.165,20.007,0.2565552323092694
2021-07-22,600900.SH,18.99,19.08,18.79,18.84,19.01,-0.17,-0.8943,521332.31,983832.823,-0.008942661756970116,-0.008982887352120895,19.166,20.086999999999996,19.981333333333332,0.25480534351512835
2021-07-23,600900.SH,18.9,18.96,18.63,18.79,18.84,-0.05,-0.2654,419832.89,786854.237,-0.002653927813163537,-0.0026574557228431074,19.066,19.9945,19.958500000000004,0.2481428349273938
2021-07-26,600900.SH,18.69,18.92,18.67,18.84,18.79,0.05,0.2661,421879.08,792312.228,0.0026609898882383742,0.002657455722843002,18.954,19.887999999999998,19.937166666666666,0.23779462401363555
2021-07-27,600900.SH,18.84,18.85,18.19,18.33,18.84,-0.51,-2.707,544955.4,1005885.409,-0.027070063694267565,-0.027443207296603406,18.762,19.779500000000002,19.907333333333334,0.24277962798939487
2021-07-28,600900.SH,18.2,18.82,18.2,18.76,18.33,0.43,2.3459,578490.96,1072439.199,0.023458810692853493,0.02318788172646521,18.712,19.685499999999998,19.8845,0.2604799709156704
2021-07-29,600900.SH,18.69,18.87,18.55,18.59,18.76,-0.17,-0.9062,385123.11,720265.456,-0.009061833688699505,-0.009103141844726114,18.662,19.5705,19.8615,0.2531659618668909
2021-07-30,600900.SH,18.6,19.0,18.48,19.0,18.59,0.41,2.2055,444097.13,835918.989,0.022054868208714273,0.021815177433087724,18.704,19.505499999999998,19.84666666666667,0.25667541846306
2021-08-02,600900.SH,18.97,19.04,18.58,18.9,19.0,-0.1,-0.5263,550855.76,1036065.013,-0.0052631578947369695,-0.005277057100843893,18.716,19.444,19.832333333333334,0.25607686520476697
2021-08-03,600900.SH,18.81,18.99,18.72,18.88,18.9,-0.02,-0.1058,363804.9,685191.258,-0.0010582010582009804,-0.0010587613482419878,18.826,19.3745,19.819166666666668,0.25350290102578554
2021-08-04,600900.SH,18.84,19.27,18.68,19.06,18.88,0.18,0.9534,422544.12,804162.881,0.009533898305084776,0.009488737508701453,18.886000000000003,19.312,19.805333333333333,0.2570334332294159
2021-08-05,600900.SH,19.02,19.2,18.9,19.15,19.06,0.09,0.4722,347063.94,662322.044,0.004721930745015701,0.004710817400598905,18.997999999999998,19.253999999999998,19.795,0.25831860897831666
2021-08-06,600900.SH,19.1,19.12,18.88,19.05,19.15,-0.1,-0.5222,349538.41,663441.13,-0.005221932114882422,-0.00523561405394494,19.008,19.191,19.783166666666666,0.258230569624392
2021-08-09,600900.SH,19.02,19.4,19.0,19.35,19.05,0.3,1.5748,416144.32,802532.177,0.015748031496062964,0.015625317903080815,19.098,19.160500000000003,19.778166666666667,0.26076393673385573
2021-08-10,600900.SH,19.35,19.57,19.23,19.55,19.35,0.2,1.0336,375970.8,731686.853,0.010335917312661369,0.010282866955583836,19.232,19.1285,19.77466666666667,0.26001535463032655
2021-08-11,600900.SH,19.5,19.65,19.45,19.57,19.55,0.02,0.1023,260190.06,509335.834,0.001023017902813228,0.0010224949766100139,19.333999999999996,19.0965,19.771,0.2600194670206541
2021-08-12,600900.SH,19.54,19.86,19.5,19.69,19.57,0.12,0.6132,321146.98,632905.707,0.006131834440470163,0.0061131112430493646,19.442,19.067,19.772333333333332,0.26086321965032855
2021-08-13,600900.SH,19.69,19.78,19.54,19.6,19.69,-0.09,-0.4571,203315.96,398551.124,-0.004570848146267181,-0.004581326414562668,19.552,19.0825,19.775166666666667,0.19235465925067866
2021-08-16,600900.SH,19.64,19.77,19.55,19.77,19.6,0.17,0.8673,219456.35,432308.082,0.00867346938775504,0.008636070946053936,19.636000000000003,19.101,19.778000000000002,0.19363007102302934
2021-08-17,600900.SH,19.81,19.95,19.44,19.63,19.77,-0.14,-0.7081,293658.33,576858.211,-0.0070814365199798335,-0.007106628894155913,19.652,19.118000000000002,19.782166666666665,0.1943399157583054
2021-08-18,600900.SH,19.5,19.79,19.49,19.69,19.63,0.06,0.3057,293076.86,577040.644,0.0030565461029037344,0.003051884362664491,19.676,19.152,19.780166666666666,0.18561284205661108
2021-08-19,600900.SH,19.58,19.95,19.56,19.92,19.69,0.23,1.1681,354631.86,702289.342,0.011681056373793908,0.011613359505418105,19.722,19.206,19.7885,0.18417758128670927
2021-08-20,600900.SH,19.97,20.07,19.56,19.85,19.92,-0.07,-0.3514,419242.18,828815.655,-0.003514056224899642,-0.0035202450232527994,19.772000000000002,19.259,19.795333333333335,0.1845437452807952
2021-08-23,600900.SH,19.87,20.28,19.85,20.0,19.85,0.15,0.7557,471356.88,944274.264,0.007556675062972307,0.007528266420791588,19.818,19.317,19.800833333333333,0.18530726924013793
2021-08-24,600900.SH,20.07,20.15,19.8,19.85,20.0,-0.15,-0.75,355599.14,708214.784,-0.007499999999999951,-0.0075282664207915245,19.862000000000002,19.393,19.800666666666665,0.1533784699488387
2021-08-25,600900.SH,19.92,19.93,19.67,19.73,19.85,-0.12,-0.6045,297169.02,587420.941,-0.006045340050377934,-0.0060636870986755425,19.87,19.441499999999998,19.797333333333334,0.13889416436851693
2021-08-26,600900.SH,19.73,19.79,19.49,19.5,19.73,-0.23,-1.1657,217958.79,427488.966,-0.011657374556512945,-0.01172585446482288,19.786,19.487000000000002,19.791999999999998,0.1420444977304932
2021-08-27,600900.SH,19.53,19.75,19.42,19.53,19.5,0.03,0.1538,200675.54,393217.018,0.0015384615384614886,0.0015372793188863979,19.722,19.5135,19.785833333333336,0.12165551385179472
2021-08-30,600900.SH,19.42,19.48,18.98,19.09,19.53,-0.44,-2.2529,383155.39,734091.762,-0.022529441884280632,-0.02278710715093136,19.540000000000003,19.523,19.77283333333333,0.14700428229912652
2021-08-31,600900.SH,19.07,19.42,18.9,19.34,19.09,0.25,1.3096,379745.41,727303.525,0.013095861707700385,0.013010852287492039,19.438,19.546,19.766166666666663,0.15340808882178938
2021-09-01,600900.SH,19.4,19.99,19.34,19.82,19.34,0.48,2.4819,535959.8,1058053.507,0.024819027921406445,0.024516038876693697,19.456,19.584,19.766166666666667,0.17273419008618146
2021-09-02,600900.SH,19.72,20.0,19.63,19.98,19.82,0.16,0.8073,366442.36,726517.388,0.008072653884964698,0.008040244318565544,19.552,19.6255,19.7605,0.17383709287348867
2021-09-03,600900.SH,20.0,20.15,19.84,20.06,19.98,0.08,0.4004,437720.8,876481.829,0.004004004004003914,0.003996009313381923,19.657999999999998,19.676,19.75616666666667,0.17169798037295958
2021-09-06,600900.SH,20.07,20.27,19.97,20.02,20.06,-0.04,-0.1994,349864.98,701932.303,-0.001994017946161497,-0.0019960086467149273,19.844,19.7095,19.745,0.16516136172503068
2021-09-07,600900.SH,20.04,20.16,19.88,20.03,20.02,0.01,0.05,359075.15,719153.802,0.0004995004995005381,0.0004993757906523972,19.982,19.7335,19.738333333333333,0.16204434937304144
2021-09-08,600900.SH,20.05,20.45,20.05,20.33,20.03,0.3,1.4978,554974.45,1125412.683,0.014977533699450651,0.01486647796252821,20.083999999999996,19.771500000000003,19.737166666666667,0.16918370400274346
2021-09-09,600900.SH,20.5,20.51,19.92,20.39,20.33,0.06,0.2951,578505.88,1172316.002,0.002951303492375823,0.002946956946108566,20.166000000000004,19.8065,19.737000000000002,0.16851906612811618
2021-09-10,600900.SH,20.39,20.53,20.23,20.4,20.39,0.01,0.049,415915.35,848735.039,0.0004904364884745771,0.0004903162638067333,20.234,19.8465,19.742333333333338,0.1669307849839489
2021-09-13,600900.SH,20.37,20.65,20.27,20.38,20.4,-0.02,-0.098,368842.4,753583.318,-0.0009803921568627416,-0.000980873055591948,20.306,19.877,19.749666666666666,0.16536395364512468
2021-09-14,600900.SH,20.39,20.44,20.01,20.09,20.38,-0.29,-1.423,375382.16,758706.004,-0.014229636898920428,-0.014331848967735625,20.318,19.9,19.748666666666665,0.17213335222962572
2021-09-15,600900.SH,20.0,20.08,19.65,19.71,20.09,-0.38,-1.8915,384541.56,760573.319,-0.018914883026381224,-0.019096057662214148,20.194,19.901,19.73933333333333,0.18611544775818167
2021-09-16,600900.SH,19.71,20.22,19.63,19.76,19.71,0.05,0.2537,389123.7,772533.276,0.0025367833587011113,0.0025335711550928657,20.068,19.893,19.728666666666665,0.18134854574867854
2021-09-17,600900.SH,19.77,20.48,19.77,20.31,19.76,0.55,2.7834,561249.33,1137932.764,0.02783400809716574,0.027453683272571316,20.05,19.916,19.723166666666668,0.20647251477185438
2021-09-22,600900.SH,20.27,21.69,20.25,21.36,20.31,1.05,5.1699,1142537.03,2428239.222,0.05169867060561306,0.05040663849970083,20.246000000000002,19.984,19.729666666666667,0.2731201903807502
2021-09-23,600900.SH,21.45,21.93,21.05,21.23,21.36,-0.13,-0.6086,1013648.62,2170815.423,-0.006086142322097365,-0.006104738376829349,20.474,20.053,19.741833333333332,0.272414713804711
2021-09-24,600900.SH,21.53,21.55,20.85,21.09,21.23,-0.14,-0.6594,732813.49,1553563.541,-0.006594441827602493,-0.006616281224481544,20.75,20.121000000000002,19.749333333333333,0.2726768571331132
2021-09-27,600900.SH,21.46,21.66,21.11,21.58,21.09,0.49,2.3234,1019653.3,2187010.649,0.023233760075865195,0.022967965339305233,21.113999999999997,20.225,19.760833333333334,0.275108716148768
2021-09-28,600900.SH,21.49,22.06,21.12,21.79,21.58,0.21,0.9731,904817.25,1956084.85,0.009731232622798958,0.009684189126539976,21.41,20.338,19.785666666666668,0.2751912050408881
2021-09-29,600900.SH,21.63,22.22,21.35,22.12,21.79,0.33,1.5145,1122400.7,2451746.777,0.015144561725562333,0.015031027697605689,21.562,20.4895,19.81883333333333,0.2558745094963448
2021-09-30,600900.SH,22.2,22.28,21.43,22.0,22.12,-0.12,-0.5425,987507.01,2160433.402,-0.005424954792043413,-0.00543972329581821,21.716,20.6225,19.847666666666665,0.25894354333585945
2021-10-08,600900.SH,22.5,22.51,21.69,21.95,22.0,-0.05,-0.2273,795368.1,1743026.209,-0.002272727272727315,-0.0022753138371355394,21.887999999999998,20.729,19.875,0.2513929026645525
2021-10-11,600900.SH,22.1,22.17,21.4,21.62,21.95,-0.33,-1.5034,587591.02,1273105.645,-0.015034168564920236,-0.0151483273101181,21.895999999999997,20.811,19.896833333333333,0.2611241928098068
2021-10-12,600900.SH,21.41,21.58,21.08,21.33,21.62,-0.29,-1.3414,604423.07,1284896.697,-0.013413506012951104,-0.013504279727803154,21.804,20.8745,19.913833333333336,0.26840776902497254
2021-10-13,600900.SH,21.25,21.25,20.7,20.85,21.33,-0.48,-2.2504,398105.51,831380.846,-0.02250351617440216,-0.022760584238448654,21.55,20.916,19.92866666666667,0.28314785724880204
2021-10-14,600900.SH,20.85,20.95,20.55,20.68,20.85,-0.17,-0.8153,346879.29,717000.065,-0.008153477218225458,-0.008186898604582112,21.285999999999998,20.948500000000003,19.936833333333333,0.2854861605450767
2021-10-15,600900.SH,20.63,20.91,20.5,20.85,20.68,0.17,0.8221,405824.44,843059.694,0.00822050290135401,0.008186898604582118,21.066,20.9745,19.947499999999998,0.28232366995047
2021-10-18,600900.SH,20.85,21.24,20.74,21.06,20.85,0.21,1.0072,444545.72,934824.267,0.010071942446042925,0.01002155846101875,20.954,21.008,19.960500000000003,0.2839653697209605
2021-10-19,600900.SH,20.9,21.4,20.76,21.31,21.06,0.25,1.1871,411164.16,868148.245,0.01187084520417847,0.011800939404696262,20.95,21.0535,19.99416666666667,0.2861513976119892
2021-10-20,600900.SH,21.3,21.38,20.9,20.99,21.31,-0.32,-1.5016,660220.66,1389055.749,-0.015016424213984081,-0.015130312277984188,20.977999999999998,21.084,20.020666666666667,0.2925747650557997
2021-10-21,600900.SH,21.0,21.08,20.81,21.07,20.99,0.08,0.3811,339621.98,711438.91,0.0038113387327298742,0.0038040939835560484,21.056,21.133,20.050333333333334,0.286546415137686
2021-10-22,600900.SH,21.05,21.12,20.84,21.0,21.07,-0.07,-0.3322,298440.48,625398.971,-0.0033222591362126463,-0.003327790092674691,21.086,21.197499999999998,20.0835,0.2762236044000571
2021-10-25,600900.SH,20.94,21.35,20.88,21.03,21.0,0.03,0.1429,462937.66,977047.209,0.0014285714285715567,0.0014275519911855453,21.080000000000002,21.261000000000003,20.12,0.2762931020702519
2021-10-26,600900.SH,21.06,21.25,20.98,21.16,21.03,0.13,0.6182,328985.6,694633.946,0.006181645268663827,0.006162617275490232,21.05,21.3035,20.159499999999998,0.261020097206596
2021-10-27,600900.SH,21.14,21.27,20.98,21.27,21.16,0.11,0.5198,360287.33,762583.902,0.0051984877126654006,0.0051850222220471845,21.106,21.299,20.2,0.18518660204275358
2021-10-28,600900.SH,21.16,21.25,20.99,21.13,21.27,-0.14,-0.6582,420750.88,887563.938,-0.006582040432534075,-0.006603797584180481,21.118000000000002,21.294,20.246666666666666,0.18540579568413443
2021-10-29,600900.SH,21.1,21.25,20.86,21.25,21.13,0.12,0.5679,407089.01,857456.58,0.005679129200189426,0.005663063742460625,21.168,21.302,20.288166666666665,0.18488417587374034
2021-11-01,600900.SH,21.11,21.42,21.06,21.38,21.25,0.13,0.6118,383044.68,814916.266,0.006117647058823561,0.006099010226473362,21.238,21.292,20.334666666666667,0.1659083789615553
2021-11-02,600900.SH,21.39,21.43,20.66,20.95,21.38,-0.43,-2.0112,569460.01,1192929.049,-0.02011225444340503,-0.02031725922875241,21.196,21.25,20.367166666666666,0.17526190027940308
2021-11-03,600900.SH,20.83,21.29,20.77,21.17,20.95,0.22,1.0501,408790.18,863704.541,0.010501193317422608,0.010446438778627222,21.176000000000002,21.2025,20.404999999999998,0.16996563084988892
2021-11-04,600900.SH,21.16,21.27,21.02,21.06,21.17,-0.11,-0.5196,280268.35,591659.882,-0.0051960321209260085,-0.0052095784409445164,21.162,21.1555,20.441333333333333,0.16990884089845334
2021-11-05,600900.SH,21.03,21.13,20.65,20.66,21.06,-0.4,-1.8993,372511.8,773594.815,-0.018993352326685642,-0.019176043014336938,21.044,21.091,20.468,0.18015737337849105
2021-11-08,600900.SH,20.73,20.74,20.31,20.35,20.66,-0.31,-1.5005,342853.18,700885.822,-0.015004840271055087,-0.015118551802888399,20.838,21.0275,20.488,0.18013133663854955
2021-11-09,600900.SH,20.55,20.59,20.12,20.34,20.35,-0.01,-0.0491,366741.96,745503.354,-0.0004914004914006176,-0.0004915212681902285,20.716,20.978,20.5095,0.17597820402667633
2021-11-10,600900.SH,20.4,20.4,19.91,20.15,20.34,-0.19,-0.9341,397716.45,797936.088,-0.009341199606686446,-0.009385102227722018,20.512,20.943,20.522833333333335,0.1615622487818629
2021-11-11,600900.SH,20.1,20.24,19.96,20.13,20.15,-0.02,-0.0993,402082.09,807567.357,-0.0009925558312654514,-0.000993048740991815,20.326,20.9155,20.532500000000002,0.159732189646574
2021-11-12,600900.SH,20.14,20.19,19.8,19.97,20.13,-0.16,-0.7948,419824.77,838673.959,-0.007948335817188235,-0.007980092223976226,20.188,20.8715,20.539166666666667,0.15724403654539088
2021-11-15,600900.SH,20.07,20.27,19.92,20.17,19.97,0.2,1.0015,449912.45,903602.41,0.010015022533800932,0.009965204538396786,20.152,20.827,20.54716666666667,0.15718568373703684
2021-11-16,600900.SH,20.1,20.23,19.93,20.0,20.17,-0.17,-0.8428,324937.39,650158.879,-0.008428358948934123,-0.008464078412129473,20.084,20.7615,20.553833333333333,0.14956999225464604
2021-11-17,600900.SH,20.01,20.19,19.96,20.06,20.0,0.06,0.3,289355.28,580528.189,0.0029999999999998916,0.002995508979798371,20.066000000000003,20.715,20.558666666666667,0.14414547495487107
2021-11-18,600900.SH,20.0,20.13,19.96,20.04,20.06,-0.02,-0.0997,257364.57,516122.72,-0.0009970089730807485,-0.0009975063171254136,20.048,20.6635,20.5655,0.14247610775403338
2021-11-19,600900.SH,20.02,20.27,19.98,20.21,20.04,0.17,0.8483,303074.44,610516.284,0.008483033932135786,0.00844725519886565,20.095999999999997,20.624000000000002,20.574166666666667,0.1476035205629041
2021-11-22,600900.SH,20.22,20.28,19.99,19.99,20.21,-0.22,-1.0886,293103.5,587633.008,-0.01088570014844148,-0.010945382903221062,20.06,20.572,20.575333333333333,0.15039495934136146
2021-11-23,600900.SH,19.97,20.02,19.9,19.98,19.99,-0.01,-0.05,329493.81,657547.993,-0.0005002501250623848,-0.000500375291901089,20.056,20.512999999999998,20.5775,0.14711973836042092
2021-11-24,600900.SH,20.04,20.04,19.72,19.79,19.98,-0.19,-0.951,382762.35,759832.603,-0.009509509509509573,-0.009555013605933164,20.002,20.439,20.574,0.1457393990087669
2021-11-25,600900.SH,19.8,19.91,19.68,19.79,19.79,0.0,0.0,366550.19,726031.85,0.0,0.0,19.951999999999998,20.371999999999996,20.572999999999997,0.14580154417143684
2021-11-26,600900.SH,19.75,19.75,19.49,19.53,19.79,-0.26,-1.3138,455695.03,891323.168,-0.013137948458817439,-0.013225014725886646,19.815999999999995,20.285999999999998,20.569666666666663,0.14585073813705035
2021-12-13,600900.SH,21.47,21.48,20.52,20.86,19.53,1.33,6.81,2404663.34,5079887.858,0.06810035842293893,0.0658817046840387,19.99,20.259999999999998,20.592333333333332,0.29427248829314784
2021-12-14,600900.SH,20.55,21.77,20.35,21.68,20.86,0.82,3.931,1528169.72,3254785.753,0.039309683604985546,0.038556726998819006,20.330000000000002,20.2965,20.628166666666665,0.3179218497414439
2021-12-15,600900.SH,21.53,21.88,21.5,21.83,21.68,0.15,0.6919,810446.09,1759463.805,0.006918819188191927,0.006894993990407112,20.738,20.3295,20.673833333333334,0.31688889930342723
2021-12-16,600900.SH,21.78,22.02,21.65,22.02,21.83,0.19,0.8704,583787.68,1278107.373,0.008703618873110441,0.00866596073268142,21.184,20.377499999999998,20.718500000000002,0.3167063374823994
2021-12-17,600900.SH,21.97,22.18,21.82,21.91,22.02,-0.11,-0.4995,568884.35,1251931.828,-0.004995458673932807,-0.005007977687158769,21.659999999999997,20.44,20.75333333333333,0.3079327359793908
2021-12-20,600900.SH,21.74,22.03,21.49,21.75,21.91,-0.16,-0.7303,487849.38,1060548.556,-0.007302601551802845,-0.00732939607268207,21.838,20.509999999999998,20.78283333333333,0.3030973077863429
2021-12-21,600900.SH,21.83,22.14,21.73,21.98,21.75,0.23,1.0575,362840.02,797472.8,0.010574712643678152,0.010519191440782196,21.898,20.592,20.814833333333333,0.30370924919129555
2021-12-22,600900.SH,21.99,22.18,21.93,22.01,21.98,0.03,0.1365,307357.28,678650.606,0.0013648771610554888,0.001363946562894979,21.934,20.685,20.848,0.29979922513958296
2021-12-23,600900.SH,22.02,22.26,21.91,22.2,22.01,0.19,0.8632,324362.86,718751.458,0.008632439800090763,0.008595393339863358,21.970000000000002,20.7885,20.884166666666665,0.29936914430903017
2021-12-24,600900.SH,22.17,23.03,22.07,22.37,22.2,0.17,0.7658,506447.78,1140593.253,0.0076576576576576905,0.007628486623804511,22.062,20.9085,20.918166666666668,0.2954681657964111
2021-12-27,600900.SH,22.35,22.71,22.06,22.35,22.37,-0.02,-0.0894,339157.57,757945.27,-0.0008940545373267161,-0.0008944544424603401,22.182,21.0175,20.950833333333332,0.29596574466881725
2021-12-28,600900.SH,22.44,22.55,22.12,22.37,22.35,0.02,0.0895,395865.85,884930.115,0.0008948545861298118,0.0008944544424604588,22.26,21.136,20.983666666666668,0.2920524088760849
2021-12-29,600900.SH,22.37,22.41,22.13,22.25,22.37,-0.12,-0.5364,291482.89,648559.083,-0.005364327223960741,-0.0053787668897891,22.308,21.2455,21.014833333333335,0.2946029835422223
2021-12-30,600900.SH,22.17,22.6,22.1,22.53,22.25,0.28,1.2584,333393.76,748600.906,0.012584269662921477,0.012505745831903975,22.374000000000002,21.37,21.055500000000002,0.2946650001151571
2021-12-31,600900.SH,22.47,22.82,22.47,22.7,22.53,0.17,0.7545,318894.49,723342.723,0.00754549489569456,0.007517170043203855,22.439999999999998,21.4945,21.105333333333338,0.2945803365504805
2022-01-04,600900.SH,22.79,22.9,22.55,22.84,22.7,0.14,0.6167,472079.44,1074028.15,0.006167400881057272,0.00614846030045248,22.538,21.636999999999997,21.15666666666667,0.2877677301404669
2022-01-05,600900.SH,22.75,22.93,22.55,22.79,22.84,-0.05,-0.2189,442437.79,1006812.981,-0.002189141856392296,-0.00219154153021658,22.622,21.7775,21.197999999999997,0.288400655389577
2022-01-06,600900.SH,22.66,22.78,21.96,22.01,22.79,-0.78,-3.4226,629043.84,1401497.026,-0.03422553751645452,-0.034824947719222524,22.574,21.8885,21.208833333333335,0.3186443154295491
2022-01-07,600900.SH,22.16,22.38,21.89,22.16,22.01,0.15,0.6815,355473.13,787488.346,0.0068150840527032575,0.006791966340712702,22.5,22.007,21.224333333333334,0.3179968663834226
2022-01-10,600900.SH,22.12,22.49,22.12,22.4,22.16,0.24,1.083,326506.52,729809.861,0.010830324909747224,0.01077209698191104,22.44,22.1505,21.246166666666667,0.3102950067086423
2022-01-11,600900.SH,22.45,22.99,22.38,22.5,22.4,0.1,0.4464,456187.9,1036164.684,0.0044642857142858094,0.004454350349380375,22.372,22.232499999999998,21.261499999999998,0.21038842835747892
2022-01-12,600900.SH,22.47,22.62,22.02,22.27,22.5,-0.23,-1.0222,350229.82,778462.495,-0.010222222222222244,-0.010274827941098214,22.268,22.262,21.269499999999997,0.1691690258868755
2022-01-13,600900.SH,22.3,22.5,22.1,22.36,22.27,0.09,0.4041,342485.77,765999.881,0.00404131118096096,0.0040331670176221805,22.338,22.2885,21.273500000000002,0.1682292705743856
2022-01-14,600900.SH,22.42,22.66,22.03,22.45,22.36,0.09,0.4025,405242.29,908136.975,0.004025044722719029,0.004016965901364778,22.395999999999997,22.31,21.281000000000002,0.16629001978507552
2022-01-17,600900.SH,22.45,22.94,22.44,22.62,22.45,0.17,0.7572,428970.62,976518.429,0.007572383073496836,0.007543856499711271,22.44,22.345499999999998,21.292166666666667,0.16624394851132782
2022-01-18,600900.SH,22.66,22.98,22.51,22.86,22.62,0.24,1.061,365991.62,835034.315,0.010610079575596787,0.010554187678690171,22.512,22.401,21.312833333333337,0.16561009203101745
2022-01-19,600900.SH,22.84,23.04,22.75,22.95,22.86,0.09,0.3937,348656.74,798901.464,0.003937007874015741,0.003929278139889557,22.648,22.4495,21.33983333333333,0.16299660273038727
2022-01-20,600900.SH,22.97,23.52,22.87,23.08,22.95,0.13,0.5664,595636.1,1380512.579,0.005664488017429248,0.005648505133344705,22.791999999999998,22.503,21.377000000000002,0.1634140946508082
2022-01-21,600900.SH,23.07,23.23,22.81,22.98,23.08,-0.1,-0.4333,354717.14,815250.634,-0.004332755632582286,-0.004342169219289153,22.898000000000003,22.541999999999998,21.415333333333333,0.16336501908313683
2022-01-24,600900.SH,22.98,23.18,22.71,22.85,22.98,-0.13,-0.5657,269919.17,617396.025,-0.0056570931244560585,-0.005673155080395927,22.944,22.566,21.448666666666668,0.16384635646759202
2022-01-25,600900.SH,22.68,22.85,22.44,22.44,22.85,-0.41,-1.7943,302615.35,683725.559,-0.01794310722100656,-0.018106036685718134,22.86,22.570500000000003,21.471666666666668,0.17724535674838865
2022-01-26,600900.SH,22.46,22.77,22.39,22.57,22.44,0.13,0.5793,220260.11,497368.293,0.005793226381461736,0.005776510174948819,22.784,22.5805,21.492666666666665,0.1783272717558801
2022-01-27,600900.SH,22.58,22.6,22.13,22.38,22.57,-0.19,-0.8418,324109.24,723901.429,-0.008418254319893737,-0.008453887945665223,22.644,22.587,21.515833333333333,0.17998240454393097
2022-01-28,600900.SH,22.48,22.6,21.9,21.92,22.38,-0.46,-2.0554,352449.49,784593.956,-0.020554066130473503,-0.020768240803964253,22.432000000000002,22.5565,21.529999999999998,0.1883578970741836
2022-02-07,600900.SH,22.1,22.58,21.99,22.39,21.92,0.47,2.1442,310437.47,691945.045,0.02144160583941601,0.02121496853084863,22.34,22.541,21.553166666666666,0.20291314403828517
2022-02-08,600900.SH,22.45,23.22,22.39,23.22,22.39,0.83,3.707,383214.62,878778.499,0.03707012058954873,0.03639954565908181,22.496000000000002,22.560000000000002,21.58966666666667,0.24240734371907025
2022-02-09,600900.SH,23.25,23.44,22.96,23.33,23.22,0.11,0.4737,388550.76,903796.253,0.004737295434969813,0.004726109763593121,22.648,22.587,21.625833333333333,0.24246978198676616
2022-02-10,600900.SH,23.45,23.79,23.19,23.78,23.33,0.45,1.9288,345390.84,812299.579,0.019288469781397533,0.019104805229297358,22.928,22.6755,21.667666666666666,0.21087954466622705
2022-02-11,600900.SH,23.77,23.94,23.62,23.74,23.78,-0.04,-0.1682,286057.49,679411.807,-0.001682085786375187,-0.001683502081113876,23.291999999999998,22.7545,21.711166666666667,0.21150881742508398
2022-02-14,600900.SH,23.74,23.74,23.17,23.39,23.74,-0.35,-1.4743,313333.57,732261.975,-0.014743049705138955,-0.014852808585434269,23.491999999999997,22.804,21.746833333333335,0.2191490048052694
2022-02-15,600900.SH,23.38,23.47,23.0,23.1,23.39,-0.29,-1.2398,249175.2,576783.738,-0.012398460880718165,-0.012475963068339709,23.468,22.834,21.7755,0.22499051699623004
2022-02-16,600900.SH,23.16,23.39,23.07,23.09,23.1,-0.01,-0.0433,220365.5,511097.851,-0.00043290043290045155,-0.00043299416134388614,23.419999999999998,22.875,21.811166666666665,0.22092355975067068
2022-02-17,600900.SH,23.09,23.41,23.04,23.24,23.09,0.15,0.6496,314025.61,730170.474,0.006496318752706731,0.006475308617306422,23.312,22.919,21.845666666666666,0.2214103535254298
2022-02-18,600900.SH,23.24,23.31,23.01,23.23,23.24,-0.01,-0.043,185016.27,429026.95,-0.00043029259896720795,-0.0004303852013926159,23.21,22.958000000000002,21.88183333333333,0.2214410312414966
2022-02-21,600900.SH,23.1,23.2,22.91,23.05,23.23,-0.18,-0.7749,185151.11,426069.145,-0.00774860094705121,-0.007778777339660231,23.142000000000003,22.9795,21.921666666666667,0.2228187496264411
2022-02-22,600900.SH,22.95,23.0,22.7,22.84,23.05,-0.21,-0.9111,235655.07,537423.471,-0.009110629067245135,-0.009152384654848073,23.089999999999996,22.9785,21.963166666666666,0.22257463335432137
2022-02-23,600900.SH,22.9,22.98,22.68,22.8,22.84,-0.04,-0.1751,262587.35,598602.57,-0.0017513134851138146,-0.0017528488274143605,23.032,22.971,22.004166666666666,0.2221721909804931
2022-02-24,600900.SH,22.84,23.03,22.54,22.66,22.8,-0.14,-0.614,414802.93,942142.039,-0.0061403508771930015,-0.006159280360534849,22.916,22.95,22.046,0.22196579238200395
2022-02-25,600900.SH,22.71,22.9,22.64,22.75,22.66,0.09,0.3972,386623.99,880033.177,0.003971756398940762,0.003963889797099064,22.82,22.9385,22.08966666666667,0.2221828740341782
2022-02-28,600900.SH,22.81,23.22,22.71,23.18,22.75,0.43,1.8901,398210.79,915878.501,0.018901098901098923,0.01872469251464625,22.845999999999997,22.955000000000002,22.143166666666666,0.2314013048923435
2022-03-01,600900.SH,23.2,23.38,23.06,23.27,23.18,0.09,0.3883,277211.36,644305.701,0.0038826574633303856,0.0038751394025946426,22.932,22.9965,22.19483333333333,0.22065188942180297
2022-03-02,600900.SH,23.27,23.66,23.18,23.57,23.27,0.3,1.2892,331569.74,779747.186,0.012892135797163862,0.012809739633839511,23.086,23.0465,22.25433333333333,0.22372690483064997
2022-03-03,600900.SH,23.7,24.03,23.61,23.95,23.57,0.38,1.6122,385734.08,919428.956,0.01612218922358921,0.0159936069088844,23.344,23.125,22.319166666666668,0.2251407238954181
2022-03-04,600900.SH,23.9,24.05,23.5,23.95,23.95,0.0,0.0,405904.87,966816.624,0.0,0.0,23.584,23.226499999999998,22.384333333333334,0.20712736448615776
2022-03-07,600900.SH,23.87,24.15,23.73,23.82,23.95,-0.13,-0.5428,566620.99,1354854.727,-0.00542797494780789,-0.0054427599297701525,23.712,23.298,22.4445,0.19984123204546902
2022-03-08,600900.SH,23.81,23.86,23.07,23.2,23.82,-0.62,-2.6029,687976.15,1615154.15,-0.02602854743912686,-0.026373285254889852,23.698,23.297,22.497999999999998,0.18267340080452615
2022-03-09,600900.SH,23.25,23.56,22.41,22.98,23.2,-0.22,-0.9483,729974.69,1683503.109,-0.00948275862068959,-0.009528006251654583,23.580000000000002,23.2795,22.548,0.184764669303584
2022-03-10,600900.SH,23.25,23.3,22.68,22.71,22.98,-0.27,-1.1749,464149.84,1060693.713,-0.011749347258485643,-0.011818916303142527,23.332,23.226000000000003,22.596666666666668,0.17270371056270334
2022-03-11,600900.SH,22.6,22.66,22.1,22.6,22.71,-0.11,-0.4844,440143.02,984247.229,-0.004843681197710281,-0.004855449839226927,23.062,23.169,22.643500000000003,0.17293199614038246
2022-03-14,600900.SH,22.42,22.9,22.33,22.5,22.6,-0.1,-0.4425,450095.06,1019666.287,-0.004424778761062065,-0.004434597067865864,22.798000000000002,23.1245,22.693,0.16693978058950806
2022-03-15,600900.SH,22.39,22.4,21.03,21.15,22.5,-1.35,-6.0,761192.35,1642719.192,-0.06000000000000005,-0.06187540371808753,22.387999999999998,23.027,22.69783333333333,0.26399691504464773
2022-03-16,600900.SH,21.4,22.54,21.09,22.38,21.15,1.23,5.8156,757809.25,1649350.669,0.0581560283687943,0.05652779739149217,22.268,22.991500000000002,22.709500000000002,0.3448216367537124
2022-03-17,600900.SH,22.6,22.63,21.83,21.9,22.38,-0.48,-2.1448,614377.09,1354231.09,-0.02144772117962468,-0.021681066061324052,22.106,22.924500000000002,22.710666666666665,0.35062135534099337
2022-03-18,600900.SH,21.88,22.19,21.72,21.78,21.9,-0.12,-0.5479,996629.49,2183347.956,-0.005479452054794387,-0.00549451931764059,21.942,22.852,22.706666666666663,0.35063962125959736
2022-03-21,600900.SH,22.0,22.0,21.49,21.65,21.78,-0.13,-0.5969,412678.79,893225.104,-0.005968778696051502,-0.0059866630563156385,21.772,22.782,22.702333333333335,0.3503757697963445
2022-03-22,600900.SH,21.7,22.15,21.63,22.04,21.65,0.39,1.8014,315525.97,690836.882,0.018013856812933104,0.017853529836214962,21.95,22.742,22.70716666666667,0.3571586646092989
2022-03-23,600900.SH,22.1,22.23,21.8,21.89,22.04,-0.15,-0.6806,322252.42,708039.609,-0.0068058076225044895,-0.006829072749942118,21.852,22.6965,22.70566666666667,0.3576485905035766
2022-03-24,600900.SH,21.71,21.87,21.55,21.57,21.89,-0.32,-1.4619,340645.22,738660.798,-0.014618547281863847,-0.014726451133706542,21.786,22.642,22.698333333333334,0.3602719871020293
2022-03-25,600900.SH,21.52,21.7,21.29,21.31,21.57,-0.26,-1.2054,253195.03,543075.814,-0.012053778395920367,-0.01212701429053935,21.692,22.57,22.6835,0.3611108245292344
2022-03-28,600900.SH,21.2,21.85,20.91,21.75,21.31,0.44,2.0648,450182.66,964906.592,0.02064758329422811,0.020437311424167378,21.712,22.4985,22.673166666666663,0.3625671402542473
2022-03-29,600900.SH,21.68,21.92,21.61,21.81,21.75,0.06,0.2759,295556.32,644342.586,0.0027586206896550447,0.002754822678844462,21.666,22.4255,22.664166666666667,0.3623088404511045
2022-03-30,600900.SH,21.88,22.0,21.66,21.9,21.81,0.09,0.4127,400881.37,874407.533,0.004126547455295837,0.004118056608917548,21.668,22.342,22.656333333333333,0.3585298004309546
2022-03-31,600900.SH,21.9,22.13,21.73,22.0,21.9,0.1,0.4566,296523.6,650706.635,0.004566210045662267,0.0045558165358608824,21.754,22.2445,22.652166666666666,0.3524687010313417
2022-04-01,600900.SH,21.94,22.29,21.82,22.22,22.0,0.22,1.0,296414.44,654261.215,0.010000000000000009,0.009950330853168092,21.936,22.158,22.647,0.35574719182074344
2022-04-06,600900.SH,22.02,22.47,22.02,22.36,22.22,0.14,0.6301,361172.2,805189.562,0.006300630063006407,0.00628086407541458,22.058,22.085,22.64133333333333,0.35733802915361285
2022-04-07,600900.SH,22.39,22.75,22.26,22.67,22.36,0.31,1.3864,360590.49,814140.019,0.013864042933810383,0.013768816232539224,22.23,22.0585,22.6385,0.35112005372109495
2022-04-08,600900.SH,22.7,23.24,22.64,23.2,22.67,0.53,2.3379,412765.98,949759.893,0.023378914865460843,0.02310981415282653,22.49,22.069499999999998,22.645333333333333,0.35976317817799447
2022-04-11,600900.SH,23.28,23.33,22.79,22.94,23.2,-0.26,-1.1207,453708.69,1042026.844,-0.011206896551724022,-0.011270166971039521,22.677999999999997,22.081,22.660833333333336,0.35951886322285653
2022-04-12,600900.SH,23.17,23.3,22.79,23.04,22.94,0.1,0.4359,412895.87,951523.128,0.0043591979075849885,0.004349724126465842,22.842,22.103,22.6755,0.35910426811706525
2022-04-13,600900.SH,22.96,23.27,22.9,23.09,23.04,0.05,0.217,283011.79,655504.956,0.0021701388888888395,0.0021677875387134497,22.988,22.1325,22.687,0.3584946904858775
2022-04-14,600900.SH,23.09,23.5,23.03,23.24,23.09,0.15,0.6496,260450.2,607067.326,0.006496318752706731,0.006475308617306422,23.102,22.237,22.699333333333335,0.27511003578669974
2022-04-15,600900.SH,23.23,23.56,23.2,23.4,23.24,0.16,0.6885,210125.68,491931.413,0.0068846815834768815,0.006861090379945381,23.142000000000003,22.288,22.71816666666667,0.19059630343632844
2022-04-18,600900.SH,23.23,23.41,22.85,22.95,23.4,-0.45,-1.9231,256145.6,590552.826,-0.019230769230769162,-0.019418085857101513,23.144,22.3405,22.727999999999998,0.18706248814536006
2022-04-19,600900.SH,23.03,23.47,23.01,23.19,22.95,0.24,1.0458,445508.74,1034299.868,0.010457516339869466,0.010403214760886306,23.174,22.410999999999998,22.740333333333332,0.18670108307250452
2022-04-20,600900.SH,23.28,23.52,23.04,23.35,23.19,0.16,0.69,415433.83,969137.984,0.006899525657610983,0.006875832847465978,23.226,22.496000000000002,22.7525,0.18387940263366154
2022-04-21,600900.SH,23.26,23.67,23.22,23.54,23.35,0.19,0.8137,571294.5,1343779.499,0.008137044967879925,0.008104117717224182,23.286,22.570999999999998,22.76383333333333,0.17700288519771532
2022-04-22,600900.SH,23.41,23.69,23.03,23.69,23.54,0.15,0.6372,950570.64,2230523.338,0.006372132540356956,0.0063519163385635504,23.344,22.660999999999998,22.77616666666667,0.17310613610720635
2022-04-25,600900.SH,23.49,23.73,22.91,22.92,23.69,-0.77,-3.2503,776732.45,1817450.076,-0.03250316589278179,-0.033043126324155306,23.338,22.7285,22.7735,0.20696902941249493
2022-04-26,600900.SH,22.92,23.39,22.86,23.19,22.92,0.27,1.178,438101.29,1014242.481,0.011780104712041828,0.011711259420901414,23.338,22.822499999999998,22.776999999999997,0.20099662005910351
2022-04-27,600900.SH,23.28,23.34,22.67,22.88,23.19,-0.31,-1.3368,613466.91,1407071.104,-0.01336783096162153,-0.013457984755843278,23.244,22.878999999999998,22.7775,0.20059816656892662
2022-04-28,600900.SH,22.68,23.06,22.46,23.01,22.88,0.13,0.5682,491600.08,1119211.054,0.005681818181818343,0.005665737535677521,23.138,22.939,22.787,0.20089462461920254
2022-04-29,600900.SH,22.99,23.09,22.55,22.72,23.01,-0.29,-1.2603,594429.55,1351410.874,-0.01260321599304659,-0.012683310194324,22.944,22.98,22.789499999999997,0.2080336634807832
2022-05-05,600900.SH,22.85,23.23,22.72,23.08,22.72,0.36,1.5845,456706.65,1049526.251,0.015845070422535246,0.015720847786948246,22.976,23.034,22.801166666666667,0.21371020370942798
2022-05-06,600900.SH,22.98,23.25,22.6,22.72,23.08,-0.36,-1.5598,341630.73,779396.294,-0.01559792027729634,-0.01572084778694819,22.881999999999998,23.059,22.814500000000002,0.22096592375945678
2022-05-09,600900.SH,22.73,22.77,22.27,22.34,22.72,-0.38,-1.6725,283667.66,637206.321,-0.016725352112676006,-0.016866800211895898,22.774,23.058,22.813666666666666,0.2288985672224185
2022-05-10,600900.SH,22.34,22.85,22.11,22.84,22.34,0.5,2.2381,462986.89,1046185.504,0.022381378692927445,0.02213459114675478,22.74,23.0665,22.80733333333333,0.2375471421629455
2022-05-11,600900.SH,22.75,22.9,22.47,22.55,22.84,-0.29,-1.2697,553816.48,1250596.624,-0.012697022767075294,-0.0127783188391221,22.706,23.034,22.794333333333334,0.2256418381595719
2022-05-12,600900.SH,22.59,22.78,22.11,22.31,22.55,-0.24,-1.0643,404749.73,906321.893,-0.010643015521064392,-0.010700057504246302,22.552,23.0025,22.769833333333334,0.22532290305588956
2022-05-13,600900.SH,22.4,23.23,22.28,23.23,22.31,0.92,4.1237,564499.83,1294700.561,0.04123711340206193,0.0404095383378767,22.654,23.012,22.761333333333333,0.27099348145964625
2022-05-16,600900.SH,23.26,23.3,22.93,22.99,23.23,-0.24,-1.0331,337057.3,776115.124,-0.01033146792940176,-0.01038520800722772,22.784,23.006999999999998,22.754666666666665,0.27362205358111125
2022-05-17,600900.SH,23.15,23.27,22.9,23.0,22.99,0.01,0.0435,340348.19,784681.017,0.0004349717268379294,0.00043487715405968446,22.815999999999995,22.995,22.753,0.2725347004608695
2022-05-18,600900.SH,23.08,23.08,22.61,22.78,23.0,-0.22,-0.9565,383736.22,874167.816,-0.009565217391304337,-0.009611257910113599,22.862000000000002,22.964,22.747833333333336,0.2729743283080101
2022-05-19,600900.SH,22.72,23.3,22.69,23.28,22.78,0.5,2.1949,485202.17,1118633.565,0.02194907813871816,0.02171166484420098,23.056,22.9805,22.7485,0.2760217337392077
2022-05-20,600900.SH,23.4,23.79,23.2,23.3,23.28,0.02,0.0859,562442.6,1319819.787,0.0008591065292096189,0.0008587377084178045,23.07,22.986,22.749666666666666,0.2736867858108032
2022-05-23,600900.SH,23.5,23.5,22.72,22.9,23.3,-0.4,-1.7167,523528.23,1202355.717,-0.017167381974249052,-0.017316450011461045,23.052,22.9635,22.74716666666667,0.27935399926189136
2022-05-24,600900.SH,22.81,23.13,22.75,22.89,22.9,-0.01,-0.0437,378895.62,870083.402,-0.0004366812227073469,-0.00043677659571855884,23.029999999999998,22.931,22.747999999999998,0.2773560257103093
2022-05-25,600900.SH,23.04,23.29,22.94,23.21,22.89,0.32,1.398,403913.45,936020.565,0.013979903888160727,0.013883086321870302,23.116000000000003,22.907000000000004,22.754833333333334,0.2814157193466625
2022-05-26,600900.SH,23.35,23.84,23.21,23.8,23.21,0.59,2.542,585997.55,1385233.168,0.025420077552778864,0.025102360391083232,23.220000000000002,22.951,22.773833333333332,0.2699480250905225
2022-05-27,600900.SH,23.99,24.02,23.68,23.72,23.8,-0.08,-0.3361,456129.56,1086339.538,-0.003361344537815225,-0.003367006547904407,23.304,22.9775,22.79,0.2680321134025306
2022-05-30,600900.SH,23.88,24.03,23.56,23.74,23.72,0.02,0.0843,404612.16,963872.347,0.0008431703204045959,0.0008428150519971494,23.472,23.020500000000002,22.799333333333333,0.2624307394223038
2022-05-31,600900.SH,23.7,24.04,23.61,24.02,23.74,0.28,1.1794,442947.51,1060754.785,0.011794439764111209,0.011725427470315507,23.698,23.071,22.811833333333333,0.26446493069432847
2022-06-01,600900.SH,24.02,24.33,23.85,24.23,24.02,0.21,0.8743,477906.83,1150865.753,0.008742714404662788,0.008704718176596888,23.901999999999997,23.1465,22.82283333333333,0.25933592624655005
2022-06-02,600900.SH,24.05,24.2,23.84,23.92,24.23,-0.31,-1.2794,399283.15,956304.255,-0.012794056954189004,-0.012876605746003359,23.926,23.188499999999998,22.822333333333333,0.26095170674916596
2022-06-06,600900.SH,24.01,24.25,23.55,24.13,23.92,0.21,0.8779,542857.8,1298820.992,0.008779264214046734,0.00874095055450929,24.008,23.258999999999997,22.825333333333333,0.25349177379075316
2022-06-07,600900.SH,24.02,24.04,23.61,23.67,24.13,-0.46,-1.9063,515533.84,1222791.129,-0.019063406547865647,-0.019247456111047716,23.994,23.325499999999998,22.82283333333333,0.2560443217710101
2022-06-08,600900.SH,23.8,23.84,23.57,23.77,23.67,0.1,0.4225,381336.72,904531.662,0.0042247570764679665,0.004215857846209854,23.944,23.372,22.832333333333334,0.24573672031792881
2022-06-09,600900.SH,23.69,24.04,23.63,23.71,23.77,-0.06,-0.2524,494432.57,1178575.794,-0.0025241901556583013,-0.0025273812947883517,23.84,23.43,22.8445,0.24019732791315368
2022-06-10,600900.SH,23.68,24.06,23.66,24.02,23.71,0.31,1.3075,859956.32,2049245.232,0.01307465204555025,0.012989916574523221,23.860000000000003,23.5155,22.866333333333333,0.2375688925028473
2022-06-13,600900.SH,23.74,23.91,23.19,23.28,24.02,-0.74,-3.0808,913218.74,2135334.164,-0.030807660283097338,-0.03129219378860033,23.690000000000005,23.518,22.877666666666663,0.22428187124093335
2022-06-14,600900.SH,23.17,24.02,23.17,24.0,23.28,0.72,3.0928,765712.28,1818362.041,0.030927835051546282,0.03045920748470844,23.756,23.5685,22.902666666666665,0.24540313533501545
2022-06-15,600900.SH,23.98,24.08,23.64,23.67,24.0,-0.33,-1.375,525002.43,1250077.871,-0.013749999999999929,-0.013845406822052982,23.736,23.601999999999997,22.944666666666667,0.2518864241167648
2022-06-16,600900.SH,23.74,23.77,23.23,23.23,23.67,-0.44,-1.8589,604019.44,1415526.531,-0.018588931136459652,-0.01876387674357479,23.64,23.6245,22.958833333333335,0.25910394934812936
2022-06-17,600900.SH,23.34,23.66,23.29,23.6,23.23,0.37,1.5928,518347.27,1220639.213,0.01592767972449427,0.015802165249246693,23.556000000000004,23.6405,22.987166666666667,0.2535002512734
2022-06-20,600900.SH,23.5,23.52,23.08,23.13,23.6,-0.47,-1.9915,631540.59,1465669.026,-0.019915254237288238,-0.020116235788216676,23.526,23.631999999999998,23.009666666666668,0.263950453257379
2022-06-21,600900.SH,23.13,23.25,23.0,23.15,23.13,0.02,0.0865,425430.68,984851.871,0.0008646779074794608,0.0008643042888952645,23.356,23.6445,23.034666666666666,0.2562567010823772
2022-06-22,600900.SH,23.19,23.29,23.07,23.2,23.15,0.05,0.216,484326.42,1122313.502,0.002159827213823018,0.0021574981400213143,23.262,23.66,23.054,0.25627414112524277
2022-06-23,600900.SH,23.2,23.23,23.03,23.1,23.2,-0.1,-0.431,491046.58,1134360.492,-0.004310344827586077,-0.004319661144516284,23.236,23.6545,23.074166666666667,0.2519829836237039
2022-06-24,600900.SH,23.11,23.39,23.03,23.37,23.1,0.27,1.1688,573158.89,1328146.879,0.011688311688311748,0.01162053102301879,23.189999999999998,23.633000000000003,23.104166666666668,0.2378424759317661
2022-06-27,600900.SH,23.35,23.49,23.21,23.31,23.37,-0.06,-0.2567,491607.97,1148943.188,-0.0025673940949936247,-0.002570695503100866,23.226,23.6125,23.1375,0.23774594628676174
2022-06-28,600900.SH,23.3,23.3,23.07,23.11,23.31,-0.2,-0.858,575841.23,1331818.855,-0.008580008580008514,-0.00861702876137634,23.217999999999996,23.581,23.16016666666667,0.23924895541914476
2022-06-29,600900.SH,23.1,23.19,22.93,23.15,23.11,0.04,0.1731,590534.59,1361406.898,0.0017308524448289564,0.0017293562459536002,23.208000000000002,23.5375,23.1825,0.23460115507349524
2022-06-30,600900.SH,23.12,23.19,22.95,23.12,23.15,-0.03,-0.1296,391142.56,902706.79,-0.001295896328293633,-0.0012967367280662563,23.212,23.482,23.202833333333334,0.2313358891794241
2022-07-01,600900.SH,24.0,24.52,23.87,24.32,23.12,1.2,5.1903,1297092.78,3147234.417,0.05190311418685112,0.05060101329378945,23.401999999999997,23.502000000000002,23.2415,0.2968929677108169
2022-07-04,600900.SH,24.35,24.57,24.05,24.35,24.32,0.03,0.1234,660129.91,1609051.87,0.0012335526315789824,0.0012327924306325744,23.610000000000003,23.512999999999998,23.276999999999997,0.29547340151598206
2022-07-05,600900.SH,24.33,24.51,24.05,24.24,24.35,-0.11,-0.4517,534587.61,1294855.469,-0.004517453798768112,-0.0045276883274852405,23.836000000000002,23.541500000000003,23.308333333333334,0.2870138573580948
2022-07-06,600900.SH,24.28,24.3,23.98,24.06,24.24,-0.18,-0.7426,388448.12,934573.743,-0.007425742574257432,-0.007453450654580891,24.018,23.556,23.331500000000002,0.28843871527188897
2022-07-07,600900.SH,24.16,24.45,24.1,24.1,24.06,0.04,0.1663,392578.08,952172.862,0.0016625103906899863,0.0016611299500765373,24.214,23.575499999999998,23.3465,0.2881889361758159
2022-07-08,600900.SH,24.1,24.3,23.89,24.2,24.1,0.1,0.4149,415700.46,1000142.146,0.004149377593360981,0.004140792666031387,24.19,23.5845,23.3675,0.28494020863957714
2022-07-11,600900.SH,24.48,24.99,24.48,24.69,24.2,0.49,2.0248,673385.5,1669501.393,0.020247933884297575,0.020045670194447477,24.258,23.654999999999998,23.395,0.26758438615546337
2022-07-12,600900.SH,24.69,25.08,24.67,24.9,24.69,0.21,0.8505,522402.62,1303281.65,0.008505467800729027,0.008469500113573784,24.389999999999997,23.7,23.425166666666666,0.24773201768453856
2022-07-13,600900.SH,25.0,25.18,24.8,24.97,24.9,0.07,0.2811,462033.31,1154859.591,0.0028112449799195804,0.002807300821019822,24.571999999999996,23.765,23.454,0.24068066228093504
2022-07-14,600900.SH,25.0,25.02,24.66,24.86,24.97,-0.11,-0.4405,588772.14,1462094.435,-0.004405286343612258,-0.00441501820911672,24.724,23.8465,23.47833333333333,0.22895541378315085
2022-07-15,600900.SH,24.71,24.83,24.3,24.3,24.86,-0.56,-2.2526,621757.37,1527141.902,-0.022526146419951654,-0.022783735736062204,24.744,23.8815,23.500833333333336,0.24159610126365258
2022-07-18,600900.SH,24.37,25.13,24.37,24.95,24.3,0.65,2.6749,606761.1,1510508.795,0.026748971193415683,0.026397471851024944,24.796,23.9725,23.530166666666666,0.24333081937475748
2022-07-19,600900.SH,25.13,25.15,24.78,25.05,24.95,0.1,0.4008,454163.8,1134520.519,0.004008016032064132,0.004000005333346137,24.826,24.067500000000003,23.5585,0.24306577457691278
2022-07-20,600900.SH,25.2,25.27,24.86,24.94,25.05,-0.11,-0.4391,370601.74,926024.154,-0.0043912175648702645,-0.004400887278983418,24.82,24.154500000000002,23.581833333333332,0.24485117740127224
2022-07-21,600900.SH,24.47,24.47,23.95,24.01,24.12,-0.11,-0.4561,343868.25,829377.173,-0.037289494787489996,-0.03800253001872856,24.650000000000002,24.2,23.58716666666667,0.2840652012022204
2022-07-22,600900.SH,24.02,24.3,23.87,24.13,24.01,0.12,0.4998,328322.04,792861.776,0.00499791753436063,0.00498546940377846,24.616,24.238,23.607333333333333,0.282050767102152
2022-07-25,600900.SH,24.17,24.24,23.96,24.1,24.13,-0.03,-0.1243,241719.43,582926.532,-0.001243265644425895,-0.0012440391403309226,24.445999999999998,24.2775,23.6225,0.2818210091895125
2022-07-26,600900.SH,24.08,24.25,24.01,24.1,24.1,0.0,0.0,266513.07,643709.843,0.0,0.0,24.256,24.326999999999998,23.642833333333332,0.27925706610170187
2022-07-27,600900.SH,24.1,24.16,23.9,23.92,24.1,-0.18,-0.7469,258844.16,620286.866,-0.007468879668049766,-0.007496911414178298,24.052,24.3655,23.658,0.28138307557716635
2022-07-28,600900.SH,23.95,24.2,23.8,23.9,23.92,-0.02,-0.0836,293325.77,703987.732,-0.0008361204013379586,-0.0008364701449661702,24.03,24.404500000000002,23.677666666666667,0.28132102800055436
2022-07-29,600900.SH,23.99,24.23,23.83,23.88,23.9,-0.02,-0.0837,356801.22,856238.729,-0.0008368200836820217,-0.0008371704130636586,23.98,24.3825,23.691,0.21001398040008099
2022-08-01,600900.SH,23.88,24.0,23.62,23.78,23.88,-0.1,-0.4188,368128.79,876446.084,-0.0041876046901171415,-0.004196397261765453,23.916000000000004,24.354,23.708666666666666,0.21018944686739807
2022-08-02,600900.SH,23.65,23.82,23.5,23.62,23.78,-0.16,-0.6728,395204.97,933631.964,-0.006728343145500415,-0.00675108049341952,23.82,24.323,23.73,0.21081182443292665
2022-08-03,600900.SH,23.67,23.82,23.41,23.44,23.62,-0.18,-0.7621,320412.51,754669.431,-0.007620660457239636,-0.007649846060404389,23.724,24.291999999999998,23.740000000000002,0.21088916592577073
2022-08-04,600900.SH,23.55,23.9,23.41,23.85,23.44,0.41,1.7491,314618.7,746067.094,0.017491467576791875,0.017340252625538424,23.714,24.279500000000002,23.761666666666663,0.22100139049040185
2022-08-05,600900.SH,23.92,24.1,23.8,24.08,23.85,0.23,0.9644,240371.3,575872.426,0.009643605870020888,0.00959740310626999,23.753999999999998,24.273500000000002,23.791166666666665,0.2233588536552463
2022-08-08,600900.SH,24.07,24.3,24.01,24.14,24.08,0.06,0.2492,186789.32,451867.468,0.002491694352159568,0.0024885952287652534,23.826,24.246000000000002,23.80633333333333,0.21036232714021863
2022-08-09,600900.SH,24.14,24.28,24.0,24.03,24.14,-0.11,-0.4557,213611.22,515212.128,-0.004556752278376153,-0.004567165921007912,23.907999999999998,24.2025,23.823666666666664,0.2075911674813474
2022-08-10,600900.SH,24.1,24.13,23.8,23.89,24.03,-0.14,-0.5826,175135.92,418198.565,-0.005826050769870972,-0.005843088410659356,23.997999999999998,24.148500000000002,23.8385,0.2073684270708438
2022-08-11,600900.SH,23.91,24.1,23.77,24.0,23.89,0.11,0.4604,258410.78,619819.484,0.004604437002930117,0.004593869010227475,24.028,24.1055,23.858833333333333,0.20851837417400185
2022-08-12,600900.SH,24.0,24.24,23.94,24.23,24.0,0.23,0.9583,213291.01,515031.097,0.009583333333333277,0.009537704480488688,24.058,24.102,23.874666666666666,0.19675349631590477
2022-08-15,600900.SH,24.12,24.3,23.95,24.01,24.23,-0.22,-0.908,282338.68,679612.778,-0.00907965332232763,-0.009121124595272447,24.032000000000004,24.055,23.8865,0.17145523996365417
2022-08-16,600900.SH,24.03,24.25,23.84,23.9,24.01,-0.11,-0.4581,334412.08,803935.985,-0.004581424406497447,-0.0045919512956970245,24.006,23.9975,23.903166666666667,0.17026155561403644
2022-08-17,600900.SH,23.87,23.87,23.38,23.56,23.9,-0.34,-1.4226,563318.23,1326891.731,-0.014225941422594146,-0.01432810015407903,23.94,23.9285,23.914333333333335,0.17537221597807118
2022-08-18,600900.SH,23.48,23.64,23.38,23.4,23.56,-0.16,-0.6791,280851.93,659127.491,-0.006791171477079749,-0.006814336419730165,23.82,23.898000000000003,23.9175,0.12066310889744732
2022-08-19,600900.SH,23.24,23.62,23.13,23.59,23.4,0.19,0.812,383745.97,898727.158,0.00811965811965809,0.008086871055927888,23.692,23.871000000000002,23.914,0.12329014678109596
2022-08-22,600900.SH,23.46,23.79,23.43,23.48,23.59,-0.11,-0.4663,308109.09,725668.332,-0.004662992793556531,-0.004673898459687902,23.586,23.84,23.910000000000004,0.12393783724616331
2022-08-23,600900.SH,23.45,23.48,23.21,23.23,23.48,-0.25,-1.0647,376747.28,877908.158,-0.010647359454855176,-0.010704448177577906,23.452,23.7965,23.901500000000002,0.12817701168135173
2022-08-24,600900.SH,23.23,23.42,23.15,23.16,23.23,-0.07,-0.3013,276685.1,644171.87,-0.0030133448127421802,-0.003017894077523316,23.372,23.7585,23.887166666666666,0.12653127320681662
2022-08-25,600900.SH,23.21,23.65,23.21,23.59,23.16,0.43,1.8566,281824.05,660126.996,0.01856649395509491,0.018396240714789087,23.410000000000004,23.743,23.876500000000004,0.14538907216226143
2022-08-26,600900.SH,23.58,23.58,23.27,23.39,23.59,-0.2,-0.8478,279532.68,652863.134,-0.0084781687155574,-0.008514312823495964,23.37,23.7185,23.867666666666665,0.14805097978370418
2022-08-29,600900.SH,23.25,23.45,23.15,23.3,23.39,-0.09,-0.3848,266742.63,620661.332,-0.003847798204360875,-0.0038552200244328133,23.334,23.694499999999998,23.853833333333334,0.14795867470708596
2022-08-30,600900.SH,23.3,23.37,23.12,23.28,23.3,-0.02,-0.0858,230440.41,534621.259,-0.0008583690987123971,-0.0008587377084177582,23.344,23.677500000000002,23.84733333333333,0.14639171959251693
2022-08-31,600900.SH,23.33,23.98,23.28,23.98,23.28,0.7,3.0069,810053.1,1924117.532,0.030068728522336663,0.02962552673613101,23.508000000000003,23.704500000000003,23.850833333333334,0.17998377642481236
2022-09-01,600900.SH,23.73,24.08,23.62,23.91,23.98,-0.07,-0.2919,377805.91,901719.922,-0.0029190992493745016,-0.002923368129134846,23.572,23.7075,23.854166666666668,0.16977261318843734
2022-09-02,600900.SH,23.9,24.17,23.73,23.82,23.91,-0.09,-0.3764,291596.65,697272.184,-0.0037641154328732496,-0.0037712175430792915,23.657999999999998,23.694499999999998,23.850833333333334,0.16649871292784021
2022-09-05,600900.SH,23.71,23.9,23.51,23.82,23.82,0.0,0.0,311538.78,738489.72,0.0,0.0,23.762,23.6785,23.859833333333334,0.16614124528239982
2022-09-06,600900.SH,23.85,23.98,23.73,23.75,23.82,-0.07,-0.2939,343370.64,818020.674,-0.002938706968933724,-0.0029430334465038854,23.856,23.664499999999997,23.855666666666668,0.16573092218947863
2022-09-07,600900.SH,23.6,23.64,23.42,23.57,23.75,-0.18,-0.7579,423951.72,996783.593,-0.0075789473684210185,-0.0076078135326104355,23.774,23.648500000000002,23.854,0.166587803460883
2022-09-08,600900.SH,23.62,23.85,23.53,23.65,23.57,0.08,0.3394,259446.49,614593.75,0.0033941450997030387,0.0033883979899022544,23.722,23.631,23.860999999999997,0.1661389572058274
2022-09-09,600900.SH,23.75,24.06,23.66,23.91,23.65,0.26,1.0994,354352.66,847909.591,0.010993657505285581,0.010933666532291556,23.74,23.615,23.86616666666667,0.16736569418951205
2022-09-13,600900.SH,23.85,23.91,23.66,23.79,23.91,-0.12,-0.5019,273346.21,650135.092,-0.005018820577164407,-0.0050314571553670955,23.734,23.604,23.877166666666664,0.16524815078880278
2022-09-14,600900.SH,23.7,23.93,23.64,23.7,23.79,-0.09,-0.3783,218758.98,519309.099,-0.003783102143757877,-0.0037902761737808022,23.724,23.594,23.886333333333333,0.16500493262634877
2022-09-15,600900.SH,23.72,23.98,23.61,23.72,23.7,0.02,0.0844,405831.36,966015.202,0.0008438818565401629,0.0008435259884392802,23.754,23.602,23.895,0.1566809439208187
2022-09-16,600900.SH,23.73,23.84,23.46,23.46,23.72,-0.26,-1.0961,398814.92,942339.845,-0.010961214165261302,-0.011021730904195217,23.716,23.604999999999997,23.901,0.15988038001041263
2022-09-19,600900.SH,23.53,23.63,23.41,23.48,23.46,0.02,0.0853,281286.75,660326.163,0.0008525149190110604,0.0008521517345662729,23.630000000000003,23.5995,23.902833333333334,0.15714898405164832
2022-09-20,600900.SH,23.48,23.54,23.4,23.42,23.48,-0.06,-0.2555,235485.8,552233.619,-0.0025553662691651935,-0.0025586367903243624,23.556,23.5965,23.904666666666667,0.15652976368971344
2022-09-21,600900.SH,23.42,23.58,23.32,23.43,23.42,0.01,0.0427,249728.42,585925.065,0.00042698548249342494,0.0004268943501328353,23.502000000000002,23.6065,23.91,0.15147020066925154
2022-09-22,600900.SH,23.37,23.5,23.26,23.42,23.43,-0.01,-0.0427,233919.77,546354.236,-0.00042680324370458766,-0.000426894350132941,23.442,23.6195,23.9145,0.1509583394380512
2022-09-23,600900.SH,23.29,23.51,23.29,23.33,23.42,-0.09,-0.3843,275063.34,644002.163,-0.00384286934244249,-0.003850272136232816,23.416,23.6065,23.918,0.1357806731747692
2022-09-26,600900.SH,23.28,23.42,23.05,23.05,23.33,-0.28,-1.2002,402685.96,933964.148,-0.012001714530647134,-0.012074316590680973,23.330000000000002,23.589499999999997,23.896833333333333,0.13905638835921375
2022-09-27,600900.SH,23.02,23.06,22.53,22.7,23.05,-0.35,-1.5184,604007.3,1373464.918,-0.015184381778741929,-0.015300844955300598,23.186,23.5595,23.869333333333334,0.1479995076463026
2022-09-28,600900.SH,22.68,22.69,22.38,22.46,22.7,-0.24,-1.0573,624737.67,1403694.512,-0.01057268722466953,-0.010628975177059794,22.992,23.5185,23.83966666666667,0.15162026885541455
2022-09-29,600900.SH,22.43,22.68,22.19,22.4,22.46,-0.06,-0.2671,554383.53,1246883.273,-0.00267141585040076,-0.0026749904493030014,22.788,23.4395,23.812,0.09414069684648703
2022-09-30,600900.SH,22.4,22.85,22.28,22.74,22.4,0.34,1.5179,423324.79,957926.715,0.015178571428571486,0.015064529461395868,22.669999999999998,23.381,23.789333333333335,0.11494846798981274
2022-10-10,600900.SH,22.99,23.44,22.9,23.36,22.74,0.62,2.7265,644090.84,1499883.163,0.027264731750219928,0.02689966963763638,22.732,23.358,23.775333333333332,0.15584541288640116
2022-10-11,600900.SH,23.32,23.47,23.22,23.42,23.36,0.06,0.2568,372522.36,871477.554,0.0025684931506850806,0.0025652002095451236,22.875999999999998,23.338,23.754166666666666,0.1563144823403741
2022-10-12,600900.SH,23.4,23.49,23.0,23.21,23.42,-0.21,-0.8967,449074.95,1040346.259,-0.008966695132365587,-0.0090071378832257,23.026,23.311,23.726,0.15885192687578606
2022-10-13,600900.SH,22.92,23.24,22.56,23.04,23.21,-0.17,-0.7324,565025.13,1291255.561,-0.007324429125377119,-0.007351384458655309,23.154000000000003,23.284499999999998,23.693833333333334,0.1587167999269564
2022-10-14,600900.SH,23.03,23.2,22.85,22.96,23.04,-0.08,-0.3472,363852.21,838991.892,-0.003472222222222099,-0.003478264376324697,23.198,23.25,23.662166666666664,0.15801410676550284
2022-10-17,600900.SH,23.04,23.04,22.76,22.76,22.96,-0.2,-0.8711,291534.62,665764.534,-0.008710801393728151,-0.008748962193235425,23.078,23.192500000000003,23.6365,0.15285791802159013
2022-10-18,600900.SH,22.76,22.91,22.51,22.55,22.76,-0.21,-0.9227,415319.45,939448.014,-0.009226713532513253,-0.00926954330944289,22.904,23.1305,23.596500000000002,0.15452818973864774
2022-10-19,600900.SH,22.52,22.65,22.34,22.37,22.55,-0.18,-0.7982,338769.56,760855.853,-0.007982261640798183,-0.00801429044664907,22.736,23.064,23.55183333333333,0.15565915356696053
2022-10-20,600900.SH,22.33,22.49,22.24,22.34,22.37,-0.03,-0.1341,368154.63,822733.367,-0.0013410818059902407,-0.0013419818609836653,22.596000000000004,22.994999999999997,23.508500000000005,0.15516608604344542
2022-10-21,600900.SH,22.29,22.6,22.21,22.41,22.34,0.07,0.3133,610416.03,1368536.927,0.003133393017009878,0.0031284941717810094,22.486,22.942500000000003,23.48183333333333,0.15356901074495574
2022-10-24,600900.SH,22.39,22.59,21.71,21.83,22.41,-0.58,-2.5881,718728.08,1586119.858,-0.025881302989736787,-0.026222117250983168,22.3,22.86,23.443500000000004,0.1743376783199739
2022-10-25,600900.SH,22.0,22.3,21.91,22.01,21.83,0.18,0.8246,513414.75,1134410.507,0.008245533669262617,0.008211724976517905,22.192,22.789499999999997,23.40866666666667,0.17932355434688244
2022-10-27,600900.SH,22.02,22.19,20.88,20.99,22.01,-1.02,-4.6343,1075023.38,2284666.748,-0.04634257155838273,-0.04745076170582886,21.916,22.6675,23.356833333333334,0.23540944934727512
2022-10-28,600900.SH,20.99,21.25,20.59,20.68,20.99,-0.31,-1.4769,996986.86,2083046.934,-0.01476893758932818,-0.014879084192313164,21.584,22.5305,23.302833333333332,0.23690881883781398
2022-10-31,600900.SH,20.29,20.7,20.01,20.26,20.68,-0.42,-2.0309,983389.56,2000824.789,-0.02030947775628622,-0.020518550819691013,21.154,22.377000000000002,23.242166666666666,0.24198874973430567
2022-11-01,600900.SH,20.25,20.41,19.96,20.32,20.26,0.06,0.2962,961428.8,1943323.944,0.0029615004935834577,0.0029571238897438627,20.851999999999997,22.2405,23.182833333333335,0.24364310601627448
2022-11-02,600900.SH,20.3,20.52,20.05,20.46,20.32,0.14,0.689,761920.04,1545827.645,0.006889763779527547,0.006866137813199268,20.542,22.128500000000003,23.127499999999998,0.24540433242851362
2022-11-03,600900.SH,20.35,20.37,19.89,19.98,20.46,-0.48,-2.346,746451.83,1497487.444,-0.02346041055718473,-0.023739987303072942,20.34,22.0045,23.06683333333333,0.2533741370333962
2022-11-04,600900.SH,19.86,20.27,19.75,20.14,19.98,0.16,0.8008,848833.2,1706198.646,0.00800800800800805,0.007976114070008818,20.232000000000003,21.8915,23.011833333333335,0.2578691596690291
2022-11-07,600900.SH,20.05,20.23,19.97,20.14,20.14,0.0,0.0,694657.83,1396309.691,0.0,0.0,20.208000000000002,21.7615,22.95,0.24739375827999574
2022-11-08,600900.SH,20.17,20.34,19.95,20.05,20.14,-0.09,-0.4469,788151.26,1586942.815,-0.004468718967229335,-0.004478733537837984,20.154,21.596,22.882833333333334,0.21434733672988163
2022-11-09,600900.SH,20.07,20.2,20.05,20.12,20.05,0.07,0.3491,483287.2,972886.761,0.003491271820448949,0.0034851914789603357,20.086000000000002,21.431,22.815833333333334,0.2149477032236468
2022-11-10,600900.SH,20.13,20.15,19.89,20.0,20.12,-0.12,-0.5964,423338.12,846173.866,-0.005964214711729698,-0.00598207167754754,20.09,21.270500000000002,22.74866666666667,0.21493580714061325
2022-11-11,600900.SH,20.25,20.55,20.03,20.45,20.0,0.45,2.25,977162.31,1982385.192,0.022499999999999964,0.022250608934819723,20.151999999999997,21.141,22.691333333333333,0.23959642332489714
2022-11-14,600900.SH,20.54,20.6,20.1,20.17,20.45,-0.28,-1.3692,735754.98,1494753.285,-0.013691931540342206,-0.013786530522690254,20.157999999999998,21.0015,22.6275,0.2410018733250177
2022-11-15,600900.SH,20.17,21.21,20.06,21.01,20.17,0.84,4.1646,1013530.82,2098340.196,0.04164600892414483,0.0408021628907887,20.35,20.914,22.573833333333333,0.29474423189935733
2022-11-16,600900.SH,20.9,21.17,20.81,21.05,21.01,0.04,0.1904,551945.22,1157747.68,0.0019038553069965491,0.0019020452714812563,20.536,20.839,22.5245,0.29468833720271487
2022-11-17,600900.SH,20.98,21.28,20.9,21.26,21.05,0.21,0.9976,500392.75,1055850.06,0.009976247030878849,0.009926812785411434,20.788,20.7835,22.4805,0.2977595922989527
2022-11-18,600900.SH,21.28,21.38,20.96,21.05,21.26,-0.21,-0.9878,316918.46,669815.145,-0.009877704609595472,-0.009926812785411434,20.908000000000005,20.719,22.438666666666666,0.29890661670056085
2022-11-21,600900.SH,20.98,21.15,20.71,21.09,21.05,0.04,0.19,244794.5,513349.951,0.0019002375296912621,0.0018984343622928542,21.092,20.653,22.400166666666667,0.29861383506003897
2022-11-22,600900.SH,21.09,21.4,20.93,21.35,21.09,0.26,1.2328,397720.57,842836.851,0.0123281175912755,0.012252745183950347,21.160000000000004,20.629,22.362833333333334,0.29023185060452894
2022-11-23,600900.SH,21.3,21.69,21.28,21.36,21.35,0.01,0.0468,425624.01,914509.165,0.0004683840749413193,0.00046827441736039686,21.222,20.5965,22.327499999999997,0.2882694067891348
2022-11-24,600900.SH,21.5,21.68,21.36,21.38,21.36,0.02,0.0936,240667.26,517180.773,0.000936329588014928,0.0009358915049050237,21.246000000000002,20.616,22.296666666666667,0.23414807626935852
2022-11-25,600900.SH,21.34,21.84,21.31,21.81,21.38,0.43,2.0112,328680.81,713311.958,0.020112254443405142,0.01991267461663861,21.398000000000003,20.6725,22.274166666666666,0.23567674283109805
2022-11-28,600900.SH,21.55,21.7,21.22,21.5,21.81,-0.31,-1.4214,427665.01,914572.296,-0.01421366345712971,-0.014315645079920529,21.48,20.7345,22.23933333333333,0.22864863466022042
2022-11-29,600900.SH,21.6,21.6,21.25,21.37,21.5,-0.13,-0.6047,633944.94,1355177.08,-0.006046511627906925,-0.00606486580256081,21.483999999999998,20.787,22.20566666666667,0.23093090658163998
2022-11-30,600900.SH,21.3,21.45,21.22,21.22,21.37,-0.15,-0.7019,541587.29,1153443.63,-0.007019185774450265,-0.007043936145219277,21.456,20.825,22.171,0.23279177612082694
2022-12-01,600900.SH,21.32,21.43,21.19,21.21,21.22,-0.01,-0.0471,499773.67,1063404.625,-0.0004712535344013613,-0.0004713646092458503,21.422,20.8865,22.1365,0.21300185837753005
2022-12-02,600900.SH,21.16,21.42,21.16,21.37,21.21,0.16,0.7544,369815.89,787190.585,0.007543611504007508,0.007515300754465137,21.334,20.948,22.093000000000004,0.21286557131695502
2022-12-05,600900.SH,21.42,21.65,21.32,21.55,21.37,0.18,0.8423,498753.26,1072855.802,0.008423022929340274,0.00838774721870062,21.344,21.0185,22.05366666666667,0.21336266578571217
2022-12-06,600900.SH,21.45,21.5,21.25,21.27,21.55,-0.28,-1.2993,362753.7,773743.881,-0.012993039443155552,-0.013078187337611073,21.323999999999998,21.0795,22.011166666666668,0.21962501863634973
2022-12-07,600900.SH,21.32,21.35,20.82,20.92,21.27,-0.35,-1.6455,622811.75,1311436.759,-0.016455101081335077,-0.01659199001542353,21.264000000000003,21.1195,21.962833333333332,0.23024639891170592
2022-12-08,600900.SH,20.87,21.05,20.7,20.9,20.92,-0.02,-0.0956,437711.86,913144.256,-0.0009560229445507717,-0.0009564802259569342,21.202,21.164499999999997,21.91533333333333,0.2286147884807413
2022-12-09,600900.SH,20.89,21.0,20.81,20.92,20.9,0.02,0.0957,447920.04,937350.501,0.000956937799043267,0.0009564802259570362,21.112000000000002,21.188,21.871166666666667,0.21579935844052847
2022-12-12,600900.SH,20.86,21.0,20.59,20.68,20.92,-0.24,-1.1472,345921.79,716020.108,-0.01147227533460815,-0.011538589556493891,20.938,21.213500000000003,21.82166666666667,0.21390004622875092
2022-12-13,600900.SH,20.68,20.75,20.44,20.64,20.68,-0.04,-0.1934,334095.32,687959.142,-0.0019342359767891004,-0.0019361090268663291,20.812,21.195,21.767166666666665,0.15192957130087048
2022-12-14,600900.SH,20.63,20.73,20.46,20.65,20.64,0.01,0.0484,344510.88,710646.709,0.0004844961240308976,0.00048437879367966766,20.758000000000003,21.175000000000004,21.714833333333335,0.15167235002945606
2022-12-15,600900.SH,20.56,20.71,20.45,20.52,20.65,-0.13,-0.6295,382255.67,783882.557,-0.006295399515738431,-0.006315299104472909,20.682,21.137999999999998,21.661833333333334,0.14710337538352344
2022-12-16,600900.SH,20.51,20.86,20.47,20.86,20.52,0.34,1.6569,399035.58,826979.528,0.016569200779727122,0.01643342927005763,20.669999999999998,21.128500000000003,21.614166666666666,0.1572759782528024
2022-12-19,600900.SH,20.76,20.9,20.35,20.45,20.86,-0.41,-1.9655,462474.19,950569.221,-0.019654841802492773,-0.0198505670838156,20.624000000000002,21.0965,21.564,0.17108742599932178
2022-12-20,600900.SH,20.45,20.6,20.31,20.38,20.45,-0.07,-0.3423,313327.82,640851.445,-0.0034229828850855792,-0.003428854694232002,20.572,21.048,21.512333333333334,0.16317407700005004
2022-12-21,600900.SH,20.42,20.54,20.3,20.46,20.38,0.08,0.3925,275175.08,562397.207,0.003925417075564264,0.003917732728901653,20.534,21.003,21.463000000000005,0.1644009242682756
2022-12-22,600900.SH,20.57,20.68,20.26,20.36,20.46,-0.1,-0.4888,360908.66,738528.913,-0.00488758553274693,-0.004899568841158536,20.502,20.952,21.411833333333334,0.16427442433992615
2022-12-23,600900.SH,20.31,20.46,20.23,20.41,20.36,0.05,0.2456,355906.13,724538.45,0.0024557956777997436,0.002452785139431568,20.412,20.882,21.361666666666668,0.14274032962415953
2022-12-26,600900.SH,20.42,20.5,20.33,20.37,20.41,-0.04,-0.196,292021.35,595661.411,-0.0019598236158745452,-0.0019617465830389486,20.395999999999997,20.825499999999998,21.312333333333335,0.13678661978015025
2022-12-27,600900.SH,20.47,20.6,20.4,20.54,20.37,0.17,0.8346,383369.1,786570.161,0.008345606283750584,0.008310974261697692,20.428,20.784,21.270500000000002,0.14151951959863024
2022-12-28,600900.SH,20.48,20.72,20.46,20.67,20.54,0.13,0.6329,503172.28,1038576.445,0.006329113924050667,0.006309169193264756,20.470000000000002,20.7565,21.236666666666668,0.14308974222083817
2022-12-29,600900.SH,20.9,21.07,20.53,20.8,20.67,0.13,0.6289,539963.93,1120294.873,0.0062893081761006275,0.006269613013595395,20.558,20.736,21.209,0.14558304550884668
2022-12-30,600900.SH,20.78,21.05,20.71,21.0,20.8,0.2,0.9615,459205.45,961405.512,0.009615384615384581,0.009569451016150672,20.676,20.7175,21.185666666666666,0.14735835390648944
2023-01-03,600900.SH,20.95,21.07,20.8,20.91,21.0,-0.09,-0.4286,367992.42,770293.237,-0.004285714285714226,-0.004294924282880729,20.784,20.685499999999998,21.15516666666667,0.1436299750842489
2023-01-04,600900.SH,20.98,20.98,20.76,20.83,20.91,-0.08,-0.3826,273465.67,570385.801,-0.003825920612147371,-0.003833258167661655,20.842000000000002,20.6635,21.113,0.1374252834093284
2023-01-05,600900.SH,20.9,20.97,20.71,20.77,20.83,-0.06,-0.288,439916.25,915497.782,-0.002880460873739721,-0.0028846173848596107,20.862000000000002,20.656,21.06883333333333,0.12508231129512043
2023-01-06,600900.SH,20.76,20.91,20.57,20.89,20.77,0.12,0.5778,488491.12,1015151.029,0.005777563793933682,0.005760937680453604,20.880000000000003,20.6555,21.03016666666667,0.1269058739830808
2023-01-09,600900.SH,20.94,20.95,20.7,20.78,20.89,-0.11,-0.5266,351343.51,730318.635,-0.005265677357587317,-0.005279589897393039,20.836000000000002,20.648500000000002,20.9925,0.12820335052741413
2023-01-10,600900.SH,20.72,20.85,20.6,20.63,20.78,-0.15,-0.7218,408130.46,844469.85,-0.007218479307026127,-0.00724465858792102,20.78,20.646,20.953666666666667,0.12411271556735205
2023-01-11,600900.SH,20.78,21.12,20.77,20.82,20.63,0.19,0.921,645293.04,1351084.314,0.009209888511875874,0.009167736103662337,20.778,20.655,20.921333333333333,0.12815685620999367
2023-01-12,600900.SH,20.85,20.9,20.66,20.68,20.82,-0.14,-0.6724,477777.89,990527.687,-0.00672430355427478,-0.006747013546594488,20.759999999999998,20.6565,20.890166666666666,0.13067241493032344
2023-01-13,600900.SH,20.7,20.99,20.65,20.93,20.68,0.25,1.2089,515295.02,1071596.096,0.01208897485493221,0.012016486817679892,20.768,20.677,20.86616666666667,0.13495446683745857
2023-01-16,600900.SH,20.92,21.1,20.85,20.97,20.93,0.04,0.1911,605451.44,1269330.968,0.00191113234591489,0.0019093084559201516,20.806,20.682499999999997,20.84333333333333,0.1219655050867953
2023-01-17,600900.SH,20.92,21.05,20.67,20.68,20.97,-0.29,-1.3829,677008.42,1404220.055,-0.013829279923700533,-0.013925795273600206,20.816,20.694,20.814500000000002,0.11054831298007038
2023-01-18,600900.SH,20.73,20.82,20.66,20.7,20.68,0.02,0.0967,422533.75,874530.802,0.0009671179883945502,0.000966650631094974,20.791999999999998,20.71,20.795666666666666,0.10953232266406641
2023-01-19,600900.SH,20.7,20.7,20.39,20.42,20.7,-0.28,-1.3527,806677.36,1653783.585,-0.013526570048309039,-0.013618887534803751,20.740000000000002,20.708000000000002,20.769166666666663,0.1199539288354283
2023-01-20,600900.SH,20.53,21.03,20.45,21.03,20.42,0.61,2.9873,1232713.84,2566913.737,0.029872673849167475,0.02943517697808891,20.76,20.7415,20.76983333333333,0.15865607290380826
2023-01-30,600900.SH,21.12,21.16,20.9,20.91,21.03,-0.12,-0.5706,658505.07,1381522.394,-0.005706134094151216,-0.0057224762740662105,20.748,20.7665,20.773666666666667,0.16074953962254912
2023-01-31,600900.SH,20.56,20.9,20.56,20.79,20.91,-0.12,-0.5739,671788.9,1396078.214,-0.0057388809182209455,-0.005755411570620651,20.77,20.7875,20.782500000000002,0.16230542153171634
2023-02-01,600900.SH,20.85,20.88,20.61,20.79,20.79,0.0,0.0,514269.55,1064625.778,0.0,0.0,20.788,20.8,20.79033333333333,0.16003133345545334
2023-02-02,600900.SH,20.8,21.02,20.65,20.95,20.79,0.16,0.7696,588708.14,1228163.501,0.007696007696007756,0.007666544498225242,20.894,20.814,20.7985,0.16074631643570114
2023-02-03,600900.SH,20.86,20.97,20.78,20.92,20.95,-0.03,-0.1432,452387.23,943903.106,-0.0014319809069210931,-0.0014330071714244378,20.872,20.82,20.81416666666667,0.15953103352967224
2023-02-06,600900.SH,20.82,21.01,20.74,20.98,20.92,0.06,0.2868,385571.13,806174.839,0.002868068833651982,0.0028639637714289396,20.886000000000003,20.819,20.828166666666668,0.15608591533711147
2023-02-07,600900.SH,21.01,21.38,20.99,21.3,20.98,0.32,1.5253,628512.37,1335553.56,0.015252621544328049,0.015137469747228427,20.988000000000003,20.838500000000003,20.847500000000004,0.16417279659450987
2023-02-08,600900.SH,21.3,21.47,21.27,21.37,21.3,0.07,0.3286,388671.57,830831.104,0.0032863849765258912,0.0032809966156768927,21.104000000000003,20.865500000000004,20.8695,0.1633534625651771
2023-02-09,600900.SH,21.37,21.49,21.26,21.29,21.37,-0.08,-0.3744,369750.75,790488.195,-0.0037435657463734673,-0.003750590425668196,21.172,20.8915,20.889000000000003,0.16367696384667377
2023-02-10,600900.SH,21.3,21.33,21.09,21.21,21.29,-0.08,-0.3758,285846.82,605544.999,-0.003757632691404389,-0.003764710328796997,21.23,20.9075,20.909166666666668,0.1637070428359534
2023-02-13,600900.SH,21.14,21.22,21.04,21.11,21.21,-0.1,-0.4715,335156.74,707471.938,-0.0047147571900048035,-0.004725906716361927,21.256,20.924,20.920166666666667,0.16344731056163017
2023-02-14,600900.SH,21.12,21.2,21.05,21.16,21.11,0.05,0.2369,255681.28,540340.174,0.002368545712932324,0.002365745129869455,21.228,20.950499999999998,20.936666666666664,0.1606992700622503
2023-02-15,600900.SH,21.15,21.21,20.96,21.05,21.16,-0.11,-0.5198,346348.52,729291.388,-0.0051984877126654006,-0.005212046861708203,21.164,20.962,20.937333333333335,0.15944754531151958
2023-02-16,600900.SH,21.02,21.15,20.82,20.95,21.05,-0.1,-0.4751,497908.37,1047936.871,-0.004750593824228044,-0.004761913760243703,21.096,20.9755,20.935666666666666,0.1583960065628554
2023-02-17,600900.SH,20.94,21.06,20.73,20.76,20.95,-0.19,-0.9069,449434.65,938642.116,-0.00906921241050107,-0.009110588070458725,21.006,20.967000000000002,20.92733333333333,0.155998242199491
2023-02-20,600900.SH,20.73,21.24,20.73,21.18,20.76,0.42,2.0231,512606.03,1076507.18,0.02023121387283222,0.020029281875572364,21.02,20.9775,20.9295,0.1722472145459125
2023-02-21,600900.SH,21.18,21.32,21.12,21.27,21.18,0.09,0.4249,369787.59,785891.395,0.004249291784702569,0.004240289038885442,21.041999999999998,21.006999999999998,20.9325,0.16398082891256824
2023-02-22,600900.SH,21.27,21.33,21.14,21.14,21.27,-0.13,-0.6112,243146.23,515667.75,-0.00611189468735307,-0.006130648770054238,21.06,21.029,20.929,0.16617235431928906
2023-02-23,600900.SH,21.16,21.22,21.05,21.09,21.14,-0.05,-0.2365,356056.74,751510.664,-0.002365184484389826,-0.0023679859514083913,21.088,21.0625,20.924500000000002,0.15764297913732292
2023-02-24,600900.SH,21.04,21.13,21.0,21.02,21.09,-0.07,-0.3319,416001.47,875457.032,-0.0033191085822664723,-0.003324629041878156,21.14,21.062,20.918499999999998,0.11787389496925389
2023-02-27,600900.SH,20.97,21.13,20.9,20.95,21.02,-0.07,-0.333,306549.65,643213.642,-0.003330161750713656,-0.0033357190806583797,21.094,21.064,20.904166666666665,0.11664309112019669
2023-02-28,600900.SH,21.0,21.2,20.94,21.16,20.95,0.21,1.0024,370091.83,779944.089,0.010023866348448651,0.009973960621951859,21.072,21.082500000000003,20.898500000000002,0.11952433873329348
2023-03-01,600900.SH,21.15,21.45,21.12,21.25,21.16,0.09,0.4253,700933.78,1492960.545,0.0042533081285445196,0.0042442883803273,21.094,21.1055,20.8965,0.12004762652466898
2023-03-02,600900.SH,21.16,21.27,21.05,21.24,21.25,-0.01,-0.0471,568607.64,1203374.711,-0.00047058823529422256,-0.0004706989966878568,21.124000000000002,21.12,20.896833333333337,0.1175908470677593
2023-03-03,600900.SH,21.25,21.41,21.2,21.33,21.24,0.09,0.4237,624296.29,1330143.931,0.004237288135593209,0.004228336109521105,21.186,21.1405,20.898833333333336,0.11794036737622846
2023-03-06,600900.SH,21.38,21.47,21.2,21.26,21.33,-0.07,-0.3282,623274.07,1326448.4,-0.003281762775433461,-0.0032871595694571295,21.247999999999998,21.1545,20.897,0.11866436229671716
2023-03-07,600900.SH,21.27,21.38,21.1,21.13,21.26,-0.13,-0.6115,645874.84,1373064.412,-0.006114769520225938,-0.006133541285836701,21.242,21.145999999999997,20.89,0.10760851368611163
2023-03-08,600900.SH,21.06,21.12,20.85,20.96,21.13,-0.17,-0.8045,681850.12,1429048.558,-0.00804543303360139,-0.008077972175123791,21.184,21.1255,20.884833333333333,0.10998094873972285
2023-03-09,600900.SH,20.98,20.98,20.79,20.8,20.96,-0.16,-0.7634,533234.8,1111298.762,-0.007633587786259555,-0.007662872745569137,21.096,21.101,20.882833333333334,0.11213921815048117
2023-03-10,600900.SH,20.71,20.85,20.71,20.75,20.8,-0.05,-0.2404,480711.43,998811.119,-0.0024038461538461453,-0.0024067400305649764,20.98,21.077999999999996,20.880333333333336,0.11182260241052798
2023-03-13,600900.SH,20.75,20.99,20.71,20.94,20.75,0.19,0.9157,572818.64,1194351.401,0.009156626506024113,0.009114958765683507,20.916000000000004,21.069499999999998,20.880666666666666,0.11656954212162107
2023-03-14,600900.SH,20.92,21.15,20.88,21.07,20.94,0.13,0.6208,720886.73,1519584.363,0.00620821394460358,0.0061890223737068204,20.904000000000003,21.065,20.887166666666666,0.11854972065680018
2023-03-15,600900.SH,21.1,21.16,20.89,21.01,21.07,-0.06,-0.2848,543041.26,1140999.144,-0.0028476506881821573,-0.0028517129591885244,20.914,21.063,20.893333333333334,0.11752081352680734
2023-03-16,600900.SH,20.96,21.3,20.91,21.21,21.01,0.2,0.9519,811402.4,1721364.627,0.009519276534983412,0.0094742537196821,20.996000000000002,21.076,20.90266666666667,0.12085046497060037
2023-03-17,600900.SH,21.3,21.5,21.2,21.2,21.21,-0.01,-0.0471,638240.85,1363129.579,-0.00047147571900052476,-0.0004715868986243637,21.086000000000002,21.098,20.913999999999998,0.1154162775629493
2023-03-20,600900.SH,21.18,21.36,20.92,20.95,21.2,-0.25,-1.1792,497955.8,1050676.177,-0.011792452830188704,-0.011862535309820057,21.088,21.0865,20.9155,0.09984531223303539
2023-03-21,600900.SH,20.97,21.1,20.92,20.94,20.95,-0.01,-0.0477,384451.97,806307.995,-0.0004773269689736237,-0.00047744092575581823,21.062,21.07,20.92366666666667,0.09824322534144032
2023-03-22,600900.SH,21.15,21.22,20.92,20.97,20.94,0.03,0.1433,490534.26,1031522.057,0.0014326647564468775,0.0014316394714376703,21.054,21.061500000000002,20.9335,0.09642885384220473
2023-03-23,600900.SH,20.95,20.98,20.81,20.92,20.97,-0.05,-0.2384,532132.63,1111345.958,-0.002384358607534387,-0.002387205717106242,20.996000000000002,21.053,20.941166666666664,0.0964340970958398
2023-03-24,600900.SH,20.92,20.99,20.73,20.78,20.92,-0.14,-0.6692,621817.59,1294541.244,-0.006692160611854736,-0.0067146535256408695,20.912,21.041,20.94816666666667,0.09851515102464323
2023-03-27,600900.SH,20.79,20.82,20.28,20.32,20.78,-0.46,-2.2137,1232322.25,2518121.683,-0.022136669874879722,-0.022385362960800223,20.786,21.009500000000003,20.946666666666665,0.12468256899308057
2023-03-28,600900.SH,20.38,20.38,20.02,20.18,20.32,-0.14,-0.689,1298541.3,2614061.928,-0.006889763779527547,-0.0069136077848182325,20.634,20.9605,20.943500000000004,0.11824447893783988
2023-03-29,600900.SH,20.28,20.79,20.22,20.72,20.18,0.54,2.6759,1762968.9,3615626.888,0.026759167492566904,0.026407402465819418,20.584,20.934,20.9465,0.15588793108679697
2023-03-30,600900.SH,20.65,21.26,20.65,21.22,20.72,0.5,2.4131,1596218.91,3368059.526,0.024131274131274028,0.023844715794554664,20.644,20.933,20.955666666666666,0.18003875096173977
2023-03-31,600900.SH,21.22,21.34,21.14,21.25,21.22,0.03,0.1414,722900.18,1535877.53,0.001413760603204528,0.0014127621845887635,20.738,20.929,20.963166666666666,0.17943818640645912
2023-04-03,600900.SH,21.2,21.25,21.08,21.1,21.25,-0.15,-0.7059,416840.38,880780.419,-0.007058823529411673,-0.007083854888404932,20.894,20.921,20.964833333333335,0.18081439564683904
2023-04-04,600900.SH,21.09,21.3,21.06,21.27,21.1,0.17,0.8057,523569.77,1110287.682,0.008056872037914609,0.008024588730124928,21.112000000000002,20.928,20.970833333333335,0.18178181457219506
2023-04-06,600900.SH,21.24,21.28,21.11,21.2,21.27,-0.07,-0.3291,245027.46,519189.824,-0.0032910202162670377,-0.0032964475341790483,21.208,20.939999999999998,20.977,0.17962547898471795
2023-04-07,600900.SH,21.21,21.26,21.01,21.08,21.2,-0.12,-0.566,290180.13,612089.299,-0.005660377358490565,-0.005676458004805191,21.18,20.954,20.982166666666668,0.17855487157906882
2023-04-10,600900.SH,21.18,21.29,21.09,21.24,21.08,0.16,0.759,322785.14,684943.516,0.007590132827324458,0.007561472700576488,21.178,20.978500000000004,20.988,0.17974955910443965
2023-04-11,600900.SH,21.29,21.32,21.1,21.28,21.24,0.04,0.1883,407301.52,864131.766,0.0018832391713747842,0.0018814680997055703,21.214,20.9955,20.996333333333332,0.1773324827261439
2023-04-12,600900.SH,21.3,21.49,21.22,21.4,21.28,0.12,0.5639,418299.4,895041.803,0.005639097744360777,0.005623257554362039,21.24,21.011999999999997,21.00916666666667,0.1771164044092109
2023-04-13,600900.SH,21.37,21.45,21.1,21.15,21.4,-0.25,-1.1682,469738.74,996035.683,-0.011682242990654235,-0.011751016535518853,21.23,21.019,21.014666666666663,0.1822551821329161
2023-04-14,600900.SH,21.21,21.37,21.18,21.21,21.15,0.06,0.2837,381914.01,812423.384,0.0028368794326241176,0.0028328630843041072,21.255999999999997,21.019,21.023500000000002,0.17933804540785403
2023-04-17,600900.SH,21.2,21.3,21.13,21.3,21.21,0.09,0.4243,420521.38,892428.995,0.004243281471004279,0.004234304138788385,21.268,21.024,21.029666666666667,0.17993251488538647
2023-04-18,600900.SH,21.3,21.36,21.17,21.26,21.3,-0.04,-0.1878,413559.33,877948.03,-0.00187793427230043,-0.0018796998015775193,21.264,21.039499999999997,21.034499999999998,0.17445639777251754
2023-04-19,600900.SH,21.28,21.34,21.05,21.08,21.26,-0.18,-0.8467,723769.37,1532220.043,-0.008466603951082008,-0.008502649240640458,21.2,21.046499999999998,21.041166666666665,0.17750558371942265
2023-04-20,600900.SH,21.09,21.17,20.98,21.13,21.08,0.05,0.2372,475778.94,1002741.154,0.0023719165085389626,0.0023691079548038172,21.195999999999998,21.0545,21.048333333333332,0.1776098757101952
2023-04-21,600900.SH,21.14,21.43,21.04,21.06,21.13,-0.07,-0.3313,700334.86,1488286.839,-0.003312825366777128,-0.003318324922135922,21.166,21.0615,21.059,0.17783608381149288
2023-04-24,600900.SH,21.15,21.24,20.99,21.03,21.06,-0.03,-0.1425,471080.07,993415.267,-0.0014245014245013454,-0.0014255169912209499,21.112000000000002,21.074,21.059,0.17602641632999952
2023-04-25,600900.SH,21.01,21.22,20.98,21.17,21.03,0.14,0.6657,484188.81,1023228.678,0.006657156443176548,0.006635095432165507,21.094,21.1165,21.063333333333333,0.1549924840549831
2023-04-26,600900.SH,21.18,21.38,21.14,21.18,21.17,0.01,0.0472,453451.0,963342.48,0.00047236655644766756,0.0004722550264864761,21.114,21.166500000000003,21.069833333333335,0.1514951601063683
2023-04-27,600900.SH,21.29,21.92,21.22,21.89,21.18,0.71,3.3522,945611.77,2047798.383,0.033522190745986835,0.03297257136151122,21.266,21.225,21.088166666666666,0.1669897834349751
2023-04-28,600900.SH,21.82,21.96,21.62,21.88,21.89,-0.01,-0.0457,660156.41,1439296.571,-0.0004568296025583285,-0.00045693398099119775,21.43,21.258000000000003,21.103666666666665,0.14694122992527112
2023-05-04,600900.SH,21.88,22.56,21.72,22.56,21.88,0.68,3.1079,856299.94,1906221.121,0.031078610603290757,0.03060544907607777,21.736,21.323500000000003,21.130999999999997,0.1804290148949067
2023-05-05,600900.SH,22.42,22.42,22.06,22.1,22.56,-0.46,-2.039,613816.74,1361763.407,-0.020390070921985748,-0.020600818106150946,21.922,21.3735,21.14966666666667,0.1958847432375529
2023-05-08,600900.SH,22.1,22.41,22.01,22.34,22.1,0.24,1.086,689703.95,1532070.56,0.010859728506787292,0.01080118511734748,22.154,21.427,21.166999999999998,0.19720848556393583
2023-05-09,600900.SH,22.27,23.09,22.22,22.75,22.34,0.41,1.8353,974938.18,2223384.549,0.018352730528200523,0.01818635175590476,22.326,21.5045,21.19,0.20359736997946343
2023-05-10,600900.SH,22.75,23.21,22.39,22.39,22.75,-0.36,-1.5824,685452.26,1558869.165,-0.015824175824175835,-0.015950714786295974,22.428,21.57,21.208333333333332,0.21272836661928893
2023-05-11,600900.SH,22.53,23.03,22.42,22.8,22.39,0.41,1.8312,538422.82,1227855.358,0.01831174631531929,0.018146105349731576,22.476,21.648,21.234833333333334,0.21903825139882974
2023-05-12,600900.SH,22.84,23.15,22.7,22.91,22.8,0.11,0.4825,682035.07,1563876.902,0.004824561403508731,0.004812960505009027,22.637999999999998,21.7295,21.264833333333332,0.21897424618705988
2023-05-15,600900.SH,22.8,23.01,22.71,23.0,22.91,0.09,0.3928,530322.88,1214174.617,0.003928415539065977,0.003920719463745604,22.77,21.809500000000003,21.2955,0.21886648379316503
2023-05-16,600900.SH,23.0,23.13,22.71,22.96,23.0,-0.04,-0.1739,564169.56,1294922.459,-0.0017391304347825765,-0.0017406444777839894,22.812,21.9,21.327333333333332,0.21234592241292932
2023-05-17,600900.SH,22.98,23.13,22.81,22.88,22.96,-0.08,-0.3484,450117.22,1032793.262,-0.0034843205574913716,-0.0034904049397686022,22.91,21.9835,21.359500000000004,0.21406202207666253
2023-05-18,600900.SH,22.92,23.27,22.91,23.08,22.88,0.2,0.8741,468708.02,1083068.418,0.00874125874125875,0.008703275128301671,22.966,22.072499999999998,21.398166666666665,0.2147569289364383
2023-05-19,600900.SH,23.01,23.08,22.81,22.82,23.08,-0.26,-1.1265,361886.27,828257.693,-0.011265164644713943,-0.011329097205969136,22.948,22.1505,21.4255,0.22072880520031968
2023-05-22,600900.SH,22.94,23.32,22.86,23.23,22.82,0.41,1.7967,582943.05,1351315.372,0.017966695880806238,0.01780720234838812,22.994,22.258000000000003,21.458166666666667,0.2214445518227061
2023-05-23,600900.SH,23.24,23.33,23.04,23.04,23.23,-0.19,-0.8179,330978.02,766352.239,-0.00817907877744306,-0.008212710954627384,23.009999999999998,22.3535,21.48983333333333,0.2261958908555653
2023-05-24,600900.SH,23.04,23.08,22.63,22.63,23.04,-0.41,-1.7795,476768.19,1085587.504,-0.01779513888888895,-0.017955376182244544,22.96,22.432000000000002,21.5155,0.2382908537693064
2023-05-25,600900.SH,22.62,22.8,22.52,22.7,22.63,0.07,0.3093,369269.6,836120.624,0.0030932390631903672,0.0030884648419108964,22.884,22.5155,21.5435,0.23753871370425444
2023-05-26,600900.SH,22.72,22.83,22.54,22.56,22.7,-0.14,-0.6167,275607.41,624126.106,-0.006167400881057272,-0.006186497857498847,22.832,22.585,21.570333333333334,0.2399384897523776
2023-05-29,600900.SH,22.62,22.93,22.61,22.89,22.56,0.33,1.4628,401643.8,916101.394,0.0146276595744681,0.014521707334617195,22.764000000000003,22.670499999999997,21.59916666666667,0.24297374363415847
2023-05-30,600900.SH,22.88,22.94,22.48,22.75,22.89,-0.14,-0.6116,451086.75,1022565.167,-0.006116207951070374,-0.006134988567515944,22.706,22.7135,21.624166666666667,0.2186144122569232
2023-05-31,600900.SH,22.61,22.64,22.14,22.51,22.75,-0.24,-1.0549,725718.54,1621345.193,-0.010549450549450445,-0.010605490478318443,22.682,22.744999999999997,21.645333333333333,0.22302100065426717
2023-06-01,600900.SH,22.44,22.6,22.32,22.38,22.51,-0.13,-0.5775,388153.83,871584.836,-0.005775211017325699,-0.005791952034861767,22.618000000000002,22.735999999999997,21.66283333333333,0.194805601587731
2023-06-02,600900.SH,22.48,22.49,22.26,22.33,22.38,-0.05,-0.2234,391962.16,876639.362,-0.0022341376228776078,-0.002236637031712704,22.572,22.747500000000002,21.680666666666664,0.18011393854268692
2023-06-05,600900.SH,22.39,22.6,22.35,22.45,22.33,0.12,0.5374,316184.93,711047.272,0.005373936408419322,0.005359548336196946,22.483999999999998,22.753,21.702666666666666,0.17698632725790853
2023-06-06,600900.SH,22.45,22.57,22.27,22.32,22.45,-0.13,-0.5791,286429.97,642179.556,-0.005790645879732659,-0.00580747667515303,22.398,22.7315,21.72533333333333,0.16465128050015607
2023-06-07,600900.SH,22.4,22.5,22.29,22.34,22.32,0.02,0.0896,321937.66,721404.038,0.0008960573476701761,0.0008956561279443863,22.363999999999997,22.729,21.750999999999998,0.15496606355430764
2023-06-08,600900.SH,22.39,22.68,22.35,22.66,22.34,0.32,1.4324,289756.56,653582.57,0.0143240823634736,0.014222461958805617,22.419999999999998,22.722,21.78283333333333,0.1492340855618693
2023-06-09,600900.SH,22.65,22.92,22.63,22.86,22.66,0.2,0.8826,375421.01,856273.671,0.008826125330979595,0.008787402766804238,22.526,22.7195,21.814833333333336,0.15170008703756693
2023-06-12,600900.SH,22.84,22.88,22.37,22.38,22.86,-0.48,-2.0997,489731.14,1103359.535,-0.02099737532808399,-0.021220955482885422,22.512,22.688499999999998,21.836666666666662,0.16792921474019876
2023-06-13,600900.SH,22.39,22.48,22.21,22.3,22.38,-0.08,-0.3575,417252.57,931606.454,-0.003574620196604039,-0.0035810244177060277,22.508,22.6555,21.858166666666666,0.16811739072856074
2023-06-14,600900.SH,22.38,22.52,22.25,22.25,22.3,-0.05,-0.2242,364015.69,815059.93,-0.0022421524663677195,-0.002244669853823862,22.49,22.624000000000002,21.8755,0.16797128110165274
2023-06-15,600900.SH,22.32,22.38,22.04,22.28,22.25,0.03,0.1348,443242.54,984149.827,0.001348314606741674,0.001347406446834154,22.413999999999998,22.584,21.893500000000003,0.1640903195558188
2023-06-16,600900.SH,22.3,22.49,22.07,22.2,22.28,-0.08,-0.3591,584769.97,1298503.262,-0.0035906642728905647,-0.0035971261808495918,22.282,22.553,21.914333333333335,0.16038345643712776
2023-06-19,600900.SH,22.12,22.21,21.89,22.18,22.2,-0.02,-0.0901,473139.24,1043945.367,-0.0009009009009008917,-0.0009013069560127757,22.242,22.5005,21.935,0.14335836079675937
2023-06-20,600900.SH,22.12,22.27,22.08,22.09,22.18,-0.09,-0.4058,316146.74,700793.49,-0.004057709648331853,-0.0040659644901951935,22.2,22.452999999999996,21.953666666666667,0.1418441382882212
2023-06-21,600900.SH,22.2,22.4,22.09,22.1,22.09,0.01,0.0453,405526.4,902651.864,0.00045269352648258376,0.00045259109168133913,22.169999999999998,22.426499999999997,21.973333333333336,0.12923337396645398
2023-06-26,600900.SH,22.1,22.26,21.9,22.24,22.1,0.14,0.6335,562346.19,1244813.411,0.0063348416289590315,0.006314860858674252,22.162,22.4035,21.997666666666664,0.13114406587951188
2023-06-27,600900.SH,22.24,22.27,21.91,22.12,22.24,-0.12,-0.5396,381323.65,842098.82,-0.0053956834532372655,-0.005410292728247432,22.146,22.3815,22.027666666666665,0.13076810521493068
2023-06-28,600900.SH,22.14,22.5,22.1,22.48,22.12,0.36,1.6275,567813.0,1269911.538,0.016274864376130127,0.016143848371356205,22.206,22.361,22.065999999999995,0.13347370127503613
2023-06-29,600900.SH,22.48,22.49,22.09,22.13,22.48,-0.35,-1.5569,499002.68,1108293.283,-0.015569395017793641,-0.015691870962532082,22.214,22.330000000000002,22.0895,0.14232640833977286
2023-06-30,600900.SH,22.13,22.23,22.02,22.06,22.13,-0.07,-0.3163,414026.56,914645.575,-0.0031631269769544224,-0.00316814023760194,22.206,22.3075,22.1035,0.1383483632340958
2023-07-03,600900.SH,22.09,22.23,22.08,22.12,22.06,0.06,0.272,371266.95,821483.88,0.0027198549410698547,0.002716162828777683,22.182,22.2945,22.118000000000002,0.13772228332738565
2023-07-04,600900.SH,22.12,22.22,21.99,22.05,22.12,-0.07,-0.3165,345039.54,760654.322,-0.0031645569620253333,-0.0031695747612790672,22.168,22.280499999999996,22.13383333333333,0.13791280874817674
2023-07-05,600900.SH,22.08,22.23,22.02,22.07,22.05,0.02,0.0907,306868.39,678071.651,0.0009070294784581101,0.0009066183757900925,22.086,22.261499999999998,22.147166666666667,0.13625019060892846
2023-07-06,600900.SH,22.07,22.16,21.94,22.0,22.07,-0.07,-0.3172,348556.3,767718.38,-0.003171726325328472,-0.0031767669103291503,22.06,22.2455,22.1605,0.13529631824611688
2023-07-07,600900.SH,21.96,22.08,21.94,22.0,22.0,0.0,0.0,506868.48,1115163.637,0.0,0.0,22.048,22.2285,22.175833333333333,0.1351945925249397
2023-07-10,600900.SH,22.05,22.12,21.95,22.0,22.0,0.0,0.0,336731.55,740929.327,0.0,0.0,22.024,22.1955,22.188499999999998,0.12305303389340531
2023-07-11,600900.SH,22.05,22.05,21.86,22.0,22.0,0.0,0.0,485493.4,1066315.664,0.0,0.0,22.014,22.152499999999996,22.200499999999998,0.11712438228058174
2023-07-12,600900.SH,21.95,22.18,21.89,22.14,22.0,0.14,0.6364,505245.8,1115293.242,0.006363636363636349,0.0063434739221749515,22.028,22.1405,22.212833333333332,0.09634605546214692
2023-07-13,600900.SH,22.14,22.55,22.08,22.42,22.14,0.28,1.2647,647381.73,1449384.126,0.012646793134598155,0.012567490363523174,22.112000000000002,22.146499999999996,22.233999999999998,0.10622757932527911
2023-07-14,600900.SH,22.38,22.55,22.31,22.47,22.42,0.05,0.223,387169.92,869178.833,0.00223015165031204,0.002227668553223769,22.206,22.1575,22.255,0.10599983775514868
2023-07-17,600900.SH,22.48,22.54,22.32,22.44,22.47,-0.03,-0.1335,196928.52,441213.586,-0.0013351134846461,-0.0013360055427421402,22.294,22.1655,22.274,0.10614731421522673
2023-07-18,600900.SH,22.47,22.53,22.38,22.41,22.44,-0.03,-0.1337,268521.18,602593.953,-0.0013368983957219305,-0.0013377928416599422,22.376,22.176000000000002,22.293166666666668,0.10532771590772598
2023-07-19,600900.SH,22.32,22.52,22.32,22.5,22.41,0.09,0.4016,330672.42,743226.348,0.004016064257028162,0.004008021397538868,22.448,22.192,22.31683333333333,0.10590992306650665
2023-07-20,600900.SH,22.58,22.61,22.4,22.4,22.5,-0.1,-0.4444,434410.48,978367.222,-0.004444444444444473,-0.004454350349380309,22.444,22.2075,22.338,0.10615078692069257
2023-07-21,600900.SH,21.6,21.85,21.56,21.6,21.58,0.02,0.0927,550370.5,1192718.568,-0.03571428571428559,-0.036367644170874715,22.270000000000003,22.1825,22.347,0.16734453199437388
2023-07-24,600900.SH,21.5,21.68,21.47,21.56,21.6,-0.04,-0.1852,276959.1,596740.19,-0.0018518518518519933,-0.001853568649323055,22.094,22.148500000000002,22.355833333333337,0.16503408065720762
2023-07-25,600900.SH,21.64,21.64,21.25,21.33,21.56,-0.23,-1.0668,764038.11,1631583.708,-0.01066790352504643,-0.010725213557537253,21.877999999999997,22.109,22.3585,0.16772412370629974
2023-07-26,600900.SH,21.33,21.4,21.22,21.39,21.33,0.06,0.2813,482595.84,1028987.379,0.002812939521800395,0.002808990611055173,21.656,22.054499999999997,22.362000000000002,0.15483392557043263
2023-07-27,600900.SH,21.37,21.49,21.2,21.23,21.39,-0.16,-0.748,413651.68,882205.138,-0.007480130902290827,-0.007508247379149569,21.422,22.0095,22.351000000000003,0.14825629293953183
2023-07-28,600900.SH,21.22,21.39,21.14,21.34,21.23,0.11,0.5181,589361.12,1253797.045,0.005181347150259086,0.005167970158442598,21.369999999999997,21.973499999999998,22.342,0.1503556632939195
2023-07-31,600900.SH,21.33,21.65,21.33,21.46,21.34,0.12,0.5623,668329.72,1436470.249,0.00562324273664494,0.005607491328945246,21.35,21.940500000000004,22.323666666666668,0.1518118941046349
2023-08-01,600900.SH,21.5,21.72,21.45,21.72,21.46,0.26,1.2116,489135.43,1055453.761,0.012115563839701693,0.012042757863182199,21.428000000000004,21.924,22.317333333333334,0.1590647323024266
2023-08-02,600900.SH,21.7,21.72,21.52,21.59,21.72,-0.13,-0.5985,322538.5,696646.435,-0.005985267034990693,-0.006003250539018605,21.467999999999996,21.9,22.30483333333333,0.16001675652634922
2023-08-03,600900.SH,21.64,21.7,21.54,21.66,21.59,0.07,0.3242,341634.38,739362.661,0.003242241778601107,0.0032369970461284705,21.554000000000002,21.883000000000003,22.28666666666667,0.16050765501752887
2023-08-04,600900.SH,21.66,21.82,21.48,21.54,21.66,-0.12,-0.554,403813.32,871899.356,-0.005540166204986208,-0.005555569844602105,21.594,21.860000000000003,22.272499999999997,0.1613762124096916
2023-08-07,600900.SH,21.55,21.95,21.52,21.92,21.54,0.38,1.7642,553820.78,1208238.982,0.017641597028783762,0.017487790351572382,21.686,21.856,22.257833333333334,0.17445514814021565
2023-08-08,600900.SH,21.84,22.11,21.84,22.1,21.92,0.18,0.8212,388447.48,855559.361,0.008211678832116709,0.00817814644389227,21.762,21.861,22.244333333333334,0.1769499227824408
2023-08-09,600900.SH,22.09,22.16,21.81,22.11,22.1,0.01,0.0452,415777.14,915613.751,0.0004524886877828038,0.0004523863456477932,21.866000000000003,21.8595,22.229499999999998,0.17549539306047593
2023-08-10,600900.SH,22.11,22.16,21.97,22.09,22.11,-0.02,-0.0905,230600.3,509011.35,-0.0009045680687471691,-0.0009049774373291173,21.952,21.843,22.215,0.16900622924446682
2023-08-11,600900.SH,22.08,22.11,21.75,21.75,22.09,-0.34,-1.5392,320195.4,700996.136,-0.015391579900407404,-0.015511259897332685,21.994,21.807,22.196166666666667,0.17638676216237192
2023-08-14,600900.SH,21.7,21.95,21.55,21.81,21.75,0.06,0.2759,550766.35,1197466.595,0.0027586206896550447,0.002754822678844462,21.972,21.7755,22.175,0.1770556737726965
2023-08-15,600900.SH,21.8,22.08,21.76,22.02,21.81,0.21,0.9629,456950.84,1005038.904,0.009628610729023324,0.009582551080996156,21.955999999999996,21.755999999999997,22.16166666666667,0.18130465272766688
2023-08-16,600900.SH,22.03,22.07,21.81,21.87,22.02,-0.15,-0.6812,251788.33,551426.663,-0.006811989100817373,-0.006835296605857366,21.907999999999998,21.7245,22.139000000000003,0.18155199702921135
2023-08-17,600900.SH,21.82,22.14,21.77,22.12,21.87,0.25,1.1431,372769.97,819974.852,0.011431184270690453,0.011366341965457587,21.914,21.7105,22.12366666666667,0.18664470389442617
2023-08-18,600900.SH,22.06,22.27,22.05,22.06,22.12,-0.06,-0.2712,286026.55,633082.568,-0.002712477396021762,-0.0027161628287777004,21.976,21.7335,22.114166666666666,0.13336649656875504
2023-08-21,600900.SH,22.06,22.15,21.85,21.85,22.06,-0.21,-0.9519,311022.19,684516.265,-0.009519492293744158,-0.009565092283757078,21.984,21.748,22.1,0.13829423069451172
2023-08-22,600900.SH,21.94,22.1,21.79,22.0,21.85,0.15,0.6865,416033.69,914974.619,0.00686498855835227,0.006841531816716564,21.98,21.7815,22.090666666666667,0.13307721729343613
2023-08-23,600900.SH,22.03,22.19,21.91,21.95,22.0,-0.05,-0.2273,337486.78,744363.123,-0.002272727272727315,-0.0022753138371355394,21.996000000000002,21.8095,22.075,0.13367584225261084
2023-08-24,600900.SH,21.92,21.99,21.75,21.77,21.95,-0.18,-0.82,388034.75,847106.667,-0.008200455580865573,-0.008234264274724255,21.926,21.836499999999997,22.058666666666667,0.13432812358745388
2023-08-25,600900.SH,21.75,22.2,21.72,22.16,21.77,0.39,1.7915,460902.26,1016855.128,0.017914561322921463,0.017755986632627,21.945999999999998,21.8775,22.052833333333332,0.14629110555071062
2023-08-28,600900.SH,22.5,22.55,21.99,22.12,22.16,-0.04,-0.1805,749759.81,1662876.023,-0.0018050541516244634,-0.0018066852249489244,22.0,21.910500000000003,22.0485,0.14617825651375524
2023-08-29,600900.SH,22.12,22.28,21.89,21.92,22.12,-0.2,-0.9042,533861.87,1179054.889,-0.009041591320072317,-0.00908271457431925,21.984,21.9205,22.041666666666668,0.14519588323255664
2023-08-30,600900.SH,22.0,22.14,21.91,21.97,21.92,0.05,0.2281,334007.27,734543.74,0.002281021897809987,0.002278424316703824,21.988,21.939500000000002,22.033666666666665,0.14325223234132164
2023-08-31,600900.SH,21.95,22.16,21.9,22.06,21.97,0.09,0.4096,473136.02,1041852.818,0.004096495220755614,0.00408812742883761,22.046,21.9595,22.029333333333337,0.1434685174354979
2023-09-01,600900.SH,22.01,22.06,21.75,21.81,22.06,-0.25,-1.1333,530415.77,1159084.272,-0.011332728921124247,-0.011397433611818763,21.976,21.973,22.020500000000002,0.14833699919398596
2023-09-04,600900.SH,21.9,21.91,21.58,21.67,21.81,-0.14,-0.6419,748232.74,1623177.807,-0.006419073819348808,-0.006439764665269892,21.886000000000003,21.960500000000003,22.004,0.1358774508136262
2023-09-05,600900.SH,21.67,21.92,21.62,21.89,21.67,0.22,1.0152,584108.44,1273652.536,0.010152284263959421,0.01010109598650392,21.880000000000003,21.95,21.987833333333334,0.13769739255340863
2023-09-06,600900.SH,21.82,21.95,21.8,21.81,21.89,-0.08,-0.3655,249716.36,545903.54,-0.003654636820466073,-0.0036613313212339894,21.848,21.935,21.978333333333335,0.13811484129437426
2023-09-07,600900.SH,21.85,21.93,21.68,21.85,21.81,0.04,0.1834,438932.55,958542.911,0.0018340210912426436,0.0018323413280615622,21.806,21.923000000000002,21.970833333333335,0.1383889148300022
2023-09-08,600900.SH,21.82,21.89,21.71,21.84,21.85,-0.01,-0.0458,286678.54,625457.629,-0.0004576659038901809,-0.00045777066489488533,21.812,21.927500000000002,21.964,0.1267531143460864
2023-09-11,600900.SH,21.83,22.06,21.83,21.99,21.84,0.15,0.6868,383446.47,842758.161,0.006868131868131844,0.006844653689965499,21.876,21.936500000000002,21.959166666666665,0.12866257209351725
2023-09-12,600900.SH,21.96,22.08,21.89,22.07,21.99,0.08,0.3638,318434.04,700757.182,0.0036380172805821065,0.00363141570197524,21.912,21.939,21.956999999999997,0.1246853399544301
2023-09-13,600900.SH,22.1,22.33,22.01,22.25,22.07,0.18,0.8156,633341.36,1407844.212,0.008155867693701913,0.008122788343604241,22.0,21.958000000000002,21.958166666666667,0.12493204596437403
2023-09-14,600900.SH,22.37,22.8,22.26,22.69,22.25,0.44,1.9775,790227.97,1786148.692,0.01977528089887648,0.019582290179501215,22.168,21.9865,21.968166666666665,0.13717950010848834
2023-09-15,600900.SH,22.69,22.79,22.4,22.52,22.69,-0.17,-0.7492,495417.59,1117513.23,-0.007492287351256177,-0.007520495520260845,22.304,22.0095,21.975166666666667,0.14005667336507135
2023-09-18,600900.SH,22.46,22.56,22.32,22.41,22.52,-0.11,-0.4885,396915.37,889442.041,-0.004884547069271772,-0.004896515458654016,22.387999999999998,22.0375,21.978,0.13632567385137714
2023-09-19,600900.SH,22.38,22.57,22.3,22.53,22.41,0.12,0.5355,297394.54,668334.198,0.0053547523427042165,0.005340466631317504,22.48,22.064,21.984833333333334,0.13561168254475744
2023-09-20,600900.SH,22.52,22.62,22.41,22.56,22.53,0.03,0.1332,280077.33,631401.655,0.0013315579227695107,0.0013306721857049505,22.542,22.0945,21.98616666666667,0.13498057299951796
2023-09-21,600900.SH,22.57,22.64,22.37,22.38,22.56,-0.18,-0.7979,363654.79,817129.755,-0.007978723404255317,-0.008010723746078972,22.48,22.125,21.990333333333336,0.13477341612843688
2023-09-22,600900.SH,22.44,22.55,22.32,22.48,22.38,0.1,0.4468,449178.25,1007774.66,0.0044682752457552155,0.004458322141711228,22.472,22.141,21.997333333333337,0.12065468206909324
2023-09-25,600900.SH,22.59,22.66,22.38,22.49,22.48,0.01,0.0445,340860.51,768741.207,0.00044483985765109146,0.0004447409457338356,22.488,22.1595,22.003499999999995,0.12028788233487422
2023-09-26,600900.SH,22.54,22.54,22.33,22.41,22.49,-0.08,-0.3557,257165.99,576492.679,-0.0035571365051133563,-0.003563478158388658,22.464,22.183999999999997,22.0095,0.11579338344189624
2023-09-27,600900.SH,22.46,22.47,22.18,22.21,22.41,-0.2,-0.8925,397997.05,886397.527,-0.008924587237840176,-0.00896464990649948,22.394,22.196,22.011833333333335,0.12103079886485173
2023-09-28,600900.SH,22.26,22.38,22.23,22.24,22.21,0.03,0.1351,344074.02,767155.323,0.0013507429085997114,0.0013498314760455336,22.366,22.205000000000002,22.015833333333333,0.1203605520461628
2023-10-09,600900.SH,22.25,22.72,22.25,22.56,22.24,0.32,1.4388,543934.12,1226702.85,0.014388489208633004,0.014285957247476434,22.381999999999998,22.2425,22.025166666666667,0.12163277579299986
2023-10-10,600900.SH,22.7,22.7,22.44,22.61,22.56,0.05,0.2216,361180.46,816386.874,0.002216312056737557,0.002213859660020298,22.406,22.289499999999997,22.035333333333334,0.11777015454496272
2023-10-11,600900.SH,22.67,22.89,22.6,22.63,22.61,0.02,0.0885,407657.37,927786.042,0.0008845643520565272,0.0008841733555674448,22.45,22.3265,22.045833333333334,0.11395226330218865
2023-10-12,600900.SH,22.89,22.89,22.54,22.62,22.63,-0.01,-0.0442,295305.65,668632.578,-0.00044189129474137,-0.00044198895747148733,22.532,22.366999999999997,22.053833333333333,0.11251602082476186
2023-10-13,600900.SH,22.55,22.78,22.55,22.74,22.62,0.12,0.5305,359194.04,814939.457,0.0053050397877982824,0.005291017634415459,22.631999999999998,22.411499999999997,22.05916666666667,0.11318263017713882
2023-10-16,600900.SH,22.78,23.0,22.69,22.78,22.74,0.04,0.1759,474980.27,1083315.95,0.0017590149516271136,0.0017574696966461256,22.676,22.4585,22.064333333333334,0.11281134686660868
2023-10-17,600900.SH,22.81,22.99,22.73,22.96,22.78,0.18,0.7902,416973.26,955017.604,0.007901668129938422,0.007870613432329468,22.746,22.506999999999998,22.073,0.11344458939672718
2023-10-18,600900.SH,23.05,23.18,22.86,22.95,22.96,-0.01,-0.0436,498013.08,1145979.163,-0.00043554006968649084,-0.0004356349448115879,22.81,22.551,22.081999999999997,0.11367376143176668
2023-10-19,600900.SH,22.86,22.99,22.53,22.55,22.95,-0.4,-1.7429,487665.64,1106303.693,-0.017429193899782036,-0.017582870557866705,22.796,22.566,22.08283333333333,0.13030326135521722
2023-10-20,600900.SH,22.55,22.68,22.35,22.35,22.55,-0.2,-0.8869,628851.48,1414564.177,-0.008869179600886845,-0.008908744889109442,22.718,22.549,22.082,0.11324613518246521
2023-10-23,600900.SH,22.35,22.63,22.2,22.29,22.35,-0.06,-0.2685,538435.91,1206621.187,-0.0026845637583893245,-0.002688173661800414,22.619999999999997,22.5375,22.0935,0.11069586024671178
2023-10-24,600900.SH,22.36,22.67,22.18,22.6,22.29,0.31,1.3908,533077.01,1196660.148,0.013907581875280517,0.013811758880462826,22.548,22.547,22.110833333333332,0.12046813666978075
2023-10-25,600900.SH,22.6,22.62,21.9,21.91,22.6,-0.69,-3.0531,1005228.54,2220073.377,-0.030530973451327492,-0.0310067526708651,22.34,22.516,22.1205,0.1614601330284867
2023-10-26,600900.SH,21.85,22.35,21.82,22.33,21.91,0.42,1.9169,666489.35,1479450.09,0.019169329073482233,0.018987912244691162,22.296,22.5045,22.136166666666664,0.17704473455009642
2023-10-27,600900.SH,22.32,22.47,22.21,22.24,22.33,-0.09,-0.403,548440.6,1225705.131,-0.0040304523063143805,-0.004038596469684887,22.274,22.497500000000002,22.153,0.17536545821374752
2023-10-30,600900.SH,22.26,22.58,22.24,22.45,22.24,0.21,0.9442,728356.49,1635519.655,0.009442446043165464,0.00939814480588167,22.306,22.496000000000002,22.171499999999998,0.17801142571666279
2023-10-31,600900.SH,22.38,22.65,22.27,22.57,22.45,0.12,0.5345,637526.99,1434746.126,0.005345211581291753,0.005330976641181019,22.3,22.5,22.189999999999998,0.17902327055480055
2023-11-01,600900.SH,22.58,22.74,22.4,22.66,22.57,0.09,0.3988,590463.55,1335207.793,0.003987594151528606,0.003979664770415959,22.45,22.5125,22.205666666666666,0.17890488070549618
2023-11-02,600900.SH,22.77,22.85,22.63,22.76,22.66,0.1,0.4413,434397.33,989336.982,0.0044130626654899086,0.004403353658269974,22.536,22.54,22.225166666666667,0.17570744955377945
2023-11-03,600900.SH,22.76,22.97,22.67,22.71,22.76,-0.05,-0.2197,547430.02,1249401.663,-0.002196836555360293,-0.002199253140663084,22.63,22.563499999999998,22.242666666666665,0.17613988033833833
2023-11-06,600900.SH,22.74,22.77,22.18,22.24,22.71,-0.47,-2.0696,1002465.99,2237002.524,-0.02069572875385306,-0.020912886735085606,22.588,22.5475,22.25433333333333,0.1848576726080624
2023-11-07,600900.SH,22.24,22.34,22.17,22.27,22.24,0.03,0.1349,352990.9,786444.778,0.0013489208633095107,0.0013480118868947875,22.528,22.5305,22.260166666666667,0.1847049240040445
2023-11-08,600900.SH,22.29,22.45,22.29,22.37,22.27,0.1,0.449,323137.09,722886.394,0.004490345756623215,0.004480294232761939,22.47,22.517500000000002,22.264666666666667,0.18555477011252544
2023-11-09,600900.SH,22.37,22.65,22.32,22.57,22.37,0.2,0.8941,525440.27,1183677.945,0.008940545373267828,0.008900815327406143,22.432,22.515,22.272333333333336,0.18856630805282432
2023-11-10,600900.SH,22.57,22.66,22.36,22.57,22.57,0.0,0.0,437302.48,984512.101,0.0,0.0,22.404000000000003,22.5065,22.28033333333333,0.1875080128570069
2023-11-13,600900.SH,22.51,22.55,22.34,22.53,22.57,-0.04,-0.1772,324293.37,728031.455,-0.0017722640673459855,-0.0017738363852912084,22.462,22.494,22.293333333333333,0.1874105743030973
2023-11-14,600900.SH,22.53,22.62,22.36,22.37,22.53,-0.16,-0.7102,477469.3,1071647.633,-0.00710164225477139,-0.007126978942114801,22.482,22.4645,22.302666666666667,0.18606790836909728
2023-11-15,600900.SH,22.37,22.62,22.37,22.6,22.37,0.23,1.0282,480395.81,1082387.59,0.010281627179257846,0.010229130776201866,22.528,22.447,22.312333333333335,0.1905144830716905
2023-11-16,600900.SH,22.56,22.73,22.52,22.71,22.6,0.11,0.4867,712630.04,1615397.746,0.004867256637168138,0.004855449839226902,22.556,22.455000000000002,22.32633333333333,0.18073405941119583
2023-11-17,600900.SH,22.65,22.77,22.49,22.62,22.71,-0.09,-0.3963,406685.74,918639.537,-0.003963011889035695,-0.003970885429492732,22.566000000000003,22.4685,22.334666666666667,0.17821263014647068
2023-11-20,600900.SH,22.66,22.74,22.59,22.65,22.62,0.03,0.1326,343585.61,778524.093,0.0013262599469494596,0.0013253812410684883,22.590000000000003,22.4865,22.3445,0.17778216959693466
2023-11-21,600900.SH,22.62,22.79,22.61,22.7,22.65,0.05,0.2208,471897.84,1071485.395,0.002207505518763808,0.0022050725583139755,22.656,22.4915,22.358666666666668,0.17112084651155093
2023-11-22,600900.SH,22.7,22.78,22.6,22.7,22.7,0.0,0.0,338046.88,767433.99,0.0,0.0,22.676,22.531,22.370333333333335,0.1267957638327993
2023-11-23,600900.SH,22.67,22.73,22.47,22.62,22.7,-0.08,-0.3524,403903.83,911195.957,-0.0035242290748898064,-0.0035304537993825335,22.658,22.545499999999997,22.3815,0.11005461608090647
2023-11-24,600900.SH,22.58,22.85,22.56,22.68,22.62,0.06,0.2653,553933.94,1259538.809,0.0026525198938991412,0.0026490081715768625,22.669999999999998,22.5675,22.396666666666665,0.10881997153545457
2023-11-27,600900.SH,22.68,22.72,22.49,22.61,22.68,-0.07,-0.3086,526889.42,1188192.066,-0.0030864197530864335,-0.003091192569672858,22.662,22.575499999999998,22.404166666666665,0.10495075788987478
2023-11-28,600900.SH,22.61,22.62,22.45,22.5,22.61,-0.11,-0.4865,380658.17,856426.256,-0.0048651039363113435,-0.004876977079504006,22.622,22.572,22.4105,0.1047967397662173
2023-11-29,600900.SH,22.54,22.54,22.4,22.46,22.5,-0.04,-0.1778,530491.06,1191811.825,-0.001777777777777767,-0.0017793599000773153,22.574,22.562,22.419500000000003,0.103782315184935
2023-11-30,600900.SH,22.53,22.83,22.47,22.83,22.46,0.37,1.6474,932514.29,2120302.511,0.016473731077470966,0.016339511231406947,22.616,22.5655,22.433833333333332,0.11895654172157603
2023-12-01,600900.SH,22.88,22.89,22.62,22.73,22.83,-0.1,-0.438,576681.31,1310247.989,-0.0043802014892684316,-0.004389822677252247,22.625999999999998,22.566499999999998,22.444999999999997,0.11978480252495911
2023-12-04,600900.SH,22.73,22.76,22.62,22.7,22.73,-0.03,-0.132,367360.02,833531.569,-0.0013198416190057793,-0.0013207133770949064,22.644,22.589499999999997,22.459833333333332,0.09167987618986026
2023-12-05,600900.SH,22.69,22.82,22.53,22.58,22.7,-0.12,-0.5286,659551.34,1497277.647,-0.005286343612334821,-0.005300365765841052,22.66,22.605,22.475,0.0943692111016514
2023-12-06,600900.SH,22.55,22.58,22.39,22.5,22.58,-0.08,-0.3543,607310.04,1365199.239,-0.003542958370239102,-0.003549249511141463,22.668,22.6115,22.485166666666665,0.09440716361805537
2023-12-07,600900.SH,22.46,22.65,22.43,22.6,22.5,0.1,0.4444,461341.77,1041893.357,0.004444444444444473,0.004434597067865775,22.622,22.613,22.498333333333335,0.09020908569133351
2023-12-08,600900.SH,22.55,22.65,22.45,22.62,22.6,0.02,0.0885,652140.67,1471195.06,0.0008849557522123686,0.0008845644097341813,22.6,22.6155,22.511166666666664,0.09025314089020552
2023-12-11,600900.SH,22.52,22.86,22.35,22.82,22.62,0.2,0.8842,913256.35,2066586.43,0.008841732979663952,0.008802873745955123,22.624000000000002,22.63,22.5275,0.09502984333700064
2023-12-12,600900.SH,22.73,23.01,22.72,22.98,22.82,0.16,0.7011,547463.91,1253897.53,0.007011393514460895,0.006986927986679939,22.704,22.6605,22.544,0.09292939816466651
2023-12-13,600900.SH,22.97,23.05,22.91,22.99,22.98,0.01,0.0435,457809.51,1052460.094,0.00043516100957341486,0.00043506635448043005,22.802,22.68,22.55933333333333,0.08676306962706923
2023-12-14,600900.SH,22.99,23.08,22.81,23.01,22.99,0.02,0.087,463823.91,1066767.039,0.0008699434536756367,0.0008695652721844555,22.884,22.695,22.572000000000003,0.08547110342147192
2023-12-15,600900.SH,23.0,23.15,22.77,22.78,23.01,-0.23,-0.9996,660778.81,1514697.782,-0.00999565406345071,-0.010045946028238465,22.916000000000004,22.703,22.573500000000003,0.0922239912398147
2023-12-18,600900.SH,22.78,23.07,22.78,23.07,22.78,0.29,1.273,463202.84,1064746.657,0.012730465320456519,0.012650114166626194,22.966,22.724,22.582666666666668,0.10214556130396879
2023-12-19,600900.SH,23.07,23.13,22.97,23.05,23.07,-0.02,-0.0867,563287.93,1297691.999,-0.000866926744690022,-0.0008673027430047211,22.98,22.741500000000002,22.59333333333333,0.10222198621207824
2023-12-20,600900.SH,23.06,23.48,23.04,23.3,23.05,0.25,1.0846,700385.02,1632153.549,0.010845986984815648,0.010787591128997385,23.042,22.7715,22.606166666666663,0.10819292575329267
2023-12-21,600900.SH,23.28,23.36,23.09,23.15,23.3,-0.15,-0.6438,692876.99,1606989.367,-0.006437768240343478,-0.006458580039411931,23.07,22.798000000000002,22.616,0.11039753283161713
2023-12-22,600900.SH,23.16,23.3,23.11,23.18,23.15,0.03,0.1296,553687.91,1285336.172,0.0012958963282938551,0.001295057379362688,23.15,22.823,22.62933333333333,0.11026273440157595
2023-12-25,600900.SH,23.18,23.42,23.11,23.4,23.18,0.22,0.9491,442479.99,1031041.466,0.009490940465918918,0.009446184452050116,23.216,22.8625,22.644666666666662,0.11291484519793
2023-12-26,600900.SH,23.4,23.7,23.38,23.53,23.4,0.13,0.5556,615197.17,1449802.231,0.005555555555555758,0.005540180375615572,23.312,22.913999999999998,22.662,0.11086696647799434
2023-12-27,600900.SH,23.49,23.59,23.34,23.53,23.53,0.0,0.0,562785.43,1321553.822,0.0,0.0,23.357999999999997,22.9675,22.680666666666664,0.11018494396893855
2023-12-28,600900.SH,23.55,23.79,23.18,23.28,23.53,-0.25,-1.0625,907283.28,2121260.477,-0.010624734381640466,-0.010681579876034047,23.384,22.99,22.698500000000003,0.10603112946803935
2023-12-29,600900.SH,23.3,23.36,23.11,23.34,23.28,0.06,0.2577,628468.5,1462118.982,0.002577319587628857,0.0025740039951728426,23.416,23.020500000000002,22.716833333333334,0.10421140228895363
