date,ts_code,open,high,low,close,pre_close,change,pct_chg,volume,amount,returns,logReturns,ma5,ma20,ma60,volatility
2010-01-04,600900.SH,13.4,13.42,13.18,13.19,13.36,-0.17,-1.27,297042.66,394184.551,,,,,,
2010-01-05,600900.SH,13.21,13.29,13.04,13.2,13.19,0.01,0.08,422200.65,554958.653,0.0007581501137225999,0.0007578628631020225,,,,
2010-01-06,600900.SH,13.2,13.24,13.1,13.12,13.2,-0.08,-0.61,326022.23,428819.191,-0.0060606060606061,-0.006079046076382226,,,,
2010-01-07,600900.SH,13.11,13.13,12.91,12.95,13.12,-0.17,-1.3,405607.36,527976.768,-0.012957317073170715,-0.013041995370396211,,,,
2010-01-08,600900.SH,12.97,13.05,12.92,12.99,12.95,0.04,0.31,301102.19,390440.247,0.003088803088803216,0.0030840425369615407,13.09,,,
2010-01-11,600900.SH,13.29,13.35,12.98,13.02,12.99,0.03,0.23,386934.21,506897.537,0.002309468822170757,0.0023068060979148704,13.056000000000001,,,
2010-01-12,600900.SH,13.01,13.21,12.97,13.2,13.02,0.18,1.38,380554.56,499271.495,0.01382488479262678,0.013730192811902037,13.056000000000001,,,
2010-01-13,600900.SH,13.07,13.31,12.99,13.05,13.2,-0.15,-1.14,682836.2,899269.822,-0.011363636363636243,-0.011428695823622631,13.041999999999998,,,
2010-01-14,600900.SH,13.08,13.13,13.01,13.08,13.05,0.03,0.23,324519.68,424075.946,0.0022988505747125743,0.002296212260350157,13.068000000000001,,,
2010-01-15,600900.SH,13.09,13.11,13.0,13.03,13.08,-0.05,-0.38,304491.03,396909.398,-0.003822629969419067,-0.003829954892299,13.075999999999999,,,
2010-01-18,600900.SH,13.04,13.08,12.97,13.01,13.03,-0.02,-0.15,382186.54,497151.409,-0.0015349194167305624,-0.0015360986123397838,13.074000000000002,,,
2010-01-19,600900.SH,13.01,13.08,12.97,12.99,13.01,-0.02,-0.15,315769.31,410562.854,-0.001537279016141424,-0.001538461841905731,13.032,,,
2010-01-21,600900.SH,12.84,12.91,12.68,12.85,12.99,-0.14,-1.08,595400.92,761047.499,-0.010777521170130866,-0.010836019341279361,12.991999999999999,,,
2010-01-22,600900.SH,12.8,12.8,12.5,12.6,12.85,-0.25,-1.95,435450.19,550518.403,-0.01945525291828798,-0.019646997383796536,12.896,,,
2010-01-25,600900.SH,12.6,12.94,12.58,12.84,12.6,0.24,1.9,707547.22,908797.8,0.01904761904761898,0.018868484304382736,12.857999999999999,,,
2010-01-26,600900.SH,12.82,12.93,12.69,12.88,12.84,0.04,0.31,593131.36,761896.843,0.0031152647975078995,0.003110422414392552,12.831999999999999,,,
2010-01-27,600900.SH,12.9,12.97,12.8,12.9,12.88,0.02,0.16,459929.83,593214.101,0.0015527950310558758,0.00155159069141885,12.813999999999998,,,
2010-01-28,600900.SH,12.89,12.92,12.74,12.91,12.9,0.01,0.08,259161.62,333075.273,0.0007751937984497026,0.0007748934909247909,12.826000000000002,,,
2010-01-29,600900.SH,12.88,12.9,12.69,12.78,12.91,-0.13,-1.01,335457.31,430074.664,-0.010069713400464808,-0.010120755909162438,12.862,,,
2010-02-01,600900.SH,12.77,12.83,12.6,12.7,12.78,-0.08,-0.63,415022.49,528987.045,-0.006259780907668211,-0.006279455484843136,12.834,12.964500000000001,,
2010-02-02,600900.SH,12.77,12.77,12.61,12.67,12.7,-0.03,-0.24,269202.0,341285.4,-0.0023622047244094,-0.0023649991314978564,12.792,12.9385,,0.1412163230212907
2010-02-03,600900.SH,12.63,12.9,12.63,12.85,12.67,0.18,1.42,446385.36,570679.009,0.01420678768745054,0.014106817008180991,12.782,12.921000000000001,,0.15229819322394644
2010-02-04,600900.SH,12.85,12.92,12.77,12.88,12.85,0.03,0.23,268585.99,345588.897,0.0023346303501945442,0.0023319093349787427,12.776,12.909,,0.15173139583076106
2010-02-05,600900.SH,12.79,12.96,12.7,12.79,12.88,-0.09,-0.7,405954.37,520028.232,-0.006987577639751663,-0.007012105085456345,12.778,12.901,,0.14682927348050076
2010-02-08,600900.SH,12.79,12.82,12.69,12.71,12.79,-0.08,-0.63,119584.01,152253.846,-0.006254886630179701,-0.006274530389388513,12.78,12.887,,0.14747659291164755
2010-02-09,600900.SH,12.7,12.76,12.68,12.75,12.71,0.04,0.31,118977.86,151283.781,0.0031471282454760274,0.0031421864030724955,12.796000000000001,12.873499999999998,,0.14775922799083757
2010-02-10,600900.SH,12.77,12.8,12.68,12.74,12.75,-0.01,-0.08,134734.85,171282.441,-0.0007843137254901489,-0.0007846214604178179,12.774000000000001,12.8505,,0.13702029412011402
2010-02-11,600900.SH,12.74,12.77,12.7,12.71,12.74,-0.03,-0.24,119491.05,152138.971,-0.0023547880690737433,-0.002357564942654566,12.74,12.8335,,0.13227461705694518
2010-02-12,600900.SH,12.75,12.77,12.67,12.74,12.71,0.03,0.24,200653.3,254955.275,0.002360346184106854,0.002357564942654458,12.73,12.816500000000001,,0.13229690084623205
2010-02-22,600900.SH,12.74,12.82,12.72,12.78,12.74,0.04,0.31,170981.98,218598.056,0.0031397174254317317,0.0031347988053714785,12.744,12.804000000000002,,0.13283156046534877
2010-02-23,600900.SH,12.78,12.83,12.74,12.83,12.78,0.05,0.39,198358.43,253736.104,0.00391236306729259,0.00390472967815626,12.76,12.795,,0.13390820241234136
2010-02-24,600900.SH,12.8,13.04,12.78,12.98,12.83,0.15,1.17,278260.44,360324.342,0.011691348402182333,0.011623532648398825,12.808000000000002,12.794500000000001,,0.1408169861927168
2010-02-25,600900.SH,12.99,13.07,12.93,12.99,12.98,0.01,0.08,321918.75,418273.094,0.0007704160246533309,0.0007701194065642521,12.863999999999999,12.801499999999999,,0.13493935228399445
2010-02-26,600900.SH,12.97,13.02,12.95,12.99,12.99,0.0,0.0,236159.96,306855.767,0.0,0.0,12.914000000000001,12.821000000000002,,0.11242789410739029
2010-03-01,600900.SH,13.02,13.16,13.02,13.14,12.99,0.15,1.15,312162.4,409739.631,0.011547344110854452,0.011481182373956232,12.986,12.835999999999999,,0.09933481232700848
2010-03-02,600900.SH,13.14,13.18,13.0,13.02,13.14,-0.12,-0.91,262779.65,343825.665,-0.009132420091324311,-0.00917437627604138,13.024000000000001,12.843,,0.10548359729682473
2010-03-03,600900.SH,13.01,13.09,12.97,13.06,13.02,0.04,0.31,239049.88,311854.81,0.003072196620583778,0.0030674870678618796,13.040000000000001,12.850999999999999,,0.10581032981394418
2010-03-05,600900.SH,12.91,12.94,12.78,12.8,13.06,-0.26,-1.99,346083.6,444187.004,-0.019908116385911168,-0.02010895292271351,13.002,12.845499999999998,,0.12849358102224398
2010-03-08,600900.SH,12.82,12.83,12.72,12.75,12.8,-0.05,-0.39,282629.18,360575.185,-0.00390625,-0.003913899321136329,12.954000000000002,12.844,,0.12412797039704161
2010-03-09,600900.SH,12.76,12.83,12.7,12.8,12.75,0.05,0.39,165029.2,210785.545,0.0039215686274509665,0.003913899321136315,12.886000000000001,12.849,,0.12266678719575273
2010-03-10,600900.SH,12.79,12.86,12.73,12.75,12.8,-0.05,-0.39,169892.74,217278.27,-0.00390625,-0.003913899321136329,12.831999999999999,12.853,,0.12325242523729274
2010-03-11,600900.SH,12.76,12.82,12.72,12.78,12.75,0.03,0.24,138820.46,177175.632,0.0023529411764704466,0.0023501773449534514,12.776,12.8495,,0.112260697394583
2010-03-12,600900.SH,12.77,12.85,12.73,12.74,12.78,-0.04,-0.31,180254.56,230287.093,-0.00312989045383405,-0.003134798805371392,12.764,12.842500000000001,,0.11226830690596236
2010-03-15,600900.SH,12.72,12.8,12.7,12.72,12.74,-0.02,-0.16,203008.27,258359.304,-0.0015698587127158659,-0.0015710922320412123,12.758,12.839000000000002,,0.10974920295072113
2010-03-16,600900.SH,12.71,12.76,12.7,12.72,12.72,0.0,0.0,130215.99,165761.682,0.0,0.0,12.741999999999999,12.839500000000001,,0.10743267728207723
2010-03-17,600900.SH,12.74,12.9,12.73,12.87,12.72,0.15,1.18,208825.11,267355.755,0.011792452830188482,0.011723463696059014,12.766,12.845500000000001,,0.11485304674279756
2010-03-18,600900.SH,12.85,12.86,12.75,12.79,12.87,-0.08,-0.62,159850.01,204627.001,-0.006216006216006265,-0.006235406017284022,12.768,12.847999999999999,,0.11724788308763792
2010-03-19,600900.SH,12.78,12.82,12.73,12.79,12.79,0.0,0.0,262320.83,334664.721,0.0,0.0,12.778,12.852,,0.11685883077573032
2010-03-22,600900.SH,12.79,12.8,12.73,12.76,12.79,-0.03,-0.23,263869.02,336609.297,-0.0023455824863173325,-0.0023483376741073965,12.786,12.853,,0.11697337599277599
2010-03-23,600900.SH,12.74,12.75,12.62,12.65,12.76,-0.11,-0.86,331892.4,420701.5,-0.008620689655172376,-0.008658062743114541,12.771999999999998,12.8465,,0.12032668465521562
2010-03-24,600900.SH,12.65,12.68,12.59,12.6,12.65,-0.05,-0.4,295913.84,373573.476,-0.0039525691699605625,-0.003960401216097017,12.718,12.834999999999999,,0.1197529386042796
2010-03-25,600900.SH,12.6,12.65,12.5,12.52,12.6,-0.08,-0.63,242808.56,305023.477,-0.006349206349206327,-0.006369448285479823,12.663999999999998,12.812000000000001,,0.11147655180662853
2010-03-26,600900.SH,12.52,12.62,12.46,12.55,12.52,0.03,0.24,181362.03,227447.245,0.0023961661341853624,0.002393299905840484,12.616,12.79,,0.112117206554395
2010-03-29,600900.SH,12.61,12.75,12.53,12.71,12.55,0.16,1.27,312263.5,395861.804,0.012749003984063645,0.012668419623569691,12.606,12.776,,0.12325734675577243
2010-03-30,600900.SH,12.71,12.71,12.57,12.59,12.71,-0.12,-0.94,235156.45,296548.744,-0.009441384736428082,-0.009486237145106957,12.594,12.7485,,0.11714811898708083
2010-03-31,600900.SH,12.62,12.64,12.51,12.52,12.59,-0.07,-0.56,232758.44,291916.659,-0.005559968228753043,-0.005575482384303395,12.578,12.723500000000001,,0.11497385237128756
2010-04-01,600900.SH,12.52,12.6,12.49,12.59,12.52,0.07,0.56,422890.37,530070.15,0.005591054313099031,0.005575482384303321,12.592000000000002,12.7,,0.11676141367608481
2010-04-02,600900.SH,12.6,12.63,12.55,12.58,12.59,-0.01,-0.08,300652.75,378247.681,-0.000794281175536149,-0.0007945967839613417,12.598,12.689,,0.09517313428973188
2010-04-06,600900.SH,12.6,12.62,12.52,12.54,12.58,-0.04,-0.32,252604.79,317405.596,-0.0031796502384738856,-0.0031847160675199473,12.564,12.6785,,0.09489815897262138
2010-04-07,600900.SH,12.6,12.67,12.53,12.61,12.54,0.07,0.56,279576.43,352430.184,0.005582137161084466,0.00556661477205349,12.568000000000001,12.669,12.827499999999999,0.09617152157329606
2010-04-08,600900.SH,12.62,12.69,12.55,12.56,12.61,-0.05,-0.4,261088.9,329212.059,-0.003965107057890438,-0.0039729889367754465,12.575999999999999,12.6595,12.817,0.09619752617151121
2010-04-09,600900.SH,12.56,12.82,12.56,12.81,12.56,0.25,1.99,457165.66,581007.306,0.019904458598726027,0.019708954868590173,12.62,12.661,12.8105,0.12071545222838576
2010-04-12,600900.SH,12.86,13.19,12.78,13.15,12.81,0.34,2.65,1059431.38,1376227.893,0.02654176424668231,0.02619564271513071,12.734,12.6815,12.811,0.15194769208633177
2010-04-13,600900.SH,13.15,13.49,13.06,13.19,13.15,0.04,0.3,1156199.43,1539995.778,0.003041825095057016,0.0030372081054496547,12.863999999999999,12.705,12.815,0.15154160922318027
2010-04-14,600900.SH,13.21,13.35,13.11,13.18,13.19,-0.01,-0.08,379375.84,500339.749,-0.0007581501137224889,-0.0007584376548620417,12.978,12.728,12.818166666666665,0.15168876788925395
2010-04-15,600900.SH,13.2,13.23,12.96,13.16,13.18,-0.02,-0.15,352039.78,459666.939,-0.0015174506828528056,-0.0015186031771900162,13.097999999999999,12.7425,12.820500000000001,0.14738046954911213
2010-04-16,600900.SH,13.02,13.07,12.89,12.95,13.16,-0.21,-1.6,407814.44,528906.296,-0.015957446808510745,-0.016086137751624496,13.126,12.7505,12.816333333333334,0.15754831573373201
2010-04-19,600900.SH,12.81,13.08,12.78,12.81,12.95,-0.14,-1.08,454411.31,584921.493,-0.0108108108108107,-0.010869672236903768,13.057999999999998,12.7515,12.812333333333333,0.16274431828884695
2010-04-20,600900.SH,12.8,13.2,12.79,13.05,12.81,0.24,1.87,640357.95,833538.639,0.0187353629976581,0.01856201786005956,13.030000000000001,12.766,12.811833333333334,0.17522034641235276
2010-04-21,600900.SH,13.07,13.71,13.07,13.64,13.05,0.59,4.52,1173639.04,1576047.147,0.04521072796934855,0.044218518646613525,13.122,12.8155,12.822,0.2306888189465736
2010-04-22,600900.SH,13.53,13.95,13.45,13.69,13.64,0.05,0.37,1095274.93,1506451.341,0.003665689149560114,0.0036589868850414767,13.228,12.87,12.833333333333334,0.22883862856554807
2010-04-23,600900.SH,13.69,13.79,13.34,13.39,13.69,-0.3,-2.19,478531.45,644528.789,-0.021913805697589384,-0.02215747959727628,13.315999999999999,12.913499999999999,12.84,0.24453509399754203
2010-04-26,600900.SH,13.59,13.95,13.5,13.82,13.39,0.43,3.21,690124.49,950167.066,0.03211351755041081,0.03160865863644275,13.518,12.977,12.856166666666667,0.26471400976276044
2010-04-27,600900.SH,13.7,13.98,13.41,13.8,13.82,-0.02,-0.14,641628.22,879210.163,-0.0014471780028942893,-0.0014482261763647637,13.668000000000001,13.0315,12.876166666666668,0.26397042777066826
2010-04-28,600900.SH,13.55,13.8,13.33,13.44,13.8,-0.36,-2.61,376152.54,508809.433,-0.026086956521739202,-0.026433257068155597,13.628,13.074000000000002,12.886166666666666,0.28145659760384323
2010-04-29,600900.SH,13.57,13.6,13.2,13.26,13.44,-0.18,-1.34,316903.34,423531.851,-0.013392857142857095,-0.013483350337286988,13.542000000000002,13.111,12.8925,0.2861060490015824
2010-04-30,600900.SH,13.41,13.69,13.18,13.65,13.26,0.39,2.94,531993.3,717178.541,0.02941176470588247,0.028987536873252406,13.594,13.164000000000001,12.905000000000001,0.301041000250845
2010-05-04,600900.SH,13.55,13.84,13.45,13.48,13.65,-0.17,-1.25,377236.9,514304.163,-0.01245421245421241,-0.01253241614680772,13.526,13.209,12.9145,0.30641367796918223
2010-05-05,600900.SH,13.32,13.49,12.95,13.26,13.48,-0.22,-1.63,451779.28,595428.074,-0.016320474777448135,-0.016455120726444592,13.418000000000001,13.245000000000001,12.922500000000001,0.313753043954875
2010-05-06,600900.SH,13.2,13.26,12.9,12.91,13.26,-0.35,-2.64,323274.69,422486.079,-0.026395173453997,-0.026749779899165334,13.312000000000001,13.26,12.926,0.3303287987932028
2010-05-07,600900.SH,12.75,12.89,12.49,12.51,12.91,-0.4,-3.1,594144.12,750998.426,-0.03098373353989159,-0.031473880379731395,13.162,13.257499999999999,12.923333333333334,0.3494942813206762
2010-05-10,600900.SH,12.55,12.97,12.49,12.81,12.51,0.3,2.4,324850.87,412719.362,0.023980815347721895,0.023697791429823176,12.994,13.257499999999999,12.922666666666666,0.3528522829511077
2010-05-11,600900.SH,13.0,13.0,12.48,12.54,12.81,-0.27,-2.11,434223.9,551589.759,-0.021077283372365474,-0.02130258070386838,12.806000000000001,13.227,12.917000000000002,0.346185271319768
2010-05-12,600900.SH,12.5,12.68,12.41,12.6,12.54,0.06,0.48,224796.51,281971.486,0.004784688995215447,0.004773278752657812,12.674000000000001,13.1975,12.913833333333333,0.3465868442673818
2010-05-13,600900.SH,12.6,12.86,12.6,12.78,12.6,0.18,1.43,275777.2,351605.746,0.014285714285714235,0.014184634991956381,12.648,13.1775,12.915000000000001,0.3514168725715383
2010-05-14,600900.SH,12.73,12.97,12.63,12.86,12.78,0.08,0.63,299714.94,385944.94,0.006259780907668322,0.006240269860084673,12.718,13.1625,12.916833333333335,0.35243838815214856
2010-05-17,600900.SH,12.7,12.76,12.5,12.53,12.86,-0.33,-2.57,271220.24,341991.556,-0.025660964230171057,-0.02599594990149638,12.661999999999999,13.141499999999999,12.913333333333334,0.3595412817568778
2010-05-18,600900.SH,12.5,12.65,12.36,12.53,12.53,0.0,0.0,407643.2,510006.353,0.0,0.0,12.66,13.127500000000001,12.910333333333334,0.3578339856751094
2010-05-19,600900.SH,12.58,12.75,12.53,12.65,12.53,0.12,0.96,223578.38,282804.755,0.009577015163607427,0.009531446265552393,12.67,13.107499999999998,12.908833333333332,0.35261951170247374
2010-05-20,600900.SH,12.56,12.74,12.43,12.47,12.65,-0.18,-1.42,217281.55,272884.186,-0.014229249011857736,-0.014331455481584187,12.608,13.049000000000001,12.903666666666668,0.30901170843601383
2010-05-21,600900.SH,12.29,12.55,12.23,12.51,12.47,0.04,0.32,258849.2,320620.594,0.003207698476343168,0.003202564786874634,12.538,12.99,12.898333333333333,0.30885947677431985
2010-05-24,600900.SH,12.54,12.76,12.5,12.7,12.51,0.19,1.52,428728.7,541994.265,0.0151878497202238,0.015073668985725796,12.572,12.9555,12.893666666666666,0.3089017348104576
2010-05-25,600900.SH,12.63,12.64,12.28,12.37,12.7,-0.33,-2.6,338511.2,420678.308,-0.025984251968503957,-0.02632780706014908,12.54,12.883,12.883333333333333,0.2909720723255758
2010-05-26,600900.SH,12.4,12.48,12.27,12.35,12.37,-0.02,-0.16,267429.51,330637.868,-0.0016168148746967814,-0.001618123330410263,12.48,12.8105,12.872666666666666,0.290942385286588
2010-05-27,600900.SH,12.34,12.52,12.22,12.47,12.35,0.12,0.97,244389.2,302327.104,0.009716599190283448,0.009669696617958927,12.48,12.762,12.8615,0.2848311069408327
2010-05-28,600900.SH,12.53,12.57,12.33,12.38,12.47,-0.09,-0.72,196587.19,244579.843,-0.007217321571772239,-0.007243492435495025,12.454,12.718,12.850833333333332,0.282847392873969
2010-05-31,600900.SH,12.38,12.45,12.22,12.25,12.38,-0.13,-1.05,166571.26,205055.083,-0.010500807754442731,-0.010556330265714136,12.364,12.648,12.837333333333333,0.25586438914737564
2010-06-01,600900.SH,12.21,12.36,12.16,12.19,12.25,-0.06,-0.49,173326.74,212191.372,-0.004897959183673528,-0.004909993497555894,12.328,12.583499999999999,12.827166666666667,0.25445315702183907
2010-06-02,600900.SH,12.21,12.29,12.05,12.17,12.19,-0.02,-0.16,162898.18,197949.668,-0.001640689089417502,-0.0016420364937442986,12.292,12.529,12.817499999999999,0.2510224272277934
2010-06-03,600900.SH,12.2,12.3,12.12,12.13,12.17,-0.04,-0.33,150099.57,183322.907,-0.0032867707477403085,-0.0032921840434770055,12.224,12.49,12.806333333333333,0.23687766534536095
2010-06-04,600900.SH,12.13,12.36,12.08,12.32,12.13,0.19,1.57,204555.88,251284.956,0.015663643858202736,0.01554223514941489,12.212,12.480500000000001,12.799166666666668,0.22115078736238947
2010-06-07,600900.SH,12.17,12.28,12.11,12.17,12.32,-0.15,-1.22,125497.41,152911.967,-0.012175324675324672,-0.012250051105937911,12.196000000000002,12.4485,12.789,0.20429043347143502
2010-06-08,600900.SH,12.16,12.26,12.02,12.09,12.17,-0.08,-0.66,145099.3,175914.341,-0.006573541495480728,-0.006595242372734537,12.176,12.425999999999998,12.778166666666667,0.1929513819305948
2010-06-09,600900.SH,12.11,12.22,11.9,12.17,12.09,0.08,0.66,260596.1,314596.87,0.006617038875103454,0.006595242372734561,12.176,12.4045,12.769,0.1938824563355134
2010-06-10,600900.SH,12.1,12.23,12.06,12.12,12.17,-0.05,-0.41,128810.77,156559.092,-0.0041084634346755244,-0.004116926358267505,12.174,12.371500000000001,12.758999999999999,0.18458468888862303
2010-06-11,600900.SH,12.16,12.27,12.14,12.17,12.12,0.05,0.41,111234.94,135744.595,0.004125412541254203,0.004116926358267489,12.144,12.337,12.747333333333332,0.1833800664201704
2010-06-17,600900.SH,12.25,12.28,12.16,12.19,12.17,0.02,0.16,84166.71,102843.899,0.0016433853738702098,0.0016420364937443893,12.148,12.32,12.737333333333334,0.16243240388893201
2010-06-18,600900.SH,12.19,12.22,12.03,12.04,12.19,-0.15,-1.23,139614.99,169566.681,-0.012305168170631653,-0.012381503612505165,12.138,12.2955,12.724833333333333,0.16691246027410844
2010-06-21,600900.SH,12.05,12.33,12.05,12.3,12.04,0.26,2.16,179018.0,218934.315,0.021594684385382257,0.021364822497697025,12.163999999999998,12.278,12.717166666666667,0.18262235879554992
2010-06-22,600900.SH,12.28,12.36,12.24,12.31,12.3,0.01,0.08,122253.96,150461.938,0.0008130081300812275,0.0008126778179902578,12.202,12.27,12.7115,0.17623425138827248
2010-06-23,600900.SH,12.28,12.3,12.15,12.2,12.31,-0.11,-0.89,111616.6,136463.027,-0.008935824532900205,-0.008975988457151394,12.208,12.2545,12.704833333333333,0.1780287854382021
2010-06-24,600900.SH,12.22,12.31,12.15,12.24,12.2,0.04,0.33,110811.07,135804.252,0.003278688524590345,0.0032733253449693297,12.218,12.2315,12.700166666666666,0.16824427054256103
2010-06-25,600900.SH,12.23,12.46,12.12,12.41,12.24,0.17,1.39,207945.9,255647.5,0.01388888888888884,0.01379332213233577,12.292,12.2335,12.697833333333334,0.15082440514026124
2010-06-29,600900.SH,12.42,12.53,12.25,12.25,12.41,-0.16,-1.29,360014.86,446438.554,-0.012892828364222453,-0.012976662225779902,12.282,12.2285,12.690166666666666,0.15778066361926837
2010-06-30,600900.SH,12.2,12.67,12.2,12.49,12.25,0.24,1.96,269886.29,335977.233,0.01959183673469389,0.019402387146750327,12.318000000000001,12.2295,12.688500000000001,0.16959660617584382
2010-07-01,600900.SH,12.45,12.69,12.28,12.34,12.49,-0.15,-1.2,222760.19,276973.347,-0.012009607686148893,-0.012082305660244525,12.346,12.227500000000001,12.6855,0.17316727451816247
2010-07-02,600900.SH,12.32,12.62,12.32,12.42,12.34,0.08,0.65,292343.94,365357.816,0.006482982171799101,0.006462058028091024,12.382,12.236,12.682666666666668,0.17011203978539768
2010-07-05,600900.SH,12.4,12.55,12.3,12.37,12.42,-0.05,-0.4,236571.19,293662.117,-0.004025764895330131,-0.004033890100936193,12.373999999999999,12.245000000000001,12.679166666666667,0.16975619545112416
2010-07-06,600900.SH,12.31,12.45,12.28,12.36,12.37,-0.01,-0.08,208140.68,256951.955,-0.0008084074373484462,-0.000808734374851841,12.395999999999999,12.2545,12.676166666666667,0.16962396845859037
2010-07-07,600900.SH,12.36,12.4,12.11,12.16,12.36,-0.2,-1.62,189325.9,230700.281,-0.016181229773462702,-0.016313575491523683,12.33,12.255999999999998,12.668666666666667,0.17965240834696164
2010-07-08,600900.SH,12.2,12.22,11.97,12.02,12.16,-0.14,-1.15,222519.8,268255.811,-0.011513157894736836,-0.011579947430959421,12.266,12.241,12.659666666666665,0.17441880241017338
2010-07-09,600900.SH,12.06,12.23,11.94,12.15,12.02,0.13,1.08,296077.26,358223.075,0.010815307820299491,0.010757240679495933,12.212,12.24,12.648666666666665,0.1742787029416464
2010-07-12,600900.SH,12.12,12.21,12.07,12.18,12.15,0.03,0.25,224689.84,272525.437,0.0024691358024691024,0.0024660924951934683,12.174000000000001,12.2445,12.6325,0.17272119160630217
2010-07-13,600900.SH,12.11,12.25,12.1,12.15,12.18,-0.03,-0.25,182923.68,222813.033,-0.0024630541871920597,-0.0024660924951934427,12.132000000000001,12.2435,12.615166666666665,0.17140744860399637
2010-07-14,600900.SH,12.25,12.45,12.21,12.34,12.15,0.19,1.56,223334.28,275531.86,0.01563786008230439,0.015516848690684155,12.168,12.2545,12.601166666666668,0.17931987273558078
2010-07-15,600900.SH,12.39,12.5,12.3,12.32,12.34,-0.02,-0.16,181755.2,225051.713,-0.0016207455429497752,-0.001622060371868055,12.228,12.262,12.587166666666665,0.17913460995041297
2010-07-16,600900.SH,12.31,12.45,12.2,12.39,12.32,0.07,0.57,154504.02,190033.158,0.005681818181818121,0.0056657375356773,12.276,12.272,12.577833333333334,0.17999625957691417
2010-07-19,600900.SH,12.4,12.54,12.34,12.53,12.39,0.14,1.13,250875.4,312386.985,0.011299435028248483,0.011236073266925752,12.346,12.2965,12.573166666666667,0.1765402634243442
2010-07-20,600900.SH,8.11,8.14,8.02,8.13,8.11,0.02,0.25,362633.23,293484.883,-0.35115722266560245,-0.43256484534825757,11.542,12.088,12.491166666666667,1.2604201458889075
2010-07-21,600900.SH,8.13,8.35,8.0,8.17,8.13,0.04,0.49,690858.31,563901.496,0.004920049200491938,0.004907985312192225,10.708000000000002,11.881,12.4,1.26125596927957
2010-07-22,600900.SH,8.12,8.19,8.08,8.15,8.17,-0.02,-0.24,325773.98,264583.67,-0.00244798041615657,-0.002450981619140074,9.874,11.6785,12.307666666666666,1.26197369723111
2010-07-23,600900.SH,8.18,8.21,8.09,8.11,8.15,-0.04,-0.49,345751.15,281040.838,-0.004907975460122782,-0.00492005912544987,9.018,11.472,12.219666666666665,1.2606442953403907
2010-07-26,600900.SH,8.14,8.15,8.07,8.12,8.11,0.01,0.12,281144.93,228055.038,0.0012330456226881115,0.0012322860462651017,8.136,11.2575,12.124666666666666,1.257399296229667
2010-07-27,600900.SH,8.1,8.16,8.06,8.15,8.12,0.03,0.37,333089.26,270455.132,0.003694581280788256,0.003687773079184836,8.139999999999999,11.0525,12.030499999999998,1.2595112829998927
2010-07-28,600900.SH,8.16,8.27,8.12,8.24,8.15,0.09,1.1,564017.02,462733.605,0.01104294478527601,0.010982416668608927,8.154,10.84,11.943833333333334,1.2566455924470452
2010-07-29,600900.SH,8.25,8.33,8.18,8.25,8.24,0.01,0.12,556668.33,459242.729,0.0012135922330096527,0.0012128564252092296,8.174,10.635499999999999,11.860333333333333,1.2581748755201811
2010-07-30,600900.SH,8.24,8.24,8.18,8.22,8.25,-0.03,-0.36,374328.89,307173.136,-0.0036363636363635488,-0.0036429912785009805,8.196,10.4255,11.769833333333333,1.2562844696463893
2010-08-02,600900.SH,8.26,8.3,8.22,8.27,8.22,0.05,0.61,478385.27,394972.294,0.006082725060827077,0.006064299967511225,8.226,10.2205,11.683,1.2581308043937929
2010-08-03,600900.SH,8.28,8.28,8.12,8.13,8.27,-0.14,-1.69,554345.75,454366.823,-0.016928657799274327,-0.017073585475880563,8.222,10.009,11.597499999999998,1.256844260081347
2010-08-04,600900.SH,8.11,8.19,8.1,8.18,8.13,0.05,0.62,340531.14,277539.092,0.006150061500614923,0.0061312270549363805,8.209999999999999,9.81,11.518666666666666,1.2594959977440734
2010-08-05,600900.SH,8.16,8.19,8.09,8.11,8.18,-0.07,-0.86,410408.89,333249.929,-0.008557457212713948,-0.008594282487334145,8.181999999999999,9.6145,11.445333333333334,1.2596706761253573
2010-08-06,600900.SH,8.11,8.25,8.11,8.23,8.11,0.12,1.48,415829.0,340395.661,0.014796547472256671,0.014688146561657086,8.184000000000001,9.4185,11.369,1.2608555951708382
2010-08-09,600900.SH,8.24,8.25,8.16,8.21,8.23,-0.02,-0.24,359350.28,294577.544,-0.002430133657351119,-0.002433091224641555,8.172,9.219999999999999,11.296833333333332,1.2600556601512238
2010-08-10,600900.SH,8.28,8.45,8.21,8.23,8.21,0.02,0.24,788583.78,657193.981,0.0024360535931788885,0.0024330912246414292,8.192000000000002,9.024000000000001,11.224,1.2608538682767905
2010-08-11,600900.SH,8.26,8.34,8.23,8.26,8.23,0.03,0.36,301381.11,249619.227,0.0036452004860265674,0.0036385728439080898,8.208,8.82,11.148666666666665,1.2576560930239171
2010-08-12,600900.SH,8.21,8.26,8.1,8.16,8.26,-0.1,-1.21,328508.95,268677.896,-0.012106537530266248,-0.01218041855687096,8.218,8.611999999999998,11.070333333333332,1.256619173061859
2010-08-13,600900.SH,8.14,8.22,8.13,8.17,8.16,0.01,0.12,258810.74,211638.978,0.001225490196078427,0.0012247398958958697,8.206,8.401,10.997666666666667,1.2556751156444685
2010-08-16,600900.SH,8.18,8.28,8.15,8.28,8.17,0.11,1.35,432731.54,355421.582,0.01346389228886169,0.01337405952525681,8.22,8.188500000000001,10.926833333333333,1.2563390693133072
2010-08-17,600900.SH,8.28,8.29,8.18,8.23,8.28,-0.05,-0.6,406356.25,333924.878,-0.006038647342995085,-0.006056953708189796,8.22,8.1935,10.853166666666668,0.12836481961539173
2010-08-18,600900.SH,8.2,8.23,8.13,8.14,8.23,-0.09,-1.09,354641.21,289622.259,-0.010935601458080146,-0.010995834674529465,8.196,8.192,10.781,0.1335892731545445
2010-08-19,600900.SH,8.16,8.23,8.11,8.18,8.14,0.04,0.49,415364.16,339067.684,0.004914004914004844,0.004901970600206688,8.2,8.1935,10.708833333333333,0.13446295364108418
2010-08-20,600900.SH,8.17,8.17,8.07,8.09,8.18,-0.09,-1.1,407646.87,330598.027,-0.011002444987775029,-0.011063419544255333,8.184000000000001,8.192499999999999,10.632,0.13920108041059115
2010-08-23,600900.SH,8.09,8.12,8.06,8.08,8.09,-0.01,-0.12,181552.56,146828.266,-0.0012360939431396156,-0.0012368585373962473,8.144,8.1905,10.5605,0.1391664716737049
2010-08-24,600900.SH,8.08,8.15,8.06,8.1,8.08,0.02,0.25,243933.37,197357.067,0.0024752475247524774,0.002472189145389073,8.118,8.187999999999999,10.489666666666666,0.13877945693820715
2010-08-25,600900.SH,8.08,8.12,7.95,7.96,8.1,-0.14,-1.73,317199.42,254476.951,-0.01728395061728394,-0.017435061822101423,8.082,8.174000000000001,10.4145,0.1444594020406867
2010-08-26,600900.SH,7.96,8.04,7.94,7.97,7.96,0.01,0.13,195096.41,155963.6,0.0012562814070351536,0.0012554929458320028,8.040000000000001,8.16,10.341000000000001,0.14447085218637448
2010-08-27,600900.SH,7.96,8.0,7.95,7.96,7.97,-0.01,-0.13,170469.07,135806.689,-0.0012547051442910462,-0.0012554929458319796,8.014,8.147,10.2695,0.14429154620807058
2010-08-30,600900.SH,7.98,8.06,7.97,8.03,7.96,0.07,0.88,256445.33,205431.373,0.008793969849246075,0.008755528102378504,8.004,8.135,10.200166666666666,0.14650185526052834
2010-08-31,600900.SH,8.0,8.05,7.87,7.92,8.03,-0.11,-1.37,410019.79,325684.782,-0.013698630136986245,-0.01379332213233576,7.967999999999999,8.124500000000001,10.129333333333333,0.14236006778762683
2010-09-01,600900.SH,7.92,7.96,7.74,7.77,7.92,-0.15,-1.89,362898.88,285212.781,-0.018939393939394034,-0.019121041446778512,7.93,8.104,10.056666666666667,0.15251224404554603
2010-09-02,600900.SH,7.81,7.94,7.77,7.87,7.77,0.1,1.29,398966.89,312966.497,0.012870012870012992,0.012787898049755907,7.910000000000001,8.092,9.982499999999998,0.16004889395721375
2010-09-03,600900.SH,7.88,7.9,7.77,7.81,7.87,-0.06,-0.76,341569.72,266192.748,-0.007623888182973326,-0.007653098577717271,7.88,8.071,9.909833333333333,0.14928349089179896
2010-09-06,600900.SH,7.82,7.92,7.8,7.89,7.81,0.08,1.02,405618.69,318856.761,0.010243277848911658,0.010191171006188283,7.851999999999999,8.055,9.839833333333333,0.15606892323386687
2010-09-07,600900.SH,7.9,7.92,7.81,7.84,7.89,-0.05,-0.63,352420.85,276838.787,-0.006337135614702172,-0.006357300495466412,7.836,8.0355,9.767666666666667,0.15591331108148415
2010-09-08,600900.SH,7.84,7.85,7.75,7.78,7.84,-0.06,-0.77,438917.65,341496.458,-0.007653061224489721,-0.00768249617201617,7.837999999999999,8.011500000000002,9.695333333333334,0.15528056614960603
2010-09-09,600900.SH,7.81,7.84,7.69,7.75,7.78,-0.03,-0.39,367926.83,285592.172,-0.003856041131105381,-0.00386349482504459,7.814,7.991,9.621666666666668,0.15153990568102405
2010-09-10,600900.SH,7.75,7.79,7.65,7.7,7.75,-0.05,-0.65,312707.48,240957.302,-0.006451612903225823,-0.006472514505617479,7.792,7.967499999999999,9.546833333333332,0.15146615325057738
2010-09-13,600900.SH,7.7,7.73,7.62,7.7,7.7,0.0,0.0,289887.61,222319.424,0.0,0.0,7.7540000000000004,7.9384999999999994,9.4745,0.1391994837225227
2010-09-14,600900.SH,7.7,7.95,7.64,7.85,7.7,0.15,1.95,663581.63,517209.588,0.01948051948051943,0.01929320293467885,7.756,7.919499999999999,9.400333333333332,0.1610062058771298
2010-09-15,600900.SH,7.81,7.86,7.71,7.79,7.85,-0.06,-0.76,387552.4,301899.967,-0.007643312101910826,-0.0076726719116601665,7.758,7.901999999999999,9.325,0.15908000992177093
2010-09-16,600900.SH,7.73,7.8,7.64,7.7,7.79,-0.09,-1.16,336032.48,259930.512,-0.011553273427471145,-0.011620531023018759,7.748,7.878,9.25,0.1601208729116196
2010-09-20,600900.SH,7.68,7.81,7.64,7.65,7.7,-0.05,-0.65,355904.45,274966.401,-0.00649350649350644,-0.006514681021193642,7.7379999999999995,7.856,9.173499999999999,0.15790572785235918
2010-09-21,600900.SH,7.66,7.72,7.63,7.65,7.65,0.0,0.0,172924.23,132501.395,0.0,0.0,7.728,7.8345,9.094166666666666,0.1581232273101538
2010-09-27,600900.SH,7.67,7.7,7.63,7.69,7.65,0.04,0.52,212245.83,162540.975,0.005228758169934622,0.005215135679108119,7.696000000000001,7.814,9.018166666666668,0.15960977572005994
2010-09-28,600900.SH,7.66,7.69,7.58,7.61,7.69,-0.08,-1.04,236136.31,180131.252,-0.01040312093628093,-0.010457611643958184,7.660000000000001,7.796499999999999,8.936833333333334,0.1529110284420809
2010-09-29,600900.SH,7.61,7.64,7.55,7.58,7.61,-0.03,-0.39,224190.48,170142.278,-0.003942181340341633,-0.003949972219314156,7.636,7.776999999999999,8.857499999999998,0.15246454420545122
2010-09-30,600900.SH,7.57,7.7,7.53,7.66,7.58,0.08,1.06,251162.37,192143.023,0.01055408970976246,0.01049878409821957,7.638,7.7620000000000005,8.778166666666667,0.1593127444718397
2010-10-08,600900.SH,7.71,7.82,7.64,7.78,7.66,0.12,1.57,525039.0,406824.455,0.015665796344647598,0.015544354437800379,7.664,7.7495,8.701666666666666,0.16709172614549309
2010-10-11,600900.SH,7.91,8.28,7.86,8.22,7.78,0.44,5.66,1360264.37,1093242.391,0.05655526992287929,0.055013870877788425,7.7700000000000005,7.7645,8.632666666666667,0.25966661107084676
2010-10-12,600900.SH,8.16,8.3,8.12,8.25,8.22,0.03,0.37,849150.23,697339.552,0.0036496350364962904,0.0036429912785010087,7.898000000000001,7.788500000000001,8.5675,0.24762485282519878
2010-10-13,600900.SH,8.25,8.25,8.1,8.18,8.25,-0.07,-0.85,574795.64,470075.031,-0.00848484848484854,-0.008521049731933985,8.018,7.804,8.503499999999999,0.24806831534829218
2010-10-14,600900.SH,8.21,8.53,8.17,8.3,8.18,0.12,1.47,1433896.87,1196482.645,0.014669926650366927,0.014563364187896728,8.146,7.8285,8.439333333333334,0.24916120253623342
2010-10-15,600900.SH,8.31,8.55,8.27,8.51,8.3,0.21,2.53,970412.65,817979.081,0.02530120481927689,0.024986427782730313,8.292,7.8595,8.378166666666667,0.2603208478525376
2010-10-18,600900.SH,8.55,8.77,8.4,8.59,8.51,0.08,0.94,1262053.9,1084346.462,0.009400705052879044,0.009356793410881314,8.366,7.897,8.318833333333334,0.2580853515529942
2010-10-19,600900.SH,8.57,8.58,8.4,8.54,8.59,-0.05,-0.58,614064.98,520353.204,-0.005820721769499548,-0.005837728195685639,8.424,7.9350000000000005,8.2555,0.25700169057129985
2010-10-20,600900.SH,8.42,8.48,8.23,8.28,8.54,-0.26,-3.04,1014444.43,844934.824,-0.030444964871194302,-0.03091803940331009,8.443999999999999,7.961499999999999,8.188166666666666,0.2847065654348089
2010-10-21,600900.SH,8.31,8.36,8.11,8.16,8.28,-0.12,-1.45,557848.63,458172.074,-0.01449275362318836,-0.014598799421152636,8.416,7.9845,8.117666666666667,0.2898058626796414
2010-10-22,600900.SH,8.18,8.26,8.07,8.15,8.16,-0.01,-0.12,605247.51,492962.821,-0.001225490196078427,-0.0012262417232442964,8.344,8.007000000000001,8.044666666666666,0.2900101360031961
2010-10-25,600900.SH,8.17,8.29,8.14,8.28,8.15,0.13,1.6,568116.91,466935.037,0.01595092024539868,0.015825041144396892,8.282,8.028500000000001,8.047166666666666,0.28761055758971654
2010-10-26,600900.SH,8.3,8.39,8.25,8.28,8.28,0.0,0.0,549964.79,456685.508,0.0,0.0,8.23,8.053,8.049,0.28519076288941597
2010-10-27,600900.SH,8.29,8.31,8.12,8.14,8.28,-0.14,-1.69,552111.88,453195.254,-0.016908212560386326,-0.017052788382719244,8.202000000000002,8.075,8.048833333333333,0.2894677119169682
2010-10-28,600900.SH,8.14,8.27,8.12,8.18,8.14,0.04,0.49,326734.35,267779.088,0.004914004914004844,0.004901970600206688,8.206,8.1015,8.05,0.28736255216822953
2010-10-29,600900.SH,8.19,8.23,8.09,8.13,8.18,-0.05,-0.61,382305.03,311532.893,-0.006112469437652646,-0.006131227054936296,8.202000000000002,8.125499999999999,8.050166666666668,0.2891657963972423
2010-11-01,600900.SH,8.24,8.48,8.24,8.33,8.13,0.2,2.46,926526.81,774270.504,0.024600246002459913,0.02430253261903199,8.212,8.1575,8.053166666666666,0.2989751223174851
2010-11-02,600900.SH,8.35,8.48,8.32,8.43,8.33,0.1,1.2,925851.09,777527.316,0.01200480192076836,0.011933315835012817,8.242,8.1985,8.056333333333333,0.2950418810077688
2010-11-03,600900.SH,8.46,8.48,8.27,8.28,8.43,-0.15,-1.78,712973.24,594647.684,-0.017793594306049876,-0.01795380361659582,8.27,8.2335,8.056833333333334,0.3047293269964089
2010-11-04,600900.SH,8.31,8.37,8.23,8.3,8.28,0.02,0.24,601875.74,498863.437,0.0024154589371983004,0.0024125464053841475,8.294,8.2655,8.058166666666667,0.3039884197901943
2010-11-05,600900.SH,8.39,8.42,8.28,8.32,8.3,0.02,0.24,787234.99,657164.661,0.00240963855421672,0.0024067400305648376,8.332,8.2925,8.059000000000001,0.3009793650653559
2010-11-08,600900.SH,8.37,8.44,8.36,8.43,8.32,0.11,1.32,791332.29,664682.061,0.013221153846153744,0.013134517180646763,8.352,8.303,8.064,0.2308604197458788
2010-11-09,600900.SH,8.43,8.45,8.31,8.34,8.43,-0.09,-1.07,559556.42,467775.635,-0.010676156583629859,-0.010733555643108664,8.334,8.307500000000001,8.066666666666666,0.2345492761993087
2010-11-10,600900.SH,8.34,8.34,8.18,8.29,8.34,-0.05,-0.6,653535.63,538215.898,-0.005995203836930529,-0.006013247223451858,8.335999999999999,8.312999999999999,8.069666666666667,0.23342755070948906
2010-11-11,600900.SH,8.26,8.52,8.23,8.39,8.29,0.1,1.21,1041089.73,873401.843,0.012062726176115923,0.011990551331911322,8.354,8.317499999999999,8.072333333333333,0.2315444296481668
2010-11-12,600900.SH,8.4,8.45,8.03,8.04,8.39,-0.35,-4.17,1124361.8,929613.56,-0.04171632896305144,-0.04261143728824,8.297999999999998,8.294,8.0695,0.2576119441863177
2010-11-15,600900.SH,8.1,8.13,7.99,8.05,8.04,0.01,0.12,562288.1,451618.026,0.0012437810945276073,0.0012430082395972445,8.222,8.267,8.0665,0.25412941807432476
2010-11-16,600900.SH,8.05,8.05,7.68,7.7,8.05,-0.35,-4.35,625574.11,492083.251,-0.0434782608695653,-0.04445176257083392,8.094,8.225,8.057166666666667,0.2918035840276313
2010-11-17,600900.SH,7.71,7.78,7.67,7.71,7.7,0.01,0.13,481824.84,371534.309,0.0012987012987013546,0.0012978587156000124,7.978,8.1965,8.049666666666665,0.27644345073862986
2010-11-18,600900.SH,7.74,7.78,7.67,7.69,7.71,-0.02,-0.26,400923.21,309273.896,-0.0025940337224383825,-0.002597404057685506,7.837999999999999,8.173,8.041666666666666,0.2733277495715396
2010-11-19,600900.SH,7.72,7.75,7.57,7.73,7.69,0.04,0.52,502913.53,385542.95,0.005201560468140354,0.0051880790817778995,7.776000000000001,8.152,8.0325,0.27477296695278164
2010-11-22,600900.SH,7.68,7.73,7.64,7.67,7.73,-0.06,-0.78,349586.68,268706.577,-0.0077619663648125226,-0.007792247220165879,7.7,8.121500000000001,8.023166666666667,0.26642220889180124
2010-11-23,600900.SH,7.67,7.67,7.48,7.51,7.67,-0.16,-2.09,468784.34,353526.296,-0.020860495436766602,-0.02108114960312142,7.662000000000001,8.083,8.012666666666666,0.27281074416165935
2010-11-24,600900.SH,7.51,7.66,7.51,7.6,7.51,0.09,1.2,372992.92,283191.617,0.011984021304926706,0.011912781516241961,7.640000000000001,8.056000000000001,8.003,0.27496794059100504
2010-11-25,600900.SH,7.64,7.75,7.55,7.74,7.6,0.14,1.84,424156.33,324598.55,0.018421052631579116,0.018253440309350517,7.65,8.034,7.997166666666667,0.2843282354419122
2010-11-26,600900.SH,7.73,7.73,7.63,7.66,7.74,-0.08,-1.03,281838.62,215919.781,-0.01033591731266148,-0.010389703849135798,7.636,8.0105,7.990166666666667,0.28541216973725525
2010-11-29,600900.SH,7.65,7.74,7.63,7.69,7.66,0.03,0.39,293690.94,225546.597,0.003916449086161844,0.003908799765052639,7.640000000000001,7.9784999999999995,7.983333333333333,0.26796923072104595
2010-11-30,600900.SH,7.7,7.72,7.48,7.57,7.69,-0.12,-1.56,385042.72,291711.769,-0.015604681404421394,-0.015727716068195268,7.651999999999999,7.9355,7.976833333333333,0.2641957252787024
2010-12-01,600900.SH,7.61,7.74,7.59,7.73,7.57,0.16,2.11,420268.63,323302.267,0.021136063408190298,0.020915795149973257,7.678,7.908000000000001,7.972833333333333,0.27554157302967264
2010-12-02,600900.SH,7.8,7.84,7.71,7.71,7.73,-0.02,-0.26,376747.62,292637.238,-0.002587322121604174,-0.0025906750240925064,7.672,7.8785,7.968666666666667,0.27473977697382207
2010-12-03,600900.SH,7.75,7.85,7.71,7.82,7.71,0.11,1.43,393118.0,306506.045,0.014267185473411104,0.014166366981981541,7.704000000000001,7.853500000000001,7.965166666666666,0.2812891239502598
2010-12-06,600900.SH,7.83,7.85,7.72,7.79,7.82,-0.03,-0.38,350463.29,272788.816,-0.0038363171355498826,-0.003843694674562827,7.724000000000001,7.8215,7.963,0.2747287049507441
2010-12-07,600900.SH,7.79,7.8,7.68,7.76,7.79,-0.03,-0.39,317436.23,245041.276,-0.0038510911424903815,-0.0038585256875295227,7.7620000000000005,7.7924999999999995,7.962833333333333,0.2735272098168292
2010-12-08,600900.SH,7.75,7.77,7.65,7.68,7.76,-0.08,-1.03,265738.31,204652.549,-0.010309278350515427,-0.010362787035546547,7.752,7.7620000000000005,7.959666666666666,0.27448567346896263
2010-12-09,600900.SH,7.66,7.79,7.62,7.66,7.68,-0.02,-0.26,362577.17,278880.077,-0.0026041666666666297,-0.0026075634070808302,7.742,7.725499999999999,7.957166666666666,0.26820110897920474
2010-12-10,600900.SH,7.67,7.77,7.64,7.74,7.66,0.08,1.04,273035.99,210611.334,0.010443864229765065,0.010389703849135868,7.726000000000001,7.710500000000001,7.954666666666666,0.2336361593202589
2010-12-13,600900.SH,7.76,7.95,7.7,7.93,7.74,0.19,2.45,719243.48,562950.376,0.02454780361757103,0.02425134804512084,7.7540000000000004,7.7045,7.956166666666666,0.2516097162284566
2010-12-14,600900.SH,7.89,7.93,7.83,7.88,7.93,-0.05,-0.63,397150.31,312552.64,-0.006305170239596425,-0.006325131776968814,7.7780000000000005,7.713500000000001,7.957833333333332,0.19613203920922767
2010-12-15,600900.SH,7.87,7.91,7.79,7.8,7.88,-0.08,-1.02,313920.12,246054.921,-0.010152284263959421,-0.010204170174241736,7.802,7.717999999999999,7.958666666666667,0.20024627860874722
2010-12-16,600900.SH,7.81,7.85,7.75,7.77,7.8,-0.03,-0.38,185148.47,144311.529,-0.0038461538461538325,-0.0038535693159899662,7.824,7.7219999999999995,7.959833333333333,0.20056486643238677
2010-12-17,600900.SH,7.77,7.79,7.71,7.74,7.77,-0.03,-0.39,232580.56,179641.756,-0.0038610038610037423,-0.003868476777920206,7.824,7.722499999999999,7.9605,0.20038278605136334
2010-12-20,600900.SH,7.74,7.76,7.56,7.63,7.74,-0.11,-1.42,401079.12,307384.478,-0.014211886304909549,-0.014313842305270098,7.764,7.7204999999999995,7.956833333333333,0.20501076207891722
2010-12-21,600900.SH,7.65,7.75,7.61,7.73,7.63,0.1,1.31,314097.5,241390.934,0.013106159895150737,0.013021017302964972,7.734,7.7315,7.9558333333333335,0.19476997015151246
2010-12-22,600900.SH,7.74,7.77,7.6,7.64,7.73,-0.09,-1.16,384120.14,295639.254,-0.011642949547218673,-0.011711259420901515,7.702000000000001,7.733500000000001,7.954833333333332,0.19598038639251475
2010-12-23,600900.SH,7.64,7.71,7.62,7.63,7.64,-0.01,-0.13,278947.57,213759.846,-0.0013089005235601414,-0.0013097578820634181,7.6739999999999995,7.728,7.9544999999999995,0.1839763695552727
2010-12-24,600900.SH,7.62,7.68,7.6,7.63,7.63,0.0,0.0,243903.74,186066.893,0.0,0.0,7.651999999999999,7.7265,7.954166666666667,0.1803837451382915
2010-12-27,600900.SH,7.62,7.67,7.51,7.52,7.63,-0.11,-1.44,319684.37,243078.072,-0.014416775884665833,-0.014521707334617223,7.63,7.717999999999999,7.951333333333334,0.18655531071893716
2010-12-28,600900.SH,7.52,7.61,7.46,7.5,7.52,-0.02,-0.27,377141.4,283526.246,-0.0026595744680850686,-0.002663117419483662,7.5840000000000005,7.714499999999999,7.9495000000000005,0.1786535721305866
2010-12-29,600900.SH,7.51,7.58,7.51,7.55,7.5,0.05,0.67,265349.91,200241.866,0.006666666666666599,0.006644542718668511,7.566,7.705499999999999,7.949,0.16213373874741482
2010-12-30,600900.SH,7.56,7.58,7.47,7.51,7.55,-0.04,-0.53,301293.03,226131.3,-0.005298013245033095,-0.0053120974848899416,7.542,7.6955,7.9465,0.1627416967300908
2010-12-31,600900.SH,7.51,7.61,7.51,7.57,7.51,0.06,0.8,312218.17,235943.223,0.007989347536617952,0.00795760167331414,7.529999999999999,7.683,7.943,0.15618941473862286
2011-01-04,600900.SH,7.6,7.73,7.48,7.61,7.57,0.04,0.53,617601.47,470019.944,0.005284015852047519,0.005270104424237023,7.548,7.6739999999999995,7.932833333333334,0.15778697952827955
2011-01-05,600900.SH,7.61,7.66,7.58,7.6,7.61,-0.01,-0.13,394136.3,300023.622,-0.0013140604467806183,-0.00131492458130914,7.5680000000000005,7.6659999999999995,7.922,0.15746152810697253
2011-01-06,600900.SH,7.64,7.66,7.58,7.6,7.6,0.0,0.0,212866.11,162031.212,0.0,0.0,7.578,7.662000000000001,7.912333333333334,0.1535774149111059
2011-01-07,600900.SH,7.61,7.68,7.55,7.64,7.6,0.04,0.53,385717.51,293780.464,0.0052631578947368585,0.005249355886143745,7.603999999999999,7.661,7.901333333333333,0.1546687606017393
2011-01-10,600900.SH,7.63,7.68,7.6,7.61,7.64,-0.03,-0.39,256541.53,195968.745,-0.003926701570680535,-0.003934431304834562,7.612,7.654499999999999,7.886333333333334,0.15003535341564897
2011-01-11,600900.SH,7.61,7.74,7.58,7.72,7.61,0.11,1.45,398177.23,305296.052,0.014454664914586024,0.014351192163090288,7.634,7.644000000000001,7.871833333333333,0.13040923495815412
2011-01-12,600900.SH,7.72,7.72,7.64,7.7,7.72,-0.02,-0.26,243982.97,187480.118,-0.002590673575129432,-0.0025940351770465356,7.653999999999999,7.635,7.857833333333333,0.12918255308689824
2011-01-13,600900.SH,7.73,7.73,7.61,7.64,7.7,-0.06,-0.78,316460.0,242123.04,-0.007792207792207906,-0.007822725681209156,7.662000000000001,7.627,7.847166666666667,0.12725194910436127
2011-01-14,600900.SH,7.62,7.7,7.56,7.64,7.64,0.0,0.0,294682.1,224659.005,0.0,0.0,7.662000000000001,7.6205,7.8385,0.12684481586374993
2011-01-17,600900.SH,7.65,7.72,7.44,7.45,7.64,-0.19,-2.49,586971.34,445023.844,-0.024869109947643908,-0.025183570786960905,7.63,7.606,7.826833333333334,0.15280408080419997
2011-01-18,600900.SH,7.46,7.48,7.4,7.44,7.45,-0.01,-0.13,192454.61,143140.163,-0.0013422818791946067,-0.0013431835464676259,7.574000000000001,7.596499999999999,7.812833333333333,0.14567222901928253
2011-01-19,600900.SH,7.45,7.57,7.42,7.55,7.44,0.11,1.48,255505.69,191704.565,0.014784946236559016,0.014676714415932716,7.544,7.5875,7.800666666666667,0.14796579274031224
2011-01-20,600900.SH,7.55,7.58,7.4,7.43,7.55,-0.12,-1.59,360035.34,269929.73,-0.015894039735099397,-0.0160217045312656,7.502,7.577000000000001,7.788833333333333,0.1526643802432553
2011-01-21,600900.SH,7.43,7.59,7.4,7.5,7.43,0.07,0.94,268127.0,201196.573,0.009421265141319024,0.009377161812597005,7.473999999999999,7.5705,7.777500000000001,0.1573797860346449
2011-01-25,600900.SH,7.56,7.69,7.49,7.61,7.5,0.11,1.47,500077.27,379732.626,0.014666666666666606,0.014560151331329652,7.506,7.5695,7.768833333333333,0.16671741246096572
2011-01-26,600900.SH,7.6,7.71,7.57,7.66,7.61,0.05,0.66,264304.42,202404.195,0.006570302233902758,0.006548811878905462,7.55,7.5765,7.757666666666666,0.15925537744740545
2011-01-27,600900.SH,7.62,7.82,7.58,7.75,7.66,0.09,1.17,554939.73,429406.182,0.011749347258485532,0.01168085961275559,7.590000000000001,7.589,7.746333333333333,0.16306653587439032
2011-01-28,600900.SH,7.73,7.89,7.72,7.84,7.75,0.09,1.16,450468.69,352230.569,0.011612903225806326,0.011545990997060728,7.672,7.6034999999999995,7.739000000000001,0.1659872593010717
2011-01-31,600900.SH,7.84,7.93,7.84,7.85,7.84,0.01,0.13,404409.77,318971.781,0.0012755102040815647,0.0012746974320005163,7.742,7.6205,7.7315,0.16381207209343687
2011-02-01,600900.SH,7.85,7.86,7.72,7.79,7.85,-0.06,-0.76,245130.44,190532.873,-0.007643312101910826,-0.0076726719116601665,7.7780000000000005,7.6315,7.722666666666667,0.16595397464620285
2011-02-09,600900.SH,7.76,7.86,7.73,7.77,7.79,-0.02,-0.26,201729.73,156995.365,-0.0025673940949936247,-0.002570695503100866,7.8,7.6395,7.711666666666667,0.16591062415972466
2011-02-10,600900.SH,7.76,7.82,7.73,7.81,7.77,0.04,0.51,271450.39,210870.293,0.005148005148005064,0.00513479947203844,7.812,7.65,7.702833333333333,0.1662524966351489
2011-02-11,600900.SH,7.8,7.8,7.74,7.77,7.81,-0.04,-0.51,407169.28,316144.248,-0.005121638924455829,-0.005134799472038528,7.797999999999999,7.658499999999999,7.694166666666666,0.1678177223055096
2011-02-14,600900.SH,7.77,7.96,7.76,7.92,7.77,0.15,1.93,732816.4,577461.274,0.019305019305019266,0.019121041446778377,7.811999999999999,7.672499999999999,7.686333333333334,0.1793753863845161
2011-02-15,600900.SH,7.97,8.14,7.92,7.98,7.92,0.06,0.76,881592.59,708946.577,0.007575757575757569,0.007547205635382904,7.85,7.691,7.685333333333333,0.17909867764691595
2011-02-16,600900.SH,7.99,8.03,7.9,7.96,7.98,-0.02,-0.25,448070.29,356030.888,-0.0025062656641604564,-0.002509411605425807,7.888,7.7029999999999985,7.683833333333333,0.17405235558923013
2011-02-17,600900.SH,7.95,8.0,7.89,7.93,7.96,-0.03,-0.38,386780.89,306806.822,-0.0037688442211055717,-0.003775964209535074,7.912000000000001,7.714499999999999,7.687666666666667,0.17447733980236138
2011-02-18,600900.SH,7.9,7.91,7.79,7.8,7.93,-0.13,-1.64,390046.78,306097.987,-0.016393442622950838,-0.016529301951210582,7.918000000000001,7.722500000000001,7.689166666666667,0.18303416296370503
2011-02-21,600900.SH,7.8,7.89,7.8,7.87,7.8,0.07,0.9,302179.78,237269.218,0.008974358974358942,0.008934328733765774,7.9079999999999995,7.734,7.692166666666667,0.1850794288060333
2011-02-22,600900.SH,7.88,7.89,7.71,7.72,7.87,-0.15,-1.91,372623.09,289347.512,-0.019059720457433316,-0.01924369839262708,7.856,7.7475000000000005,7.691999999999999,0.1749530625709524
2011-02-23,600900.SH,7.73,7.77,7.71,7.72,7.72,0.0,0.0,243285.93,188193.58,0.0,0.0,7.808,7.761500000000001,7.692833333333334,0.1746939924658795
2011-02-24,600900.SH,7.73,7.76,7.69,7.74,7.72,0.02,0.26,229266.7,177118.058,0.002590673575129543,0.002587323564950954,7.7700000000000005,7.770999999999999,7.696666666666667,0.16800543301800203
2011-02-25,600900.SH,7.75,7.8,7.71,7.77,7.74,0.03,0.39,215203.66,166888.312,0.003875968992248069,0.003868476777920332,7.764,7.787999999999999,7.6995,0.15535534760327716
2011-02-28,600900.SH,7.79,7.8,7.72,7.78,7.77,0.01,0.13,243811.94,189196.239,0.0012870012870014325,0.0012861738107443066,7.7459999999999996,7.802,7.700166666666666,0.1530660898429182
2011-03-01,600900.SH,7.78,7.85,7.74,7.84,7.78,0.06,0.77,436857.59,340135.71,0.007712082262210762,0.007682496172016211,7.7700000000000005,7.8135,7.703166666666666,0.14723958769910775
2011-03-02,600900.SH,7.79,7.8,7.73,7.77,7.84,-0.07,-0.89,271636.21,210894.616,-0.008928571428571508,-0.008968669982760488,7.779999999999999,7.819,7.7044999999999995,0.15044710733731376
2011-03-03,600900.SH,7.78,7.84,7.76,7.78,7.77,0.01,0.13,359618.88,280483.197,0.0012870012870014325,0.0012861738107443066,7.787999999999999,7.8205,7.708,0.14478447797249053
2011-03-04,600900.SH,7.78,7.86,7.77,7.83,7.78,0.05,0.64,402475.56,314505.31,0.006426735218509005,0.006406171812411507,7.8,7.82,7.709666666666666,0.1404844214747359
2011-03-07,600900.SH,7.85,7.98,7.83,7.96,7.83,0.13,1.66,665353.25,527015.706,0.016602809706258048,0.01646648985357998,7.836,7.825500000000001,7.713833333333333,0.1523985913847772
2011-03-08,600900.SH,7.96,8.03,7.9,7.94,7.96,-0.02,-0.25,432998.48,344915.149,-0.002512562814070307,-0.002515724597247247,7.856,7.833,7.715833333333333,0.14972000009596304
2011-03-09,600900.SH,7.97,7.97,7.89,7.9,7.94,-0.04,-0.5,362477.54,287142.018,-0.005037783375314908,-0.0050505157860685915,7.882,7.839500000000001,7.717666666666667,0.15075313338642082
2011-03-10,600900.SH,7.9,7.9,7.77,7.78,7.9,-0.12,-1.52,406670.83,317954.214,-0.015189873417721489,-0.015306421282675545,7.882000000000001,7.838000000000001,7.718,0.16009942569253613
2011-03-11,600900.SH,7.76,7.81,7.73,7.75,7.78,-0.03,-0.39,304224.61,236464.805,-0.003856041131105381,-0.00386349482504459,7.866,7.837000000000001,7.719166666666666,0.15963991556266505
2011-03-14,600900.SH,7.76,7.82,7.73,7.77,7.75,0.02,0.26,369690.98,287499.27,0.002580645161290196,0.002577321014300319,7.828,7.8295,7.721000000000001,0.14285986332830605
2011-03-15,600900.SH,7.77,7.77,7.57,7.67,7.77,-0.1,-1.29,570974.67,437576.528,-0.01287001287001277,-0.012953549000391152,7.774000000000001,7.814,7.719833333333333,0.1451552804278386
2011-03-16,600900.SH,7.69,7.75,7.69,7.72,7.67,0.05,0.65,310110.06,239105.017,0.006518904823989535,0.00649774865751995,7.7379999999999995,7.802000000000001,7.716333333333334,0.14819121446526995
2011-03-17,600900.SH,7.71,8.23,7.67,8.01,7.72,0.29,3.76,1886760.58,1518989.558,0.03756476683937815,0.03687639704358296,7.784000000000001,7.806,7.718500000000001,0.20245142550558395
2011-03-18,600900.SH,8.0,8.03,7.88,7.95,8.01,-0.06,-0.75,682467.15,543020.881,-0.0074906367041197575,-0.007518832414027228,7.824,7.8134999999999994,7.721,0.1948772677247391
2011-03-21,600900.SH,7.96,8.01,7.87,7.89,7.95,-0.06,-0.75,433569.31,344247.672,-0.007547169811320864,-0.007575793808457768,7.848000000000001,7.8145,7.723,0.19476158987176803
2011-03-22,600900.SH,7.9,8.02,7.85,7.98,7.89,0.09,1.14,497679.23,396201.124,0.011406844106463865,0.01134227660393451,7.909999999999999,7.827499999999999,7.727,0.18456529142030742
2011-03-23,600900.SH,7.99,8.12,7.96,8.09,7.98,0.11,1.38,705690.31,570104.795,0.013784461152882121,0.013690319608682841,7.984,7.845999999999999,7.7346666666666675,0.1892860017005269
2011-03-24,600900.SH,8.09,8.24,8.06,8.09,8.09,0.0,0.0,485527.43,394515.225,0.0,0.0,8.0,7.8635,7.740666666666667,0.1894765378873798
2011-03-25,600900.SH,8.09,8.16,8.08,8.09,8.09,0.0,0.0,403705.18,327823.576,0.0,0.0,8.028,7.8795,7.748166666666666,0.18954322720874056
2011-03-28,600900.SH,8.09,8.14,8.05,8.06,8.09,-0.03,-0.37,400984.38,325377.772,-0.003708281829418958,-0.0037151745518633197,8.062,7.8935,7.755333333333334,0.19064898807910108
2011-03-29,600900.SH,8.06,8.06,7.93,7.96,8.06,-0.1,-1.24,514730.39,411718.505,-0.012406947890818976,-0.012484556662245396,8.058,7.899500000000001,7.760833333333334,0.19573415381837478
2011-03-30,600900.SH,7.96,8.03,7.94,7.96,7.96,0.0,0.0,360410.24,287654.534,0.0,0.0,8.032,7.909000000000001,7.768166666666667,0.19236630434075322
2011-03-31,600900.SH,7.96,7.99,7.91,7.97,7.96,0.01,0.13,284173.69,225884.18,0.0012562814070351536,0.0012554929458320028,8.008,7.9185,7.776,0.19236631542576577
2011-04-01,600900.SH,7.96,8.01,7.9,7.97,7.97,0.0,0.0,314977.73,250542.517,0.0,0.0,7.984,7.9254999999999995,7.7829999999999995,0.19143445192179506
2011-04-06,600900.SH,7.95,8.1,7.94,8.09,7.97,0.12,1.51,405270.99,325597.033,0.01505646173149322,0.01494423826827677,7.989999999999999,7.9319999999999995,7.792666666666666,0.18982995760285543
2011-04-07,600900.SH,8.11,8.14,8.05,8.14,8.09,0.05,0.62,329842.83,267247.891,0.006180469715698411,0.0061614489440486265,8.026,7.942,7.8021666666666665,0.1902783807644362
2011-04-08,600900.SH,8.13,8.13,8.07,8.11,8.14,-0.03,-0.37,234269.35,189718.309,-0.0036855036855037993,-0.003692311887127491,8.056000000000001,7.952499999999999,7.8105,0.1897396281612898
2011-04-11,600900.SH,8.12,8.22,8.1,8.14,8.11,0.03,0.37,469830.31,383509.157,0.0036991368680643344,0.003692311887127592,8.09,7.9704999999999995,7.819500000000001,0.1794281162567643
2011-04-12,600900.SH,8.15,8.41,8.13,8.34,8.14,0.2,2.46,1057088.51,876932.145,0.02457002457002444,0.024273036356206333,8.164,8.0,7.831833333333333,0.19420517511664548
2011-04-13,600900.SH,8.29,8.35,8.22,8.32,8.34,-0.02,-0.24,447463.58,370190.585,-0.0023980815347721673,-0.0024009615375381503,8.209999999999999,8.0275,7.843166666666666,0.1954016653969495
2011-04-14,600900.SH,8.32,8.4,8.25,8.28,8.32,-0.04,-0.48,341683.39,284191.455,-0.004807692307692402,-0.004819286435948995,8.238,8.058,7.854333333333333,0.18841606505815195
2011-04-15,600900.SH,8.26,8.33,8.17,8.26,8.28,-0.02,-0.24,377887.14,311563.514,-0.0024154589371979673,-0.002418380864281527,8.267999999999999,8.084999999999999,7.863333333333333,0.18943502771617343
2011-04-18,600900.SH,8.26,8.43,8.23,8.36,8.26,0.1,1.21,448119.13,374411.094,0.012106537530266248,0.012033839563723463,8.312,8.102500000000001,7.874333333333334,0.14496825326373303
2011-04-19,600900.SH,8.3,8.33,8.15,8.16,8.36,-0.2,-2.39,370325.85,303845.301,-0.023923444976076458,-0.024214258120594512,8.276,8.113000000000001,7.882999999999999,0.16921501483682086
2011-04-20,600900.SH,8.2,8.23,8.09,8.12,8.16,-0.04,-0.49,488457.52,397582.987,-0.004901960784313819,-0.004914014802429152,8.236,8.124500000000001,7.891,0.16762160799115747
2011-04-21,600900.SH,8.17,8.18,8.08,8.15,8.12,0.03,0.37,292424.61,237835.132,0.003694581280788256,0.003687773079184836,8.209999999999999,8.133,7.902666666666667,0.16376142066603586
2011-04-22,600900.SH,8.16,8.18,8.09,8.18,8.15,0.03,0.37,409912.33,333307.245,0.0036809815950920033,0.0036742233618843254,8.193999999999999,8.1375,7.915000000000001,0.15718086497450343
2011-04-25,600900.SH,8.15,8.16,8.03,8.05,8.18,-0.13,-1.59,356868.02,288338.361,-0.01589242053789719,-0.01602005918418356,8.132000000000001,8.1355,7.923333333333333,0.16775301323483802
2011-04-26,600900.SH,8.05,8.1,7.99,8.03,8.05,-0.02,-0.25,308091.26,247703.437,-0.002484472049689601,-0.002487563471801858,8.106,8.1325,7.933333333333334,0.16794645693435328
2011-04-27,600900.SH,8.04,8.14,8.04,8.11,8.03,0.08,1.0,474494.08,384072.037,0.00996264009962644,0.009913340168651287,8.104,8.135,7.9435,0.17126525596797382
2011-04-28,600900.SH,8.11,8.14,7.97,7.99,8.11,-0.12,-1.48,369118.36,297347.089,-0.014796547472256338,-0.014907108349138116,8.072,8.1365,7.949833333333332,0.17381969707383407
2011-04-29,600900.SH,7.99,8.31,7.99,8.23,7.99,0.24,3.0,717126.27,587551.959,0.030037546933667114,0.029595254910795173,8.082,8.15,7.959333333333333,0.20343651797313192
2011-05-03,600900.SH,8.25,8.36,8.16,8.27,8.23,0.04,0.49,615463.03,509879.918,0.004860267314702238,0.004848494346621432,8.126,8.165000000000001,7.968,0.20372325866169796
2011-05-04,600900.SH,8.23,8.34,8.11,8.13,8.27,-0.14,-1.69,474907.66,390948.325,-0.016928657799274327,-0.017073585475880563,8.145999999999999,8.173,7.972833333333333,0.21442822788267074
2011-05-05,600900.SH,8.1,8.14,8.04,8.11,8.13,-0.02,-0.25,324692.61,262981.507,-0.002460024600246191,-0.0024630554323978593,8.146,8.174000000000001,7.977166666666666,0.20821068816521507
2011-05-06,600900.SH,8.07,8.34,8.04,8.27,8.11,0.16,1.97,475229.98,390952.402,0.019728729963008673,0.019536640908278436,8.202000000000002,8.180499999999999,7.985166666666667,0.21865960361728437
2011-05-09,600900.SH,8.28,8.4,8.25,8.33,8.27,0.06,0.73,489692.51,407947.48,0.007255139056832061,0.007228947143151513,8.222,8.191500000000001,7.9945,0.21907661967924696
2011-05-10,600900.SH,8.33,8.37,8.23,8.34,8.33,0.01,0.12,445450.2,369651.344,0.0012004801920768582,0.001199760191904095,8.236,8.2015,8.003333333333334,0.21891274123052668
2011-05-11,600900.SH,8.35,8.37,8.21,8.24,8.34,-0.1,-1.2,331640.85,273919.242,-0.011990407673860837,-0.012062872449274984,8.258,8.196499999999999,8.011166666666666,0.20542993828240627
2011-05-12,600900.SH,8.2,8.34,8.14,8.23,8.24,-0.01,-0.12,457165.82,377826.273,-0.0012135922330096527,-0.001214329232401831,8.282,8.192,8.016333333333334,0.20532959231259643
2011-05-13,600900.SH,8.28,8.32,8.1,8.2,8.23,-0.03,-0.36,471357.89,385785.631,-0.0036452004860269005,-0.0036518604187711842,8.268,8.187999999999999,8.02,0.20504471740395053
2011-05-16,600900.SH,8.18,8.22,8.08,8.1,8.2,-0.1,-1.22,281221.23,228694.468,-0.012195121951219523,-0.01227009259181436,8.222,8.18,8.022333333333334,0.20921196206959852
2011-05-17,600900.SH,8.1,8.15,8.02,8.05,8.1,-0.05,-0.62,420263.4,339251.066,-0.006172839506172756,-0.006191970247920995,8.164,8.1645,8.024333333333333,0.2041455109346763
2011-05-18,600900.SH,8.05,8.1,8.02,8.08,8.05,0.03,0.37,304461.27,245558.571,0.003726708074534013,0.0037197811025318607,8.132,8.160499999999999,8.029,0.18731964844149768
2011-05-19,600900.SH,8.09,8.09,7.9,7.92,8.08,-0.16,-1.98,526332.36,419374.778,-0.01980198019801982,-0.020000666706669543,8.069999999999999,8.1505,8.029833333333332,0.1991351159621285
2011-05-23,600900.SH,7.88,7.88,7.38,7.44,7.92,-0.48,-6.06,1426294.12,1076871.02,-0.06060606060606055,-0.06252035698133393,7.918000000000001,8.115,8.025166666666667,0.288877439742986
2011-05-24,600900.SH,7.4,7.46,7.28,7.45,7.44,0.01,0.13,624315.93,461951.534,0.0013440860215052641,0.0013431835464675379,7.787999999999999,8.0785,8.020666666666667,0.28812995828984395
2011-05-25,600900.SH,7.4,7.49,7.38,7.42,7.45,-0.03,-0.4,282798.51,210162.638,-0.004026845637583931,-0.0040349752121791056,7.662000000000001,8.047,8.015333333333333,0.2849705510993678
2011-05-26,600900.SH,7.46,7.5,7.37,7.38,7.42,-0.04,-0.54,245454.3,182655.835,-0.005390835579514808,-0.005405418566907935,7.522,8.0145,8.008833333333333,0.2849644216221436
2011-05-27,600900.SH,7.38,7.4,7.32,7.34,7.38,-0.04,-0.54,283144.17,208112.299,-0.005420054200542035,-0.005434795985956945,7.406000000000001,7.976000000000001,8.0015,0.2801180557218102
2011-05-30,600900.SH,7.32,7.38,7.28,7.31,7.34,-0.03,-0.41,248615.09,182296.689,-0.004087193460490468,-0.004095568864737082,7.38,7.942,7.992666666666667,0.2776300418714391
2011-05-31,600900.SH,7.37,7.46,7.35,7.4,7.31,0.09,1.23,194510.45,143979.869,0.012311901504788114,0.012236726448437084,7.369999999999999,7.900499999999999,7.9865,0.2547488885893863
2011-06-01,600900.SH,7.41,7.43,7.36,7.4,7.4,0.0,0.0,183051.99,135337.266,0.0,0.0,7.366,7.856999999999999,7.980166666666666,0.2527860065338737
2011-06-02,600900.SH,7.38,7.44,7.31,7.4,7.4,0.0,0.0,275026.15,203439.559,0.0,0.0,7.37,7.8205,7.973,0.2496858284563703
2011-06-03,600900.SH,7.41,7.43,7.39,7.42,7.4,0.02,0.27,183351.74,135941.542,0.002702702702702675,0.0026990569691649835,7.386,7.786000000000001,7.964,0.2509344588104199
2011-06-07,600900.SH,7.43,7.48,7.4,7.45,7.42,0.03,0.4,215668.07,160509.377,0.0040431266846361336,0.004034975212179082,7.414,7.745,7.9558333333333335,0.23677931878230357
2011-06-08,600900.SH,7.45,7.45,7.38,7.43,7.45,-0.02,-0.27,161794.84,119962.995,-0.0026845637583893245,-0.002688173661800414,7.42,7.7,7.9479999999999995,0.23249116863590708
2011-06-09,600900.SH,7.42,7.45,7.33,7.34,7.43,-0.09,-1.21,164177.54,121697.518,-0.012113055181695809,-0.012187016103243565,7.4079999999999995,7.65,7.940666666666667,0.23213252800250053
2011-06-10,600900.SH,7.35,7.42,7.3,7.41,7.34,0.07,0.95,236220.24,173786.867,0.0095367847411445,0.009491596681571391,7.409999999999999,7.608500000000001,7.9350000000000005,0.23759814023713036
2011-06-13,600900.SH,7.39,7.47,7.34,7.45,7.41,0.04,0.54,177371.75,131759.971,0.005398110661268607,0.005383593083472679,7.4159999999999995,7.5695,7.929666666666666,0.24020851854890127
2011-06-14,600900.SH,7.45,7.48,7.41,7.46,7.45,0.01,0.13,174736.19,130293.788,0.0013422818791946067,0.0013413818242013111,7.417999999999999,7.532500000000001,7.926166666666666,0.2411917969793437
2011-06-15,600900.SH,7.46,7.47,7.42,7.43,7.46,-0.03,-0.4,149248.59,111107.1,-0.004021447721179627,-0.004029555486001688,7.417999999999999,7.4990000000000006,7.921333333333333,0.2395193670209656
2011-06-16,600900.SH,7.4,7.42,7.36,7.36,7.43,-0.07,-0.94,206157.61,152222.291,-0.009421265141318913,-0.009465925988882863,7.422,7.464499999999999,7.9105,0.24015168362256903
2011-06-17,600900.SH,7.38,7.42,7.37,7.37,7.36,0.01,0.14,143578.67,106123.338,0.0013586956521738358,0.0013577734604602887,7.414,7.429,7.900833333333334,0.23923967792407586
2011-06-20,600900.SH,7.4,7.46,7.36,7.37,7.37,0.0,0.0,193602.68,143194.77,0.0,0.0,7.398000000000001,7.4015,7.892166666666667,0.23265079650797676
2011-06-21,600900.SH,7.4,7.42,7.35,7.41,7.37,0.04,0.54,221986.65,163712.823,0.005427408412483015,0.005412733106750259,7.388,7.4,7.882666666666666,0.0949524116943624
2011-06-22,600900.SH,7.42,7.44,7.37,7.42,7.41,0.01,0.14,244148.04,180551.936,0.0013495276653170407,0.001348617871293463,7.386,7.3985,7.871499999999999,0.0949535759172289
2011-06-23,600900.SH,7.18,7.21,7.11,7.2,7.16,0.04,0.56,179605.12,128453.506,-0.029649595687331498,-0.030098031157279413,7.354000000000001,7.3875,7.8566666666666665,0.14106663230663588
2011-06-24,600900.SH,7.18,7.32,7.16,7.29,7.2,0.09,1.25,306372.49,222295.228,0.012499999999999956,0.01242251999855711,7.337999999999999,7.383,7.843333333333334,0.1485601812967173
2011-06-27,600900.SH,7.28,7.3,7.22,7.25,7.29,-0.04,-0.55,245679.82,178314.628,-0.005486968449931462,-0.005502077153983422,7.314,7.3785,7.829833333333334,0.14858933444309302
2011-06-28,600900.SH,7.27,7.27,7.19,7.22,7.25,-0.03,-0.41,159067.89,114797.431,-0.004137931034482789,-0.004146515961848577,7.275999999999999,7.374,7.8175,0.14860535042403666
2011-06-29,600900.SH,7.23,7.25,7.17,7.19,7.22,-0.03,-0.42,262498.03,188911.906,-0.0041551246537395725,-0.004163781171779501,7.2299999999999995,7.363499999999999,7.804666666666667,0.14096139412466213
2011-06-30,600900.SH,7.2,7.26,7.18,7.21,7.19,0.02,0.28,252365.73,182162.926,0.0027816411682892728,0.0027777795639023694,7.232000000000001,7.354000000000001,7.792,0.14167198236891895
2011-07-01,600900.SH,7.23,7.23,7.17,7.18,7.21,-0.03,-0.42,236318.93,169831.28,-0.004160887656033285,-0.004169568236724892,7.210000000000001,7.343000000000001,7.778833333333334,0.1419502041497878
2011-07-04,600900.SH,7.21,7.3,7.2,7.3,7.18,0.12,1.67,396162.56,287208.077,0.01671309192200554,0.0165749650942126,7.220000000000001,7.336999999999999,7.765666666666666,0.15547897502013328
2011-07-05,600900.SH,7.28,7.34,7.25,7.31,7.3,0.01,0.14,258949.52,188895.518,0.00136986301369868,0.0013689256073417405,7.2379999999999995,7.33,7.751833333333334,0.15466906024157143
2011-07-06,600900.SH,7.3,7.31,7.22,7.27,7.31,-0.04,-0.55,206162.1,149698.675,-0.005471956224350261,-0.005486982216259193,7.2540000000000004,7.322,7.737833333333333,0.1554096727294963
2011-07-07,600900.SH,7.28,7.3,7.22,7.23,7.27,-0.04,-0.55,219661.44,159313.09,-0.005502063273727487,-0.005517255374754517,7.258,7.3165,7.722666666666667,0.15086875376574296
2011-07-08,600900.SH,7.23,7.26,7.21,7.22,7.23,-0.01,-0.14,123384.41,89237.003,-0.0013831258644537714,-0.0013840832659385636,7.266,7.3069999999999995,7.704,0.1459290715612215
2011-07-11,600900.SH,7.25,7.27,7.2,7.24,7.22,0.02,0.28,157921.45,114358.11,0.0027700831024930483,0.00276625349289011,7.254,7.2965,7.686000000000001,0.14463174577779217
2011-07-12,600900.SH,7.22,7.24,7.13,7.14,7.24,-0.1,-1.38,307065.2,220138.54,-0.013812154696132617,-0.013908430046132,7.220000000000001,7.280499999999999,7.667,0.15071201826449393
2011-07-13,600900.SH,7.16,7.21,7.14,7.2,7.14,0.06,0.84,228261.11,163613.374,0.008403361344537785,0.00836824967051658,7.206,7.269,7.649333333333333,0.1550526730348712
2011-07-14,600900.SH,7.2,7.2,7.14,7.18,7.2,-0.02,-0.28,238289.2,170668.945,-0.002777777777777879,-0.002781642961876914,7.196000000000001,7.26,7.629666666666666,0.15233506565432858
2011-07-15,600900.SH,7.18,7.2,7.14,7.2,7.18,0.02,0.28,175044.84,125565.002,0.0027855153203342198,0.0027816429618767705,7.192,7.2515,7.613666666666666,0.15273574616861
2011-07-18,600900.SH,7.2,7.21,7.16,7.19,7.2,-0.01,-0.14,275925.62,197994.77,-0.001388888888888884,-0.0013898542890543016,7.1819999999999995,7.2425,7.598166666666667,0.1526799994283894
2011-07-19,600900.SH,7.16,7.17,7.09,7.12,7.19,-0.07,-0.97,224607.29,160168.978,-0.009735744089012566,-0.009783446309070971,7.178,7.228,7.5809999999999995,0.15344704528104036
2011-07-20,600900.SH,7.16,7.18,7.12,7.15,7.12,0.03,0.42,238353.37,170408.887,0.004213483146067398,0.00420463128203187,7.168000000000001,7.214500000000001,7.563833333333333,0.15459614615400072
2011-07-21,600900.SH,7.16,7.17,7.07,7.07,7.15,-0.08,-1.12,311085.28,220982.287,-0.01118881118881121,-0.01125187679743492,7.146000000000001,7.208,7.5475,0.12066179266208754
2011-07-22,600900.SH,7.1,7.11,7.06,7.07,7.07,0.0,0.0,185264.47,131131.265,0.0,0.0,7.12,7.197,7.531499999999999,0.10995646545325165
2011-07-25,600900.SH,7.06,7.06,6.76,6.79,7.07,-0.28,-3.96,409279.56,282446.065,-0.03960396039603964,-0.040409538337876666,7.040000000000001,7.1739999999999995,7.5095,0.1742331641346689
2011-07-26,600900.SH,6.81,6.83,6.73,6.74,6.79,-0.05,-0.74,231625.06,156548.197,-0.007363770250368162,-0.007391016646389067,6.964,7.15,7.488666666666668,0.17483525409584727
2011-07-27,600900.SH,6.72,6.73,6.65,6.72,6.74,-0.02,-0.3,425894.17,284539.628,-0.0029673590504452063,-0.002971770389157593,6.878,7.1265,7.4635,0.17481582866845313
2011-07-28,600900.SH,6.67,6.68,6.62,6.67,6.72,-0.05,-0.74,237400.47,157724.136,-0.007440476190476164,-0.007468294607525799,6.798,7.099500000000001,7.436833333333334,0.17384984871596856
2011-07-29,600900.SH,6.67,6.77,6.66,6.74,6.67,0.07,1.05,233327.08,156479.27,0.010494752623688264,0.010440064996683422,6.732000000000001,7.077499999999999,7.413666666666668,0.1811085987261302
2011-08-01,600900.SH,6.74,6.74,6.71,6.72,6.74,-0.02,-0.3,152453.15,102452.935,-0.0029673590504452063,-0.002971770389157593,6.718000000000001,7.0485,7.3905,0.1653484621467341
2011-08-02,600900.SH,6.72,6.72,6.62,6.66,6.72,-0.06,-0.89,153341.62,101950.871,-0.008928571428571397,-0.008968669982760375,6.702,7.016,7.363666666666666,0.1648881733915662
2011-08-03,600900.SH,6.63,6.66,6.6,6.62,6.66,-0.04,-0.6,198409.63,131543.594,-0.006006006006005982,-0.006024114603380902,6.682,6.983499999999999,7.335166666666667,0.1649368108267513
2011-08-04,600900.SH,6.66,6.69,6.63,6.68,6.62,0.06,0.91,137199.89,91284.777,0.009063444108761365,0.009022617599637552,6.684,6.956,7.307500000000001,0.17186177041177
2011-08-05,600900.SH,6.55,6.55,6.48,6.54,6.68,-0.14,-2.1,223133.06,145701.676,-0.020958083832335328,-0.021180822079447024,6.644,6.922,7.279166666666667,0.18182947732931054
2011-08-08,600900.SH,6.48,6.51,6.21,6.42,6.54,-0.12,-1.83,384954.73,244897.895,-0.01834862385321101,-0.018519047767237527,6.5840000000000005,6.881,7.249,0.18547597426155343
2011-08-09,600900.SH,6.27,6.37,6.22,6.36,6.42,-0.06,-0.93,277176.95,174163.503,-0.009345794392523255,-0.009389740349838919,6.523999999999999,6.8420000000000005,7.218333333333334,0.183625726589476
2011-08-10,600900.SH,6.4,6.44,6.38,6.4,6.36,0.04,0.63,241953.15,155078.962,0.0062893081761006275,0.006269613013595395,6.4799999999999995,6.802,7.1899999999999995,0.18161404308659138
2011-08-11,600900.SH,6.32,6.44,6.3,6.43,6.4,0.03,0.47,157966.72,100863.512,0.004687499999999956,0.004676547883901803,6.43,6.764500000000001,7.163,0.1851649882056285
2011-08-12,600900.SH,6.44,6.53,6.43,6.47,6.43,0.04,0.62,185797.52,120514.35,0.0062208398133747345,0.006201570263281107,6.4159999999999995,6.728,7.136166666666666,0.18757377488995228
2011-08-15,600900.SH,6.47,6.55,6.41,6.54,6.47,0.07,1.08,223997.54,144794.386,0.010819165378670892,0.010761056956298238,6.44,6.6955,7.113166666666667,0.19574621913869555
2011-08-16,600900.SH,6.51,6.56,6.49,6.55,6.54,0.01,0.15,191153.11,124987.67,0.001529051987767538,0.0015278841780531714,6.478,6.667,7.098333333333334,0.1959509253524226
2011-08-17,600900.SH,6.53,6.57,6.5,6.56,6.55,0.01,0.15,100613.95,65924.715,0.0015267175572519776,0.0015255533088371917,6.51,6.6375,7.0835,0.19466876271171527
2011-08-18,600900.SH,6.54,6.56,6.52,6.53,6.56,-0.03,-0.46,165964.87,108393.888,-0.004573170731707266,-0.004583659667657928,6.529999999999999,6.6105,7.068666666666667,0.19293836671000972
2011-08-19,600900.SH,6.45,6.5,6.35,6.37,6.53,-0.16,-2.45,170493.18,109390.535,-0.024502297090352232,-0.024807473704267727,6.51,6.5755,7.051833333333334,0.20557018603702779
2011-08-22,600900.SH,6.37,6.4,6.26,6.29,6.37,-0.08,-1.26,101697.4,64324.963,-0.012558869701726816,-0.012638398871722793,6.459999999999999,6.5504999999999995,7.0343333333333335,0.1635092584077218
2011-08-23,600900.SH,6.3,6.41,6.27,6.39,6.29,0.1,1.59,107703.49,68215.724,0.015898251192368873,0.015773197677094314,6.428,6.5329999999999995,7.019,0.17701322487118332
2011-08-24,600900.SH,6.4,6.42,6.32,6.34,6.39,-0.05,-0.78,93826.21,59745.579,-0.007824726134585291,-0.007855499940308883,6.384,6.514,7.001333333333334,0.17798276457542622
2011-08-25,600900.SH,6.36,6.51,6.34,6.49,6.34,0.15,2.37,199273.39,128380.154,0.023659305993690927,0.023383762266864144,6.3759999999999994,6.505,6.986166666666666,0.20018609501124107
2011-08-26,600900.SH,6.45,6.48,6.41,6.45,6.49,-0.04,-0.62,107469.49,69186.68,-0.006163328197226536,-0.006182399908317539,6.392,6.4905,6.9703333333333335,0.19586447951586664
2011-08-29,600900.SH,6.4,6.42,6.31,6.32,6.45,-0.13,-2.02,114682.34,72803.558,-0.020155038759689936,-0.02036092264891508,6.398000000000001,6.4704999999999995,6.952,0.20608147734941984
2011-08-30,600900.SH,6.36,6.43,6.32,6.34,6.32,0.02,0.32,127720.6,81443.659,0.0031645569620253333,0.003159560290368518,6.388,6.4545,6.9334999999999996,0.20592514399793452
2011-08-31,600900.SH,6.35,6.38,6.29,6.32,6.34,-0.02,-0.32,101657.77,64313.474,-0.003154574132492094,-0.0031595602903684815,6.384,6.4395,6.915,0.20550733210240427
2011-09-01,600900.SH,6.32,6.38,6.25,6.3,6.32,-0.02,-0.32,126183.46,79675.899,-0.0031645569620254443,-0.0031695747612791787,6.346,6.4205,6.897666666666667,0.20112690522595658
2011-09-02,600900.SH,6.28,6.31,6.17,6.18,6.3,-0.12,-1.9,164215.38,102137.899,-0.01904761904761909,-0.019231361927887644,6.292,6.402499999999999,6.877166666666667,0.19894780904197004
2011-09-05,600900.SH,6.17,6.17,6.06,6.08,6.18,-0.1,-1.62,139690.97,85066.423,-0.016181229773462702,-0.016313575491523683,6.244000000000001,6.3855,6.854333333333333,0.19683174358471653
2011-09-06,600900.SH,6.05,6.1,6.0,6.05,6.08,-0.03,-0.49,125184.79,75801.868,-0.004934210526315819,-0.004946423935325574,6.186,6.369999999999999,6.8308333333333335,0.1954575975160351
2011-09-07,600900.SH,6.06,6.15,6.03,6.12,6.05,0.07,1.16,152219.52,92692.727,0.011570247933884392,0.011503824481484713,6.146,6.356,6.809,0.19943809491250564
2011-09-08,600900.SH,6.12,6.25,6.09,6.23,6.12,0.11,1.8,226605.21,140173.019,0.017973856209150485,0.017814236275127217,6.132,6.346,6.790166666666667,0.21074352830606863
2011-09-09,600900.SH,6.22,6.42,6.21,6.27,6.23,0.04,0.64,248066.28,156976.891,0.006420545746388395,0.006400021845467505,6.15,6.336,6.771833333333333,0.21084167279451888
2011-09-13,600900.SH,6.21,6.49,6.19,6.39,6.27,0.12,1.91,375627.68,240106.236,0.019138755980861344,0.018957913744614207,6.212,6.3285,6.7555,0.219184139916282
2011-09-14,600900.SH,6.4,6.41,6.26,6.37,6.39,-0.02,-0.31,198154.86,125304.575,-0.00312989045383405,-0.003134798805371392,6.276,6.3195,6.738166666666667,0.21907558221790613
2011-09-16,600900.SH,6.4,6.46,6.29,6.31,6.37,-0.06,-0.94,179109.79,114294.561,-0.009419152276295195,-0.009463793030950251,6.314,6.307,6.719666666666667,0.22064100709410128
2011-09-19,600900.SH,6.28,6.29,6.22,6.23,6.31,-0.08,-1.27,84176.58,52602.194,-0.012678288431061668,-0.012759343753759873,6.314,6.292,6.703500000000001,0.2238210108843475
2011-09-20,600900.SH,6.24,6.36,6.2,6.34,6.23,0.11,1.77,112744.93,71075.928,0.017656500802568198,0.01750243564977276,6.328,6.2905,6.687666666666667,0.21819815393884712
2011-09-21,600900.SH,6.32,6.49,6.29,6.44,6.34,0.1,1.58,187760.77,120360.822,0.015772870662460692,0.015649771667127815,6.338,6.298,6.674166666666666,0.2199907398382378
2011-09-22,600900.SH,6.4,6.43,6.28,6.3,6.44,-0.14,-2.17,181840.78,115860.9,-0.021739130434782705,-0.02197890671877534,6.324,6.2935,6.658833333333333,0.22724498593084413
2011-09-23,600900.SH,6.24,6.33,6.19,6.25,6.3,-0.05,-0.79,175776.52,109711.437,-0.007936507936507908,-0.007968169649176845,6.312,6.289,6.643166666666667,0.22729238587807532
2011-09-26,600900.SH,6.21,6.27,6.2,6.24,6.25,-0.01,-0.16,148400.57,92646.079,-0.0015999999999999348,-0.001601281366973768,6.314,6.2765,6.627,0.20841017500837555
2011-09-27,600900.SH,6.28,6.36,6.26,6.34,6.24,0.1,1.6,115128.75,72652.141,0.01602564102564097,0.015898586067798204,6.314,6.271,6.6129999999999995,0.2170655816843884
2011-09-28,600900.SH,6.32,6.36,6.22,6.24,6.34,-0.1,-1.58,139569.65,87547.968,-0.01577287066246047,-0.01589858606779816,6.273999999999999,6.267,6.595333333333333,0.21238210604270116
2011-09-29,600900.SH,6.21,6.31,6.19,6.27,6.24,0.03,0.48,175852.31,110076.046,0.004807692307692291,0.0047961722634930135,6.268000000000001,6.2635,6.577999999999999,0.21284303587344677
2011-09-30,600900.SH,6.22,6.3,6.22,6.26,6.27,-0.01,-0.16,138424.84,86759.726,-0.0015948963317383713,-0.0015961695328221036,6.2700000000000005,6.2605,6.561166666666667,0.21265400147003222
2011-10-10,600900.SH,6.26,6.31,6.22,6.25,6.26,-0.01,-0.16,97293.55,60874.472,-0.0015974440894568342,-0.0015987213636969929,6.272,6.258,6.544833333333333,0.21245563628312805
2011-10-11,600900.SH,6.35,6.39,6.27,6.3,6.25,0.05,0.8,174458.54,110410.923,0.008000000000000007,0.007968169649176881,6.264,6.264,6.5295,0.2022716337409337
2011-10-12,600900.SH,6.27,6.44,6.26,6.42,6.3,0.12,1.9,232857.13,148668.258,0.01904761904761898,0.018868484304382736,6.299999999999999,6.281000000000001,6.515833333333333,0.20114433249133515
2011-10-13,600900.SH,6.41,6.48,6.35,6.45,6.42,0.03,0.47,227472.64,146002.507,0.004672897196261738,0.004662013105811371,6.336,6.301,6.504333333333333,0.19912518391339415
2011-10-14,600900.SH,6.44,6.46,6.4,6.45,6.45,0.0,0.0,134769.96,86612.924,0.0,0.0,6.3740000000000006,6.3175,6.491833333333334,0.19696060981312868
2011-10-17,600900.SH,6.45,6.52,6.43,6.48,6.45,0.03,0.47,125488.18,81198.837,0.0046511627906977715,0.004640379556502301,6.42,6.33,6.480166666666666,0.18876691708681698
2011-10-18,600900.SH,6.45,6.45,6.33,6.34,6.48,-0.14,-2.16,180316.54,115090.427,-0.021604938271605034,-0.021841741915048868,6.428,6.3335,6.465833333333334,0.20559673079297278
2011-10-19,600900.SH,6.34,6.43,6.33,6.38,6.34,0.04,0.63,106698.72,68118.961,0.006309148264984188,0.006289328907563918,6.42,6.333,6.452333333333333,0.19505568937956774
2011-10-20,600900.SH,6.33,6.39,6.22,6.25,6.38,-0.13,-2.04,161658.55,101947.441,-0.02037617554858928,-0.020586633608388322,6.38,6.327,6.437833333333334,0.2079021263582832
2011-10-21,600900.SH,6.26,6.33,6.25,6.26,6.25,0.01,0.16,153129.18,96099.015,0.0016000000000000458,0.0015987213636970735,6.3420000000000005,6.3245000000000005,6.423,0.20555767852100995
2011-10-24,600900.SH,6.27,6.38,6.21,6.35,6.26,0.09,1.44,166140.39,104620.332,0.01437699680511173,0.014274627792593033,6.316,6.3305,6.411,0.2064126954859855
2011-10-25,600900.SH,6.35,6.47,6.32,6.43,6.35,0.08,1.26,201519.62,129174.439,0.012598425196850505,0.012519725344927849,6.334,6.334999999999999,6.400333333333333,0.2017384678514124
2011-10-26,600900.SH,6.41,6.5,6.4,6.48,6.43,0.05,0.78,227408.01,146912.317,0.007776049766718529,0.007745972114655329,6.354,6.337,6.395166666666666,0.1957657208350111
2011-10-27,600900.SH,6.49,6.62,6.46,6.51,6.48,0.03,0.46,310154.87,202951.413,0.004629629629629539,0.004618945856294458,6.406000000000001,6.3475,6.391333333333333,0.17779773411284977
2011-10-28,600900.SH,6.54,6.59,6.46,6.52,6.51,0.01,0.15,246633.44,160692.456,0.001536098310291889,0.0015349197180837407,6.458,6.361,6.388000000000001,0.17412949753049162
2011-10-31,600900.SH,6.5,6.57,6.47,6.56,6.52,0.04,0.61,225316.84,146736.988,0.006134969325153339,0.006116227017436054,6.5,6.377,6.386166666666666,0.17407048826740534
2011-11-01,600900.SH,6.51,6.62,6.5,6.53,6.56,-0.03,-0.46,222803.99,146435.122,-0.004573170731707266,-0.004583659667657928,6.5200000000000005,6.3865,6.382666666666666,0.1681952193310479
2011-11-02,600900.SH,6.5,6.7,6.47,6.67,6.53,0.14,2.14,307851.84,202762.717,0.021439509954058078,0.021212916639192544,6.558,6.4079999999999995,6.381833333333334,0.1692831558723814
2011-11-03,600900.SH,6.68,6.69,6.6,6.6,6.67,-0.07,-1.05,183212.26,121729.748,-0.010494752623688153,-0.010550210895152486,6.5760000000000005,6.4245,6.3808333333333325,0.1761603783853664
2011-11-04,600900.SH,6.66,6.67,6.6,6.64,6.6,0.04,0.61,144107.07,95769.04,0.0060606060606061,0.006042314455962662,6.6,6.4435,6.381166666666667,0.17582281857819557
2011-11-07,600900.SH,6.63,6.65,6.57,6.58,6.64,-0.06,-0.9,106033.87,70052.452,-0.009036144578313143,-0.00907721815111654,6.603999999999999,6.460000000000001,6.379499999999999,0.18033272114095872
2011-11-08,600900.SH,6.61,6.8,6.59,6.72,6.58,0.14,2.13,445028.92,299464.802,0.02127659574468077,0.021053409197832263,6.641999999999999,6.481,6.382499999999999,0.19138825536591728
2011-11-09,600900.SH,6.73,6.8,6.67,6.74,6.72,0.02,0.3,160257.34,107685.3,0.0029761904761904656,0.00297177038915748,6.656000000000001,6.497,6.387833333333333,0.18212905514876238
2011-11-10,600900.SH,6.67,6.71,6.62,6.64,6.74,-0.1,-1.48,218795.97,145676.652,-0.014836795252225587,-0.014947961435873252,6.664,6.5065,6.392499999999999,0.19194055020064146
2011-11-11,600900.SH,6.64,6.68,6.62,6.64,6.64,0.0,0.0,86609.71,57534.666,0.0,0.0,6.664,6.516,6.3965000000000005,0.19194055020064146
2011-11-14,600900.SH,6.68,6.81,6.68,6.77,6.64,0.13,1.96,148941.52,100750.778,0.01957831325301207,0.019389123435841163,6.702,6.530499999999999,6.402166666666667,0.20220699209884796
2011-11-15,600900.SH,6.78,6.84,6.78,6.81,6.77,0.04,0.59,161954.59,110230.873,0.005908419497784312,0.005891033237237342,6.720000000000001,6.553999999999999,6.4078333333333335,0.1816649455761337
2011-11-16,600900.SH,6.8,6.8,6.63,6.65,6.81,-0.16,-2.35,206838.62,138189.057,-0.023494860499265635,-0.023775265493658073,6.702,6.5675,6.409666666666666,0.20515257918931165
2011-11-17,600900.SH,6.67,6.79,6.66,6.73,6.65,0.08,1.2,165921.39,111846.332,0.012030075187969835,0.011958288988873576,6.720000000000001,6.591499999999999,6.4126666666666665,0.18961094526100744
2011-11-18,600900.SH,6.69,6.75,6.56,6.6,6.73,-0.13,-1.93,181841.16,120576.958,-0.0193164933135217,-0.01950549462425673,6.712000000000001,6.608499999999999,6.413333333333333,0.20657007090653992
2011-11-21,600900.SH,6.6,6.63,6.56,6.62,6.6,0.02,0.3,74362.89,49088.402,0.003030303030303161,0.0030257209165371114,6.6819999999999995,6.622,6.414833333333333,0.2019588394934762
2011-11-22,600900.SH,6.6,6.69,6.56,6.67,6.62,0.05,0.76,124990.47,82926.635,0.007552870090634434,0.007524489978615501,6.654000000000001,6.633999999999999,6.419833333333333,0.1992767270459112
2011-11-23,600900.SH,6.68,6.68,6.61,6.63,6.67,-0.04,-0.6,124717.43,82892.853,-0.005997001499250421,-0.006015055729761257,6.65,6.641500000000001,6.4254999999999995,0.19989455082171528
2011-11-24,600900.SH,6.6,6.63,6.55,6.56,6.63,-0.07,-1.06,89764.51,59101.371,-0.010558069381598867,-0.01061420124177354,6.616,6.644,6.428333333333333,0.2036925706726446
2011-11-25,600900.SH,6.57,6.6,6.53,6.54,6.56,-0.02,-0.3,76304.32,50046.787,-0.0030487804878047697,-0.0030534374868902317,6.604000000000001,6.6450000000000005,6.431666666666667,0.20402145889946843
2011-11-28,600900.SH,6.56,6.61,6.5,6.52,6.54,-0.02,-0.31,119951.98,78427.417,-0.003058103975535187,-0.003062789530545767,6.5840000000000005,6.642999999999999,6.432166666666666,0.20310102359459592
2011-11-29,600900.SH,6.54,6.63,6.52,6.62,6.52,0.1,1.53,105328.85,69432.917,0.015337423312883569,0.015220994010355388,6.574,6.647499999999999,6.435,0.2096429764500957
2011-11-30,600900.SH,6.58,6.64,6.51,6.51,6.62,-0.11,-1.66,175406.3,114899.607,-0.0166163141993958,-0.016755913728438997,6.55,6.6395,6.438166666666666,0.20329791350576829
2011-12-01,600900.SH,6.66,6.7,6.52,6.57,6.51,0.06,0.92,238591.57,157813.02,0.009216589861751334,0.00917437627604145,6.552,6.638,6.441999999999999,0.2033023642118509
2011-12-02,600900.SH,6.59,6.6,6.44,6.44,6.57,-0.13,-1.98,203953.44,132376.398,-0.019786910197869045,-0.019985292380256838,6.532000000000001,6.628,6.444,0.21328798884549607
2011-12-05,600900.SH,6.47,6.47,6.3,6.33,6.44,-0.11,-1.71,120229.57,76327.636,-0.017080745341614967,-0.01722830396017749,6.494,6.6155,6.444500000000001,0.21892395034683235
2011-12-06,600900.SH,6.33,6.38,6.3,6.36,6.33,0.03,0.47,145565.69,92386.67,0.004739336492890933,0.004728141195945896,6.442,6.597499999999999,6.447500000000001,0.20305424151016885
2011-12-07,600900.SH,6.33,6.37,6.28,6.34,6.36,-0.02,-0.31,108859.67,68977.768,-0.003144654088050425,-0.0031496089028963314,6.408000000000001,6.577499999999999,6.451833333333334,0.20195580301990226
2011-12-08,600900.SH,6.34,6.37,6.3,6.34,6.34,0.0,0.0,198695.88,125874.881,0.0,0.0,6.362,6.5625,6.456666666666666,0.19721128355986325
2011-12-09,600900.SH,6.32,6.41,6.32,6.4,6.34,0.06,0.95,102108.88,65047.562,0.009463722397476504,0.009419221916491778,6.354000000000001,6.550500000000001,6.461333333333333,0.2014496197485345
2011-12-12,600900.SH,6.39,6.41,6.32,6.32,6.4,-0.08,-1.25,102687.32,65317.787,-0.012499999999999956,-0.012578782206860073,6.351999999999999,6.5280000000000005,6.462833333333333,0.18811826805198373
2011-12-13,600900.SH,6.32,6.42,6.31,6.39,6.32,0.07,1.11,294201.35,187483.433,0.011075949367088445,0.01101506023067722,6.358,6.507,6.464833333333333,0.19234412655051725
2011-12-14,600900.SH,6.39,6.49,6.33,6.47,6.39,0.08,1.25,211781.18,136676.993,0.012519561815336422,0.01244184012336572,6.384,6.498,6.466166666666667,0.18401783665803578
2011-12-15,600900.SH,6.45,6.47,6.41,6.44,6.47,-0.03,-0.46,172950.78,111341.892,-0.004636785162287382,-0.004647568396546851,6.404000000000001,6.483499999999999,6.467333333333333,0.17738703015365095
2011-12-16,600900.SH,6.42,6.46,6.36,6.39,6.44,-0.05,-0.78,154737.07,98937.468,-0.007763975155279601,-0.007794271726818909,6.402000000000001,6.473000000000001,6.468666666666667,0.16698569946217037
2011-12-19,600900.SH,6.37,6.44,6.2,6.42,6.39,0.03,0.47,163086.12,103051.968,0.0046948356807512415,0.0046838493124264375,6.422,6.462999999999999,6.4718333333333335,0.16769596545872564
2011-12-20,600900.SH,6.39,6.44,6.36,6.37,6.42,-0.05,-0.78,120163.95,76695.554,-0.007788161993769416,-0.007818648117797772,6.418000000000001,6.448,6.472333333333334,0.16556463610288266
2011-12-21,600900.SH,6.4,6.44,6.36,6.39,6.37,0.02,0.31,78831.48,50384.274,0.0031397174254317317,0.0031347988053714785,6.402000000000001,6.436,6.471500000000001,0.1659955803587002
2011-12-22,600900.SH,6.33,6.43,6.33,6.4,6.39,0.01,0.16,126317.27,80583.074,0.0015649452269170805,0.0015637219761827589,6.394,6.428,6.473166666666667,0.16305404690128839
2011-12-23,600900.SH,6.4,6.45,6.38,6.41,6.4,0.01,0.16,103452.74,66341.644,0.0015624999999999112,0.0015612805669524105,6.398000000000001,6.4215,6.475833333333333,0.1631759791727143
2011-12-26,600900.SH,6.37,6.41,6.33,6.35,6.41,-0.06,-0.94,75387.01,47951.491,-0.009360374414976724,-0.009404458027978518,6.3839999999999995,6.412999999999999,6.477666666666666,0.16576721226723665
2011-12-27,600900.SH,6.38,6.39,6.32,6.34,6.35,-0.01,-0.16,79672.35,50604.571,-0.0015748031496062298,-0.0015760444554656545,6.378,6.398999999999999,6.477666666666667,0.15373054108047549
2011-12-28,600900.SH,6.33,6.38,6.32,6.34,6.34,0.0,0.0,110956.59,70477.674,0.0,0.0,6.368,6.3905,6.479333333333333,0.14394334386734658
2011-12-29,600900.SH,6.35,6.4,6.32,6.36,6.34,0.02,0.32,98529.18,62658.081,0.003154574132492094,0.0031496089028962013,6.359999999999999,6.38,6.480833333333334,0.1396221778416281
2012-01-04,600900.SH,6.36,6.4,6.29,6.29,6.36,-0.07,-1.1,130363.57,82586.645,-0.011006289308176154,-0.011067306639681673,6.336,6.3725000000000005,6.481333333333334,0.12738330977480888
2012-01-05,600900.SH,6.3,6.31,6.23,6.24,6.29,-0.05,-0.79,146663.15,91903.555,-0.007949125596184436,-0.007980888331012877,6.314,6.368,6.481166666666667,0.11583428747851586
2012-01-06,600900.SH,6.26,6.28,6.19,6.22,6.24,-0.02,-0.32,135883.08,84718.783,-0.0032051282051283048,-0.0032102756302483213,6.29,6.361,6.479833333333334,0.11431782820669216
2012-01-09,600900.SH,6.22,6.3,6.17,6.29,6.22,0.07,1.13,203893.3,127153.04,0.0112540192926045,0.01119116396126108,6.279999999999999,6.3585,6.477666666666667,0.12204576998834797
2012-01-10,600900.SH,6.29,6.41,6.25,6.4,6.29,0.11,1.75,339876.22,215643.262,0.01748807631160587,0.01733691965327716,6.288,6.3615,6.476833333333333,0.13754728747630895
2012-01-11,600900.SH,6.4,6.43,6.34,6.38,6.4,-0.02,-0.31,170164.31,108469.123,-0.0031250000000000444,-0.0031298930089277044,6.305999999999999,6.3605,6.475666666666666,0.13388428001900077
2012-01-12,600900.SH,6.38,6.43,6.38,6.41,6.38,0.03,0.47,156222.81,100117.45,0.004702194357366851,0.004691173575880239,6.34,6.365,6.474500000000001,0.12651352835804136
2012-01-13,600900.SH,6.41,6.44,6.34,6.35,6.41,-0.06,-0.94,169747.96,108420.96,-0.009360374414976724,-0.009404458027978518,6.3660000000000005,6.3629999999999995,6.474666666666666,0.12515355721493177
2012-01-16,600900.SH,6.35,6.44,6.32,6.36,6.35,0.01,0.16,143441.05,91428.359,0.0015748031496063408,0.0015735644474305383,6.38,6.3575,6.474333333333333,0.11599748404069284
2012-01-17,600900.SH,6.36,6.55,6.34,6.53,6.36,0.17,2.67,202795.9,130735.705,0.02672955974842761,0.026378565936308856,6.406000000000001,6.362,6.479,0.1506185646592745
2012-01-18,600900.SH,6.53,6.58,6.46,6.48,6.53,-0.05,-0.77,201845.56,131487.228,-0.007656967840734996,-0.007686432924156294,6.426,6.3665,6.482666666666666,0.15053892298038082
2012-01-19,600900.SH,6.52,6.65,6.48,6.56,6.48,0.08,1.23,181926.7,119763.911,0.012345679012345512,0.012270092591814183,6.456,6.3735,6.486166666666667,0.15556910480659675
2012-01-20,600900.SH,6.59,6.6,6.5,6.57,6.56,0.01,0.15,149011.46,97534.528,0.001524390243902607,0.001523229540521638,6.5,6.3835,6.4885,0.1519631258623754
2012-01-30,600900.SH,6.58,6.58,6.4,6.45,6.57,-0.12,-1.83,184527.66,119169.549,-0.0182648401826484,-0.01843370168883802,6.518000000000001,6.3865,6.488,0.16728929698914136
2012-01-31,600900.SH,6.47,6.49,6.44,6.49,6.45,0.04,0.62,89492.69,57866.162,0.006201550387596955,0.00618239990831756,6.51,6.391,6.487666666666667,0.16847883633315203
2012-02-01,600900.SH,6.48,6.49,6.43,6.44,6.49,-0.05,-0.77,102760.76,66367.979,-0.007704160246533087,-0.007733990599736339,6.502,6.3925,6.486333333333333,0.17107833061911157
2012-02-02,600900.SH,6.46,6.5,6.43,6.48,6.44,0.04,0.62,107890.73,69717.508,0.006211180124223503,0.00619197024792098,6.486,6.398999999999999,6.485,0.16833739778910264
2012-02-03,600900.SH,6.48,6.55,6.42,6.52,6.48,0.04,0.62,151695.95,98356.636,0.006172839506172645,0.006153865574378066,6.476000000000001,6.4079999999999995,6.484833333333333,0.16897005523245806
2012-02-06,600900.SH,6.51,6.53,6.43,6.47,6.52,-0.05,-0.77,202906.23,131058.477,-0.0076687116564416735,-0.007698267425752344,6.4799999999999995,6.414499999999999,6.4815,0.1720108202039859
2012-02-07,600900.SH,6.44,6.47,6.32,6.33,6.47,-0.14,-2.16,140824.36,90198.66,-0.021638330757341562,-0.021875872356724363,6.448,6.412999999999999,6.477,0.18963766301009777
2012-02-08,600900.SH,6.35,6.53,6.33,6.47,6.33,0.14,2.21,169893.57,109337.125,0.02211690363349117,0.021875872356724238,6.454000000000001,6.422,6.474166666666666,0.20065943920054274
2012-02-09,600900.SH,6.46,6.49,6.38,6.41,6.47,-0.06,-0.93,240955.12,154685.441,-0.009273570324574876,-0.009316837580230438,6.4399999999999995,6.4305,6.471333333333333,0.201538690838969
2012-02-10,600900.SH,6.39,6.45,6.38,6.4,6.41,-0.01,-0.16,205116.34,131425.126,-0.0015600624024960652,-0.0015612805669524645,6.4159999999999995,6.4395,6.466,0.2011220046250322
2012-02-13,600900.SH,6.37,6.44,6.35,6.39,6.4,-0.01,-0.16,141925.03,90783.395,-0.0015625000000001332,-0.00156372197618287,6.4,6.4445,6.460166666666667,0.19800209469610416
2012-02-14,600900.SH,6.4,6.43,6.38,6.4,6.39,0.01,0.16,110706.62,70957.052,0.0015649452269170805,0.0015637219761827589,6.414,6.444500000000001,6.456166666666666,0.18808833649359338
2012-02-15,600900.SH,6.38,6.46,6.37,6.44,6.4,0.04,0.63,137049.92,88108.5,0.006250000000000089,0.006230549750636163,6.408000000000001,6.4475,6.4528333333333325,0.18892055054016066
2012-02-16,600900.SH,6.43,6.49,6.41,6.48,6.44,0.04,0.62,204186.8,131763.011,0.006211180124223503,0.00619197024792098,6.422,6.4510000000000005,6.4479999999999995,0.18943721860826157
2012-02-17,600900.SH,6.5,6.51,6.43,6.45,6.48,-0.03,-0.46,133172.84,86165.848,-0.00462962962962965,-0.004640379556502225,6.432,6.456,6.441999999999999,0.18686141313412497
2012-02-20,600900.SH,6.51,6.51,6.42,6.44,6.45,-0.01,-0.16,156579.45,101134.534,-0.0015503875968991832,-0.001551590691418833,6.442,6.460000000000001,6.4385,0.18702922908459563
2012-02-21,600900.SH,6.47,6.47,6.41,6.44,6.44,0.0,0.0,135014.78,86889.035,0.0,0.0,6.45,6.455500000000001,6.433666666666666,0.15974954731715743
2012-02-22,600900.SH,6.44,6.47,6.41,6.47,6.44,0.03,0.47,218207.3,140330.952,0.004658385093167627,0.0046475683965468756,6.456,6.455,6.4315,0.15855733588848248
2012-02-23,600900.SH,6.46,6.52,6.43,6.5,6.47,0.03,0.46,295111.07,191123.755,0.004636785162287493,0.004626068388782243,6.459999999999999,6.452,6.4295,0.152835122044758
2012-02-24,600900.SH,6.5,6.54,6.49,6.53,6.5,0.03,0.46,338609.16,220481.359,0.004615384615384688,0.004604766386748339,6.476000000000001,6.45,6.4271666666666665,0.15374651344384285
2012-02-27,600900.SH,6.54,6.61,6.53,6.56,6.53,0.03,0.46,512367.05,336419.651,0.004594180704440953,0.004583659667657893,6.5,6.455500000000001,6.426,0.1389417460870491
2012-02-28,600900.SH,6.56,6.62,6.54,6.58,6.56,0.02,0.3,371772.31,244117.609,0.0030487804878049918,0.003044142381228273,6.5280000000000005,6.460000000000001,6.426333333333334,0.13778677732086564
2012-02-29,600900.SH,6.58,6.61,6.52,6.53,6.58,-0.05,-0.76,251608.45,165229.165,-0.0075987841945288626,-0.007627802048886127,6.540000000000001,6.464499999999999,6.426166666666666,0.13770176234278433
2012-03-01,600900.SH,6.51,6.58,6.5,6.56,6.53,0.03,0.46,187278.0,122588.127,0.004594180704440953,0.004583659667657893,6.552,6.468500000000001,6.426833333333334,0.13696573629516268
2012-03-02,600900.SH,6.57,6.66,6.55,6.66,6.56,0.1,1.52,499795.64,329868.721,0.015243902439024515,0.015128881596300218,6.578,6.475499999999999,6.4275,0.1453462457506147
2012-03-05,600900.SH,6.65,6.67,6.61,6.65,6.66,-0.01,-0.15,274172.99,182170.235,-0.0015015015015015232,-0.0015026298845350185,6.596000000000001,6.4845,6.429833333333334,0.1420205333884923
2012-03-06,600900.SH,6.65,6.68,6.57,6.66,6.65,0.01,0.15,395136.56,262506.089,0.0015037593984961184,0.001502629884534875,6.612,6.501,6.431333333333334,0.11299757562245141
2012-03-07,600900.SH,6.63,6.7,6.61,6.68,6.66,0.02,0.3,391657.71,261252.229,0.0030030030030030463,0.002998502996256633,6.642,6.5115,6.435333333333333,0.08637180604616335
2012-03-08,600900.SH,6.69,6.71,6.63,6.7,6.68,0.02,0.3,224104.05,149697.33,0.0029940119760478723,0.002989538848365986,6.67,6.526000000000001,6.4415000000000004,0.07624868876878291
2012-03-09,600900.SH,6.7,6.8,6.67,6.78,6.7,0.08,1.19,255523.2,172027.612,0.011940298507462588,0.011869575555383729,6.694,6.545,6.448499999999999,0.08218618123716386
2012-03-12,600900.SH,6.75,6.82,6.74,6.74,6.78,-0.04,-0.59,266315.86,180263.451,-0.005899705014749235,-0.005917177028088507,6.712000000000001,6.5625,6.455166666666667,0.08663194738742012
2012-03-13,600900.SH,6.74,6.82,6.72,6.8,6.74,0.06,0.89,225327.42,152718.957,0.008902077151335286,0.008862687257845324,6.74,6.5825000000000005,6.462833333333334,0.08925026548003645
2012-03-14,600900.SH,6.8,6.82,6.59,6.68,6.8,-0.12,-1.76,394661.74,265259.471,-0.01764705882352946,-0.017804624633506707,6.74,6.594500000000001,6.4675,0.11459976546140865
2012-03-15,600900.SH,6.67,6.71,6.6,6.63,6.68,-0.05,-0.75,243212.38,162420.326,-0.007485029940119681,-0.007513183350783138,6.726000000000001,6.601999999999999,6.472666666666667,0.11795927629648385
2012-03-16,600900.SH,6.63,6.77,6.6,6.72,6.63,0.09,1.36,154540.52,102839.774,0.013574660633484115,0.013483350337286988,6.714,6.6155,6.478166666666667,0.12364803569539284
2012-03-19,600900.SH,6.67,6.72,6.65,6.66,6.72,-0.06,-0.89,136073.07,90864.879,-0.008928571428571397,-0.008968669982760375,6.697999999999999,6.6265,6.481333333333334,0.1291725170825866
2012-03-20,600900.SH,6.66,6.73,6.64,6.69,6.66,0.03,0.45,155258.7,103753.845,0.0045045045045044585,0.004494389587839267,6.676,6.639,6.4855,0.1293699524859233
2012-03-21,600900.SH,6.7,6.71,6.63,6.69,6.69,0.0,0.0,118886.51,79268.036,0.0,0.0,6.678,6.65,6.4905,0.12912711764032334
2012-03-22,600900.SH,6.66,6.69,6.64,6.66,6.69,-0.03,-0.45,90283.49,60221.708,-0.004484304932735439,-0.004494389587839326,6.684,6.6579999999999995,6.4944999999999995,0.13043257374615033
2012-03-23,600900.SH,6.66,6.67,6.56,6.62,6.66,-0.04,-0.6,105022.92,69539.483,-0.006006006006005982,-0.006024114603380902,6.664,6.6625,6.498666666666666,0.13223296789419697
2012-03-26,600900.SH,6.62,6.63,6.52,6.6,6.62,-0.02,-0.3,57666.77,37890.703,-0.0030211480362538623,-0.0030257209165370676,6.651999999999999,6.664499999999999,6.502166666666667,0.13203477416874293
2012-03-27,600900.SH,6.59,6.63,6.57,6.62,6.6,0.02,0.3,59957.62,39575.689,0.003030303030303161,0.0030257209165371114,6.638000000000001,6.666500000000001,6.505833333333333,0.1320297567625388
2012-03-28,600900.SH,6.62,6.62,6.48,6.5,6.62,-0.12,-1.81,152832.86,99953.84,-0.01812688821752273,-0.018293193047325487,6.6,6.665000000000001,6.507333333333333,0.14506686333798938
2012-03-29,600900.SH,6.48,6.52,6.44,6.48,6.5,-0.02,-0.31,133770.03,86550.42,-0.003076923076922977,-0.0030816665374080007,6.564,6.661,6.509500000000001,0.14426448342645753
2012-03-30,600900.SH,6.5,6.54,6.46,6.52,6.48,0.04,0.62,93550.5,60642.082,0.006172839506172645,0.006153865574378066,6.544,6.654000000000001,6.5125,0.13432379180378612
2012-04-05,600900.SH,6.47,6.54,6.44,6.51,6.52,-0.01,-0.15,162262.24,105068.385,-0.0015337423312883347,-0.0015349197180837017,6.525999999999999,6.647,6.515333333333333,0.13432534924795025
2012-04-06,600900.SH,6.5,6.5,6.45,6.46,6.51,-0.05,-0.77,109181.71,70601.303,-0.007680491551459223,-0.007710138425967322,6.494,6.6370000000000005,6.5169999999999995,0.1359743568660663
2012-04-09,600900.SH,6.45,6.46,6.38,6.38,6.46,-0.08,-1.24,68152.38,43723.173,-0.012383900928792602,-0.012461220437812002,6.470000000000001,6.622,6.5184999999999995,0.1401390615711875
2012-04-10,600900.SH,6.4,6.45,6.35,6.44,6.38,0.06,0.94,114282.83,72975.811,0.009404388714733702,0.009360442759563893,6.462000000000001,6.609,6.521833333333334,0.14508534403408416
2012-04-11,600900.SH,6.39,6.43,6.35,6.41,6.44,-0.03,-0.47,81030.97,51775.976,-0.004658385093167738,-0.004669269183683612,6.44,6.5905000000000005,6.525,0.13568698445216004
2012-04-12,600900.SH,6.41,6.49,6.4,6.49,6.41,0.08,1.25,99876.51,64418.124,0.012480499219968744,0.0124032597834199,6.436,6.578,6.528333333333333,0.14539719180923788
2012-04-13,600900.SH,6.49,6.5,6.44,6.47,6.49,-0.02,-0.31,134535.67,87040.122,-0.0030816640986133237,-0.0030864222031895027,6.438,6.5615,6.5295,0.13975870854463635
2012-04-16,600900.SH,6.46,6.48,6.41,6.46,6.47,-0.01,-0.15,71952.03,46418.989,-0.0015455950540957941,-0.0015467907182986822,6.453999999999999,6.5504999999999995,6.530833333333334,0.12769944777480335
2012-04-17,600900.SH,6.47,6.5,6.43,6.48,6.46,0.02,0.31,99874.3,64712.022,0.003095975232198178,0.0030911925696728796,6.462000000000001,6.543000000000001,6.531999999999999,0.1267986563118512
2012-04-18,600900.SH,6.5,6.56,6.47,6.52,6.48,0.04,0.62,145117.9,94630.514,0.006172839506172645,0.006153865574378066,6.484,6.5329999999999995,6.534833333333334,0.11783187682115133
2012-04-19,600900.SH,6.55,6.55,6.47,6.52,6.52,0.0,0.0,79440.22,51700.725,0.0,0.0,6.49,6.526000000000001,6.5375,0.1145664214820873
2012-04-20,600900.SH,6.51,6.54,6.47,6.51,6.52,-0.01,-0.15,137854.94,89698.083,-0.0015337423312883347,-0.0015349197180837017,6.498,6.517,6.537166666666666,0.11268224525762971
2012-04-23,600900.SH,6.51,6.54,6.49,6.5,6.51,-0.01,-0.15,97768.09,63630.757,-0.001536098310291778,-0.0015372793188863669,6.506,6.5075,6.5375,0.11257205389527394
2012-04-24,600900.SH,6.52,6.55,6.48,6.52,6.5,0.02,0.31,186666.29,121483.586,0.003076923076922977,0.003072199036970059,6.514,6.5005,6.536833333333334,0.11303690670705974
2012-04-25,600900.SH,6.53,6.55,6.48,6.53,6.52,0.01,0.15,190353.42,124055.642,0.0015337423312884457,0.0015325673497782106,6.516,6.4959999999999996,6.536166666666667,0.11180305414102523
2012-04-26,600900.SH,6.52,6.54,6.46,6.48,6.53,-0.05,-0.77,199753.75,129644.712,-0.007656967840734996,-0.007686432924156294,6.508,6.49,6.536666666666666,0.11428469938502797
2012-04-27,600900.SH,6.47,6.5,6.43,6.48,6.48,0.0,0.0,132817.81,85900.877,0.0,0.0,6.502000000000001,6.483,6.5365,0.11340803192777678
2012-05-02,600900.SH,6.52,6.68,6.52,6.67,6.48,0.19,2.93,329783.29,218636.169,0.029320987654321007,0.028899349563349042,6.536,6.491499999999999,6.540333333333334,0.14045204623272198
2012-05-03,600900.SH,6.65,6.67,6.6,6.64,6.67,-0.03,-0.45,91019.57,60394.604,-0.004497751124437843,-0.004507896439189928,6.56,6.4995,6.543,0.14113203860226123
2012-05-04,600900.SH,6.64,6.69,6.6,6.64,6.64,0.0,0.0,144969.1,96538.079,0.0,0.0,6.582000000000001,6.5055,6.545000000000001,0.13997681940910545
2012-05-07,600900.SH,6.65,6.86,6.64,6.7,6.64,0.06,0.9,343922.92,232067.1,0.009036144578313365,0.008995562908578003,6.626,6.515000000000001,6.5488333333333335,0.14249611826067898
2012-05-08,600900.SH,6.71,6.75,6.65,6.68,6.7,-0.02,-0.3,322975.21,216293.832,-0.0029850746268657025,-0.0029895388483660483,6.6659999999999995,6.525999999999999,6.554666666666667,0.13943567425511652
2012-05-09,600900.SH,6.65,6.69,6.61,6.66,6.68,-0.02,-0.3,235588.45,156453.515,-0.0029940119760478723,-0.0029985029962565574,6.664,6.540000000000001,6.557833333333333,0.13054587460657432
2012-05-10,600900.SH,6.68,6.7,6.64,6.68,6.66,0.02,0.3,139487.5,93103.159,0.0030030030030030463,0.002998502996256633,6.672,6.552,6.562333333333333,0.12779702555464634
2012-05-11,600900.SH,6.65,6.7,6.64,6.68,6.68,0.0,0.0,148569.48,99220.884,0.0,0.0,6.68,6.5655,6.566999999999999,0.12569741740210671
2012-05-14,600900.SH,6.7,6.7,6.62,6.65,6.68,-0.03,-0.45,124580.64,83029.489,-0.004491017964071808,-0.004501132880791538,6.669999999999999,6.5735,6.571333333333333,0.12146332446473575
2012-05-15,600900.SH,6.63,6.74,6.6,6.71,6.65,0.06,0.9,249034.72,165610.549,0.009022556390977376,0.008982096315827586,6.675999999999999,6.585500000000001,6.5765,0.12332842886323186
2012-05-16,600900.SH,6.67,6.72,6.66,6.69,6.71,-0.02,-0.3,167628.34,112208.273,-0.0029806259314455463,-0.002985076843453285,6.682,6.5969999999999995,6.5806666666666676,0.12395623188942718
2012-05-17,600900.SH,6.68,6.78,6.65,6.74,6.69,0.05,0.75,177197.25,119072.359,0.007473841554558991,0.007446050784078532,6.694,6.609999999999999,6.585,0.1255369827254145
2012-05-18,600900.SH,6.76,6.77,6.68,6.75,6.74,0.01,0.15,219880.89,147996.031,0.0014836795252224366,0.0014825799602226743,6.708000000000001,6.6215,6.590000000000001,0.12456854733415576
2012-05-21,600900.SH,6.73,6.75,6.66,6.72,6.75,-0.03,-0.44,141214.44,94884.718,-0.004444444444444473,-0.004454350349380309,6.7219999999999995,6.6315,6.594666666666667,0.12638889263735473
2012-05-22,600900.SH,6.71,6.81,6.7,6.79,6.72,0.07,1.04,140537.33,94737.012,0.01041666666666674,0.010362787035546658,6.7379999999999995,6.6455,6.6005,0.12960986039778105
2012-05-23,600900.SH,6.76,6.78,6.73,6.75,6.79,-0.04,-0.59,100147.61,67551.441,-0.00589101620029453,-0.005908436686166283,6.75,6.6579999999999995,6.605166666666666,0.13214474969889245
2012-05-24,600900.SH,6.73,6.76,6.7,6.71,6.75,-0.04,-0.59,59340.75,39935.848,-0.00592592592592589,-0.005943553900847994,6.744,6.6674999999999995,6.608666666666666,0.13493521248696977
2012-05-28,600900.SH,6.68,6.78,6.65,6.76,6.71,0.05,0.75,139482.11,93604.432,0.007451564828613977,0.007423939071282267,6.7459999999999996,6.679,6.6125,0.13659645264133427
2012-05-29,600900.SH,6.74,6.83,6.7,6.81,6.76,0.05,0.74,183410.99,124224.914,0.007396449704141883,0.007369230106548148,6.764,6.6955,6.616666666666666,0.13323169991206385
2012-05-30,600900.SH,6.83,6.84,6.74,6.81,6.81,0.0,0.0,133057.25,90247.426,0.0,0.0,6.768000000000001,6.712000000000001,6.620499999999999,0.13323169991206385
2012-05-31,600900.SH,6.8,6.92,6.79,6.9,6.81,0.09,1.32,197620.65,135720.403,0.013215859030837107,0.013129291441792802,6.798,6.7235,6.626666666666667,0.09782159315296922
2012-06-01,600900.SH,6.89,6.96,6.87,6.88,6.9,-0.02,-0.29,93501.35,64577.419,-0.0028985507246377384,-0.0029027596579614626,6.831999999999999,6.735499999999999,6.632000000000001,0.09663207967296042
2012-06-04,600900.SH,6.84,6.85,6.75,6.78,6.88,-0.1,-1.45,150178.48,102107.186,-0.014534883720930147,-0.014641549992948005,6.836,6.7425,6.6339999999999995,0.11265671374858595
2012-06-05,600900.SH,6.8,6.96,6.77,6.88,6.78,0.1,1.47,160386.43,109857.157,0.014749262536873031,0.014641549992947969,6.85,6.7515,6.637833333333333,0.11962606561017548
2012-06-06,600900.SH,6.87,6.88,6.76,6.78,6.88,-0.1,-1.45,121327.12,82683.594,-0.014534883720930147,-0.014641549992948005,6.843999999999999,6.756500000000001,6.639833333333333,0.13160697774380836
2012-06-07,600900.SH,6.82,6.83,6.74,6.79,6.78,0.01,0.15,93277.13,63184.524,0.001474926253687281,0.0014738396183005232,6.822,6.763,6.641666666666667,0.13086304660857065
2012-06-08,600900.SH,6.8,6.85,6.75,6.79,6.79,0.0,0.0,86377.05,58818.155,0.0,0.0,6.804,6.7685,6.643166666666667,0.1306872363924879
2012-06-11,600900.SH,6.84,6.89,6.8,6.86,6.79,0.07,1.03,80733.21,55277.614,0.010309278350515427,0.010256500167189061,6.82,6.777500000000001,6.6445,0.13485576079195083
2012-06-12,600900.SH,6.83,6.91,6.8,6.86,6.86,0.0,0.0,95235.78,65197.778,0.0,0.0,6.816,6.787999999999999,6.6465000000000005,0.13320143984940228
2012-06-13,600900.SH,6.85,6.92,6.81,6.92,6.86,0.06,0.87,106646.53,73514.305,0.008746355685131046,0.008708327891784193,6.843999999999999,6.7985,6.648499999999999,0.1330004645427312
2012-06-14,600900.SH,6.92,6.97,6.88,6.92,6.92,0.0,0.0,114922.11,79762.948,0.0,0.0,6.87,6.81,6.6525,0.13206378413812808
2012-06-15,600900.SH,6.95,7.14,6.93,7.02,6.92,0.1,1.45,263912.74,186098.771,0.014450867052023142,0.014347448408141575,6.9159999999999995,6.824000000000001,6.659,0.13826883961790412
2012-06-18,600900.SH,7.02,7.06,6.96,6.96,7.02,-0.06,-0.85,81081.7,56738.872,-0.008547008547008517,-0.008583743691391442,6.936,6.8345,6.663,0.14332791513281198
2012-06-19,600900.SH,6.96,6.99,6.85,6.87,6.96,-0.09,-1.29,112352.67,77641.255,-0.012931034482758563,-0.013015368112070248,6.938,6.8420000000000005,6.6665,0.15101231451169245
2012-06-20,600900.SH,6.87,6.93,6.83,6.83,6.87,-0.04,-0.58,95100.49,65300.055,-0.005822416302765698,-0.005839432651559328,6.92,6.843999999999999,6.668833333333334,0.14877694216322837
2012-06-21,600900.SH,6.85,6.86,6.75,6.8,6.83,-0.03,-0.44,155935.99,105914.4,-0.004392386530014725,-0.004402061400637764,6.895999999999999,6.846499999999999,6.6706666666666665,0.14803835845093802
2012-06-25,600900.SH,6.8,6.84,6.74,6.76,6.8,-0.04,-0.59,113637.29,77238.607,-0.00588235294117645,-0.005899722127188271,6.843999999999999,6.849000000000001,6.6723333333333334,0.14801370141081857
2012-06-26,600900.SH,6.78,6.83,6.71,6.75,6.76,-0.01,-0.15,104139.01,70463.205,-0.0014792899408283544,-0.0014803851704342195,6.802,6.8485,6.6745,0.14575826914616746
2012-06-27,600900.SH,6.77,6.8,6.73,6.75,6.75,0.0,0.0,83491.93,56511.823,0.0,0.0,6.7780000000000005,6.8454999999999995,6.6770000000000005,0.143097626141995
2012-06-28,600900.SH,6.78,6.83,6.74,6.8,6.75,0.05,0.74,92924.25,63159.032,0.007407407407407307,0.00738010729762246,6.772,6.844999999999999,6.680000000000001,0.14576568294635253
2012-06-29,600900.SH,6.8,6.86,6.78,6.8,6.8,0.0,0.0,142236.77,96905.975,0.0,0.0,6.772,6.840000000000001,6.685,0.13712605525144045
2012-07-02,600900.SH,6.58,6.7,6.5,6.61,6.55,0.06,0.92,104416.17,68361.971,-0.027941176470588136,-0.028338958318465994,6.742,6.8265,6.687166666666666,0.16783841522898987
2012-07-03,600900.SH,6.62,6.68,6.59,6.62,6.61,0.01,0.15,56400.58,37379.249,0.001512859304084735,0.0015117160853219392,6.715999999999999,6.8185,6.688833333333333,0.16141820849798727
2012-07-04,600900.SH,6.62,6.7,6.61,6.68,6.62,0.06,0.91,65604.6,43745.255,0.009063444108761365,0.009022617599637552,6.702,6.8084999999999996,6.691666666666666,0.15513251790343044
2012-07-05,600900.SH,6.7,6.77,6.62,6.67,6.68,-0.01,-0.15,150870.6,100879.355,-0.0014970059880239361,-0.0014981276210219922,6.675999999999999,6.803,6.695166666666667,0.1472244677143507
2012-07-06,600900.SH,6.7,6.81,6.67,6.74,6.67,0.07,1.05,312854.35,211413.519,0.010494752623688264,0.010440064996683422,6.664,6.8004999999999995,6.701166666666667,0.15244277096724268
2012-07-09,600900.SH,6.75,6.81,6.69,6.74,6.74,0.0,0.0,145206.26,97872.199,0.0,0.0,6.69,6.798,6.7061666666666655,0.15244277096724268
2012-07-10,600900.SH,6.75,6.76,6.66,6.68,6.74,-0.06,-0.89,86514.8,58017.401,-0.008902077151335397,-0.008941937375661393,6.702000000000001,6.789,6.710666666666667,0.14989884834534994
2012-07-11,600900.SH,6.67,6.76,6.63,6.74,6.68,0.06,0.9,97860.33,65383.787,0.008982035928143839,0.008941937375661433,6.714,6.7829999999999995,6.714833333333333,0.15424845591104552
2012-07-12,600900.SH,6.7,6.75,6.64,6.7,6.74,-0.04,-0.59,176451.33,117995.116,-0.005934718100890191,-0.005952398527295273,6.720000000000001,6.772,6.718666666666667,0.15091812132133467
2012-07-13,600900.SH,6.71,6.75,6.66,6.7,6.7,0.0,0.0,75763.09,50738.48,0.0,0.0,6.712000000000001,6.761,6.722666666666667,0.15091812132133467
2012-07-16,600900.SH,6.71,6.74,6.62,6.66,6.7,-0.04,-0.6,113397.47,75604.673,-0.005970149253731294,-0.005988041844622557,6.696000000000001,6.742999999999999,6.725666666666666,0.13911075420915373
2012-07-17,600900.SH,6.66,6.69,6.63,6.66,6.66,0.0,0.0,56414.54,37574.449,0.0,0.0,6.692,6.728,6.728,0.13755768098665971
2012-07-18,600900.SH,6.66,6.67,6.6,6.63,6.66,-0.03,-0.45,71104.03,47216.403,-0.0045045045045045695,-0.0045146803545266945,6.67,6.715999999999999,6.729833333333334,0.13194783997611936
2012-07-19,600900.SH,6.63,6.67,6.61,6.65,6.63,0.02,0.3,89395.29,59348.648,0.003016591251885359,0.003012050469991621,6.659999999999999,6.706999999999999,6.732166666666667,0.1320538741665496
2012-07-20,600900.SH,6.62,6.65,6.5,6.54,6.65,-0.11,-1.65,121717.62,79842.675,-0.016541353383458746,-0.016679689198655537,6.628,6.694,6.732833333333334,0.14245736163857217
2012-07-23,600900.SH,6.52,6.54,6.44,6.5,6.54,-0.04,-0.61,92445.62,60019.087,-0.006116207951070374,-0.006134988567515944,6.596000000000001,6.681,6.7325,0.14254626718190463
2012-07-24,600900.SH,6.48,6.59,6.44,6.56,6.5,0.06,0.92,130601.9,84708.748,0.009230769230769154,0.00918842605440617,6.5760000000000005,6.6715,6.7330000000000005,0.14795291264331462
2012-07-25,600900.SH,6.52,6.54,6.46,6.47,6.56,-0.09,-1.37,81254.89,52797.013,-0.013719512195121908,-0.013814494443188432,6.544,6.657500000000001,6.732833333333333,0.15413523688146336
2012-07-26,600900.SH,6.46,6.52,6.46,6.48,6.47,0.01,0.15,59918.7,38900.17,0.0015455950540959051,0.0015444018513742074,6.51,6.641499999999999,6.732833333333334,0.15072095949412206
2012-07-27,600900.SH,6.5,6.56,6.48,6.55,6.48,0.07,1.08,74993.29,48917.885,0.010802469135802406,0.010744539282977163,6.5120000000000005,6.6290000000000004,6.730833333333334,0.1576849917928182
2012-07-30,600900.SH,6.56,6.58,6.52,6.54,6.55,-0.01,-0.15,78890.37,51742.145,-0.0015267175572518665,-0.0015278841780531757,6.5200000000000005,6.6255,6.729166666666667,0.12391962224811125
2012-07-31,600900.SH,6.56,6.62,6.54,6.58,6.54,0.04,0.61,87890.89,57836.22,0.006116207951070374,0.006097579868118538,6.524000000000001,6.6235,6.728166666666667,0.12597323605512736
2012-08-01,600900.SH,6.59,6.61,6.56,6.58,6.58,0.0,0.0,72134.7,47457.365,0.0,0.0,6.546000000000001,6.6185,6.726166666666667,0.12107694091563408
2012-08-02,600900.SH,6.58,6.6,6.52,6.59,6.58,0.01,0.15,64559.68,42353.786,0.001519756838905817,0.0015186031771900596,6.568,6.6145,6.724666666666666,0.12129556075326821
2012-08-03,600900.SH,6.58,6.62,6.56,6.59,6.59,0.0,0.0,84301.74,55601.451,0.0,0.0,6.5760000000000005,6.607000000000001,6.7235000000000005,0.11409908007202126
2012-08-06,600900.SH,6.59,6.62,6.55,6.57,6.59,-0.02,-0.3,138578.35,91155.015,-0.0030349013657055,-0.0030395160178965925,6.582000000000001,6.5985,6.721666666666667,0.11421948797299045
2012-08-07,600900.SH,6.57,6.59,6.54,6.56,6.57,-0.01,-0.15,72298.19,47477.703,-0.0015220700152207556,-0.0015232295405215258,6.578,6.592499999999999,6.719666666666667,0.11061057496476706
2012-08-08,600900.SH,6.55,6.6,6.55,6.56,6.56,0.0,0.0,83164.95,54722.899,0.0,0.0,6.574000000000001,6.583499999999999,6.718166666666667,0.10440700016606407
2012-08-09,600900.SH,6.57,6.59,6.53,6.55,6.56,-0.01,-0.15,101981.14,66791.413,-0.0015243902439023849,-0.0015255533088370686,6.566,6.5760000000000005,6.7155000000000005,0.10299235894488301
2012-08-10,600900.SH,6.57,6.6,6.55,6.58,6.55,0.03,0.46,115082.41,75712.431,0.004580152671755711,0.004569695690065268,6.564,6.57,6.713666666666667,0.10491319205520437
2012-08-13,600900.SH,6.57,6.62,6.56,6.6,6.58,0.02,0.3,123462.32,81381.582,0.003039513677811412,0.0030349036951538896,6.57,6.567,6.711333333333333,0.10398863622102444
2012-08-14,600900.SH,6.61,6.64,6.56,6.59,6.6,-0.01,-0.15,140733.53,92962.872,-0.0015151515151514694,-0.0015163005179639638,6.575999999999999,6.5634999999999994,6.708666666666667,0.10404423200779965
2012-08-15,600900.SH,6.56,6.59,6.51,6.53,6.59,-0.06,-0.91,59413.79,38812.436,-0.009104704097116834,-0.009146405226076147,6.57,6.5584999999999996,6.7055,0.10760835614671724
2012-08-16,600900.SH,6.52,6.56,6.5,6.51,6.53,-0.02,-0.31,47563.7,31023.404,-0.003062787136294043,-0.0030674870678618345,6.562,6.5515,6.700833333333334,0.1069570470383704
2012-08-17,600900.SH,6.49,6.53,6.48,6.49,6.51,-0.02,-0.31,63816.57,41517.031,-0.003072196620583667,-0.0030769255044791975,6.544,6.5489999999999995,6.6964999999999995,0.09048668840455332
2012-08-20,600900.SH,6.46,6.51,6.46,6.49,6.49,0.0,0.0,47770.05,30997.401,0.0,0.0,6.522,6.5485,6.692833333333334,0.08790121451276862
2012-08-21,600900.SH,6.49,6.52,6.46,6.51,6.49,0.02,0.31,91937.9,59664.885,0.0030816640986131016,0.0030769255044790986,6.506,6.545999999999999,6.688666666666666,0.08177536870995775
2012-08-22,600900.SH,6.52,6.52,6.47,6.52,6.51,0.01,0.15,65655.28,42652.423,0.001536098310291889,0.0015349197180837407,6.504,6.5485,6.683833333333334,0.06494135771888798
2012-08-23,600900.SH,6.52,6.55,6.47,6.5,6.52,-0.02,-0.31,125054.68,81420.537,-0.0030674846625766694,-0.0030721990369701403,6.502,6.5495,6.678666666666667,0.06591255266303263
2012-08-24,600900.SH,6.48,6.54,6.48,6.51,6.5,0.01,0.15,103308.41,67313.65,0.0015384615384614886,0.0015372793188863979,6.506,6.547499999999999,6.672166666666667,0.05301978906585598
2012-08-27,600900.SH,6.51,6.55,6.47,6.51,6.51,0.0,0.0,116401.19,75738.397,0.0,0.0,6.51,6.545999999999999,6.6659999999999995,0.05282825631747447
2012-08-28,600900.SH,6.5,6.56,6.47,6.53,6.51,0.02,0.31,82389.84,53785.687,0.003072196620583778,0.0030674870678618796,6.514,6.5435,6.661833333333334,0.048944658138556515
2012-08-29,600900.SH,6.52,6.56,6.51,6.54,6.53,0.01,0.15,67387.07,43994.821,0.0015313935681469104,0.0015302221807675365,6.517999999999999,6.541499999999999,6.656166666666667,0.0494007569789944
2012-08-30,600900.SH,6.51,6.55,6.49,6.54,6.54,0.0,0.0,87478.31,57106.726,0.0,0.0,6.525999999999999,6.539,6.652166666666667,0.04895065568907188
2012-08-31,600900.SH,6.51,6.52,6.42,6.47,6.54,-0.07,-1.07,101119.02,65275.366,-0.010703363914373099,-0.010761056956298146,6.518000000000001,6.5329999999999995,6.646833333333333,0.061096922664350906
2012-09-03,600900.SH,6.44,6.46,6.37,6.37,6.47,-0.1,-1.55,134634.94,86146.648,-0.015455950540958163,-0.015576638928737112,6.49,6.523000000000001,6.639833333333333,0.07985274722748475
2012-09-04,600900.SH,6.36,6.4,6.31,6.37,6.37,0.0,0.0,92764.72,58933.451,0.0,0.0,6.458,6.513499999999999,6.631666666666666,0.08003792815875012
2012-09-05,600900.SH,6.36,6.37,6.24,6.35,6.37,-0.02,-0.31,87541.77,55293.069,-0.0031397174254317317,-0.0031446566794717194,6.42,6.503,6.623166666666666,0.08005615603388164
2012-09-06,600900.SH,6.35,6.37,6.25,6.33,6.35,-0.02,-0.32,106096.29,66793.561,-0.0031496062992125706,-0.0031545767485154324,6.378,6.492,6.613333333333333,0.08023986092534499
2012-09-07,600900.SH,6.34,6.51,6.3,6.45,6.33,0.12,1.9,400643.38,257344.504,0.018957345971563955,0.018779894651596275,6.3740000000000006,6.4855,6.6055,0.10693885725916151
2012-09-10,600900.SH,6.43,6.46,6.4,6.46,6.45,0.01,0.16,153294.27,98611.217,0.0015503875968991832,0.0015491869868293187,6.392,6.4784999999999995,6.596166666666667,0.10632616802713203
2012-09-11,600900.SH,6.45,6.45,6.32,6.38,6.46,-0.08,-1.24,170266.62,108513.26,-0.012383900928792602,-0.012461220437812002,6.394,6.467999999999999,6.5865,0.11370024637963011
2012-09-12,600900.SH,6.41,6.41,6.28,6.3,6.38,-0.08,-1.25,232812.84,147465.655,-0.012539184952978122,-0.012618463959211575,6.384,6.4565,6.577,0.11730585295517251
2012-09-13,600900.SH,6.31,6.39,6.29,6.35,6.3,0.05,0.79,106004.66,67201.104,0.007936507936507908,0.007905179507113247,6.388,6.4485,6.569,0.12209221235439119
2012-09-14,600900.SH,6.37,6.43,6.31,6.38,6.35,0.03,0.47,123937.96,79071.299,0.0047244094488190225,0.004713284452098357,6.374,6.443,6.561999999999999,0.12364628906006647
2012-09-17,600900.SH,6.37,6.45,6.34,6.37,6.38,-0.01,-0.16,158724.93,101770.113,-0.0015673981191222097,-0.001568627772626487,6.356,6.437,6.555499999999999,0.12363266590116093
2012-09-18,600900.SH,6.35,6.39,6.32,6.33,6.37,-0.04,-0.63,85835.68,54524.073,-0.006279434850863463,-0.006299233427987201,6.345999999999999,6.428,6.5485,0.12409471098554983
2012-09-19,600900.SH,6.33,6.39,6.32,6.34,6.33,0.01,0.16,89860.46,57082.858,0.0015797788309637184,0.0015785322930497896,6.354000000000001,6.419,6.541666666666667,0.1241083835046976
2012-09-20,600900.SH,6.32,6.34,6.24,6.24,6.34,-0.1,-1.58,135864.42,85276.612,-0.01577287066246047,-0.01589858606779816,6.332,6.406000000000001,6.532333333333333,0.1341977722442373
2012-09-21,600900.SH,6.23,6.3,6.23,6.27,6.24,0.03,0.48,138178.49,86550.69,0.004807692307692291,0.0047961722634930135,6.3100000000000005,6.394,6.5235,0.13583447507069568
2012-09-24,600900.SH,6.25,6.26,6.13,6.16,6.27,-0.11,-1.75,107855.14,66803.949,-0.01754385964912275,-0.01769957709940086,6.268,6.3765,6.516000000000001,0.14653359647606326
2012-09-25,600900.SH,6.18,6.21,6.13,6.19,6.16,0.03,0.49,75211.56,46351.874,0.004870129870129913,0.0048583091510763675,6.24,6.3595,6.5088333333333335,0.14761101434743207
2012-09-26,600900.SH,6.16,6.26,6.16,6.26,6.19,0.07,1.13,102145.8,63535.894,0.011308562197092087,0.011245098415502426,6.223999999999999,6.3454999999999995,6.501833333333334,0.15515302315571008
2012-09-27,600900.SH,6.26,6.5,6.23,6.38,6.26,0.12,1.92,141076.8,89679.999,0.019169329073482455,0.01898791224469138,6.252,6.3375,6.497,0.17259977069601581
2012-09-28,600900.SH,6.33,6.47,6.3,6.46,6.38,0.08,1.25,188148.46,120303.053,0.012539184952978122,0.012461220437812033,6.29,6.337000000000001,6.492333333333333,0.17529071972020618
2012-10-08,600900.SH,6.45,6.53,6.35,6.4,6.46,-0.06,-0.93,94900.64,60841.263,-0.009287925696594312,-0.009331327428884192,6.338,6.3385,6.486666666666667,0.16935333343506026
2012-10-09,600900.SH,6.45,6.55,6.41,6.47,6.4,0.07,1.09,186191.51,121066.73,0.010937499999999822,0.010878118147182848,6.394,6.343500000000001,6.4831666666666665,0.17350514693383307
2012-10-10,600900.SH,6.45,6.47,6.41,6.44,6.47,-0.03,-0.46,101030.63,65016.489,-0.004636785162287382,-0.004647568396546851,6.43,6.348000000000001,6.478166666666667,0.17404066090674994
2012-10-11,600900.SH,6.5,6.51,6.45,6.49,6.44,0.05,0.78,93556.07,60639.563,0.007763975155279379,0.007733990599736257,6.452,6.356,6.474666666666667,0.1750964971438422
2012-10-12,600900.SH,6.51,6.55,6.48,6.52,6.49,0.03,0.46,73797.21,48111.553,0.0046224961479197635,0.004611845222562846,6.464,6.3595,6.471666666666666,0.16289950610102455
2012-10-15,600900.SH,6.5,6.53,6.45,6.52,6.52,0.0,0.0,69551.06,45179.599,0.0,0.0,6.4879999999999995,6.3625,6.469333333333334,0.16287122480259075
2012-10-16,600900.SH,6.52,6.54,6.45,6.46,6.52,-0.06,-0.92,73559.98,47641.505,-0.009202453987730008,-0.00924505814405105,6.486,6.3665,6.465999999999999,0.1598944080832102
2012-10-17,600900.SH,6.49,6.5,6.41,6.41,6.46,-0.05,-0.77,134921.55,86995.744,-0.007739938080495334,-0.007770046861931788,6.4799999999999995,6.372,6.4623333333333335,0.1554819376322168
2012-10-18,600900.SH,6.45,6.5,6.43,6.46,6.41,0.05,0.78,158467.95,102571.559,0.007800312012480548,0.007770046861931858,6.473999999999999,6.3775,6.4591666666666665,0.15540105106453875
2012-10-19,600900.SH,6.45,6.49,6.42,6.43,6.46,-0.03,-0.46,111913.31,72260.838,-0.004643962848297267,-0.004654779544982516,6.456,6.38,6.457333333333334,0.15590412858059371
2012-10-22,600900.SH,6.43,6.49,6.42,6.47,6.43,0.04,0.62,83704.58,54150.651,0.0062208398133747345,0.006201570263281107,6.446000000000001,6.385,6.456833333333333,0.1570236855083352
2012-10-23,600900.SH,6.47,6.49,6.42,6.46,6.47,-0.01,-0.15,43192.87,27893.166,-0.0015455950540957941,-0.0015467907182986822,6.446,6.3915,6.455166666666667,0.1550696681442763
2012-10-24,600900.SH,6.47,6.5,6.45,6.47,6.46,0.01,0.15,74724.01,48400.657,0.001547987616099089,0.001546790718298733,6.458,6.398000000000001,6.455166666666667,0.1550683021714905
2012-10-25,600900.SH,6.49,6.5,6.44,6.46,6.47,-0.01,-0.15,81099.66,52506.978,-0.0015455950540957941,-0.0015467907182986822,6.458,6.409000000000001,6.454833333333334,0.14228020883375386
2012-10-26,600900.SH,6.45,6.48,6.37,6.43,6.46,-0.03,-0.46,116882.03,75208.98,-0.004643962848297267,-0.004654779544982516,6.458,6.417,6.4528333333333325,0.14355551469626285
2012-10-29,600900.SH,6.4,6.44,6.38,6.4,6.43,-0.03,-0.47,76618.48,49130.845,-0.004665629860031051,-0.004676547883901793,6.444,6.429,6.450500000000001,0.12751768130937907
2012-10-30,600900.SH,6.4,6.46,6.36,6.38,6.4,-0.02,-0.31,106367.91,67978.532,-0.0031250000000000444,-0.0031298930089277044,6.428,6.4385,6.447166666666666,0.12823992241370893
2012-10-31,600900.SH,6.42,6.45,6.38,6.42,6.38,0.04,0.63,114992.41,73761.388,0.006269592476489061,0.006250020345171326,6.418000000000001,6.4465,6.444500000000001,0.12433896952825571
2012-11-01,600900.SH,6.42,6.5,6.4,6.46,6.42,0.04,0.62,136523.57,88150.601,0.006230529595015577,0.0062112000926406764,6.417999999999999,6.4505,6.442333333333334,0.10692823436334441
2012-11-02,600900.SH,6.46,6.55,6.46,6.53,6.46,0.07,1.08,144189.15,93875.519,0.010835913312693624,0.010777625493829336,6.438,6.453999999999999,6.441333333333333,0.1045600029379302
2012-11-05,600900.SH,6.53,6.56,6.51,6.54,6.53,0.01,0.15,121225.57,79258.516,0.0015313935681469104,0.0015302221807675365,6.465999999999999,6.461,6.440833333333333,0.09788518479805221
2012-11-06,600900.SH,6.55,6.57,6.45,6.5,6.54,-0.04,-0.61,101132.78,65687.124,-0.006116207951070374,-0.006134988567515944,6.489999999999999,6.4625,6.4398333333333335,0.09378703013880711
2012-11-07,600900.SH,6.48,6.52,6.45,6.48,6.5,-0.02,-0.31,111031.41,71924.129,-0.003076923076922977,-0.0030816665374080007,6.502,6.464499999999999,6.4385,0.09286845323119566
2012-11-08,600900.SH,6.45,6.48,6.42,6.43,6.48,-0.05,-0.77,67451.06,43419.713,-0.007716049382716195,-0.007745972114655453,6.4959999999999996,6.461499999999999,6.4365,0.09268017828073043
2012-11-09,600900.SH,6.42,6.44,6.39,6.41,6.43,-0.02,-0.31,71114.2,45601.733,-0.0031104199066873672,-0.0031152673169493115,6.4719999999999995,6.456,6.433666666666666,0.09112056613319275
2012-11-12,600900.SH,6.41,6.45,6.4,6.45,6.41,0.04,0.62,78206.8,50306.835,0.006240249609984483,0.0062208598751025326,6.453999999999999,6.452499999999999,6.431166666666666,0.09450814171206019
2012-11-13,600900.SH,6.45,6.45,6.38,6.38,6.45,-0.07,-1.09,61660.71,39437.463,-0.010852713178294615,-0.01091203345098265,6.43,6.4485,6.427666666666667,0.09667502220215615
2012-11-14,600900.SH,6.4,6.43,6.35,6.37,6.38,-0.01,-0.16,82717.88,52719.794,-0.0015673981191222097,-0.001568627772626487,6.4079999999999995,6.4465,6.425,0.09304798870320384
2012-11-15,600900.SH,6.35,6.38,6.3,6.32,6.37,-0.05,-0.78,106984.7,67845.115,-0.007849293563579218,-0.007880261425305863,6.386,6.4395,6.421833333333334,0.09155621831942796
2012-11-16,600900.SH,6.32,6.36,6.24,6.28,6.32,-0.04,-0.63,105201.91,66286.214,-0.006329113924050667,-0.00634922767865878,6.36,6.432,6.418333333333334,0.09261573092057697
2012-11-19,600900.SH,6.28,6.4,6.25,6.35,6.28,0.07,1.11,85753.47,53971.583,0.011146496815286566,0.011084832424492914,6.34,6.426,6.416,0.09923806434450301
2012-11-20,600900.SH,6.33,6.36,6.3,6.31,6.35,-0.04,-0.63,78984.02,50007.353,-0.006299212598425252,-0.006319136351478546,6.3260000000000005,6.4185,6.412666666666667,0.10105526425225934
2012-11-21,600900.SH,6.32,6.39,6.3,6.36,6.31,0.05,0.79,97999.99,62228.687,0.007923930269413848,0.007892700798909203,6.324,6.412999999999999,6.409999999999999,0.10574264754170529
2012-11-22,600900.SH,6.36,6.39,6.34,6.38,6.36,0.02,0.31,82438.04,52518.639,0.0031446540880502027,0.0031397200046676247,6.336,6.409000000000001,6.4079999999999995,0.10663207715863415
2012-11-23,600900.SH,6.4,6.45,6.36,6.43,6.38,0.05,0.78,100596.24,64505.529,0.00783699059561127,0.007806440892829492,6.366,6.409000000000001,6.406666666666666,0.10952071847253335
2012-11-26,600900.SH,6.39,6.45,6.38,6.44,6.43,0.01,0.16,76714.31,49305.463,0.0015552099533437946,0.0015540018667343205,6.384,6.411,6.4055,0.10820703417383434
2012-11-27,600900.SH,6.43,6.46,6.39,6.41,6.44,-0.03,-0.47,95063.62,61061.113,-0.004658385093167738,-0.004669269183683612,6.403999999999999,6.4125,6.403499999999999,0.10899113852040604
2012-11-28,600900.SH,6.41,6.41,6.36,6.37,6.41,-0.04,-0.62,89951.91,57476.818,-0.006240249609984372,-0.006259801348506666,6.406000000000001,6.410000000000001,6.400666666666667,0.1088838297639936
2012-11-29,600900.SH,6.37,6.39,6.26,6.31,6.37,-0.06,-0.94,126357.52,80089.836,-0.009419152276295195,-0.009463793030950251,6.392,6.402500000000001,6.396833333333333,0.11046324899158018
2012-11-30,600900.SH,6.3,6.38,6.3,6.36,6.31,0.05,0.79,97922.19,62007.176,0.007923930269413848,0.007892700798909203,6.378,6.394,6.3950000000000005,0.10669138912642862
2012-12-03,600900.SH,6.35,6.39,6.32,6.36,6.36,0.0,0.0,87108.03,55406.357,0.0,0.0,6.362,6.385,6.394833333333334,0.1062907412240622
2012-12-04,600900.SH,6.36,6.42,6.35,6.38,6.36,0.02,0.31,99956.94,63907.742,0.0031446540880502027,0.0031397200046676247,6.356,6.3790000000000004,6.395,0.1058923387763937
2012-12-05,600900.SH,6.39,6.5,6.33,6.48,6.38,0.1,1.57,287391.38,185174.974,0.015673981191222763,0.015552413007485003,6.378,6.379,6.397166666666666,0.12068786439836636
2012-12-06,600900.SH,6.48,6.5,6.4,6.44,6.48,-0.04,-0.62,154441.75,99731.12,-0.006172839506172867,-0.006191970247921107,6.404000000000001,6.3795,6.399,0.11949302883481701
2012-12-07,600900.SH,6.44,6.51,6.42,6.5,6.44,0.06,0.93,197322.49,127662.669,0.009316770186335255,0.009273636785329033,6.432,6.384,6.3998333333333335,0.12314484699948632
2012-12-10,600900.SH,6.54,6.62,6.49,6.55,6.5,0.05,0.77,290370.39,190079.905,0.007692307692307665,0.007662872745569097,6.470000000000001,6.389,6.401333333333333,0.12411131883948051
2012-12-11,600900.SH,6.52,6.62,6.52,6.61,6.55,0.06,0.92,188941.98,124143.301,0.009160305343511421,0.009118604216434338,6.516,6.400499999999999,6.405166666666667,0.11943562752226339
2012-12-12,600900.SH,6.59,6.66,6.54,6.58,6.61,-0.03,-0.45,132964.09,87577.603,-0.004538577912254205,-0.004548908526369129,6.536,6.411,6.409833333333333,0.12100180055746892
2012-12-13,600900.SH,6.57,6.6,6.53,6.57,6.58,-0.01,-0.15,110213.88,72360.753,-0.001519756838905706,-0.0015209128407066201,6.562,6.4235,6.4135,0.1164096267006324
2012-12-14,600900.SH,6.59,6.78,6.57,6.76,6.57,0.19,2.89,336917.89,226147.44,0.028919330289193246,0.028509057558353524,6.614,6.447500000000001,6.419833333333333,0.14645495931512093
2012-12-17,600900.SH,6.78,6.86,6.71,6.76,6.76,0.0,0.0,243908.77,165686.818,0.0,0.0,6.656000000000001,6.467999999999999,6.426333333333333,0.14429662489982945
2012-12-18,600900.SH,6.76,6.79,6.68,6.74,6.76,-0.02,-0.3,286010.86,192544.859,-0.002958579881656709,-0.0029629651306569606,6.682,6.489500000000001,6.433166666666667,0.14185494028267417
2012-12-19,600900.SH,6.74,6.77,6.7,6.74,6.74,0.0,0.0,200249.68,134825.141,0.0,0.0,6.714,6.508500000000001,6.4398333333333335,0.14124549587210009
2012-12-20,600900.SH,6.73,6.77,6.69,6.75,6.74,0.01,0.15,133902.83,90077.147,0.0014836795252224366,0.0014825799602226743,6.75,6.526999999999999,6.448333333333333,0.1413370721501111
2012-12-21,600900.SH,6.76,6.77,6.7,6.7,6.75,-0.05,-0.74,181680.08,122176.278,-0.007407407407407418,-0.00743497848751809,6.7379999999999995,6.5405,6.4555,0.14453965269705857
2012-12-24,600900.SH,6.73,6.75,6.66,6.68,6.7,-0.02,-0.3,187923.04,126046.005,-0.0029850746268657025,-0.0029895388483660483,6.7219999999999995,6.5525,6.464166666666666,0.14565985429683817
2012-12-25,600900.SH,6.69,6.88,6.68,6.88,6.68,0.2,2.99,344360.9,233970.717,0.029940119760479167,0.029500664396698056,6.75,6.5760000000000005,6.475666666666666,0.1740903746070439
2012-12-26,600900.SH,6.86,6.87,6.78,6.83,6.88,-0.05,-0.73,431501.71,294068.22,-0.007267441860465129,-0.007293978362553611,6.767999999999999,6.599000000000001,6.485166666666667,0.17489681198994309
2012-12-27,600900.SH,6.85,6.86,6.78,6.83,6.83,0.0,0.0,197905.61,135089.546,0.0,0.0,6.784000000000001,6.625,6.492666666666667,0.16872027509229912
2012-12-28,600900.SH,6.85,6.87,6.8,6.85,6.83,0.02,0.29,257958.51,176547.783,0.002928257686676261,0.0029239786914350605,6.814,6.649500000000001,6.4991666666666665,0.16811807067751208
2012-12-31,600900.SH,6.85,6.94,6.8,6.87,6.85,0.02,0.29,324413.64,222920.971,0.0029197080291971655,0.002915453960124135,6.851999999999999,6.675,6.507,0.16756812369422716
2013-01-04,600900.SH,6.9,6.94,6.84,6.91,6.87,0.04,0.58,346321.85,239027.174,0.005822416302765587,0.005805531545320496,6.858,6.7015,6.514333333333334,0.16767408905129663
2013-01-07,600900.SH,6.91,6.95,6.86,6.87,6.91,-0.04,-0.58,150109.9,103647.844,-0.005788712011577379,-0.005805531545320512,6.866,6.721000000000001,6.5215000000000005,0.1652305146540832
2013-01-08,600900.SH,6.88,6.92,6.8,6.84,6.87,-0.03,-0.44,208668.37,142976.501,-0.004366812227074246,-0.004376374599798888,6.868,6.741,6.527333333333333,0.16402398114108047
2013-01-09,600900.SH,6.84,6.87,6.76,6.79,6.84,-0.05,-0.73,294689.54,200791.618,-0.007309941520467822,-0.00733679006385432,6.856,6.7555,6.531833333333334,0.1662254651121315
2013-01-10,600900.SH,6.79,6.89,6.76,6.88,6.79,0.09,1.33,376235.54,255858.0,0.013254786450662692,0.013167710374647488,6.858,6.772,6.537833333333333,0.16978169893206574
2013-01-11,600900.SH,6.85,6.87,6.71,6.85,6.88,-0.03,-0.44,383834.05,261065.731,-0.0043604651162790775,-0.004369999671118379,6.845999999999999,6.784000000000001,6.544333333333333,0.169545336124324
2013-01-14,600900.SH,6.82,7.02,6.81,7.0,6.85,0.15,2.19,488817.51,337406.975,0.021897810218978186,0.021661496781179467,6.872,6.8050000000000015,6.554166666666666,0.18187828136347878
2013-01-15,600900.SH,7.0,7.06,6.9,6.99,7.0,-0.01,-0.14,398259.1,278541.023,-0.0014285714285714457,-0.0014295928095944335,6.901999999999999,6.825999999999999,6.563,0.18184744790483465
2013-01-16,600900.SH,6.96,7.04,6.94,6.99,6.99,0.0,0.0,282459.53,197477.159,0.0,0.0,6.942,6.8375,6.572333333333333,0.1544319001489184
2013-01-17,600900.SH,7.02,7.38,7.02,7.22,6.99,0.23,3.29,603008.85,436432.546,0.03290414878397696,0.03237439665901583,7.01,6.8605,6.584833333333334,0.1897126823791629
2013-01-18,600900.SH,7.28,7.42,7.23,7.39,7.22,0.17,2.35,658552.4,483720.645,0.023545706371191022,0.023272782055375432,7.118,6.893000000000001,6.600333333333333,0.20099011862252697
2013-01-21,600900.SH,7.47,7.62,7.38,7.42,7.39,0.03,0.41,594347.07,445281.44,0.004059539918809252,0.004051322219178724,7.202,6.927,6.616166666666667,0.20024916710251547
2013-01-22,600900.SH,7.42,7.46,7.29,7.35,7.42,-0.07,-0.94,313199.03,230240.295,-0.009433962264150941,-0.00947874395454377,7.273999999999999,6.956999999999999,6.630999999999999,0.20637024011395425
2013-01-23,600900.SH,7.35,7.41,7.29,7.33,7.35,-0.02,-0.27,187523.96,137748.156,-0.0027210884353741083,-0.0027247973261851424,7.3420000000000005,6.9885,6.646000000000001,0.20348044441762303
2013-01-24,600900.SH,7.37,7.41,7.22,7.3,7.33,-0.03,-0.41,333973.09,244247.368,-0.004092769440654842,-0.004101167744214678,7.358,7.019499999999999,6.661,0.2040638421700899
2013-01-25,600900.SH,7.31,7.35,7.28,7.32,7.3,0.02,0.27,123554.85,90419.858,0.00273972602739736,0.0027359798188748455,7.343999999999999,7.041500000000001,6.676666666666667,0.18062870309648343
2013-01-28,600900.SH,7.37,7.4,7.33,7.38,7.32,0.06,0.82,178284.65,131173.651,0.008196721311475308,0.008163310639160835,7.336,7.069,6.692666666666667,0.17708863668473765
2013-01-29,600900.SH,7.39,7.43,7.27,7.33,7.38,-0.05,-0.68,297144.28,217550.394,-0.006775067750677488,-0.006798122713820985,7.332000000000001,7.093999999999999,6.707166666666667,0.18068351041908443
2013-01-30,600900.SH,7.33,7.38,7.27,7.28,7.33,-0.05,-0.68,299082.89,218496.717,-0.006821282401091366,-0.006844653689965484,7.322,7.1155,6.719666666666667,0.18443920465275981
2013-01-31,600900.SH,7.33,7.6,7.32,7.55,7.28,0.27,3.71,464994.69,347498.732,0.037087912087911956,0.03641670105233861,7.372,7.149500000000001,6.7365,0.22034864001902466
2013-02-01,600900.SH,7.54,7.75,7.46,7.7,7.55,0.15,1.99,520112.65,398382.668,0.019867549668874274,0.019672765598704928,7.448,7.189,6.7565,0.2267429154359726
2013-02-04,600900.SH,7.73,7.86,7.57,7.57,7.7,-0.13,-1.69,426461.77,328849.839,-0.016883116883116833,-0.017027261410280707,7.486,7.224000000000001,6.774666666666667,0.23725961781588542
2013-02-05,600900.SH,7.59,7.77,7.57,7.75,7.57,0.18,2.38,365765.11,280655.34,0.023778071334213946,0.023499775915898163,7.57,7.269499999999999,6.796666666666666,0.24352372591297408
2013-02-06,600900.SH,7.78,7.78,7.55,7.59,7.75,-0.16,-2.06,311721.8,237676.91,-0.020645161290322567,-0.020861251957717056,7.632,7.3095,6.816333333333334,0.25765359000421056
2013-02-07,600900.SH,7.6,7.71,7.55,7.6,7.59,0.01,0.13,252160.76,191988.079,0.0013175230566535578,0.0013166558847469028,7.642,7.345500000000001,6.835500000000001,0.25649817617220166
2013-02-08,600900.SH,7.62,7.7,7.61,7.65,7.6,0.05,0.66,215797.29,165202.399,0.00657894736842124,0.006557400546159261,7.632,7.385499999999999,6.8566666666666665,0.2540679481560678
2013-02-18,600900.SH,7.69,7.69,7.54,7.63,7.65,-0.02,-0.26,180081.63,137459.528,-0.002614379084967422,-0.002617802542078934,7.644,7.417,6.877666666666667,0.2481172958888351
2013-02-19,600900.SH,7.66,7.67,7.48,7.48,7.63,-0.15,-1.97,211191.26,159280.152,-0.019659239842725995,-0.019855053309979675,7.590000000000001,7.4415000000000004,6.897,0.2618864577039336
2013-02-20,600900.SH,7.51,7.61,7.48,7.57,7.48,0.09,1.2,188461.77,142418.983,0.012032085561497263,0.011960275462971471,7.586,7.4704999999999995,6.9185,0.2632198504398739
2013-02-21,600900.SH,7.5,7.53,7.26,7.34,7.57,-0.23,-3.04,327595.84,241284.835,-0.03038309114927351,-0.03085422482293326,7.534000000000001,7.4765,6.935,0.2672717124012618
2013-02-22,600900.SH,7.32,7.38,7.25,7.3,7.34,-0.04,-0.55,155113.12,113619.106,-0.00544959128065392,-0.0054644944720787375,7.464,7.4719999999999995,6.951499999999999,0.2542731240607594
2013-02-25,600900.SH,7.32,7.39,7.27,7.28,7.3,-0.02,-0.27,169799.61,124529.898,-0.002739726027397249,-0.0027434859457508326,7.394,7.465000000000001,6.9668333333333345,0.2538042174036603
2013-02-26,600900.SH,7.27,7.28,7.1,7.16,7.28,-0.12,-1.65,342929.32,246778.246,-0.016483516483516536,-0.016620881236040407,7.33,7.455500000000001,6.979833333333334,0.25816951100945446
2013-02-27,600900.SH,7.18,7.21,7.03,7.1,7.16,-0.06,-0.84,253455.86,180373.677,-0.008379888268156499,-0.008415196925284585,7.236,7.444,6.9910000000000005,0.2593950280355353
2013-02-28,600900.SH,7.11,7.34,7.08,7.27,7.1,0.17,2.39,282502.91,203812.392,0.023943661971830954,0.023661507498158228,7.2219999999999995,7.442500000000001,7.004833333333334,0.27429304542061084
2013-03-01,600900.SH,7.29,7.32,7.1,7.2,7.27,-0.07,-0.96,212454.37,153025.629,-0.009628610729023324,-0.00967526552341831,7.202,7.4365,7.018,0.2761233606223442
2013-03-04,600900.SH,7.2,7.28,7.11,7.15,7.2,-0.05,-0.69,258881.79,186529.395,-0.00694444444444442,-0.006968669316093316,7.175999999999999,7.425,7.031000000000001,0.2748932021519515
2013-03-05,600900.SH,7.21,7.21,7.01,7.17,7.15,0.02,0.28,329381.6,234133.958,0.002797202797202747,0.0027932979056126536,7.178,7.417,7.045333333333333,0.2745289465875375
2013-03-06,600900.SH,7.19,7.35,7.14,7.3,7.17,0.13,1.81,264224.24,192252.323,0.018131101813110062,0.017968693542816338,7.218000000000001,7.418000000000001,7.060999999999999,0.28166040459570213
2013-03-07,600900.SH,7.27,7.33,7.2,7.28,7.3,-0.02,-0.27,244126.55,177482.738,-0.002739726027397249,-0.0027434859457508326,7.220000000000001,7.4045000000000005,7.076333333333334,0.24584321867668946
2013-03-08,600900.SH,7.3,7.33,7.24,7.26,7.28,-0.02,-0.27,116772.25,84987.785,-0.0027472527472528485,-0.002751033371889982,7.231999999999999,7.3825,7.091,0.23225345263994876
2013-03-11,600900.SH,7.24,7.28,7.19,7.22,7.26,-0.04,-0.55,160810.62,116115.321,-0.005509641873278293,-0.005524875931969916,7.2459999999999996,7.364999999999999,7.1033333333333335,0.2265691368269204
2013-03-12,600900.SH,7.23,7.35,7.13,7.16,7.22,-0.06,-0.83,269971.6,195677.098,-0.008310249307479145,-0.008344971932180534,7.244,7.335500000000001,7.115333333333334,0.20527513280253876
2013-03-13,600900.SH,7.16,7.18,7.1,7.13,7.16,-0.03,-0.42,175461.55,125162.201,-0.0041899441340782495,-0.004198746546349716,7.209999999999999,7.3125,7.1258333333333335,0.19552002724678152
2013-03-14,600900.SH,7.1,7.18,7.07,7.11,7.13,-0.02,-0.28,139391.08,99402.055,-0.0028050490883589907,-0.002808990611055004,7.176,7.287999999999999,7.135166666666667,0.19484538477804253
2013-03-15,600900.SH,7.1,7.33,7.08,7.29,7.11,0.18,2.53,364834.11,263854.904,0.025316455696202445,0.025001302205417186,7.182,7.2700000000000005,7.1465,0.21743132481858374
2013-03-18,600900.SH,7.28,7.34,7.15,7.19,7.29,-0.1,-1.37,213061.44,154093.403,-0.013717421124828433,-0.013812374287611359,7.176,7.247999999999999,7.156666666666666,0.22117167960378759
2013-03-19,600900.SH,7.25,7.46,7.2,7.45,7.19,0.26,3.62,351984.2,259306.783,0.03616133518776077,0.03552286065851282,7.234,7.2465,7.171333333333334,0.25163981993530404
2013-03-20,600900.SH,7.43,7.54,7.38,7.53,7.45,0.08,1.07,300144.85,224497.224,0.010738255033557076,0.01068100942033409,7.314,7.2445,7.184166666666667,0.2508543767830738
2013-03-21,600900.SH,7.52,7.52,7.44,7.46,7.53,-0.07,-0.93,163712.05,122488.224,-0.009296148738379806,-0.00933962759613272,7.384,7.2505,7.195833333333334,0.22719551261451598
2013-03-22,600900.SH,7.44,7.59,7.43,7.51,7.46,0.05,0.67,161964.26,121866.91,0.006702412868632601,0.0066800515603737875,7.428,7.261,7.208666666666668,0.22678032245217014
2013-03-25,600900.SH,7.58,7.58,7.38,7.41,7.51,-0.1,-1.33,166717.22,124122.301,-0.013315579227696328,-0.01340502646804778,7.4719999999999995,7.2675,7.219833333333333,0.2324482851878671
2013-03-26,600900.SH,7.38,7.45,7.31,7.37,7.41,-0.04,-0.54,200291.69,147492.561,-0.005398110661268607,-0.005412733106750335,7.456,7.2780000000000005,7.230166666666666,0.2245963713549149
2013-03-27,600900.SH,7.38,7.51,7.35,7.39,7.37,0.02,0.27,109997.39,81763.822,0.0027137042062415073,0.002710028758865158,7.428,7.2924999999999995,7.241666666666666,0.22152858623085844
2013-03-28,600900.SH,7.39,7.51,7.29,7.38,7.39,-0.01,-0.14,251084.58,185497.896,-0.0013531799729363803,-0.0013540963477292579,7.412000000000001,7.297999999999999,7.253333333333333,0.2060993666582834
2013-03-29,600900.SH,7.4,7.5,7.36,7.43,7.38,0.05,0.68,179218.26,133461.612,0.006775067750677488,0.006752220117286651,7.396000000000001,7.3095,7.2625,0.20326437890224597
2013-04-01,600900.SH,7.37,7.42,7.32,7.36,7.43,-0.07,-0.94,107269.58,78953.633,-0.009421265141318913,-0.009465925988882863,7.386,7.32,7.271333333333333,0.20483748692182605
2013-04-02,600900.SH,7.35,7.42,7.33,7.4,7.36,0.04,0.54,101108.74,74500.644,0.005434782608695565,0.005420067469339113,7.392,7.3315,7.280833333333333,0.20526799619140165
2013-04-03,600900.SH,7.43,7.46,7.32,7.33,7.4,-0.07,-0.95,103998.53,76693.952,-0.009459459459459474,-0.009504484311563961,7.38,7.333,7.288833333333334,0.1991749106487448
2013-04-08,600900.SH,7.25,7.34,7.21,7.28,7.33,-0.05,-0.68,172210.23,125104.89,-0.006821282401091366,-0.006844653689965484,7.360000000000001,7.333,7.2956666666666665,0.20051777386092695
2013-04-09,600900.SH,7.27,7.34,7.21,7.27,7.28,-0.01,-0.14,154624.91,112305.253,-0.0013736263736264798,-0.0013745706631667098,7.328,7.333500000000001,7.301666666666667,0.20032054687315767
2013-04-10,600900.SH,7.25,7.27,7.14,7.18,7.27,-0.09,-1.24,162698.01,116842.391,-0.012379642365887178,-0.012456908485295154,7.292,7.3315,7.306833333333333,0.20433603938527892
2013-04-11,600900.SH,7.2,7.24,7.12,7.16,7.18,-0.02,-0.28,113030.21,81007.208,-0.0027855153203342198,-0.0027894020875785254,7.244,7.3315,7.312166666666667,0.20235916401738033
2013-04-12,600900.SH,7.15,7.18,7.07,7.07,7.16,-0.09,-1.26,135524.11,96450.1,-0.012569832402234637,-0.01264950106407286,7.192,7.328500000000001,7.316833333333333,0.20683898514321525
2013-04-15,600900.SH,7.1,7.14,7.05,7.08,7.07,0.01,0.14,107600.41,76193.204,0.0014144271570013522,0.0014134277971469427,7.151999999999999,7.327,7.320166666666666,0.20671500365286027
2013-04-16,600900.SH,7.11,7.12,7.05,7.08,7.08,0.0,0.0,147030.22,104210.867,0.0,0.0,7.114,7.3165000000000004,7.324,0.1836217124502402
2013-04-17,600900.SH,7.1,7.11,7.02,7.08,7.08,0.0,0.0,122499.25,86310.106,0.0,0.0,7.093999999999999,7.311,7.325333333333333,0.17777790333808352
2013-04-18,600900.SH,7.05,7.11,7.02,7.1,7.08,0.02,0.28,112899.04,79852.377,0.0028248587570620654,0.0028208763416412634,7.082000000000001,7.2935,7.327166666666668,0.1140220955084779
2013-04-19,600900.SH,7.1,7.21,7.06,7.17,7.1,0.07,0.99,163335.66,117029.724,0.009859154929577452,0.00981087056425924,7.101999999999999,7.275499999999999,7.330166666666667,0.11271602471547303
2013-04-22,600900.SH,7.16,7.19,7.08,7.13,7.17,-0.04,-0.56,114488.13,81617.084,-0.00557880055788007,-0.0055944201853244365,7.112,7.259,7.328666666666666,0.1104591332248892
2013-04-23,600900.SH,7.12,7.12,6.94,6.99,7.13,-0.14,-1.96,204267.3,142840.273,-0.019635343618513268,-0.019830678180485624,7.093999999999999,7.233,7.322,0.12122860644309964
2013-04-24,600900.SH,7.01,7.09,6.97,7.04,6.99,0.05,0.72,126840.81,89053.557,0.007153075822603716,0.00712761392423214,7.086,7.214499999999999,7.315666666666667,0.12114014939019611
2013-04-25,600900.SH,7.04,7.14,6.96,7.14,7.04,0.1,1.42,180116.87,127572.82,0.014204545454545414,0.014104606181541945,7.093999999999999,7.203,7.312166666666667,0.1342583753707616
2013-04-26,600900.SH,7.14,7.17,7.05,7.13,7.14,-0.01,-0.14,165847.91,118169.801,-0.0014005602240896309,-0.0014015419252884445,7.086,7.19,7.308833333333333,0.1333164581895816
2013-05-02,600900.SH,7.08,7.18,7.08,7.13,7.13,0.0,0.0,120718.09,86177.779,0.0,0.0,7.086,7.1775,7.306,0.1334570931839658
2013-05-03,600900.SH,7.16,7.28,7.11,7.22,7.13,0.09,1.26,125838.58,90704.214,0.012622720897615736,0.01254371847853032,7.132,7.167,7.304333333333333,0.1398370904798084
2013-05-06,600900.SH,7.22,7.28,7.15,7.18,7.22,-0.04,-0.55,159631.81,115038.778,-0.005540166204986208,-0.005555569844602105,7.159999999999999,7.1579999999999995,7.301,0.13754254341213257
2013-05-07,600900.SH,7.26,7.49,7.26,7.44,7.18,0.26,3.62,423770.93,314650.27,0.03621169916434552,0.0355714657848678,7.219999999999999,7.160000000000001,7.302833333333334,0.19044889555624667
2013-05-08,600900.SH,7.46,7.5,7.35,7.4,7.44,-0.04,-0.54,175833.99,130459.561,-0.005376344086021501,-0.005390848634876423,7.273999999999999,7.163500000000001,7.304833333333334,0.18820137732265274
2013-05-09,600900.SH,7.42,7.42,7.32,7.4,7.4,0.0,0.0,187005.15,138049.799,0.0,0.0,7.328,7.169499999999999,7.302333333333333,0.18620900420228192
2013-05-10,600900.SH,7.38,7.46,7.38,7.42,7.4,0.02,0.27,119477.08,88504.568,0.002702702702702675,0.0026990569691649835,7.368,7.177,7.297666666666667,0.18611609865571116
2013-05-13,600900.SH,7.42,7.44,7.35,7.41,7.42,-0.01,-0.13,155186.03,115008.684,-0.0013477088948786742,-0.0013486178712935292,7.414,7.1885,7.295,0.17953279843768044
2013-05-14,600900.SH,7.38,7.44,7.31,7.38,7.41,-0.03,-0.4,126225.6,93000.6,-0.004048582995951455,-0.00405680069561443,7.401999999999999,7.1995000000000005,7.288833333333334,0.1800009249670431
2013-05-15,600900.SH,7.38,7.43,7.33,7.41,7.38,0.03,0.41,70295.21,51900.84,0.004065040650406582,0.004056800695614469,7.404000000000001,7.216499999999999,7.285833333333333,0.17217871093590145
2013-05-16,600900.SH,7.43,7.51,7.36,7.47,7.41,0.06,0.81,152021.94,113468.49,0.008097165991902688,0.008064559836730274,7.418000000000001,7.236,7.283666666666666,0.17329841978585603
2013-05-17,600900.SH,7.47,7.6,7.42,7.57,7.47,0.1,1.34,205224.38,154803.922,0.013386880856760541,0.013298068304631634,7.447999999999999,7.260499999999999,7.282333333333333,0.17696650747209436
2013-05-20,600900.SH,7.56,7.83,7.56,7.78,7.57,0.21,2.77,384683.22,299100.453,0.02774108322324964,0.0273632707409428,7.522,7.2955,7.284833333333333,0.19622531162953152
2013-05-21,600900.SH,7.75,7.87,7.72,7.82,7.78,0.04,0.51,184518.5,144036.716,0.005141388174807249,0.005128216366919529,7.609999999999999,7.3315,7.2905,0.19608875019720012
2013-05-22,600900.SH,7.82,7.82,7.66,7.67,7.82,-0.15,-1.92,140807.08,108756.424,-0.019181585677749413,-0.019367939178054946,7.662000000000001,7.3565,7.292166666666666,0.212760130501709
2013-05-23,600900.SH,7.67,7.67,7.47,7.57,7.67,-0.1,-1.3,187490.54,142175.876,-0.01303780964797907,-0.01312354792980734,7.682,7.3785,7.296,0.21853257112061955
2013-05-24,600900.SH,7.65,7.67,7.45,7.51,7.57,-0.06,-0.79,185390.75,139624.616,-0.00792602377807139,-0.007957601673314088,7.67,7.4045000000000005,7.2995,0.2059759421663279
2013-05-27,600900.SH,7.53,7.57,7.49,7.5,7.51,-0.01,-0.13,90320.95,67903.891,-0.0013315579227696217,-0.0013324452337786009,7.614,7.4275,7.303166666666667,0.20627648414859556
2013-05-28,600900.SH,7.51,7.58,7.45,7.56,7.5,0.06,0.8,200945.18,150970.049,0.008000000000000007,0.007968169649176881,7.562,7.4485,7.309833333333334,0.2030565476917944
2013-05-29,600900.SH,7.55,7.68,7.54,7.64,7.56,0.08,1.06,129386.33,98757.596,0.010582010582010692,0.010526412986987603,7.556,7.473999999999999,7.318833333333333,0.20411216751197225
2013-05-30,600900.SH,7.64,7.67,7.53,7.59,7.64,-0.05,-0.65,117136.03,89405.106,-0.00654450261780104,-0.006566011770890558,7.56,7.497,7.324166666666667,0.2069194326159586
2013-05-31,600900.SH,7.62,7.65,7.55,7.56,7.59,-0.03,-0.4,77644.81,58849.147,-0.0039525691699605625,-0.003960401216097017,7.5699999999999985,7.514,7.330166666666667,0.20527820462796575
2013-06-03,600900.SH,7.55,7.7,7.53,7.64,7.56,0.08,1.06,177949.91,135988.366,0.010582010582010692,0.010526412986987603,7.597999999999999,7.536999999999999,7.338333333333333,0.20500282445124074
2013-06-04,600900.SH,7.6,7.65,7.53,7.59,7.64,-0.05,-0.65,124336.8,94294.425,-0.00654450261780104,-0.006566011770890558,7.603999999999999,7.544499999999999,7.3453333333333335,0.16615055394711034
2013-06-05,600900.SH,7.57,7.66,7.51,7.57,7.59,-0.02,-0.26,120379.58,91434.735,-0.0026350461133068936,-0.0026385239581810604,7.589999999999999,7.552999999999999,7.349833333333334,0.16502534564109797
2013-06-06,600900.SH,7.54,7.57,7.39,7.45,7.57,-0.12,-1.59,153652.46,114808.039,-0.015852047556142668,-0.01597903505788926,7.562,7.5555,7.352666666666666,0.1757808061469802
2013-06-07,600900.SH,7.43,7.5,7.36,7.37,7.45,-0.08,-1.07,143811.63,106824.797,-0.010738255033557076,-0.010796326190222942,7.523999999999999,7.553,7.3545,0.17986758515910153
2013-06-13,600900.SH,7.33,7.33,7.0,7.17,7.37,-0.2,-2.71,310989.25,221545.043,-0.027137042062415184,-0.027512051589716233,7.43,7.5409999999999995,7.353666666666667,0.20362904604433382
2013-06-14,600900.SH,7.16,7.17,7.06,7.15,7.17,-0.02,-0.28,220140.37,156440.166,-0.002789400278939924,-0.0027932979056126,7.3420000000000005,7.5295000000000005,7.3534999999999995,0.2034744887156326
2013-06-17,600900.SH,7.14,7.16,7.09,7.12,7.15,-0.03,-0.42,82451.28,58764.354,-0.004195804195804231,-0.004204631282031924,7.252,7.515000000000001,7.3533333333333335,0.20258683550923542
2013-06-18,600900.SH,7.12,7.17,7.05,7.14,7.12,0.02,0.28,135495.36,96453.564,0.002808988764044784,0.0028050509276084604,7.19,7.4985,7.353833333333332,0.19997266739608688
2013-06-19,600900.SH,7.13,7.13,7.0,7.05,7.14,-0.09,-1.26,169074.71,118979.646,-0.012605042016806678,-0.012685159527315687,7.1259999999999994,7.472499999999999,7.349833333333334,0.19433903321167662
2013-06-20,600900.SH,7.03,7.06,6.92,6.99,7.05,-0.06,-0.85,194869.1,136527.338,-0.008510638297872242,-0.008547060578458297,7.090000000000001,7.433000000000002,7.346500000000001,0.15589324127677182
2013-06-21,600900.SH,6.93,6.98,6.78,6.84,6.99,-0.15,-2.15,595865.62,410624.925,-0.02145922746781126,-0.021692824611259896,7.0280000000000005,7.383999999999999,7.336333333333332,0.1607962517090836
2013-06-24,600900.SH,6.88,6.92,6.68,6.71,6.84,-0.13,-1.9,316196.45,214923.912,-0.01900584795321636,-0.019188780650868653,6.946000000000001,7.336,7.322666666666667,0.16061532161314915
2013-06-25,600900.SH,6.64,6.79,6.56,6.73,6.71,0.02,0.3,351205.96,235034.366,0.0029806259314457684,0.002976192673046176,6.864,7.294000000000001,7.310500000000001,0.16217595084848274
2013-06-26,600900.SH,6.73,6.82,6.64,6.72,6.73,-0.01,-0.15,253306.34,169643.115,-0.0014858841010402246,-0.001486989121578367,6.798,7.2545,7.297333333333333,0.1626738238811786
2013-06-27,600900.SH,6.75,6.88,6.74,6.83,6.72,0.11,1.64,221984.61,151056.24,0.016369047619047672,0.016236519047640573,6.766,7.220999999999999,7.2876666666666665,0.17989944410542827
2013-06-28,600900.SH,6.85,7.03,6.8,6.92,6.83,0.09,1.32,261294.36,181259.21,0.013177159590043841,0.01309109604687942,6.782000000000001,7.189,7.280166666666667,0.1855608037699517
2013-07-01,600900.SH,6.65,6.66,6.56,6.59,6.59,0.0,0.0,127984.39,84597.655,-0.047687861271676346,-0.0488624211151624,6.758,7.1365,7.2668333333333335,0.2326752936306449
2013-07-02,600900.SH,6.56,6.76,6.54,6.75,6.59,0.16,2.43,137938.88,92216.96,0.02427921092564489,0.023989156370022576,6.7620000000000005,7.094499999999999,7.256333333333333,0.25825403024752386
2013-07-03,600900.SH,6.71,7.04,6.71,6.97,6.75,0.22,3.26,340298.76,235010.349,0.032592592592592506,0.032072719887993976,6.812,7.0649999999999995,7.248666666666667,0.2919529501234265
2013-07-04,600900.SH,7.0,7.08,6.92,7.01,6.97,0.04,0.57,231436.43,162229.495,0.0057388809182210565,0.005722476274066315,6.848000000000001,7.033500000000001,7.2428333333333335,0.28926195530532733
2013-07-05,600900.SH,6.97,7.01,6.91,6.94,7.01,-0.07,-1.0,140242.66,97300.673,-0.00998573466476449,-0.010035926527785455,6.851999999999999,7.001,7.235166666666667,0.2898993543899551
2013-07-08,600900.SH,6.9,6.93,6.76,6.78,6.94,-0.16,-2.31,167724.93,114658.926,-0.023054755043227737,-0.023324672566409004,6.890000000000001,6.961500000000001,7.226,0.2973040913071253
2013-07-09,600900.SH,6.77,7.01,6.72,6.97,6.78,0.19,2.8,449902.97,312558.811,0.028023598820059004,0.02763812282012832,6.934,6.9375,7.220833333333333,0.31685514717881996
2013-07-10,600900.SH,6.94,7.02,6.91,6.96,6.97,-0.01,-0.14,112991.8,78665.87,-0.001434720229555153,-0.0014357504261041534,6.9319999999999995,6.917,7.2156666666666665,0.3156124373868046
2013-07-11,600900.SH,6.98,7.12,6.97,7.07,6.96,0.11,1.58,344184.5,242461.032,0.015804597701149392,0.015681005562153075,6.944,6.912000000000001,7.213833333333334,0.3081791313251924
2013-07-12,600900.SH,7.03,7.11,6.95,7.0,7.07,-0.07,-0.99,239111.6,168447.706,-0.00990099009900991,-0.009950330853168092,6.956,6.9045000000000005,7.211166666666667,0.30990215941268034
2013-07-15,600900.SH,7.04,7.06,6.9,6.96,7.0,-0.04,-0.57,186611.7,130146.807,-0.005714285714285672,-0.005730674708984983,6.992,6.8965000000000005,7.209333333333333,0.3101645660748865
2013-07-16,600900.SH,6.94,7.05,6.91,7.03,6.96,0.07,1.01,169119.1,117930.692,0.010057471264367956,0.010007231476245396,7.0040000000000004,6.891000000000001,7.208500000000001,0.31238998960205466
2013-07-17,600900.SH,7.02,7.16,6.97,7.08,7.03,0.05,0.71,296528.64,210534.728,0.007112375533428139,0.007087201883054831,7.0280000000000005,6.8925,7.2085,0.31016516176126113
2013-07-18,600900.SH,7.04,7.14,7.01,7.08,7.08,0.0,0.0,166442.21,118055.961,0.0,0.0,7.029999999999999,6.897,7.2085,0.308390348426052
2013-07-19,600900.SH,7.08,7.14,6.91,6.95,7.08,-0.13,-1.84,249614.67,175398.279,-0.01836158192090398,-0.018532248128927654,7.0200000000000005,6.902500000000001,7.2059999999999995,0.3056056590486809
2013-07-22,600900.SH,6.9,7.09,6.9,7.08,6.95,0.13,1.87,140934.59,99520.211,0.018705035971223083,0.01853224812892769,7.044,6.921000000000001,7.2045,0.30220152466244593
2013-07-23,600900.SH,7.12,7.17,7.04,7.09,7.08,0.01,0.14,199002.26,141555.801,0.0014124293785311437,0.0014114328384078085,7.056,6.938999999999998,7.203833333333334,0.3022445381341072
2013-07-24,600900.SH,7.08,7.15,6.95,6.99,7.09,-0.1,-1.41,222040.01,155880.038,-0.014104372355430161,-0.01420478429831722,7.037999999999999,6.952499999999999,7.203833333333334,0.30787444923962753
2013-07-25,600900.SH,7.01,7.03,6.88,6.97,6.99,-0.02,-0.29,151588.78,105472.036,-0.0028612303290415086,-0.0028653314732863936,7.016,6.9595,7.2026666666666666,0.3036340929659808
2013-07-26,600900.SH,6.91,7.0,6.9,6.98,6.97,0.01,0.14,109163.22,76031.326,0.0014347202295552641,0.001433692001848616,7.022,6.9625,7.2,0.3003284430644488
2013-07-29,600900.SH,6.91,6.96,6.79,6.83,6.98,-0.15,-2.15,105605.76,72512.423,-0.02148997134670494,-0.02172424319158248,6.9719999999999995,6.974500000000001,7.194999999999999,0.2555115413950649
2013-07-30,600900.SH,6.88,6.98,6.84,6.92,6.83,0.09,1.32,114364.79,79110.602,0.013177159590043841,0.01309109604687942,6.938,6.983000000000001,7.1915000000000004,0.24546343371168372
2013-07-31,600900.SH,6.94,6.99,6.89,6.9,6.92,-0.02,-0.29,74616.03,51750.462,-0.0028901734104045396,-0.0028943580263644146,6.92,6.9795,7.186166666666666,0.216140640971663
2013-08-01,600900.SH,6.96,7.06,6.93,7.03,6.9,0.13,1.88,131084.18,91874.37,0.018840579710144967,0.018665294219359876,6.9319999999999995,6.980499999999999,7.183666666666666,0.22587361561566424
2013-08-02,600900.SH,7.07,7.11,6.95,6.98,7.03,-0.05,-0.71,142122.13,99965.16,-0.007112375533428139,-0.007137789048292406,6.9319999999999995,6.9825,7.176,0.22437386272775364
2013-08-05,600900.SH,6.98,7.03,6.91,7.01,6.98,0.03,0.43,125215.16,87483.846,0.004297994269340855,0.004288784272217499,6.968000000000001,6.994,7.1695,0.2067982825836086
2013-08-06,600900.SH,6.96,7.06,6.93,6.99,7.01,-0.02,-0.29,151375.55,105766.514,-0.0028530670470755526,-0.00285714480077978,6.981999999999999,6.995,7.162666666666667,0.1823693537103843
2013-08-07,600900.SH,6.98,7.02,6.93,6.95,6.99,-0.04,-0.57,113357.21,79113.964,-0.005722460658083017,-0.005738896669018167,6.992,6.9944999999999995,7.154833333333333,0.18351250226130236
2013-08-08,600900.SH,6.95,7.0,6.9,6.9,6.95,-0.05,-0.72,149314.98,103662.284,-0.007194244604316502,-0.00722024797348702,6.965999999999999,6.986,7.146333333333333,0.1751983321006632
2013-08-09,600900.SH,6.95,6.97,6.82,6.82,6.9,-0.08,-1.16,215713.44,148248.866,-0.011594202898550732,-0.011661939747842975,6.934,6.976999999999999,7.137,0.176417834844853
2013-08-12,600900.SH,6.87,6.98,6.81,6.97,6.82,0.15,2.2,183702.82,126510.432,0.021994134897360684,0.021755752917061767,6.926,6.977499999999999,7.129666666666667,0.19367650157422825
2013-08-13,600900.SH,6.96,6.97,6.92,6.96,6.97,-0.01,-0.14,89173.79,61887.739,-0.001434720229555153,-0.0014357504261041534,6.92,6.973999999999999,7.121166666666666,0.19013709166266154
2013-08-14,600900.SH,6.98,6.99,6.85,6.88,6.96,-0.08,-1.15,181674.74,125714.021,-0.011494252873563204,-0.011560822401075971,6.906000000000001,6.964,7.109666666666667,0.19180869916368856
2013-08-15,600900.SH,6.9,6.96,6.85,6.86,6.88,-0.02,-0.29,194416.0,134604.892,-0.0029069767441859407,-0.00291121020745833,6.898000000000001,6.953,7.094333333333334,0.19181237441584403
2013-08-16,600900.SH,6.88,7.55,6.8,6.81,6.86,-0.05,-0.73,359889.16,249781.873,-0.007288629737609464,-0.007315321576372994,6.895999999999999,6.946000000000001,7.0775,0.18271980934962026
2013-08-19,600900.SH,6.87,6.87,6.68,6.75,6.81,-0.06,-0.88,301259.07,203319.05,-0.008810572687224627,-0.0088496152769825,6.851999999999999,6.9295,7.062166666666667,0.1690474514144445
2013-08-20,600900.SH,6.75,6.77,6.6,6.64,6.75,-0.11,-1.63,311849.91,207965.214,-0.016296296296296364,-0.01643054139609604,6.787999999999999,6.906999999999999,7.046666666666667,0.17541489795372456
2013-08-21,600900.SH,6.66,6.67,6.61,6.66,6.64,0.02,0.3,148636.01,98773.739,0.003012048192771122,0.0030075210639553224,6.744,6.8905,7.0325,0.17180766185243898
2013-08-22,600900.SH,6.64,6.7,6.6,6.61,6.66,-0.05,-0.75,159270.79,105742.05,-0.007507507507507505,-0.007535830688702848,6.694,6.8725000000000005,7.017666666666667,0.17277645104843628
2013-08-23,600900.SH,6.64,6.66,6.54,6.62,6.61,0.01,0.15,116759.11,77150.063,0.001512859304084735,0.0015117160853219392,6.656000000000001,6.8545,7.002,0.17280082522158394
2013-08-26,600900.SH,6.63,6.7,6.58,6.7,6.62,0.08,1.21,126581.9,84083.834,0.012084592145015227,0.012012156448003653,6.645999999999999,6.848000000000001,6.9863333333333335,0.16501286944395302
2013-08-27,600900.SH,6.67,6.68,6.61,6.64,6.7,-0.06,-0.9,151640.87,100544.251,-0.008955223880597107,-0.008995562908577986,6.646000000000001,6.833999999999999,6.9705,0.15852832583250112
2013-08-28,600900.SH,6.61,6.66,6.57,6.63,6.64,-0.01,-0.15,138951.83,91864.209,-0.001506024096385561,-0.0015071592905713629,6.640000000000001,6.820500000000001,6.955,0.1585032201509096
2013-08-29,600900.SH,6.66,6.66,6.58,6.63,6.63,0.0,0.0,119622.16,79113.873,0.0,0.0,6.644,6.800500000000001,6.938166666666667,0.13858920916451298
2013-08-30,600900.SH,6.6,6.7,6.58,6.7,6.63,0.07,1.06,174614.09,116095.195,0.010558069381598756,0.0105027221991492,6.659999999999999,6.786499999999999,6.923333333333333,0.1454699343890982
2013-09-02,600900.SH,6.71,6.73,6.61,6.71,6.7,0.01,0.15,179104.58,119571.019,0.0014925373134329067,0.00149142458667012,6.661999999999999,6.7715000000000005,6.909000000000001,0.14419291096515421
2013-09-03,600900.SH,6.72,6.76,6.67,6.75,6.71,0.04,0.6,190143.77,127765.186,0.005961251862891315,0.005943553900848137,6.684,6.7595,6.897333333333334,0.14698666451836237
2013-09-04,600900.SH,6.73,6.75,6.68,6.74,6.75,-0.01,-0.15,126892.17,85046.495,-0.001481481481481417,-0.0014825799602227248,6.706,6.7490000000000006,6.886833333333334,0.14621806593768322
2013-09-05,600900.SH,6.7,6.76,6.68,6.76,6.74,0.02,0.3,109871.69,73834.382,0.0029673590504450953,0.0029629651306570487,6.731999999999999,6.742,6.88,0.1454095381676717
2013-09-06,600900.SH,6.74,6.76,6.7,6.72,6.76,-0.04,-0.59,84216.52,56571.562,-0.00591715976331364,-0.005934735519814578,6.736,6.737,6.872833333333333,0.14125265868601158
2013-09-09,600900.SH,6.71,6.85,6.68,6.82,6.72,0.1,1.49,276770.45,186943.533,0.01488095238095255,0.014771317320312723,6.758,6.7295,6.8678333333333335,0.1277012609146999
2013-09-10,600900.SH,6.8,6.88,6.76,6.84,6.82,0.02,0.29,206338.05,140789.544,0.0029325513196480912,0.0029282597790883597,6.775999999999999,6.7235,6.862833333333334,0.12846833039779407
2013-09-11,600900.SH,6.84,6.91,6.82,6.91,6.84,0.07,1.02,296402.43,203880.645,0.01023391812865504,0.010181906145119502,6.81,6.725,6.8605,0.12771401330291174
2013-09-12,600900.SH,6.89,6.93,6.8,6.93,6.91,0.02,0.29,394151.84,270255.921,0.0028943560057885787,0.0028901754222332024,6.843999999999999,6.7284999999999995,6.8595,0.12747300411754126
2013-09-13,600900.SH,6.91,6.92,6.83,6.87,6.93,-0.06,-0.87,248328.91,170938.729,-0.008658008658008587,-0.008695706967553821,6.874,6.7315,6.86,0.12867520003479935
2013-09-16,600900.SH,6.89,6.93,6.85,6.85,6.87,-0.02,-0.29,131291.92,90534.799,-0.0029112081513829047,-0.002915453960124131,6.88,6.7364999999999995,6.862333333333334,0.12467369617391959
2013-09-17,600900.SH,6.86,6.88,6.81,6.84,6.85,-0.01,-0.15,165473.68,113233.733,-0.0014598540145984717,-0.0014609206396747599,6.88,6.746499999999999,6.864166666666666,0.1077149578428912
2013-09-18,600900.SH,6.86,6.93,6.83,6.88,6.84,0.04,0.58,167393.07,115313.873,0.005847953216374213,0.005830920310793144,6.874,6.7574999999999985,6.866833333333333,0.10870642682754827
2013-09-23,600900.SH,6.89,7.0,6.89,6.97,6.88,0.09,1.31,255733.14,177530.173,0.013081395348837122,0.012996572827180137,6.882,6.775499999999999,6.8691666666666675,0.11026211080856099
2013-09-24,600900.SH,6.93,6.94,6.8,6.81,6.97,-0.16,-2.3,150002.49,103088.658,-0.022955523672883782,-0.02322310461101151,6.869999999999999,6.784999999999999,6.867333333333334,0.1430299938939762
2013-09-25,600900.SH,6.82,6.86,6.8,6.8,6.81,-0.01,-0.15,84691.48,57825.266,-0.001468428781204123,-0.0014695079793599947,6.859999999999999,6.790000000000001,6.870833333333334,0.13766033484722684
2013-09-26,600900.SH,6.8,6.8,6.65,6.69,6.8,-0.11,-1.62,155861.6,104313.13,-0.016176470588235237,-0.016308738041923874,6.83,6.7924999999999995,6.869833333333334,0.14653199394125713
2013-09-27,600900.SH,6.66,6.69,6.62,6.63,6.69,-0.06,-0.9,101430.07,67518.559,-0.008968609865470878,-0.009009069942365968,6.779999999999999,6.7924999999999995,6.864166666666667,0.15017908621172674
2013-09-30,600900.SH,6.63,6.72,6.61,6.65,6.63,0.02,0.3,92381.08,61435.521,0.003016591251885359,0.003012050469991621,6.715999999999999,6.7935,6.8581666666666665,0.15054899698488858
2013-10-08,600900.SH,6.63,6.74,6.61,6.73,6.65,0.08,1.2,111234.59,74150.825,0.012030075187969835,0.011958288988873576,6.7,6.794999999999999,6.854666666666668,0.15197699176169202
2013-10-09,600900.SH,6.69,6.7,6.6,6.66,6.73,-0.07,-1.04,122528.09,81506.544,-0.010401188707280906,-0.010455659104338743,6.672,6.792500000000001,6.852666666666666,0.15650173387287034
2013-10-10,600900.SH,6.67,6.67,6.61,6.62,6.66,-0.04,-0.6,107554.06,71280.982,-0.006006006006005982,-0.006024114603380902,6.658000000000001,6.786,6.8468333333333335,0.15588756734479195
2013-10-11,600900.SH,6.64,6.69,6.63,6.68,6.62,0.06,0.91,89755.17,59865.692,0.009063444108761365,0.009022617599637552,6.668000000000001,6.7829999999999995,6.8421666666666665,0.15983304181940547
2013-10-14,600900.SH,6.71,6.73,6.66,6.71,6.68,0.03,0.45,98666.42,66034.176,0.004491017964071808,0.0044809634350360195,6.68,6.780500000000001,6.836166666666666,0.1603493016532504
2013-10-15,600900.SH,6.72,6.73,6.67,6.72,6.71,0.01,0.15,92907.12,62322.245,0.0014903129657226621,0.0014892035514676113,6.678,6.780500000000001,6.8315,0.15907218328317485
2013-10-16,600900.SH,6.7,6.77,6.69,6.71,6.72,-0.01,-0.15,131029.68,88180.684,-0.0014880952380952328,-0.0014892035514677455,6.688,6.775,6.827333333333333,0.1491287773158498
2013-10-17,600900.SH,6.72,6.75,6.64,6.65,6.71,-0.06,-0.89,97924.84,65446.362,-0.00894187779433675,-0.008982096315827592,6.694,6.7655,6.821,0.15116079244166084
2013-10-18,600900.SH,6.66,6.66,6.56,6.58,6.65,-0.07,-1.05,165232.9,109010.709,-0.010526315789473717,-0.010582109330536972,6.6739999999999995,6.749,6.812666666666667,0.14796272375612088
2013-10-21,600900.SH,6.58,6.61,6.5,6.56,6.58,-0.02,-0.3,212469.53,139209.984,-0.003039513677811634,-0.003044142381228244,6.644,6.730500000000001,6.804,0.14663869574201768
2013-10-22,600900.SH,6.57,6.59,6.45,6.49,6.56,-0.07,-1.07,262463.3,171115.315,-0.010670731707317027,-0.010728072239999,6.598000000000001,6.711500000000001,6.796333333333334,0.14789219644911308
2013-10-23,600900.SH,6.5,6.54,6.35,6.37,6.49,-0.12,-1.85,380303.7,245026.281,-0.018489984591679498,-0.018663061131926638,6.529999999999999,6.6875,6.7844999999999995,0.15803860436869657
2013-10-24,600900.SH,6.39,6.4,6.31,6.32,6.37,-0.05,-0.78,243469.55,154370.034,-0.007849293563579218,-0.007880261425305863,6.464,6.661499999999999,6.7716666666666665,0.15852915711863144
2013-10-25,600900.SH,6.31,6.36,6.3,6.32,6.32,0.0,0.0,217545.3,137592.823,0.0,0.0,6.412000000000001,6.6335,6.7604999999999995,0.15508239152080108
2013-10-28,600900.SH,6.35,6.4,6.31,6.38,6.32,0.06,0.95,107946.97,68744.136,0.009493670886075778,0.009448889197932289,6.376,6.604000000000001,6.750666666666667,0.15022977490987782
2013-10-29,600900.SH,6.38,6.44,6.37,6.42,6.38,0.04,0.63,225473.45,144506.202,0.006269592476489061,0.006250020345171326,6.362,6.5845,6.741333333333333,0.13755899632370558
2013-10-30,600900.SH,6.41,6.68,6.38,6.56,6.42,0.14,2.18,522489.62,342755.168,0.02180685358255441,0.021572485254127763,6.4,6.5725,6.736833333333334,0.1632101486975199
2013-10-31,600900.SH,6.52,6.52,6.43,6.46,6.56,-0.1,-1.52,175540.26,113300.678,-0.015243902439024293,-0.015361285161487093,6.428,6.561,6.729166666666667,0.16214655854600554
2013-11-01,600900.SH,6.44,6.64,6.44,6.55,6.46,0.09,1.39,184908.64,120892.981,0.01393188854489158,0.013835731852650008,6.473999999999999,6.557,6.723333333333334,0.16876857871285778
2013-11-04,600900.SH,6.58,6.61,6.44,6.49,6.55,-0.06,-0.92,122812.07,80043.936,-0.009160305343511421,-0.009202518931161894,6.4959999999999996,6.5489999999999995,6.714333333333333,0.17087439185896178
2013-11-05,600900.SH,6.46,6.51,6.43,6.45,6.49,-0.04,-0.62,145309.29,93756.359,-0.006163328197226536,-0.006182399908317539,6.502,6.534999999999999,6.7055,0.16432315853719023
2013-11-06,600900.SH,6.43,6.49,6.35,6.36,6.45,-0.09,-1.4,231796.9,148361.321,-0.013953488372092981,-0.014051753455650302,6.462000000000001,6.5200000000000005,6.6946666666666665,0.16717051700974608
2013-11-07,600900.SH,6.37,6.4,6.29,6.37,6.36,0.01,0.16,212197.04,135089.64,0.0015723270440251014,0.0015710922320411461,6.444,6.5075,6.684333333333333,0.16707609601039208
2013-11-08,600900.SH,6.35,6.39,6.3,6.33,6.37,-0.04,-0.63,219173.22,139067.773,-0.006279434850863463,-0.006299233427987201,6.4,6.49,6.674,0.16257475560867082
2013-11-11,600900.SH,6.32,6.35,6.29,6.32,6.33,-0.01,-0.16,151659.96,95842.777,-0.0015797788309636074,-0.0015810279973187068,6.3660000000000005,6.4704999999999995,6.664333333333333,0.1604586139202018
2013-11-12,600900.SH,6.3,6.38,6.3,6.33,6.32,0.01,0.16,201648.88,127635.129,0.0015822784810126667,0.0015810279973187732,6.3420000000000005,6.4510000000000005,6.656166666666667,0.16049262828840224
2013-11-13,600900.SH,6.32,6.33,6.24,6.25,6.33,-0.08,-1.26,212513.94,133480.905,-0.012638230647709303,-0.012718772407774671,6.32,6.428,6.644166666666666,0.16399998774783536
2013-11-14,600900.SH,6.28,6.33,6.26,6.31,6.25,0.06,0.96,179557.05,113300.065,0.009599999999999831,0.009554212804811491,6.308000000000001,6.411,6.633333333333334,0.16896258418729607
2013-11-15,600900.SH,6.33,6.43,6.3,6.39,6.31,0.08,1.27,285042.7,181810.449,0.01267828843106189,0.01259859183632173,6.32,6.4015,6.625166666666667,0.17445223197441256
2013-11-18,600900.SH,6.46,6.58,6.42,6.56,6.39,0.17,2.66,381619.93,248089.905,0.026604068857589924,0.026256334566554178,6.368,6.4015,6.620166666666666,0.2005536237387381
2013-11-19,600900.SH,6.56,6.59,6.52,6.57,6.56,0.01,0.15,178125.01,116855.032,0.001524390243902607,0.001523229540521638,6.4159999999999995,6.405500000000001,6.616166666666667,0.19651797977578495
2013-11-20,600900.SH,6.62,6.65,6.52,6.57,6.57,0.0,0.0,157043.32,103097.056,0.0,0.0,6.4799999999999995,6.4155,6.613166666666667,0.18309037032269768
2013-11-21,600900.SH,6.54,6.57,6.48,6.52,6.57,-0.05,-0.76,112610.03,73336.716,-0.007610350076103556,-0.007639456557957614,6.522,6.4254999999999995,6.611166666666667,0.18292853450226496
2013-11-22,600900.SH,6.57,6.57,6.49,6.53,6.52,0.01,0.15,89266.42,58279.568,0.0015337423312884457,0.0015325673497782106,6.55,6.436,6.608999999999999,0.18282918075360205
2013-11-25,600900.SH,6.47,6.56,6.46,6.47,6.53,-0.06,-0.92,92353.73,60108.048,-0.009188361408882129,-0.009230834775530543,6.531999999999999,6.4405,6.6066666666666665,0.18428532244672405
2013-11-26,600900.SH,6.46,6.5,6.45,6.49,6.47,0.02,0.31,92556.75,59972.517,0.0030911901081918103,0.003086422203189586,6.516,6.444,6.6045,0.18336905675194765
2013-11-27,600900.SH,6.48,6.56,6.46,6.51,6.49,0.02,0.31,65516.44,42667.224,0.0030816640986131016,0.0030769255044790986,6.504,6.4415,6.601333333333333,0.1658650033211774
2013-11-28,600900.SH,6.51,6.61,6.5,6.57,6.51,0.06,0.92,175189.53,115194.96,0.009216589861751334,0.00917437627604145,6.514,6.447,6.6001666666666665,0.1592912506413369
2013-11-29,600900.SH,6.59,6.6,6.54,6.57,6.57,0.0,0.0,153194.71,100638.658,0.0,0.0,6.522,6.448,6.599166666666666,0.15165865099139866
2013-12-02,600900.SH,6.55,6.7,6.51,6.66,6.57,0.09,1.37,579996.96,386239.448,0.013698630136986356,0.013605652055778678,6.56,6.4565,6.599666666666667,0.1546324044765147
2013-12-03,600900.SH,6.65,6.68,6.6,6.65,6.66,-0.01,-0.15,261615.19,173843.111,-0.0015015015015015232,-0.0015026298845350185,6.5920000000000005,6.466499999999999,6.598833333333333,0.15250352841621412
2013-12-04,600900.SH,6.64,6.68,6.6,6.64,6.65,-0.01,-0.15,348541.78,231534.14,-0.0015037593984963404,-0.001504891179420388,6.618,6.480499999999999,6.597666666666666,0.141715145903266
2013-12-05,600900.SH,6.64,6.65,6.56,6.61,6.64,-0.03,-0.45,189906.04,125294.582,-0.004518072289156572,-0.004528309624747511,6.626,6.4925,6.595333333333333,0.14370456844238014
2013-12-06,600900.SH,6.58,6.61,6.53,6.59,6.61,-0.02,-0.3,176914.04,116201.484,-0.00302571860816947,-0.0030303053491790963,6.63,6.5055,6.592833333333333,0.1417015727939546
2013-12-09,600900.SH,6.59,6.62,6.57,6.6,6.59,0.01,0.15,119613.09,78973.7,0.0015174506828528056,0.001516300517964008,6.617999999999999,6.519499999999999,6.590166666666666,0.1410737557699682
2013-12-10,600900.SH,6.61,6.63,6.58,6.62,6.6,0.02,0.3,95122.62,62892.478,0.003030303030303161,0.0030257209165371114,6.612,6.534000000000001,6.5885,0.14108232877019958
2013-12-11,600900.SH,6.58,6.62,6.58,6.62,6.62,0.0,0.0,160798.36,106260.715,0.0,0.0,6.608,6.5525,6.585166666666667,0.13006016477983903
2013-12-12,600900.SH,6.62,6.62,6.48,6.5,6.62,-0.12,-1.81,343641.87,225034.114,-0.01812688821752273,-0.018293193047325487,6.586,6.562,6.5794999999999995,0.14725109824629082
2013-12-13,600900.SH,6.45,6.48,6.35,6.38,6.5,-0.12,-1.85,229502.77,147141.017,-0.01846153846153853,-0.018634079544892983,6.544,6.5615,6.570666666666667,0.15712460060310723
2013-12-16,600900.SH,6.38,6.41,6.3,6.32,6.38,-0.06,-0.94,212274.57,134730.819,-0.00940438871473348,-0.009448889197932396,6.4879999999999995,6.5495,6.5605,0.12483381735971814
2013-12-17,600900.SH,6.32,6.35,6.29,6.32,6.32,0.0,0.0,204962.52,129474.973,0.0,0.0,6.428,6.537000000000001,6.551333333333333,0.12440670196096935
2013-12-18,600900.SH,6.31,6.33,6.26,6.3,6.32,-0.02,-0.32,193644.48,121760.661,-0.0031645569620254443,-0.0031695747612791787,6.364,6.5235,6.542166666666666,0.12426985864112286
2013-12-19,600900.SH,6.3,6.36,6.26,6.29,6.3,-0.01,-0.16,183687.94,115822.703,-0.0015873015873015817,-0.0015885626851378416,6.322,6.5120000000000005,6.533,0.12253324806357105
2013-12-20,600900.SH,6.25,6.3,6.22,6.25,6.29,-0.04,-0.64,262414.41,164162.213,-0.006359300476947549,-0.00637960696403904,6.295999999999999,6.498,6.5225,0.12291695854584452
2013-12-23,600900.SH,6.25,6.27,6.18,6.21,6.25,-0.04,-0.64,141150.34,87813.951,-0.006399999999999961,-0.006420567802922695,6.273999999999999,6.484999999999999,6.509833333333333,0.1211887425047962
2013-12-24,600900.SH,6.24,6.28,6.2,6.23,6.21,0.02,0.32,97777.99,61050.342,0.0032206119162641045,0.003215436853974393,6.255999999999999,6.4719999999999995,6.500166666666667,0.1212619992240679
2013-12-25,600900.SH,6.26,6.3,6.22,6.29,6.23,0.06,0.96,62531.94,39271.507,0.009630818619582593,0.00958473791298731,6.2540000000000004,6.461,6.491666666666668,0.1270047869308334
2013-12-26,600900.SH,6.26,6.33,6.25,6.27,6.29,-0.02,-0.32,55457.9,34840.277,-0.0031796502384738856,-0.0031847160675199473,6.25,6.446000000000001,6.484666666666667,0.12033723316630221
2013-12-27,600900.SH,6.28,6.39,6.25,6.37,6.27,0.1,1.59,125463.89,79276.637,0.01594896331738438,0.01582311493924266,6.274,6.436,6.480333333333333,0.13660897462393826
2013-12-30,600900.SH,6.38,6.38,6.24,6.25,6.37,-0.12,-1.88,184078.96,115736.137,-0.01883830455259028,-0.01901800583576186,6.282,6.4155,6.473666666666667,0.13738739595476934
2013-12-31,600900.SH,6.23,6.34,6.23,6.32,6.25,0.07,1.12,124914.43,78446.341,0.011200000000000099,0.011137744410456021,6.3,6.399,6.466833333333333,0.14648815892803904
2014-01-02,600900.SH,6.3,6.31,6.26,6.28,6.32,-0.04,-0.63,93160.26,58527.261,-0.006329113924050667,-0.00634922767865878,6.298,6.381,6.4605,0.14705273029460433
2014-01-03,600900.SH,6.25,6.27,6.16,6.18,6.28,-0.1,-1.59,233838.34,145065.298,-0.015923566878981,-0.016051709010508015,6.279999999999999,6.3595,6.453166666666666,0.15427515136962128
2014-01-06,600900.SH,6.18,6.18,5.99,6.05,6.18,-0.13,-2.1,274233.97,165689.779,-0.021035598705501646,-0.02125999942684934,6.216,6.3325,6.442666666666667,0.16658525548704903
2014-01-07,600900.SH,6.0,6.04,5.94,6.01,6.05,-0.04,-0.66,180461.86,107994.266,-0.006611570247933907,-0.006633523495633906,6.168,6.303,6.431,0.16537101121792955
2014-01-08,600900.SH,6.01,6.05,5.93,5.99,6.01,-0.02,-0.33,176960.25,105859.596,-0.0033277870216305017,-0.003333336419758116,6.102,6.2715,6.418833333333334,0.162993038352975
2014-01-09,600900.SH,5.99,5.99,5.88,5.9,5.99,-0.09,-1.5,245458.56,145450.163,-0.015025041736226985,-0.015139061215684153,6.026,6.2355,6.405333333333333,0.16566030198923898
2014-01-10,600900.SH,5.88,5.97,5.88,5.96,5.9,0.06,1.02,118980.58,70636.647,0.010169491525423568,0.010118130165584466,5.982,6.2085,6.393833333333333,0.16791631266425028
2014-01-13,600900.SH,5.97,5.98,5.9,5.96,5.96,0.0,0.0,98487.74,58462.469,0.0,0.0,5.964,6.1875,6.3835,0.15981989803892568
2014-01-14,600900.SH,5.96,6.04,5.95,6.0,5.96,0.04,0.67,116844.48,70050.567,0.006711409395973256,0.00668898815079671,5.962000000000001,6.1715,6.3741666666666665,0.16194752111972238
2014-01-15,600900.SH,6.0,6.0,5.93,5.97,6.0,-0.03,-0.5,50148.2,29859.927,-0.0050000000000000044,-0.005012541823544286,5.958,6.154,6.3655,0.16187788276603174
2014-01-16,600900.SH,5.98,6.01,5.92,5.99,5.97,0.02,0.34,154926.09,92286.604,0.003350083752093891,0.00334448472284735,5.976000000000001,6.1385,6.359166666666667,0.16332587411256494
2014-01-17,600900.SH,5.96,5.98,5.9,5.96,5.99,-0.03,-0.5,120463.99,71471.874,-0.005008347245409106,-0.005020931050099681,5.976,6.122000000000001,6.353166666666667,0.16353215957900902
2014-01-20,600900.SH,5.94,5.99,5.88,5.96,5.96,0.0,0.0,101642.17,60411.494,0.0,0.0,5.976,6.1075,6.347166666666666,0.16317160876257075
2014-01-21,600900.SH,5.96,6.07,5.94,6.05,5.96,0.09,1.51,136426.97,82118.856,0.015100671140939603,0.014987790965491708,5.986,6.0995,6.341666666666667,0.17356291058518625
2014-01-22,600900.SH,6.05,6.11,6.02,6.08,6.05,0.03,0.5,137230.47,83270.809,0.0049586776859504855,0.004946423935325617,6.008,6.092,6.335999999999999,0.17426456849817634
2014-01-23,600900.SH,6.13,6.23,6.07,6.1,6.08,0.02,0.33,177120.39,108943.071,0.0032894736842103978,0.0032840752011897975,6.029999999999999,6.0825000000000005,6.328333333333333,0.17046874774798146
2014-01-24,600900.SH,6.1,6.15,6.06,6.11,6.1,0.01,0.16,145799.87,89128.826,0.0016393442622952836,0.0016380020042385914,6.0600000000000005,6.0745000000000005,6.322500000000001,0.17068865008508607
2014-01-27,600900.SH,6.08,6.09,5.99,6.02,6.11,-0.09,-1.47,130926.47,78859.152,-0.014729950900163824,-0.014839513862774446,6.072,6.057,6.313666666666666,0.16434149564365455
2014-01-28,600900.SH,6.02,6.05,5.92,5.99,6.02,-0.03,-0.5,240590.34,143649.907,-0.004983388704318803,-0.004995847193371554,6.06,6.044,6.3053333333333335,0.15336743989455842
2014-01-29,600900.SH,6.0,6.03,5.97,6.02,5.99,0.03,0.5,226418.98,135862.052,0.005008347245408995,0.00499584719337167,6.048,6.029,6.298166666666666,0.14772897432195178
2014-01-30,600900.SH,6.0,6.04,5.96,6.03,6.02,0.01,0.17,124345.54,74501.224,0.0016611295681063787,0.0016597514183644708,6.034,6.016500000000001,6.292666666666666,0.1476239109250979
2014-02-07,600900.SH,6.01,6.01,5.95,6.0,6.03,-0.03,-0.5,92422.45,55258.5,-0.004975124378109541,-0.004987541511039162,6.012,6.0075,6.2865,0.13876569740823222
2014-02-10,600900.SH,6.02,6.07,5.99,6.07,6.0,0.07,1.17,240637.56,145133.715,0.011666666666666714,0.01159913584335194,6.022,6.0085,6.282166666666667,0.1254296149207855
2014-02-11,600900.SH,6.05,6.09,6.01,6.08,6.07,0.01,0.16,242246.62,146475.189,0.0016474464579900872,0.001646090906668717,6.04,6.012,6.2781666666666665,0.12288581706326397
2014-02-12,600900.SH,6.08,6.08,6.01,6.04,6.08,-0.04,-0.66,154481.13,93255.704,-0.006578947368421018,-0.006600684031352024,6.044,6.0145,6.273333333333334,0.12479384700577596
2014-02-13,600900.SH,6.04,6.04,5.97,5.99,6.04,-0.05,-0.83,274924.79,164755.439,-0.008278145695364225,-0.008312599819365586,6.036,6.019,6.269000000000001,0.11566489781280312
2014-02-14,600900.SH,5.98,6.03,5.98,6.01,5.99,0.02,0.33,171781.94,103072.127,0.0033388981636059967,0.003333336419758217,6.038,6.0215000000000005,6.264,0.11074927924978954
2014-02-17,600900.SH,6.03,6.03,5.99,6.02,6.01,0.01,0.17,218555.41,131165.504,0.0016638935108153063,0.0016625107736134572,6.0280000000000005,6.0245,6.257833333333334,0.1108188880700533
2014-02-18,600900.SH,6.0,6.01,5.93,5.94,6.02,-0.08,-1.33,254538.18,151601.332,-0.013289036544850363,-0.013378125946175974,6.0,6.0215,6.2475000000000005,0.11848396811874869
2014-02-19,600900.SH,5.93,6.0,5.93,5.97,5.94,0.03,0.51,196604.16,117272.96,0.005050505050504972,0.005037794029957081,5.986,6.0215,6.2375,0.11876479352324346
2014-02-20,600900.SH,5.97,6.08,5.96,6.06,5.97,0.09,1.51,349150.16,210618.716,0.015075376884422065,0.01496287267671232,5.999999999999999,6.025,6.229,0.1298886133285596
2014-02-21,600900.SH,6.05,6.08,5.95,5.98,6.06,-0.08,-1.32,230832.17,138791.544,-0.013201320132013028,-0.01328923211868254,5.994,6.026,6.22,0.1376171540072041
2014-02-24,600900.SH,5.95,5.97,5.9,5.92,5.98,-0.06,-1.0,171184.07,101553.125,-0.010033444816053616,-0.01008411906662616,5.974,6.024,6.209833333333334,0.14234118126984033
2014-02-25,600900.SH,5.93,5.94,5.86,5.87,5.92,-0.05,-0.84,326491.95,193009.975,-0.008445945945945943,-0.00848181505590923,5.959999999999999,6.015,6.199833333333333,0.13277285143370962
2014-02-26,600900.SH,5.85,5.92,5.83,5.86,5.87,-0.01,-0.17,172686.98,101182.019,-0.0017035775127768327,-0.0017050302510838342,5.938000000000001,6.004,6.189333333333334,0.1305785571849546
2014-02-27,600900.SH,5.86,5.97,5.85,5.93,5.86,0.07,1.19,213813.88,126132.544,0.011945392491467421,0.011874609420712683,5.912000000000001,5.9955,6.179666666666666,0.13843932661512906
2014-02-28,600900.SH,5.93,6.0,5.85,5.97,5.93,0.04,0.67,223882.04,132310.884,0.006745362563237878,0.0067227143948767375,5.91,5.9885,6.169666666666667,0.14107575862962712
2014-03-03,600900.SH,5.93,5.99,5.9,5.95,5.97,-0.02,-0.34,256408.1,152170.877,-0.00335008375209378,-0.0033557078469723042,5.9159999999999995,5.985,6.1593333333333335,0.1320073698423831
2014-03-04,600900.SH,5.91,5.92,5.85,5.86,5.95,-0.09,-1.51,236083.98,138556.351,-0.015126050420168013,-0.01524161596861709,5.914,5.9785,6.146,0.14111860460327816
2014-03-05,600900.SH,5.87,5.87,5.78,5.82,5.86,-0.04,-0.68,494055.81,288157.08,-0.0068259385665528916,-0.006849341845574783,5.906000000000001,5.9685,6.1321666666666665,0.14062166976443943
2014-03-06,600900.SH,5.8,5.81,5.73,5.76,5.82,-0.06,-1.03,190854.16,109932.134,-0.010309278350515538,-0.01036278703554666,5.872,5.955,6.117500000000001,0.1432770923925233
2014-03-07,600900.SH,5.76,5.79,5.72,5.73,5.76,-0.03,-0.52,184333.46,106011.273,-0.005208333333333259,-0.005221943981151601,5.824,5.9415,6.102833333333334,0.14333831908256123
2014-03-10,600900.SH,5.72,5.72,5.55,5.57,5.73,-0.16,-2.79,289945.93,162989.685,-0.027923211169284534,-0.028320476787455612,5.748,5.9165,6.0858333333333325,0.16021330353555516
2014-03-11,600900.SH,5.56,5.62,5.55,5.59,5.57,0.02,0.36,215285.53,120362.052,0.0035906642728904536,0.0035842332278151067,5.694000000000001,5.892,6.069,0.16130522233422442
2014-03-12,600900.SH,5.59,5.65,5.54,5.64,5.59,0.05,0.89,168786.71,94448.941,0.008944543828264706,0.008904778342959685,5.6579999999999995,5.872,6.052666666666667,0.16748939298323515
2014-03-13,600900.SH,5.62,5.7,5.58,5.66,5.64,0.02,0.35,280938.67,158675.438,0.0035460992907803135,0.003539826705124208,5.638,5.8555,6.036666666666666,0.16814854923575326
2014-03-14,600900.SH,5.62,5.65,5.58,5.6,5.66,-0.06,-1.06,187661.55,105286.298,-0.010600706713780994,-0.010657294473988093,5.612,5.835,6.0216666666666665,0.16870469173341607
2014-03-17,600900.SH,5.6,5.66,5.58,5.64,5.6,0.04,0.71,172476.95,96960.474,0.0071428571428571175,0.007117467768863955,5.6259999999999994,5.816,6.009333333333333,0.17200597813636403
2014-03-18,600900.SH,5.64,5.7,5.61,5.67,5.64,0.03,0.53,164738.63,93310.021,0.005319148936170359,0.005305052229693319,5.642,5.8025,5.998500000000001,0.1702010157513492
2014-03-19,600900.SH,5.68,5.78,5.64,5.75,5.67,0.08,1.41,252838.85,144185.151,0.014109347442680775,0.01401073706959837,5.664,5.7915,5.989000000000001,0.17821641416698678
2014-03-20,600900.SH,5.73,5.76,5.66,5.67,5.75,-0.08,-1.39,136867.49,78291.049,-0.013913043478260834,-0.014010737069598333,5.6659999999999995,5.772,5.9785,0.1713502939911202
2014-03-21,600900.SH,5.67,5.81,5.66,5.78,5.67,0.11,1.94,236885.61,135809.925,0.01940035273368612,0.019214564944625454,5.702,5.762,5.97,0.18482427888065034
2014-03-24,600900.SH,5.78,5.82,5.75,5.81,5.78,0.03,0.52,279812.97,161871.094,0.00519031141868509,0.0051768881795337274,5.736,5.7565,5.962666666666666,0.18354453278502064
2014-03-25,600900.SH,5.8,5.9,5.77,5.82,5.81,0.01,0.17,306974.37,178934.192,0.001721170395869276,0.001719690879526679,5.766,5.7540000000000004,5.956166666666666,0.18151812433879574
2014-03-26,600900.SH,5.82,5.84,5.79,5.8,5.82,-0.02,-0.34,132784.41,77212.512,-0.003436426116838587,-0.0034423441909729015,5.776,5.751,5.949,0.181791589568844
2014-03-27,600900.SH,5.78,5.81,5.7,5.73,5.8,-0.07,-1.21,201086.29,115814.889,-0.012068965517241237,-0.012142386825725313,5.788,5.741,5.939666666666667,0.1800478949028595
2014-03-28,600900.SH,5.73,5.82,5.7,5.79,5.73,0.06,1.05,131107.28,75559.322,0.010471204188481575,0.01041676085825558,5.79,5.732,5.931666666666667,0.18281726346251856
2014-03-31,600900.SH,5.77,5.81,5.74,5.77,5.79,-0.02,-0.35,117076.38,67656.856,-0.003454231433506094,-0.003460211064895731,5.782,5.723,5.921666666666667,0.18283186999383289
2014-04-01,600900.SH,5.76,5.82,5.74,5.77,5.77,0.0,0.0,81688.1,47218.562,0.0,0.0,5.772,5.718500000000001,5.913666666666667,0.17558935005575455
2014-04-02,600900.SH,5.79,5.89,5.76,5.89,5.77,0.12,2.08,164096.83,95888.506,0.020797227036395194,0.02058391714348719,5.79,5.7219999999999995,5.906499999999999,0.18965321811756802
2014-04-03,600900.SH,5.89,5.92,5.82,5.82,5.89,-0.07,-1.19,123636.95,72635.991,-0.011884550084889534,-0.011955735920148772,5.808,5.725,5.898833333333333,0.1909403619950204
2014-04-04,600900.SH,5.82,5.9,5.8,5.87,5.82,0.05,0.86,110731.72,64887.065,0.00859106529209619,0.008554372096658595,5.824,5.732,5.893666666666666,0.19166671028626847
2014-04-08,600900.SH,5.88,5.96,5.85,5.93,5.87,0.06,1.02,194908.87,115113.931,0.010221465076660996,0.010169579169629012,5.856,5.75,5.891666666666667,0.15976017542998272
2014-04-09,600900.SH,5.94,5.96,5.89,5.91,5.93,-0.02,-0.34,109322.81,64848.275,-0.003372681281618828,-0.003378381591627195,5.884,5.766,5.890000000000001,0.16142867955994686
2014-04-10,600900.SH,5.91,5.99,5.89,5.98,5.91,0.07,1.18,200938.07,119295.288,0.011844331641285955,0.011774736544533537,5.901999999999999,5.7829999999999995,5.889833333333333,0.16320240917335768
2014-04-11,600900.SH,5.97,6.08,5.96,6.07,5.98,0.09,1.51,278454.48,168017.104,0.015050167224080147,0.014938037108866407,5.952,5.8035000000000005,5.892666666666667,0.1687451948773636
2014-04-14,600900.SH,6.06,6.09,5.98,6.01,6.07,-0.06,-0.99,117787.94,70791.463,-0.009884678747940745,-0.009933856524290737,5.98,5.824,5.8935,0.16796578975508739
2014-04-15,600900.SH,6.0,6.0,5.94,5.96,6.01,-0.05,-0.83,113917.25,67932.838,-0.008319467554076532,-0.008354267469857813,5.986,5.840000000000001,5.8935,0.1725358735976408
2014-04-16,600900.SH,5.96,6.06,5.96,5.98,5.96,0.02,0.34,143943.5,86450.529,0.003355704697986628,0.003350086885282027,6.000000000000001,5.8555,5.8931666666666676,0.17229913390235016
2014-04-17,600900.SH,5.97,6.01,5.9,5.93,5.98,-0.05,-0.84,87911.59,52264.665,-0.008361204013378032,-0.008396354952906391,5.99,5.8645000000000005,5.892499999999999,0.17105804699652846
2014-04-18,600900.SH,5.91,5.94,5.87,5.92,5.93,-0.01,-0.17,94693.27,55869.599,-0.001686340640809414,-0.0016877641137197409,5.96,5.877000000000001,5.891333333333333,0.1615981727991973
2014-04-21,600900.SH,5.87,5.94,5.87,5.89,5.92,-0.03,-0.51,70826.85,41794.425,-0.005067567567567655,-0.005080451232419064,5.936,5.8825,5.8901666666666666,0.14999735287954785
2014-04-22,600900.SH,5.9,5.91,5.86,5.89,5.89,0.0,0.0,87204.55,51308.403,0.0,0.0,5.922,5.8865,5.889,0.14919684929597685
2014-04-23,600900.SH,5.88,5.91,5.82,5.88,5.89,-0.01,-0.17,206753.78,121090.817,-0.001697792869269965,-0.0016992357529598016,5.901999999999999,5.8895,5.886166666666667,0.14938779576639497
2014-04-24,600900.SH,5.86,5.9,5.8,5.82,5.88,-0.06,-1.02,92569.26,54048.096,-0.010204081632652962,-0.010256500167188997,5.88,5.8905,5.881833333333334,0.15365652681256262
2014-04-25,600900.SH,5.84,5.85,5.8,5.83,5.82,0.01,0.17,66423.07,38701.22,0.0017182130584192379,0.0017167386190545491,5.862,5.8955,5.8773333333333335,0.1466708724193195
2014-04-28,600900.SH,5.85,5.89,5.74,5.79,5.83,-0.04,-0.69,155124.34,90101.204,-0.006861063464837058,-0.006884708777497144,5.8420000000000005,5.8955,5.872,0.144567270050978
2014-04-29,600900.SH,5.79,5.81,5.64,5.72,5.79,-0.07,-1.21,250603.29,143168.468,-0.012089810017271163,-0.01216348619319735,5.808,5.893,5.867,0.15046449627579997
2014-04-30,600900.SH,5.72,5.74,5.66,5.69,5.72,-0.03,-0.52,171245.4,97605.662,-0.005244755244755095,-0.005258557253466827,5.7700000000000005,5.889,5.861999999999999,0.15143165131959005
2014-05-05,600900.SH,5.68,5.72,5.64,5.71,5.69,0.02,0.35,102709.47,58315.773,0.0035149384885764245,0.0035087755296792705,5.748,5.880000000000001,5.856833333333333,0.1298480500653221
2014-05-06,600900.SH,5.71,5.73,5.7,5.71,5.71,0.0,0.0,76950.68,43998.253,0.0,0.0,5.724,5.874499999999999,5.8515,0.12398535396370779
2014-05-07,600900.SH,5.72,5.72,5.67,5.68,5.71,-0.03,-0.53,87161.59,49632.687,-0.005253940455341555,-0.005267790934858916,5.702,5.865,5.846166666666666,0.1195527727832133
2014-05-08,600900.SH,5.67,5.76,5.67,5.74,5.68,0.06,1.06,106281.63,60885.665,0.010563380281690238,0.010507977598415165,5.706,5.8555,5.8406666666666665,0.12000712383546844
2014-05-09,600900.SH,5.75,5.8,5.71,5.76,5.74,0.02,0.35,134938.6,77717.124,0.0034843205574912606,0.0034782643763247925,5.72,5.848000000000001,5.835333333333334,0.12112669936158933
2014-05-12,600900.SH,5.77,5.87,5.76,5.85,5.76,0.09,1.56,140515.4,81913.512,0.015625,0.015504186535965254,5.748,5.8415,5.832166666666667,0.12714428393848198
2014-05-13,600900.SH,5.85,5.91,5.83,5.89,5.85,0.04,0.68,145159.87,85217.416,0.006837606837606813,0.006814336419730188,5.784000000000001,5.8325,5.8305,0.1162074670809602
2014-05-14,600900.SH,5.87,5.92,5.86,5.88,5.89,-0.01,-0.17,61215.53,36062.805,-0.001697792869269965,-0.0016992357529598016,5.824,5.826,5.828333333333333,0.11190690782302823
2014-05-15,600900.SH,5.86,5.91,5.86,5.87,5.88,-0.01,-0.17,73752.47,43403.135,-0.00170068027210879,-0.0017021280705304183,5.85,5.8214999999999995,5.825833333333334,0.10863794280678077
2014-05-16,600900.SH,5.89,5.94,5.86,5.92,5.87,0.05,0.85,106989.62,63051.25,0.008517887563884052,0.00848181505590913,5.882,5.8185,5.8255,0.11268795560395695
2014-05-19,600900.SH,5.94,5.94,5.8,5.9,5.92,-0.02,-0.34,112366.04,65970.778,-0.0033783783783782884,-0.003384097984240457,5.892,5.817,5.824333333333333,0.10940627655004045
2014-05-20,600900.SH,5.9,5.96,5.88,5.96,5.9,0.06,1.02,109201.54,64847.957,0.010169491525423568,0.010118130165584466,5.906,5.819,5.822666666666666,0.11525241870643706
2014-05-21,600900.SH,5.92,5.99,5.91,5.97,5.96,0.01,0.17,82785.9,49348.396,0.001677852348993314,0.0016764463272523522,5.9239999999999995,5.8229999999999995,5.822500000000001,0.11351191546765556
2014-05-22,600900.SH,5.97,6.09,5.94,6.04,5.97,0.07,1.17,226762.2,137109.014,0.011725293132328396,0.011657084542212948,5.958,5.8305,5.8245,0.11999924641456981
2014-05-23,600900.SH,6.04,6.15,6.01,6.12,6.04,0.08,1.32,194877.19,118680.297,0.013245033112582849,0.0131580845775112,5.998,5.842499999999999,5.828666666666666,0.12661288234260576
2014-05-26,600900.SH,6.15,6.16,6.04,6.04,6.12,-0.08,-1.31,102045.48,62145.288,-0.013071895424836666,-0.013158084577511199,6.026000000000001,5.8535,5.831666666666666,0.13063426421004468
2014-05-27,600900.SH,6.05,6.13,6.03,6.04,6.04,0.0,0.0,113169.11,68826.614,0.0,0.0,6.042,5.864,5.833500000000001,0.13080632673317674
2014-05-28,600900.SH,6.05,6.12,6.01,6.1,6.04,0.06,0.99,112351.02,68334.754,0.009933774834437026,0.009884759232541925,6.0680000000000005,5.8795,5.835666666666667,0.12963176148481986
2014-05-29,600900.SH,6.11,6.15,6.06,6.1,6.1,0.0,0.0,94317.02,57688.519,0.0,0.0,6.08,5.8985,5.838166666666667,0.11798861042857288
2014-05-30,600900.SH,6.11,6.12,5.99,6.03,6.1,-0.07,-1.15,237246.79,143265.591,-0.011475409836065431,-0.011541760440171345,6.062,5.9155,5.840999999999999,0.1257537373536001
2014-06-03,600900.SH,6.03,6.16,6.03,6.14,6.03,0.11,1.82,168436.91,102792.017,0.018242122719734466,0.01807773141995683,6.081999999999999,5.936999999999999,5.846333333333334,0.1370147858473878
2014-06-04,600900.SH,6.1,6.13,6.03,6.07,6.14,-0.07,-1.14,132336.94,80434.481,-0.01140065146579794,-0.011466137087644093,6.087999999999999,5.955,5.851500000000001,0.14670128282757045
2014-06-05,600900.SH,6.05,6.14,6.01,6.13,6.07,0.06,0.99,139731.81,84893.556,0.009884678747940523,0.00983614487671297,6.093999999999999,5.9775,5.8581666666666665,0.14509767757495015
2014-06-06,600900.SH,6.13,6.13,6.07,6.1,6.13,-0.03,-0.49,99664.01,60807.863,-0.004893964110929905,-0.004905978768854518,6.093999999999999,5.9955,5.867,0.1459962611451858
2014-06-09,600900.SH,6.07,6.28,6.07,6.27,6.1,0.17,2.79,339173.78,211069.847,0.02786885245901649,0.027487583465563858,6.1419999999999995,6.021,5.878333333333333,0.17048297259694656
2014-06-10,600900.SH,6.26,6.3,6.21,6.26,6.27,-0.01,-0.16,162103.62,101522.22,-0.0015948963317383713,-0.0015961695328221036,6.166,6.0415,5.8886666666666665,0.16622305508743795
2014-06-11,600900.SH,6.24,6.34,6.23,6.28,6.26,0.02,0.32,108548.76,68223.473,0.0031948881789138905,0.003189795368100302,6.208,6.061,5.899,0.1657390251883175
2014-06-12,600900.SH,6.28,6.29,6.2,6.22,6.28,-0.06,-0.96,75830.81,47330.869,-0.009554140127388644,-0.009600073729019342,6.226,6.078,5.9093333333333335,0.17111636197644592
2014-06-13,600900.SH,6.21,6.31,6.18,6.25,6.22,0.03,0.48,184338.76,114884.217,0.004823151125401992,0.004811556997222117,6.256,6.0969999999999995,5.9195,0.17037073376361866
2014-06-16,600900.SH,6.22,6.29,6.21,6.26,6.25,0.01,0.16,112486.77,70402.793,0.0016000000000000458,0.0015987213636970735,6.254,6.114,5.929333333333333,0.169270584202879
2014-06-17,600900.SH,6.24,6.28,6.21,6.22,6.26,-0.04,-0.64,106835.17,66637.202,-0.006389776357827448,-0.006410278360919054,6.2459999999999996,6.13,5.937166666666666,0.17106813893433184
2014-06-18,600900.SH,6.23,6.31,6.22,6.25,6.22,0.03,0.48,107074.71,67190.943,0.004823151125401992,0.004811556997222117,6.239999999999999,6.1445,5.946833333333332,0.16901193500110281
2014-06-19,600900.SH,6.28,6.28,6.19,6.2,6.25,-0.05,-0.8,76373.5,47611.057,-0.008000000000000007,-0.008032171697264267,6.236,6.156000000000001,5.953833333333334,0.17302814463062166
2014-06-20,600900.SH,6.19,6.23,6.14,6.15,6.2,-0.05,-0.81,129267.96,79916.101,-0.008064516129032251,-0.008097210232619362,6.215999999999999,6.161499999999999,5.9595,0.17245511811643338
2014-06-23,600900.SH,6.16,6.21,6.0,6.1,6.15,-0.05,-0.81,176283.75,107385.589,-0.008130081300813163,-0.008163310639161094,6.184,6.160500000000001,5.964166666666667,0.16891169620825044
2014-06-24,600900.SH,6.09,6.12,6.06,6.11,6.1,0.01,0.16,72057.74,43924.483,0.0016393442622952836,0.0016380020042385914,6.162000000000001,6.164,5.969333333333333,0.16186403908358601
2014-06-25,600900.SH,6.11,6.13,6.06,6.11,6.11,0.0,0.0,34063.55,20755.185,0.0,0.0,6.134,6.1675,5.975666666666666,0.16186403908358601
2014-06-26,600900.SH,6.11,6.16,6.09,6.1,6.11,-0.01,-0.16,79860.26,48847.699,-0.0016366612111293755,-0.0016380020042384695,6.114,6.1674999999999995,5.980833333333334,0.15820819620099774
2014-06-27,600900.SH,6.11,6.12,6.07,6.09,6.1,-0.01,-0.16,88766.62,54057.431,-0.0016393442622950616,-0.0016406894574598886,6.102,6.167,5.986166666666666,0.15832160479064744
2014-06-30,600900.SH,6.09,6.35,6.07,6.22,6.09,0.13,2.13,144425.81,89293.415,0.021346469622331776,0.021121825029282504,6.1259999999999994,6.1765,5.993666666666667,0.16934883506681603
2014-07-01,600900.SH,6.22,6.24,6.15,6.17,6.22,-0.05,-0.8,73894.76,45676.348,-0.008038585209003135,-0.008071068833791549,6.138,6.178,5.998333333333333,0.1605738041299017
2014-07-02,600900.SH,6.16,6.24,6.16,6.23,6.17,0.06,0.97,89124.88,55281.582,0.009724473257698651,0.009677494882065438,6.162000000000001,6.186,6.005166666666667,0.15765400986441305
2014-07-03,600900.SH,6.24,6.31,6.21,6.3,6.23,0.07,1.12,120025.2,75375.172,0.01123595505617958,0.011173300598125036,6.202,6.1945,6.012333333333333,0.15869398314514924
2014-07-04,600900.SH,6.32,6.34,6.3,6.32,6.3,0.02,0.32,132959.52,84036.893,0.0031746031746031633,0.0031695747612790395,6.247999999999999,6.2055,6.018833333333333,0.15701466768891612
2014-07-07,600900.SH,6.31,6.32,6.25,6.29,6.32,-0.03,-0.47,70683.11,44409.434,-0.004746835443038,-0.004758137446416923,6.2620000000000005,6.2065,6.025166666666666,0.12457825565998606
2014-07-08,600900.SH,6.28,6.36,6.24,6.33,6.29,0.04,0.64,143342.43,90381.0,0.006359300476947549,0.006339165443735676,6.294,6.21,6.031000000000001,0.1262563866646716
2014-07-09,600900.SH,6.34,6.35,6.25,6.28,6.33,-0.05,-0.79,104528.3,65872.181,-0.007898894154818259,-0.007930255675977443,6.304,6.21,6.0344999999999995,0.12932001685724603
2014-07-10,600900.SH,6.26,6.32,6.24,6.28,6.28,0.0,0.0,96209.41,60439.458,0.0,0.0,6.3,6.213,6.039,0.12427589251283411
2014-07-11,600900.SH,6.04,6.18,6.04,6.11,6.0,0.11,1.83,267372.75,163677.782,-0.027070063694267454,-0.02744320729660329,6.258000000000001,6.206,6.0415,0.15687954290317152
2014-07-14,600900.SH,6.12,6.32,6.11,6.29,6.11,0.18,2.95,333931.87,208600.758,0.029459901800327204,0.029034297528845076,6.258,6.2075000000000005,6.046666666666666,0.1907240904319486
2014-07-15,600900.SH,6.26,6.37,6.25,6.37,6.29,0.08,1.27,230457.68,145739.553,0.012718600953895098,0.012638398871722849,6.266,6.215,6.054,0.1938599398508505
2014-07-16,600900.SH,6.36,6.43,6.33,6.39,6.37,0.02,0.31,204163.27,130378.59,0.0031397174254317317,0.0031347988053714785,6.287999999999999,6.2219999999999995,6.061833333333334,0.19354171988944002
2014-07-17,600900.SH,6.39,6.46,6.36,6.39,6.39,0.0,0.0,165627.89,106365.131,0.0,0.0,6.31,6.2315,6.070166666666667,0.19057016321900194
2014-07-18,600900.SH,6.39,6.44,6.33,6.34,6.39,-0.05,-0.78,170078.42,108388.841,-0.007824726134585291,-0.007855499940308883,6.356,6.2410000000000005,6.0776666666666666,0.19041106521307347
2014-07-21,600900.SH,6.33,6.47,6.33,6.36,6.34,0.02,0.32,171553.26,109749.288,0.003154574132492094,0.0031496089028962013,6.37,6.254,6.085666666666667,0.1869521105512224
2014-07-22,600900.SH,6.34,6.46,6.34,6.42,6.36,0.06,0.94,152892.68,98116.124,0.00943396226415083,0.009389740349838917,6.38,6.2695,6.095666666666667,0.1887061797700898
2014-07-23,600900.SH,6.41,6.51,6.41,6.47,6.42,0.05,0.78,200518.27,129826.238,0.007788161993769416,0.007757990810939337,6.395999999999999,6.2875,6.106333333333334,0.1893372241842062
2014-07-24,600900.SH,6.46,6.69,6.46,6.66,6.47,0.19,2.94,422766.24,278504.161,0.029366306027820865,0.02894337603948872,6.45,6.3155,6.120833333333334,0.21023936561961373
2014-07-25,600900.SH,6.66,6.69,6.59,6.68,6.66,0.02,0.3,201696.77,134184.182,0.0030030030030030463,0.002998502996256633,6.518000000000001,6.345000000000001,6.136833333333334,0.20908864376539602
2014-07-28,600900.SH,6.7,6.74,6.6,6.73,6.68,0.05,0.75,327415.75,218830.815,0.007485029940119903,0.00745715610808222,6.5920000000000005,6.3705,6.154166666666667,0.20006054498068324
2014-07-29,600900.SH,6.69,6.85,6.69,6.81,6.73,0.08,1.19,264826.85,179385.131,0.011887072808320909,0.01181697650478452,6.67,6.402500000000001,6.172499999999999,0.19659985178327943
2014-07-30,600900.SH,6.78,6.83,6.75,6.78,6.81,-0.03,-0.44,182714.44,124149.601,-0.004405286343612258,-0.00441501820911672,6.732000000000001,6.43,6.190333333333333,0.19850345720916981
2014-07-31,600900.SH,6.75,6.83,6.75,6.82,6.78,0.04,0.59,127059.36,86300.057,0.005899705014749346,0.005882369903066613,6.764,6.456,6.209333333333333,0.1969326427140812
2014-08-01,600900.SH,6.79,7.0,6.78,6.86,6.82,0.04,0.59,216504.01,150078.843,0.0058651026392961825,0.00584796988242312,6.8,6.483,6.228,0.19700626635820376
2014-08-04,600900.SH,6.88,7.0,6.87,6.96,6.86,0.1,1.46,253157.69,176169.179,0.014577259475218707,0.014472032608534469,6.846000000000001,6.516500000000001,6.248,0.19733302969365335
2014-08-05,600900.SH,6.97,7.03,6.92,6.95,6.96,-0.01,-0.14,125015.09,86914.094,-0.001436781609195359,-0.0014378147696274715,6.874,6.547499999999999,6.266333333333333,0.1986338847791764
2014-08-06,600900.SH,6.92,6.92,6.78,6.83,6.95,-0.12,-1.73,238644.75,163048.642,-0.01726618705035976,-0.017416985994002116,6.884,6.575,6.281999999999999,0.20905929429780995
2014-08-07,600900.SH,6.81,6.85,6.7,6.74,6.83,-0.09,-1.32,215758.77,145845.794,-0.013177159590043952,-0.013264748658483058,6.868,6.598000000000001,6.296333333333333,0.21769869941704156
2014-08-08,600900.SH,6.75,6.77,6.68,6.73,6.74,-0.01,-0.15,103477.0,69600.55,-0.0014836795252225476,-0.001484781267579225,6.8420000000000005,6.6290000000000004,6.310666666666666,0.18656104192129594
2014-08-11,600900.SH,6.76,6.86,6.73,6.85,6.73,0.12,1.78,114744.2,78216.559,0.017830609212481363,0.017673508617497422,6.82,6.657000000000001,6.326166666666667,0.17010468610048887
2014-08-12,600900.SH,6.79,6.86,6.71,6.86,6.85,0.01,0.15,172793.5,117046.777,0.0014598540145986938,0.0014587894636600882,6.802,6.6815,6.3421666666666665,0.1674121359145966
2014-08-13,600900.SH,6.85,6.85,6.7,6.8,6.86,-0.06,-0.87,177796.82,120286.571,-0.008746355685131268,-0.008784829555732915,6.796000000000001,6.702,6.356166666666667,0.1732167093330344
2014-08-14,600900.SH,6.76,6.81,6.74,6.77,6.8,-0.03,-0.44,175761.72,119333.797,-0.004411764705882337,-0.004421525257877374,6.802,6.721000000000001,6.3694999999999995,0.17498659996493834
2014-08-15,600900.SH,6.78,6.88,6.75,6.88,6.77,0.11,1.62,220558.77,150758.604,0.01624815361890697,0.016117565021068692,6.832000000000001,6.748,6.383500000000001,0.17618664911638102
2014-08-18,600900.SH,6.89,7.11,6.86,7.05,6.88,0.17,2.47,429568.0,301264.431,0.024709302325581328,0.024408964878924928,6.872,6.782500000000001,6.399,0.19059007389982224
2014-08-19,600900.SH,7.04,7.1,6.85,6.98,7.05,-0.07,-0.99,214923.08,150407.24,-0.0099290780141843,-0.009978700049896082,6.896000000000001,6.8105,6.414666666666666,0.19720561500686826
2014-08-20,600900.SH,6.95,7.03,6.93,6.98,6.98,0.0,0.0,357798.1,249736.434,0.0,0.0,6.9319999999999995,6.836,6.4303333333333335,0.1972969326335347
2014-08-21,600900.SH,6.97,7.05,6.9,7.03,6.98,0.05,0.72,151974.57,105678.673,0.007163323782234832,0.007137789048292307,6.984,6.8545,6.445833333333334,0.17356081020500055
2014-08-22,600900.SH,7.02,7.14,6.99,7.1,7.03,0.07,1.0,172665.74,122177.498,0.009957325746799306,0.009908078224696077,7.0280000000000005,6.8755,6.4625,0.17543342272087126
2014-08-25,600900.SH,7.07,7.13,7.05,7.1,7.1,0.0,0.0,138680.54,98360.13,0.0,0.0,7.037999999999999,6.894,6.480333333333333,0.1749697358598954
2014-08-26,600900.SH,7.24,7.78,7.24,7.4,7.1,0.3,4.23,614259.79,458930.723,0.04225352112676073,0.04138521616285449,7.122,6.9235,6.501333333333333,0.22271855214354255
2014-08-27,600900.SH,7.32,7.35,7.2,7.27,7.4,-0.13,-1.76,183303.03,133450.713,-0.01756756756756772,-0.01772370866469623,7.18,6.948,6.521333333333333,0.23411599138483902
2014-08-28,600900.SH,7.23,7.32,7.15,7.17,7.27,-0.1,-1.38,144338.97,104536.4,-0.01375515818431905,-0.013850636933898937,7.208,6.9655000000000005,6.538666666666667,0.24182107240734152
2014-08-29,600900.SH,7.2,7.47,7.19,7.45,7.17,0.28,3.91,228772.21,168936.832,0.03905160390516049,0.03830837777993926,7.2780000000000005,6.995,6.561166666666667,0.2742551518876514
2014-09-01,600900.SH,7.46,7.54,7.42,7.45,7.45,0.0,0.0,184382.27,137846.176,0.0,0.0,7.348000000000001,7.019499999999999,6.580833333333333,0.27186249443331817
2014-09-02,600900.SH,7.45,7.5,7.36,7.46,7.45,0.01,0.13,296438.14,219998.03,0.0013422818791946067,0.0013413818242013111,7.359999999999999,7.045,6.600833333333333,0.27136558314149534
2014-09-03,600900.SH,7.47,7.62,7.45,7.62,7.46,0.16,2.14,326206.3,246984.11,0.02144772117962468,0.021220955482885436,7.43,7.0845,6.623166666666667,0.2664756281203914
2014-09-04,600900.SH,7.61,7.7,7.55,7.68,7.62,0.06,0.79,263368.38,200982.517,0.007874015748031482,0.007843177461025879,7.531999999999999,7.1315,6.647499999999999,0.2570926845271272
2014-09-05,600900.SH,7.7,7.74,7.63,7.66,7.68,-0.02,-0.26,298893.41,229912.749,-0.0026041666666666297,-0.0026075634070808302,7.574,7.177999999999999,6.671,0.257594410013424
2014-09-09,600900.SH,7.68,7.78,7.53,7.58,7.66,-0.08,-1.04,246975.67,188568.652,-0.010443864229765065,-0.010498784098219695,7.6,7.214499999999999,6.693,0.2608004585208099
2014-09-10,600900.SH,7.56,7.61,7.48,7.6,7.58,0.02,0.26,206695.31,155948.222,0.0026385224274405594,0.002635047638005032,7.628,7.2515,6.716,0.2606096095725825
2014-09-11,600900.SH,7.6,7.67,7.51,7.56,7.6,-0.04,-0.53,262151.36,198822.13,-0.0052631578947368585,-0.005277057100843781,7.616,7.289499999999999,6.737833333333334,0.25841047732177813
2014-09-12,600900.SH,7.53,7.59,7.44,7.58,7.56,0.02,0.26,281338.66,211187.188,0.002645502645502784,0.0026420094628387975,7.595999999999999,7.33,6.760833333333333,0.2560470037020957
2014-09-15,600900.SH,7.57,7.58,7.45,7.48,7.58,-0.1,-1.32,236158.79,177027.126,-0.01319261213720313,-0.013280407667894378,7.56,7.359999999999999,6.783,0.26136687084766136
2014-09-16,600900.SH,7.49,7.55,7.38,7.51,7.48,0.03,0.4,368590.58,274953.847,0.00401069518716568,0.004002673789657406,7.546000000000001,7.383,6.8065,0.2500279853819713
2014-09-17,600900.SH,7.5,7.59,7.46,7.58,7.51,0.07,0.93,245658.88,184844.096,0.009320905459387463,0.009277733878236893,7.542,7.412999999999999,6.831,0.24584012751168166
2014-09-18,600900.SH,7.55,7.63,7.49,7.6,7.58,0.02,0.26,305159.72,231160.583,0.0026385224274405594,0.002635047638005032,7.55,7.444,6.855833333333334,0.24541404221017885
2014-09-19,600900.SH,7.59,7.68,7.57,7.65,7.6,0.05,0.66,184098.91,140183.672,0.00657894736842124,0.006557400546159261,7.564,7.475,6.881666666666666,0.24533476245033772
2014-09-22,600900.SH,7.62,7.84,7.61,7.67,7.65,0.02,0.26,375036.79,290345.069,0.002614379084967311,0.0026109675407203397,7.601999999999999,7.5035,6.908,0.24449063153656492
2014-09-23,600900.SH,7.66,7.71,7.64,7.67,7.67,0.0,0.0,128414.25,98587.266,0.0,0.0,7.634,7.532000000000001,6.932166666666666,0.24449063153656492
2014-09-24,600900.SH,7.64,7.76,7.59,7.75,7.67,0.08,1.04,248872.8,191616.549,0.010430247718383301,0.010376227986090798,7.668000000000001,7.5495,6.958500000000001,0.2005661444630392
2014-09-25,600900.SH,7.8,7.86,7.71,7.74,7.75,-0.01,-0.13,290417.4,226914.594,-0.001290322580645098,-0.001291155763619816,7.696000000000001,7.572999999999999,6.983666666666666,0.18694561453673167
2014-09-26,600900.SH,7.71,7.82,7.68,7.79,7.74,0.05,0.65,170189.2,132301.11,0.006459948320413522,0.006439172281021233,7.724000000000001,7.604000000000001,7.0085,0.1760811591996693
2014-09-29,600900.SH,7.72,7.85,7.72,7.85,7.79,0.06,0.77,217941.08,169743.056,0.007702182284980763,0.007672671911660186,7.76,7.624,7.034000000000001,0.12006830629539922
2014-09-30,600900.SH,7.84,7.94,7.82,7.9,7.85,0.05,0.64,273671.0,216238.0,0.006369426751592355,0.0063492276786587445,7.806,7.6465000000000005,7.060833333333333,0.12033536620097895
2014-10-08,600900.SH,7.91,7.94,7.85,7.9,7.9,0.0,0.0,220940.33,174194.238,0.0,0.0,7.836,7.6685,7.087000000000001,0.12066914738144795
2014-10-09,600900.SH,7.89,7.91,7.8,7.83,7.9,-0.07,-0.89,242766.99,190628.355,-0.008860759493670933,-0.008900249470264125,7.854000000000001,7.678999999999999,7.112833333333334,0.10592951489559772
2014-10-10,600900.SH,7.8,7.82,7.56,7.59,7.83,-0.24,-3.07,484998.7,371641.012,-0.03065134099616862,-0.031130918595173213,7.814,7.6745,7.134666666666666,0.15260080629678133
2014-10-13,600900.SH,7.52,7.54,7.38,7.49,7.59,-0.1,-1.32,398705.27,297318.479,-0.013175230566534912,-0.013262793878410445,7.742,7.666000000000001,7.157666666666667,0.15897320475075047
2014-10-14,600900.SH,7.46,7.49,7.29,7.34,7.49,-0.15,-2.0,369691.17,273568.334,-0.020026702269692942,-0.020229954902703916,7.63,7.654000000000001,7.175166666666668,0.16973949200335983
2014-10-15,600900.SH,7.33,7.62,7.31,7.61,7.34,0.27,3.68,372172.59,277299.942,0.03678474114441421,0.036124329247170295,7.572,7.6545000000000005,7.195833333333334,0.21748287198764713
2014-10-16,600900.SH,7.54,7.59,7.42,7.43,7.61,-0.18,-2.37,269468.26,202159.989,-0.02365308804205002,-0.023937313143926758,7.492,7.648000000000001,7.213166666666666,0.23281525909604628
2014-10-17,600900.SH,7.45,7.52,7.41,7.46,7.43,0.03,0.4,218432.02,163061.673,0.004037685060565233,0.004029555486001642,7.465999999999999,7.642,7.231,0.2331379502375249
2014-10-20,600900.SH,7.46,7.56,7.4,7.54,7.46,0.08,1.07,231047.96,172834.449,0.01072386058981234,0.010666767804195228,7.475999999999999,7.6450000000000005,7.251,0.23158554757642175
2014-10-21,600900.SH,7.51,7.93,7.51,7.86,7.54,0.32,4.24,767302.15,599444.155,0.04244031830238737,0.04156442442125057,7.58,7.6625,7.276,0.2753508122446941
2014-10-22,600900.SH,7.87,7.95,7.82,7.88,7.86,0.02,0.25,381273.82,301123.264,0.0025445292620864812,0.002541297428672548,7.634,7.6775,7.300333333333333,0.2741470262670942
2014-10-23,600900.SH,7.87,8.01,7.82,7.94,7.88,0.06,0.76,454141.51,359844.2,0.0076142131979695105,0.007585371389256564,7.736,7.694500000000001,7.324833333333333,0.27484870314925913
2014-10-24,600900.SH,7.91,7.91,7.76,7.89,7.94,-0.05,-0.63,293029.84,229759.321,-0.006297229219143663,-0.006317140401261567,7.822,7.7065,7.345333333333333,0.276007813757555
2014-10-27,600900.SH,7.84,7.84,7.72,7.75,7.89,-0.14,-1.77,229282.5,178112.404,-0.017743979721166037,-0.01790329149252725,7.864,7.710500000000001,7.363166666666666,0.2844335683503853
2014-10-28,600900.SH,7.73,7.93,7.73,7.92,7.75,0.17,2.19,248628.06,195197.254,0.021935483870967776,0.021698362461078893,7.876,7.723000000000001,7.383,0.2942363691802322
2014-10-29,600900.SH,7.98,8.08,7.95,8.04,7.92,0.12,1.52,342156.63,274811.336,0.015151515151515138,0.015037877364540502,7.9079999999999995,7.7375,7.4035,0.29654821019464117
2014-10-30,600900.SH,8.04,8.23,7.93,8.19,8.04,0.15,1.87,530255.87,431707.611,0.018656716417910557,0.01848481467410316,7.958,7.76,7.4270000000000005,0.3020123795587123
2014-10-31,600900.SH,8.2,8.38,8.2,8.26,8.19,0.07,0.85,665872.06,551891.196,0.008547008547008517,0.00851068966790861,8.032,7.783499999999999,7.451,0.3024200331442189
2014-11-03,600900.SH,8.26,8.44,8.21,8.26,8.26,0.0,0.0,440263.44,367516.659,0.0,0.0,8.134,7.803999999999999,7.474333333333333,0.3021027881683229
2014-11-04,600900.SH,8.23,8.6,8.2,8.32,8.26,0.06,0.73,343595.95,287714.735,0.007263922518159882,0.007237667300230603,8.213999999999999,7.825,7.497,0.30226275315442236
2014-11-05,600900.SH,8.59,8.76,8.42,8.48,8.32,0.16,1.92,454210.44,389638.656,0.019230769230769162,0.01904819497069441,8.302,7.853999999999999,7.5225,0.30759106302529293
2014-11-06,600900.SH,8.5,8.62,8.21,8.33,8.48,-0.15,-1.77,404915.15,337185.801,-0.017688679245283057,-0.01784699362506042,8.33,7.8790000000000004,7.547499999999999,0.3139135308408262
2014-11-07,600900.SH,8.28,8.44,8.19,8.34,8.33,0.01,0.12,481246.96,398895.744,0.0012004801920768582,0.001199760191904095,8.346,7.916500000000001,7.574166666666668,0.2874924663956786
2014-11-10,600900.SH,8.32,8.61,8.28,8.49,8.34,0.15,1.8,431342.82,365459.812,0.017985611510791477,0.017825783952600666,8.392,7.966499999999999,7.6034999999999995,0.2827800864624078
2014-11-11,600900.SH,8.5,8.65,8.38,8.47,8.49,-0.02,-0.24,397525.22,337772.538,-0.002355712603062332,-0.002358491659292828,8.422,8.023,7.6305,0.2673856955240628
2014-11-12,600900.SH,8.43,8.53,8.38,8.52,8.47,0.05,0.59,224588.11,190321.567,0.0059031877213693296,0.00588583217726113,8.43,8.0685,7.658166666666667,0.24366722614787786
2014-11-13,600900.SH,8.54,8.82,8.47,8.8,8.52,0.28,3.29,580871.91,504801.932,0.032863849765258246,0.03233538064293645,8.524000000000001,8.137,7.6915000000000004,0.23558917411141084
2014-11-14,600900.SH,8.77,9.03,8.66,8.89,8.8,0.09,1.02,450523.09,398956.342,0.010227272727272751,0.010175328041652446,8.634,8.208499999999999,7.726833333333333,0.2350229640979542
2014-11-17,600900.SH,9.3,9.31,8.81,8.9,8.89,0.01,0.11,460784.85,415293.536,0.0011248593925758943,0.0011242272122809105,8.716000000000001,8.2765,7.7604999999999995,0.23650571171562437
2014-11-18,600900.SH,8.88,8.91,8.53,8.55,8.9,-0.35,-3.93,403220.35,349086.835,-0.0393258426966292,-0.04011999378942529,8.732,8.311000000000002,7.7855,0.2576983395349179
2014-11-19,600900.SH,8.5,8.63,8.44,8.56,8.55,0.01,0.12,266583.48,227647.497,0.0011695906432749315,0.0011689072049819618,8.74,8.344999999999999,7.811833333333333,0.2578716884609643
2014-11-20,600900.SH,8.47,8.73,8.46,8.66,8.56,0.1,1.17,254548.45,218210.735,0.011682242990654235,0.011614532420693083,8.712,8.381,7.839833333333333,0.25897269514247917
2014-11-21,600900.SH,8.68,8.75,8.56,8.73,8.66,0.07,0.81,281739.59,243558.359,0.008083140877598094,0.00805064727716699,8.68,8.423,7.868166666666667,0.2560521944102477
2014-11-24,600900.SH,8.88,8.94,8.74,8.8,8.73,0.07,0.8,485310.57,429028.047,0.008018327605956443,0.007986351632649923,8.66,8.4755,7.8965000000000005,0.24134807185257398
2014-11-25,600900.SH,8.78,8.87,8.74,8.86,8.8,0.06,0.68,424863.85,373724.979,0.006818181818181612,0.006795043132828586,8.722,8.522499999999999,7.925833333333333,0.23437605914913728
2014-11-26,600900.SH,8.91,9.14,8.85,8.93,8.86,0.07,0.79,530462.99,474693.437,0.007900677200902928,0.007869630271418094,8.796000000000001,8.567,7.951333333333333,0.23190955839240107
2014-11-27,600900.SH,8.94,9.01,8.85,8.92,8.93,-0.01,-0.11,415855.67,370495.777,-0.0011198208286673506,-0.0011204482964896065,8.847999999999999,8.6035,7.978833333333333,0.22745851810575818
2014-11-28,600900.SH,8.88,8.88,8.65,8.77,8.92,-0.15,-1.68,614398.75,537013.967,-0.01681614349775784,-0.01695914020782633,8.856,8.629000000000001,8.0055,0.23882402102706254
2014-12-01,600900.SH,8.73,8.92,8.68,8.9,8.77,0.13,1.48,569090.7,499509.898,0.014823261117445918,0.014714470354002562,8.876,8.661,8.029666666666667,0.2420398669381494
2014-12-02,600900.SH,8.83,9.0,8.8,8.99,8.9,0.09,1.01,611564.55,545325.295,0.010112359550561889,0.01006157174543484,8.902,8.6945,8.055333333333333,0.24278286669043198
2014-12-03,600900.SH,8.99,9.19,8.91,9.1,8.99,0.11,1.22,836752.33,757390.372,0.012235817575083408,0.012161565039275435,8.936,8.7255,8.082666666666666,0.23818574655241687
2014-12-04,600900.SH,9.19,9.39,9.04,9.28,9.1,0.18,1.98,1048664.57,962440.521,0.01978021978021971,0.01958713327530478,9.008000000000001,8.773,8.110333333333333,0.23069649872201659
2014-12-05,600900.SH,9.35,9.55,9.02,9.24,9.28,-0.04,-0.43,1058287.03,985407.53,-0.004310344827586077,-0.004319661144516284,9.102,8.818,8.136333333333333,0.23288262168597268
2014-12-08,600900.SH,9.15,9.67,9.07,9.62,9.24,0.38,4.11,1610534.01,1514729.177,0.04112554112554112,0.040302379024022325,9.246,8.874500000000001,8.169,0.2623061510163571
2014-12-09,600900.SH,9.5,10.36,9.18,9.26,9.62,-0.36,-3.74,2267562.47,2236636.295,-0.03742203742203731,-0.038140216019526996,9.3,8.914,8.197,0.30403898349998504
2014-12-10,600900.SH,9.29,9.95,9.19,9.9,9.26,0.64,6.91,1164886.29,1118616.571,0.06911447084233258,0.06683070848245619,9.459999999999999,8.983,8.235333333333333,0.38065329659888064
2014-12-11,600900.SH,9.96,10.19,9.59,9.79,9.9,-0.11,-1.11,969897.4,957101.76,-0.011111111111111183,-0.011173300598125302,9.562,9.032499999999999,8.272499999999999,0.3742070922415618
2014-12-12,600900.SH,9.85,9.96,9.68,9.77,9.79,-0.02,-0.2,599098.63,586941.185,-0.002042900919305368,-0.0020449904877275966,9.668000000000001,9.0765,8.309000000000001,0.3747314675310268
2014-12-15,600900.SH,9.74,9.88,9.57,9.79,9.77,0.02,0.2,570367.07,556167.512,0.0020470829068577334,0.0020449904877276478,9.701999999999998,9.120999999999999,8.3475,0.3746195213920313
2014-12-16,600900.SH,9.79,9.79,9.58,9.71,9.79,-0.08,-0.82,655906.62,634313.96,-0.008171603677221473,-0.008205174239185287,9.791999999999998,9.179,8.384166666666667,0.3404503880817878
2014-12-17,600900.SH,9.73,9.77,9.6,9.72,9.71,0.01,0.1,670334.99,649155.032,0.001029866117404632,0.0010293361691140592,9.756,9.237,8.419833333333333,0.34048028502028943
2014-12-18,600900.SH,9.76,10.04,9.7,9.89,9.72,0.17,1.75,840858.01,830837.08,0.017489711934156382,0.01733852716227304,9.776,9.2985,8.458,0.34225198339434304
2014-12-19,600900.SH,9.88,10.36,9.82,10.24,9.89,0.35,3.54,1443949.63,1460735.24,0.03538928210313452,0.034777473976741025,9.87,9.373999999999999,8.501166666666666,0.3569360256523753
2014-12-22,600900.SH,10.55,11.26,10.55,11.04,10.24,0.8,7.81,2356183.28,2574454.106,0.078125,0.07522342123758753,10.120000000000001,9.485999999999999,8.557333333333334,0.43463887954897534
2014-12-23,600900.SH,10.96,10.97,10.2,10.26,11.04,-0.78,-7.07,1437563.01,1515117.748,-0.07065217391304346,-0.07327220110632575,10.23,9.556000000000001,8.6005,0.5240863166643458
2014-12-24,600900.SH,10.27,10.47,10.0,10.18,10.26,-0.08,-0.78,1218401.64,1236829.745,-0.007797270955165692,-0.007827828620246792,10.322,9.618500000000001,8.641,0.5270306468555824
2014-12-25,600900.SH,10.2,10.34,9.83,10.29,10.18,0.11,1.08,783100.58,791227.096,0.01080550098231825,0.010747538723581534,10.402,9.687000000000001,8.6835,0.5262657844736741
2014-12-26,600900.SH,10.36,10.42,10.13,10.34,10.29,0.05,0.49,918490.48,944709.875,0.004859086491739717,0.004847319234324997,10.421999999999999,9.7655,8.726,0.5184462454992922
2014-12-29,600900.SH,10.37,10.73,10.23,10.42,10.34,0.08,0.77,1395221.86,1466570.125,0.007736943907156624,0.0077071672449377385,10.297999999999998,9.8415,8.768833333333333,0.5179591242193886
2014-12-30,600900.SH,10.44,10.46,10.03,10.24,10.42,-0.18,-1.73,852188.87,869427.831,-0.017274472168905874,-0.017425416713859058,10.294,9.904,8.807833333333333,0.5258332761148885
2014-12-31,600900.SH,10.2,10.87,10.14,10.67,10.24,0.43,4.2,1313908.06,1386165.094,0.0419921875,0.04113444570230027,10.392,9.982499999999998,8.854000000000001,0.5401409218322157
2015-01-05,600900.SH,10.76,11.32,10.6,11.18,10.67,0.51,4.78,1535341.49,1692429.164,0.04779756326148066,0.04669040241329098,10.569999999999999,10.0775,8.909833333333333,0.5567762449951595
2015-01-06,600900.SH,11.08,11.08,10.72,10.87,11.18,-0.31,-2.77,1248647.74,1358788.862,-0.027728085867620766,-0.02811976659383504,10.676,10.159,8.9645,0.5707534184415886
2015-01-07,600900.SH,10.75,11.3,10.72,11.16,10.87,0.29,2.67,1104560.12,1217411.743,0.02667893284268641,0.02632925582004692,10.824,10.236,9.025666666666666,0.562128391072811
2015-01-08,600900.SH,11.1,11.23,10.68,10.82,11.16,-0.34,-3.05,770519.61,839361.267,-0.03046594982078854,-0.030939683534829426,10.94,10.314,9.083666666666666,0.5551655345411921
2015-01-09,600900.SH,10.76,10.93,10.48,10.69,10.82,-0.13,-1.2,946436.61,1009394.862,-0.01201478743068396,-0.012087548381381647,10.943999999999999,10.3535,9.135,0.5103538699557338
2015-01-12,600900.SH,10.55,10.82,10.42,10.64,10.69,-0.05,-0.47,683302.55,727090.406,-0.004677268475210328,-0.004688241123455382,10.835999999999999,10.396,9.1885,0.5082780483031585
2015-01-13,600900.SH,10.65,10.74,10.53,10.55,10.64,-0.09,-0.85,380306.56,403845.515,-0.008458646616541388,-0.008494623991422857,10.772,10.434999999999999,9.24,0.509907177157909
2015-01-14,600900.SH,10.55,10.76,10.51,10.76,10.55,0.21,1.99,464440.24,495256.422,0.019905213270142053,0.01970969481156273,10.692,10.483500000000001,9.293666666666667,0.5127763280075556
2015-01-15,600900.SH,10.77,10.93,10.65,10.92,10.76,0.16,1.49,554048.55,599404.011,0.014869888475836479,0.014760415583120674,10.712,10.544,9.344666666666667,0.5113109038332286
2015-01-16,600900.SH,11.08,11.2,10.8,10.98,10.92,0.06,0.55,696427.72,766989.67,0.005494505494505475,0.0054794657646255705,10.770000000000001,10.607,9.396333333333333,0.5109367037677228
2015-01-19,600900.SH,10.51,10.7,10.02,10.19,10.98,-0.79,-7.19,1088178.27,1126503.478,-0.07194899817850642,-0.07466858884675118,10.680000000000001,10.622,9.433833333333332,0.5796728191796697
2015-01-20,600900.SH,10.26,10.43,10.03,10.2,10.19,0.01,0.1,623535.87,639721.356,0.0009813542688910104,0.0009808730555918924,10.61,10.620000000000001,9.472333333333333,0.5662006585691237
2015-01-21,600900.SH,10.22,10.59,10.14,10.47,10.2,0.27,2.65,694363.33,720922.455,0.026470588235294246,0.026126304592220213,10.552000000000001,10.5915,9.517666666666667,0.4977137698012244
2015-01-22,600900.SH,10.5,10.53,10.33,10.38,10.47,-0.09,-0.86,445555.03,464551.757,-0.008595988538681931,-0.00863314714470289,10.443999999999999,10.5975,9.558666666666666,0.4283845704796352
2015-01-23,600900.SH,10.38,10.59,10.35,10.43,10.38,0.05,0.48,417355.33,435681.236,0.00481695568400764,0.004805391274938431,10.334,10.61,9.5985,0.42731429427193524
2015-01-26,600900.SH,10.43,10.52,10.3,10.39,10.43,-0.04,-0.38,381814.87,396449.145,-0.003835091083413178,-0.003842463901545,10.373999999999999,10.614999999999998,9.635166666666667,0.4262728590040806
2015-01-27,600900.SH,10.39,10.43,10.0,10.21,10.39,-0.18,-1.73,712042.48,725699.731,-0.017324350336862304,-0.017476172934561773,10.376000000000001,10.6085,9.667666666666667,0.4307415607380749
2015-01-28,600900.SH,10.21,10.21,10.0,10.08,10.21,-0.13,-1.27,474640.37,479579.655,-0.012732615083251742,-0.012814369533351659,10.297999999999998,10.5915,9.698,0.43181619733322646
2015-01-29,600900.SH,10.03,10.17,9.99,10.14,10.08,0.06,0.6,480751.29,485368.471,0.005952380952380931,0.0059347355198145265,10.25,10.5865,9.728333333333333,0.4282779881019879
2015-01-30,600900.SH,10.16,10.23,10.02,10.18,10.14,0.04,0.39,449341.58,454999.582,0.0039447731755424265,0.003937012959339599,10.2,10.562000000000001,9.756666666666666,0.39892168494345226
2015-02-02,600900.SH,10.1,10.1,9.92,9.95,10.18,-0.23,-2.26,377571.38,377734.979,-0.022593320235756442,-0.02285245995187534,10.112,10.500499999999999,9.783666666666667,0.35847763873959987
2015-02-03,600900.SH,10.05,10.11,9.92,10.08,9.95,0.13,1.31,361104.94,361541.754,0.013065326633165952,0.012980711472721278,10.086,10.461,9.812666666666667,0.354244436236251
2015-02-04,600900.SH,10.1,10.16,10.0,10.01,10.08,-0.07,-0.69,222626.64,224634.266,-0.00694444444444442,-0.006968669316093316,10.072,10.4035,9.838,0.3358515543131701
2015-02-05,600900.SH,10.13,10.15,9.7,9.72,10.01,-0.29,-2.9,482843.29,481020.736,-0.028971028971028878,-0.029398974854781414,9.988,10.3485,9.858833333333333,0.3343989974847632
2015-02-06,600900.SH,9.75,9.75,9.25,9.31,9.72,-0.41,-4.22,652720.96,613416.831,-0.04218106995884774,-0.04309652718337201,9.814000000000002,10.2795,9.872000000000002,0.35888457006948377
2015-02-09,600900.SH,9.39,9.39,9.1,9.3,9.31,-0.01,-0.11,496834.04,458690.082,-0.0010741138560687036,-0.0010746911297654092,9.684000000000001,10.2125,9.880333333333333,0.35937324515751184
2015-02-10,600900.SH,9.3,9.5,9.25,9.48,9.3,0.18,1.94,383587.01,361343.225,0.019354838709677358,0.019169916107720123,9.564000000000002,10.159,9.890166666666666,0.37070238547495893
2015-02-11,600900.SH,9.51,9.73,9.51,9.69,9.48,0.21,2.22,322355.76,310659.655,0.02215189873417711,0.021910109635744326,9.5,10.1055,9.903333333333332,0.3727896524852198
2015-02-12,600900.SH,9.66,9.78,9.57,9.74,9.69,0.05,0.52,194463.24,188539.066,0.005159958720330371,0.005146691751769001,9.504,10.0465,9.923166666666667,0.3674967164995322
2015-02-13,600900.SH,9.73,10.05,9.72,9.93,9.74,0.19,1.95,363421.97,360230.762,0.019507186858316095,0.01931936040263737,9.628,9.994,9.946,0.376287759311342
2015-02-16,600900.SH,9.88,9.95,9.8,9.87,9.93,-0.06,-0.6,207272.79,204747.55,-0.006042296072507614,-0.00606062461169107,9.742,9.978,9.966166666666668,0.2807555994093189
2015-02-17,600900.SH,9.95,10.1,9.82,9.95,9.87,0.08,0.81,262729.27,262362.322,0.008105369807497542,0.008072697725111261,9.836,9.9655,9.9865,0.2827040695157734
2015-02-25,600900.SH,9.91,10.13,9.75,9.89,9.95,-0.06,-0.6,456117.14,453189.437,-0.0060301507537686705,-0.006048405535880481,9.876,9.936499999999999,10.004666666666667,0.2635750076803273
2015-02-26,600900.SH,9.89,10.2,9.87,10.13,9.89,0.24,2.43,603890.12,609874.387,0.02426693629929222,0.02397717262597127,9.954,9.924000000000001,10.025833333333335,0.27919758306960857
2015-02-27,600900.SH,10.13,10.23,9.99,10.03,10.13,-0.1,-0.99,340950.34,343552.217,-0.009871668311944859,-0.009920716286747991,9.974,9.904,10.044166666666666,0.2799571249852928
2015-03-02,600900.SH,10.19,10.2,10.06,10.16,10.03,0.13,1.3,579861.76,588110.69,0.012961116650049842,0.012877840176491661,10.032,9.892500000000002,10.064833333333333,0.28465054163236464
2015-03-03,600900.SH,10.11,10.15,9.9,9.91,10.16,-0.25,-2.46,432153.13,434044.388,-0.02460629921259838,-0.024914093808439168,10.024000000000001,9.877500000000001,10.083833333333333,0.29129733887615855
2015-03-04,600900.SH,10.0,10.06,9.89,9.97,9.91,0.06,0.61,288739.35,287637.991,0.006054490413723634,0.006036235631850463,10.040000000000001,9.872,10.101666666666667,0.2891682646500801
2015-03-05,600900.SH,9.9,9.95,9.62,9.75,9.97,-0.22,-2.21,386924.46,378215.291,-0.0220661985957874,-0.022313298963991195,9.964,9.852500000000001,10.114333333333333,0.29798711529633215
2015-03-06,600900.SH,9.74,9.88,9.7,9.82,9.75,0.07,0.72,240883.48,236017.649,0.007179487179487243,0.007153837356618774,9.922,9.8345,10.126333333333333,0.2990322209665711
2015-03-09,600900.SH,9.7,10.11,9.64,10.08,9.82,0.26,2.65,470984.28,463186.547,0.026476578411405383,0.026132140276848122,9.906,9.841000000000001,10.139666666666667,0.3040900787330197
2015-03-10,600900.SH,10.0,10.11,9.99,10.04,10.08,-0.04,-0.4,442531.62,444318.936,-0.003968253968254065,-0.003976148379639517,9.931999999999999,9.839,10.153,0.3009914243165055
2015-03-11,600900.SH,10.05,10.16,9.94,10.0,10.04,-0.04,-0.4,391500.66,393277.11,-0.003984063745019806,-0.003992021269537338,9.937999999999999,9.8385,10.159333333333334,0.30027161014923665
2015-03-12,600900.SH,10.09,10.15,9.96,10.13,10.0,0.13,1.3,544002.53,547532.043,0.013000000000000123,0.01291622526654645,10.014,9.859,10.173833333333334,0.28278863247157376
2015-03-13,600900.SH,10.15,10.29,10.13,10.25,10.13,0.12,1.18,593369.98,605986.686,0.011846001974333609,0.011776387323825119,10.1,9.906,10.179666666666668,0.2304677739300154
2015-03-16,600900.SH,10.27,10.48,10.11,10.42,10.25,0.17,1.66,775240.53,800001.408,0.01658536585365855,0.016449330740803687,10.168000000000001,9.962,10.190166666666666,0.23288713984803935
2015-03-17,600900.SH,10.42,10.52,10.34,10.46,10.42,0.04,0.38,868882.41,907761.896,0.0038387715930903177,0.0038314223115560888,10.252,10.011,10.201666666666666,0.227359946835234
2015-03-18,600900.SH,10.47,10.53,10.35,10.5,10.46,0.04,0.38,1103171.72,1151090.113,0.003824091778202643,0.003816798526700811,10.352,10.0515,10.213500000000002,0.21817420431666606
2015-03-19,600900.SH,10.48,10.78,10.41,10.76,10.5,0.26,2.48,972966.86,1029020.168,0.024761904761904763,0.02446029757016067,10.478,10.102500000000001,10.231,0.230187658217184
2015-03-20,600900.SH,10.76,10.93,10.58,10.83,10.76,0.07,0.65,861477.84,924437.466,0.006505576208178487,0.006484506279260935,10.594,10.147499999999999,10.2495,0.22393007461632394
2015-03-23,600900.SH,10.95,11.36,10.94,11.21,10.83,0.38,3.51,1140945.75,1275024.651,0.03508771929824572,0.034486176071169404,10.751999999999999,10.2145,10.2715,0.2449925339522007
2015-03-24,600900.SH,11.22,11.59,11.11,11.2,11.21,-0.01,-0.09,1253668.68,1413781.541,-0.000892060660125038,-0.0008924587830198335,10.9,10.277,10.2875,0.24628806513714013
2015-03-25,600900.SH,11.12,11.15,10.78,10.83,11.2,-0.37,-3.3,1004155.39,1095116.772,-0.03303571428571417,-0.03359371728814949,10.966,10.324000000000002,10.283999999999999,0.28017782348453046
2015-03-26,600900.SH,10.78,11.0,10.74,10.85,10.83,0.02,0.18,695169.14,756783.871,0.001846722068328699,0.0018450189735692967,10.984,10.36,10.293833333333334,0.27054605504555124
2015-03-27,600900.SH,10.83,10.87,10.59,10.73,10.85,-0.12,-1.11,646620.42,693541.763,-0.011059907834101268,-0.011121523343861338,10.964,10.395,10.302999999999999,0.2713611256248079
2015-03-30,600900.SH,10.8,11.08,10.75,10.99,10.73,0.26,2.42,858721.83,936845.032,0.024231127679403608,0.023942211772922956,10.92,10.436499999999999,10.314666666666666,0.2793927941179454
2015-03-31,600900.SH,11.05,11.23,10.75,10.89,10.99,-0.1,-0.91,944974.07,1035886.029,-0.009099181073703333,-0.009140831470660858,10.858,10.4855,10.323833333333333,0.26322942151813017
2015-04-01,600900.SH,10.85,11.07,10.8,10.89,10.89,0.0,0.0,644406.03,703896.615,0.0,0.0,10.870000000000001,10.5315,10.331666666666667,0.26374082581681335
2015-04-02,600900.SH,10.9,10.97,10.63,10.7,10.89,-0.19,-1.74,982982.89,1056139.319,-0.017447199265381186,-0.017601195477008717,10.84,10.578999999999999,10.339333333333334,0.2580046857110556
2015-04-03,600900.SH,10.63,10.87,10.55,10.85,10.7,0.15,1.4,642826.68,688997.581,0.014018691588784993,0.013921338518608014,10.864,10.630500000000001,10.342333333333334,0.2599811762884256
2015-04-07,600900.SH,10.9,11.23,10.85,11.19,10.85,0.34,3.13,1179316.61,1300060.993,0.03133640552995387,0.03085544233736526,10.904,10.686,10.3425,0.26578199203688885
2015-04-08,600900.SH,11.21,11.35,11.0,11.29,11.19,0.1,0.89,1180003.99,1319396.292,0.008936550491510209,0.008896855837736717,10.984,10.7485,10.349499999999999,0.2637078337879584
2015-04-09,600900.SH,11.38,11.43,10.91,11.18,11.29,-0.11,-0.97,1079198.17,1200573.284,-0.009743135518157642,-0.009790910434617528,11.041999999999998,10.807500000000001,10.349833333333333,0.26737101058254364
2015-04-10,600900.SH,11.11,11.33,11.0,11.28,11.18,0.1,0.89,1140171.02,1275489.058,0.008944543828264706,0.008904778342959685,11.157999999999998,10.865,10.3575,0.26629324592971526
2015-04-13,600900.SH,11.32,11.66,11.23,11.61,11.28,0.33,2.93,1398049.12,1604603.478,0.0292553191489362,0.02883554963988732,11.309999999999999,10.933,10.372833333333334,0.27865811105054605
2015-04-14,600900.SH,11.62,12.1,11.51,11.87,11.61,0.26,2.24,1461361.37,1727890.261,0.02239448751076667,0.022147412911776628,11.446000000000002,11.0055,10.393333333333334,0.28221597296627643
2015-04-15,600900.SH,11.87,11.87,11.4,11.59,11.87,-0.28,-2.36,901685.9,1046381.853,-0.023588879528222306,-0.023871551269916223,11.505999999999998,11.062000000000001,10.410666666666668,0.3019859125938425
2015-04-16,600900.SH,11.59,12.33,11.53,12.24,11.59,0.65,5.61,1274446.74,1518911.948,0.056082830025884434,0.05456661973251973,11.718,11.149000000000001,10.435333333333334,0.351483471912756
2015-04-17,600900.SH,12.3,12.68,12.15,12.48,12.24,0.24,1.96,1749195.15,2181411.433,0.019607843137254832,0.019418085857101516,11.958,11.235,10.461333333333332,0.34867416616484026
2015-04-20,600900.SH,12.3,12.88,12.12,12.27,12.48,-0.21,-1.68,1815141.69,2263552.699,-0.016826923076923128,-0.01697010421846159,12.09,11.307,10.482833333333334,0.3593790615618058
2015-04-21,600900.SH,12.81,13.38,12.37,12.86,12.27,0.59,4.81,1794772.69,2290729.459,0.048084759576202174,0.04696446008665331,12.288,11.3895,10.527333333333333,0.3756819086319595
2015-04-22,600900.SH,13.1,13.36,12.93,13.26,12.86,0.4,3.11,2207618.36,2907696.489,0.031104199066874116,0.030630265948243206,12.622,11.4925,10.578333333333331,0.38367782673395867
2015-04-23,600900.SH,13.27,13.27,12.82,12.96,13.26,-0.3,-2.26,1395544.18,1814872.551,-0.02262443438914019,-0.02288429383358773,12.766,11.599,10.619833333333332,0.3701807387434516
2015-04-24,600900.SH,12.8,12.81,12.37,12.6,12.96,-0.36,-2.78,1266117.92,1594162.563,-0.0277777777777779,-0.02817087696669645,12.790000000000001,11.686499999999999,10.656833333333333,0.3923355940022196
2015-04-27,600900.SH,12.66,13.1,12.62,13.09,12.6,0.49,3.89,1393750.14,1787266.992,0.03888888888888897,0.038151765964376326,12.953999999999999,11.8045,10.701166666666667,0.40048154151933374
2015-04-28,600900.SH,12.97,13.0,12.63,12.85,13.09,-0.24,-1.83,1125614.99,1441808.702,-0.018334606569900713,-0.018504768580579783,12.951999999999998,11.897499999999999,10.742166666666666,0.4092338443614144
2015-04-29,600900.SH,12.72,12.98,12.52,12.9,12.85,0.05,0.39,810578.9,1035215.302,0.0038910505836575737,0.003883500026397612,12.88,11.998,10.787,0.4045381403157053
2015-04-30,600900.SH,12.98,13.47,12.9,13.21,12.9,0.31,2.4,1557924.88,2054961.252,0.024031007751938116,0.02374680716660765,12.930000000000001,12.114,10.839166666666666,0.406585069398139
2015-05-04,600900.SH,13.23,14.12,13.14,14.08,13.21,0.87,6.59,2364679.16,3230604.636,0.06585919757759262,0.06378123219566229,13.225999999999999,12.282999999999998,10.904833333333332,0.43826465030859735
2015-05-05,600900.SH,14.02,14.02,12.7,12.74,14.08,-1.34,-9.52,1754091.39,2344395.407,-0.09517045454545459,-0.1000087005858791,13.156,12.3775,10.9475,0.5854528383283488
2015-05-06,600900.SH,12.85,12.96,12.15,12.52,12.74,-0.22,-1.73,1152414.43,1455592.937,-0.017268445839874413,-0.01741928447206482,13.09,12.443999999999999,10.990333333333332,0.5859684226499239
2015-05-07,600900.SH,12.29,12.5,11.96,11.98,12.52,-0.54,-4.31,833578.54,1010834.021,-0.04313099041533541,-0.044088772984649124,12.906,12.4785,11.022,0.6114400362549314
2015-05-08,600900.SH,12.23,12.28,11.88,12.1,11.98,0.12,1.0,1066664.48,1287159.528,0.01001669449081799,0.009966859915392074,12.684000000000001,12.5245,11.056833333333335,0.6097054469921992
2015-05-11,600900.SH,12.3,12.71,12.2,12.44,12.1,0.34,2.81,1831325.44,2285996.248,0.028099173553719048,0.02771163470833802,12.356,12.5825,11.102166666666667,0.6152516558688363
2015-05-12,600900.SH,12.47,12.99,12.46,12.86,12.44,0.42,3.38,1277385.6,1625550.607,0.0337620578778135,0.03320463149843994,12.379999999999999,12.645,11.161333333333333,0.6177498661709239
2015-05-13,600900.SH,12.8,12.81,12.38,12.45,12.86,-0.41,-3.19,887170.55,1115266.336,-0.0318818040435459,-0.032401095898756734,12.366,12.674,11.213833333333334,0.628427152019785
2015-05-14,600900.SH,12.48,12.67,12.39,12.51,12.45,0.06,0.48,664085.85,831773.867,0.004819277108433884,0.004807701568103299,12.472,12.72,11.264333333333333,0.6204404760807548
2015-05-15,600900.SH,12.47,12.47,12.08,12.16,12.51,-0.35,-2.8,735417.58,899559.976,-0.027977617905675434,-0.028376447940798796,12.484,12.716,11.3055,0.599247174608196
2015-05-18,600900.SH,12.12,12.14,11.95,12.01,12.16,-0.15,-1.23,714016.73,860144.659,-0.012335526315789491,-0.012412240446128793,12.398,12.692499999999999,11.343333333333334,0.5963583315512135
2015-05-19,600900.SH,11.98,12.51,11.93,12.5,12.01,0.49,4.08,777307.82,960153.693,0.04079933388842627,0.039989008216363225,12.326,12.703999999999999,11.386166666666666,0.6112746318506912
2015-05-20,600900.SH,12.51,12.77,12.45,12.58,12.5,0.08,0.64,945240.11,1195421.896,0.006399999999999961,0.006379606964038988,12.352,12.690000000000001,11.431333333333333,0.5866836366505132
2015-05-21,600900.SH,12.65,12.8,12.6,12.74,12.58,0.16,1.27,702846.35,892350.049,0.012718600953895098,0.012638398871722849,12.398,12.664,11.477833333333335,0.5771238559094132
2015-05-22,600900.SH,12.79,13.24,12.75,13.17,12.74,0.43,3.38,1203436.92,1555373.459,0.03375196232339084,0.03319486561117233,12.6,12.6745,11.5325,0.5842256883409138
2015-05-25,600900.SH,13.35,13.74,13.26,13.55,13.17,0.38,2.89,1412871.18,1908546.208,0.028853454821564206,0.028445031570520276,12.907999999999998,12.722,11.589499999999997,0.5812147269565237
2015-05-26,600900.SH,13.62,14.33,13.57,13.87,13.55,0.32,2.36,1628884.55,2273049.216,0.023616236162361526,0.023341687001030217,13.181999999999999,12.761,11.6535,0.5716051344987829
2015-05-27,600900.SH,13.9,13.97,13.36,13.71,13.87,-0.16,-1.15,1354752.06,1840500.755,-0.011535688536409405,-0.011602740752517085,13.408000000000001,12.803999999999998,11.712666666666667,0.5686583466511327
2015-05-28,600900.SH,13.71,14.19,13.01,13.04,13.71,-0.67,-4.89,1470318.84,2019593.197,-0.048869438366156204,-0.05010393707571625,13.468,12.811000000000002,11.764833333333334,0.5986746312946634
2015-05-29,600900.SH,13.06,13.38,12.72,13.19,13.04,0.15,1.15,1272453.32,1665535.976,0.011503067484662566,0.011437410230716325,13.472,12.809999999999999,11.8185,0.5939788952695917
2015-06-01,600900.SH,13.29,14.04,13.19,13.86,13.19,0.67,5.08,1393058.38,1922560.957,0.05079605761940864,0.04954802703253394,13.534,12.799000000000001,11.887,0.574103504946308
2015-06-02,600900.SH,13.91,14.25,13.86,14.09,13.86,0.23,1.66,1247109.19,1751211.09,0.016594516594516717,0.016458332148831797,13.578,12.866499999999998,11.958166666666667,0.45308196078854424
2015-06-03,600900.SH,14.17,14.57,14.0,14.08,14.09,-0.01,-0.07,1273407.78,1814758.049,-0.0007097232079489313,-0.0007099751806925384,13.652000000000001,12.9445,12.024833333333333,0.44583078583365726
2015-06-04,600900.SH,14.08,14.48,13.2,14.45,14.08,0.37,2.63,1437588.98,1983595.138,0.02627840909090895,0.025939063828544686,13.934000000000001,13.068000000000001,12.098333333333333,0.410514218886583
2015-06-05,600900.SH,14.95,14.98,14.01,14.38,14.45,-0.07,-0.48,1678751.41,2443390.972,-0.0048442906574392985,-0.004856062265540389,14.172,13.181999999999999,12.171333333333333,0.4137554289038136
2015-06-08,600900.SH,14.29,14.59,14.11,14.5,14.38,0.12,0.83,1522885.23,2185833.318,0.008344923504867818,0.008310297133628035,14.3,13.285,12.244166666666667,0.4075513529445804
2015-06-09,600900.SH,14.6,15.22,14.4,15.06,14.5,0.56,3.86,2142071.51,3178448.906,0.0386206896551724,0.03789357294521879,14.494,13.395,12.324333333333332,0.4119651197535482
2015-06-10,600900.SH,14.82,14.98,14.51,14.68,15.06,-0.38,-2.52,1242025.52,1829899.688,-0.025232403718459584,-0.025556199185378086,14.614,13.506499999999999,12.395333333333333,0.40397309153758726
2015-06-11,600900.SH,14.68,14.7,14.32,14.44,14.68,-0.24,-1.63,968072.25,1400150.181,-0.016348773841961872,-0.01648388972168937,14.612,13.603,12.461666666666666,0.41346294034178677
2015-06-12,600900.SH,14.47,14.97,14.46,14.73,14.44,0.29,2.01,668406.37,986978.72,0.020083102493074767,0.019884097009858707,14.681999999999999,13.7315,12.532166666666665,0.3934450352669402
2015-11-16,600900.SH,12.92,13.5,12.92,13.12,14.35,-1.23,-8.57,5129793.9,6688405.676,-0.10930074677528856,-0.11574844695859596,14.406,13.787,12.571499999999999,0.5749107518929687
2015-11-17,600900.SH,13.11,14.09,13.06,13.77,13.12,0.65,4.95,2467028.6,3354564.302,0.049542682926829285,0.04835452922462051,14.148,13.8505,12.6205,0.5828986821975244
2015-11-18,600900.SH,13.72,13.75,13.35,13.44,13.77,-0.33,-2.4,1136064.58,1535057.577,-0.023965141612200425,-0.024256977645559983,13.9,13.8935,12.657666666666668,0.5921775496801268
2015-11-19,600900.SH,13.44,13.69,13.33,13.51,13.44,0.07,0.52,807007.45,1086371.192,0.005208333333333259,0.00519481687710393,13.714000000000002,13.931999999999999,12.696166666666667,0.5913095668843735
2015-11-20,600900.SH,13.49,13.49,13.13,13.23,13.51,-0.28,-2.07,931358.11,1237660.887,-0.020725388601036232,-0.020943173845243135,13.413999999999998,13.934999999999999,12.736166666666668,0.5860861134600702
2015-11-23,600900.SH,13.15,13.4,13.13,13.22,13.23,-0.01,-0.08,648384.0,860354.153,-0.0007558578987150177,-0.0007561437033240652,13.434000000000001,13.9185,12.775666666666666,0.5767014714736838
2015-11-24,600900.SH,13.13,13.49,13.13,13.34,13.22,0.12,0.91,538388.34,717444.24,0.009077155824508187,0.0090362060639373,13.347999999999999,13.892,12.819166666666666,0.5708891304263024
2015-11-25,600900.SH,13.31,13.34,13.16,13.26,13.34,-0.08,-0.6,521157.22,689169.066,-0.005997001499250421,-0.006015055729761257,13.312000000000001,13.869499999999999,12.857,0.5699112606892769
2015-11-26,600900.SH,13.23,13.27,13.12,13.17,13.26,-0.09,-0.68,424532.96,559716.002,-0.006787330316742057,-0.006810469002526752,13.244,13.876,12.895000000000001,0.5419552005888063
2015-11-27,600900.SH,13.19,13.23,12.97,12.98,13.17,-0.19,-1.44,681109.09,890844.68,-0.014426727410781992,-0.014531804479245647,13.193999999999999,13.8655,12.929833333333333,0.5431485995350396
2015-11-30,600900.SH,13.02,13.5,13.01,13.45,12.98,0.47,3.62,923615.72,1231207.085,0.036209553158705665,0.03556939477190414,13.24,13.845000000000002,12.975666666666665,0.5272086397380429
2015-12-01,600900.SH,13.45,13.47,13.09,13.18,13.45,-0.27,-2.01,399463.1,531802.788,-0.02007434944237918,-0.02027857697348695,13.207999999999998,13.7995,13.014499999999998,0.5270854671719278
2015-12-02,600900.SH,13.25,14.26,13.23,14.02,13.18,0.84,6.37,1338696.98,1858758.176,0.06373292867981784,0.0617843525320828,13.36,13.7965,13.061666666666667,0.5776689308075494
2015-12-03,600900.SH,14.0,14.46,13.78,14.09,14.02,0.07,0.5,784283.2,1110510.972,0.004992867332382245,0.004980444304144752,13.544,13.7785,13.108333333333333,0.5699267870339824
2015-12-04,600900.SH,13.9,14.17,13.83,13.94,14.09,-0.15,-1.06,384932.31,538150.053,-0.010645848119233525,-0.01070292057821105,13.735999999999999,13.756499999999999,13.154333333333334,0.5708667408776317
2015-12-07,600900.SH,13.9,14.02,13.73,13.78,13.94,-0.16,-1.15,301845.52,418401.758,-0.011477761836441891,-0.011544139746865311,13.801999999999998,13.720500000000001,13.196,0.5709351214096454
2015-12-08,600900.SH,13.7,13.81,13.53,13.67,13.78,-0.11,-0.8,356297.87,486887.917,-0.007982583454281489,-0.008014614849654239,13.9,13.651000000000002,13.230333333333332,0.5506573469374776
2015-12-09,600900.SH,13.68,13.98,13.44,13.75,13.67,0.08,0.59,483092.08,659380.978,0.00585223116313105,0.005835173376722213,13.846,13.604500000000002,13.261666666666665,0.5459778643218367
2015-12-10,600900.SH,13.7,13.75,13.5,13.53,13.75,-0.22,-1.6,404973.24,550720.857,-0.016000000000000014,-0.016129381929883644,13.733999999999998,13.559000000000001,13.294,0.545863526086895
2015-12-11,600900.SH,13.53,13.61,13.43,13.55,13.53,0.02,0.15,222200.96,300434.853,0.0014781966001480296,0.0014771051430134449,13.656,13.5,13.315833333333332,0.5395352616204456
2015-12-14,600900.SH,13.47,13.99,13.45,13.74,13.55,0.19,1.4,293633.93,401706.562,0.014022140221402246,0.013924739468493406,13.648,13.531,13.336833333333335,0.37007311512949564
2015-12-15,600900.SH,13.75,13.83,13.58,13.63,13.74,-0.11,-0.8,220154.91,300944.163,-0.008005822416302766,-0.008038041085762036,13.64,13.524000000000001,13.359499999999999,0.3270592134291376
2015-12-16,600900.SH,13.65,13.84,13.6,13.79,13.63,0.16,1.17,276105.02,379069.819,0.011738811445340946,0.011670446096768988,13.648000000000001,13.5415,13.375,0.3172215993590479
2015-12-17,600900.SH,13.85,13.96,13.78,13.84,13.79,0.05,0.36,395616.2,548381.045,0.0036258158085569203,0.003619258384313058,13.709999999999999,13.558000000000002,13.384666666666668,0.31702403594751855
2015-12-18,600900.SH,13.9,13.94,13.71,13.85,13.84,0.01,0.07,270391.43,374752.644,0.0007225433526012459,0.0007222824438240891,13.770000000000001,13.588999999999999,13.3995,0.306131918171533
2015-12-21,600900.SH,13.78,14.28,13.77,14.15,13.85,0.3,2.17,547103.01,769857.502,0.02166064981949467,0.02142939145589921,13.852,13.635499999999999,13.425333333333333,0.31326198250213216
2015-12-22,600900.SH,14.11,14.3,13.95,14.12,14.15,-0.03,-0.21,350153.57,493561.926,-0.0021201413427562876,-0.0021223920241507173,13.95,13.6745,13.442499999999999,0.31318011404643975
2015-12-23,600900.SH,14.18,14.36,14.0,14.09,14.12,-0.03,-0.21,325828.07,461628.579,-0.0021246458923512845,-0.002126906154507179,14.01,13.716,13.463166666666668,0.3119998322347149
2015-12-24,600900.SH,14.08,14.18,13.89,14.11,14.09,0.02,0.14,295859.68,415565.661,0.0014194464158978626,0.0014184399541338495,14.063999999999998,13.763,13.483333333333333,0.3098613755460182
2015-12-25,600900.SH,14.11,14.17,13.89,13.9,14.11,-0.21,-1.49,227703.15,318813.876,-0.014883061658398256,-0.014994925728076518,14.074000000000002,13.808999999999997,13.494833333333334,0.31021809833029695
2015-12-28,600900.SH,13.91,13.96,13.57,13.64,13.9,-0.26,-1.87,440607.88,604325.972,-0.018705035971222972,-0.01888218772132998,13.972,13.8185,13.4875,0.2945174154342072
2015-12-29,600900.SH,13.66,13.75,13.57,13.59,13.64,-0.05,-0.37,236700.71,322642.376,-0.003665689149560114,-0.003672424252263694,13.866,13.838999999999999,13.501666666666667,0.28464099790862185
2015-12-30,600900.SH,13.63,13.65,13.5,13.55,13.59,-0.04,-0.29,235259.92,318955.237,-0.0029433406916850036,-0.0029476808373423776,13.758000000000001,13.8155,13.518833333333333,0.16519145969441507
2015-12-31,600900.SH,13.59,13.66,13.51,13.56,13.55,0.01,0.07,198423.81,269586.188,0.0007380073800737907,0.0007377351865395941,13.648000000000001,13.789000000000001,13.545166666666667,0.1636042228343713
2016-01-04,600900.SH,13.53,13.62,13.15,13.15,13.56,-0.41,-3.02,381987.42,509608.375,-0.030235988200589925,-0.030702523888475906,13.498,13.749500000000001,13.562666666666667,0.1901709640139225
2016-01-05,600900.SH,13.11,13.33,13.01,13.17,13.15,0.02,0.15,495571.63,651689.661,0.0015209125475283969,0.0015197571314159958,13.404,13.719,13.574833333333334,0.18792841102740493
2016-01-06,600900.SH,13.17,13.26,13.12,13.21,13.17,0.04,0.3,261544.26,344892.501,0.0030372057706911093,0.003032602779044422,13.328,13.695999999999998,13.580666666666668,0.18749720594017133
2016-01-07,600900.SH,13.19,13.19,12.8,12.82,13.21,-0.39,-2.95,91249.93,118409.167,-0.029523088569265776,-0.02996766704171004,13.182000000000002,13.649499999999998,13.586833333333333,0.20949771602646372
2016-01-08,600900.SH,13.09,13.16,12.88,12.95,12.82,0.13,1.01,469130.85,610539.747,0.010140405616224646,0.010089336653022772,13.059999999999999,13.620500000000002,13.594166666666666,0.20921427765705025
2016-01-11,600900.SH,12.82,13.0,12.5,12.56,12.95,-0.39,-3.01,622744.93,793688.604,-0.030115830115830078,-0.0305786271054941,12.941999999999998,13.571000000000002,13.600833333333332,0.23096454432266997
2016-01-12,600900.SH,12.65,12.74,12.48,12.53,12.56,-0.03,-0.24,331658.73,416920.172,-0.0023885350318472165,-0.0023913921320757674,12.814000000000002,13.510499999999999,13.6095,0.22142678779246888
2016-01-13,600900.SH,12.59,12.72,12.41,12.44,12.53,-0.09,-0.72,413751.03,518520.431,-0.0071827613727054596,-0.0072086815969435005,12.66,13.450999999999999,13.6085,0.22127343569696153
2016-01-14,600900.SH,12.23,12.92,12.11,12.84,12.44,0.4,3.22,633058.18,797543.331,0.032154340836012985,0.03164821095078185,12.664,13.4035,13.612833333333333,0.2509746311240883
2016-01-15,600900.SH,12.76,13.03,12.41,12.62,12.84,-0.22,-1.71,398696.04,510557.107,-0.017133956386292892,-0.017282441148748075,12.597999999999999,13.342499999999998,13.610833333333334,0.25401882724812547
2016-01-18,600900.SH,12.45,12.79,12.41,12.65,12.62,0.03,0.24,243001.4,306925.435,0.0023771790808242432,0.002374358060462297,12.616,13.282499999999999,13.602166666666667,0.2545357944612888
2016-01-19,600900.SH,12.63,12.98,12.58,12.81,12.65,0.16,1.26,274234.79,351604.11,0.012648221343873445,0.012568900735113563,12.672,13.2155,13.589833333333335,0.24409419101450877
2016-01-20,600900.SH,12.9,12.9,12.55,12.6,12.81,-0.21,-1.64,270679.2,343262.492,-0.016393442622950838,-0.016529301951210582,12.704,13.139499999999998,13.568666666666667,0.2472157364175982
2016-01-21,600900.SH,12.31,12.71,12.31,12.5,12.6,-0.1,-0.79,266510.34,334442.65,-0.007936507936507908,-0.007968169649176845,12.636,13.059999999999999,13.548499999999999,0.24700433352604934
2016-01-22,600900.SH,12.55,12.63,12.49,12.51,12.5,0.01,0.08,215458.71,270014.08,0.0007999999999999119,0.0007996801705642441,12.614,12.98,13.539666666666667,0.24677209719497845
2016-01-25,600900.SH,12.56,12.58,12.47,12.53,12.51,0.02,0.16,132746.6,166064.729,0.0015987210231813709,0.0015974444291570774,12.59,12.9115,13.528666666666668,0.2457337757962563
2016-01-26,600900.SH,12.5,12.5,12.07,12.09,12.53,-0.44,-3.51,378327.01,464966.549,-0.035115722266560234,-0.03574710428127561,12.446000000000002,12.834,13.499166666666666,0.26404183768901274
2016-01-27,600900.SH,12.18,12.19,11.84,12.02,12.09,-0.07,-0.58,716094.31,857674.745,-0.005789909015715522,-0.005806735519639839,12.33,12.755500000000001,13.464666666666666,0.2639130913681995
2016-01-28,600900.SH,12.01,12.3,11.93,12.0,12.02,-0.02,-0.17,301225.56,363624.97,-0.0016638935108153063,-0.0016652793190612089,12.23,12.678,13.430000000000001,0.2641477835602887
2016-01-29,600900.SH,11.96,12.26,11.93,12.11,12.0,0.11,0.92,398007.09,480545.161,0.009166666666666545,0.009124907777000453,12.15,12.6055,13.390999999999998,0.26862336632500317
2016-02-01,600900.SH,12.08,12.27,12.06,12.15,12.11,0.04,0.33,202192.43,246332.055,0.003303055326176807,0.003297612221556673,12.074,12.555499999999999,13.353833333333334,0.25362697895276765
2016-02-02,600900.SH,12.17,12.22,12.04,12.13,12.15,-0.02,-0.16,208007.51,252419.88,-0.0016460905349794386,-0.0016474468305987156,12.082,12.503499999999999,13.314333333333334,0.2529899796415954
2016-02-03,600900.SH,12.05,12.18,12.03,12.16,12.13,0.03,0.25,188046.71,227422.507,0.002473206924979321,0.002470153582062117,12.11,12.450999999999999,13.266,0.25279024282706763
2016-02-04,600900.SH,12.16,12.5,12.16,12.31,12.16,0.15,1.23,215867.78,266396.984,0.012335526315789602,0.01226006365834132,12.172,12.4255,13.226499999999998,0.2401101552024017
2016-02-05,600900.SH,12.31,12.36,12.2,12.25,12.31,-0.06,-0.49,108823.17,133522.889,-0.004874086108854647,-0.004886003205626209,12.2,12.3905,13.19,0.23598849529709295
2016-02-15,600900.SH,12.1,12.11,11.98,12.05,12.25,-0.2,-1.63,307789.69,370314.218,-0.01632653061224487,-0.016461277054071962,12.180000000000001,12.365,13.145333333333333,0.21919621643368561
2016-02-16,600900.SH,12.08,12.29,12.08,12.24,12.05,0.19,1.58,210250.15,256501.503,0.015767634854771728,0.015644617147515968,12.202000000000002,12.3505,13.130666666666666,0.22804306198296534
2016-02-17,600900.SH,12.26,12.28,12.12,12.19,12.24,-0.05,-0.41,210099.29,256342.209,-0.004084967320261534,-0.004093333590999964,12.208000000000002,12.338000000000001,13.104333333333333,0.22720564491829706
2016-02-18,600900.SH,12.22,12.27,12.15,12.18,12.19,-0.01,-0.08,220042.63,268762.044,-0.0008203445447088065,-0.0008206812114292207,12.182,12.305,13.083333333333334,0.19077562057930095
2016-02-19,600900.SH,12.14,12.15,12.02,12.08,12.18,-0.1,-0.82,168603.57,203782.244,-0.008210180623973717,-0.008244069775082066,12.148,12.278,13.059499999999998,0.18425583942293447
2016-02-22,600900.SH,12.14,12.15,12.0,12.1,12.08,0.02,0.17,266859.09,322634.941,0.0016556291390728006,0.001654260096026468,12.158,12.250499999999999,13.040666666666665,0.18403995826605168
2016-02-23,600900.SH,12.13,12.16,12.06,12.15,12.1,0.05,0.41,262779.16,318245.379,0.004132231404958775,0.004123717183862156,12.139999999999999,12.2175,13.022833333333333,0.17731418955143835
2016-02-24,600900.SH,12.11,12.22,12.07,12.21,12.15,0.06,0.49,283704.56,344908.038,0.004938271604938205,0.0049261183360557815,12.144,12.198,13.004,0.17134267067751086
2016-02-25,600900.SH,12.2,12.22,11.88,11.91,12.21,-0.3,-2.46,339291.05,410445.869,-0.024570024570024662,-0.02487690475540467,12.09,12.1685,12.9815,0.18888567215452912
2016-02-26,600900.SH,12.0,12.04,11.66,11.76,11.91,-0.15,-1.26,371941.59,439720.043,-0.012594458438287215,-0.012674440896727937,12.026,12.131,12.957999999999998,0.19188642151806487
2016-02-29,600900.SH,11.8,11.85,11.13,11.4,11.76,-0.36,-3.06,459541.81,522300.379,-0.030612244897959107,-0.031090587070031005,11.886,12.0745,12.931666666666668,0.21436012547006997
2016-03-01,600900.SH,11.39,11.56,11.13,11.48,11.4,0.08,0.7,441236.17,500025.746,0.007017543859649145,0.006993035490970604,11.752,12.044,12.898833333333332,0.1850467508046185
2016-03-02,600900.SH,11.46,11.79,11.38,11.74,11.48,0.26,2.26,370404.05,428778.031,0.022648083623693305,0.022395423508529955,11.658,12.03,12.874833333333333,0.20485507989686322
2016-03-11,600900.SH,11.8,12.2,11.52,12.05,11.74,0.31,2.64,711419.65,854080.959,0.026405451448040962,0.026062845536713685,11.686,12.0325,12.842,0.22687403626701622
2016-03-14,600900.SH,12.01,12.17,11.9,12.11,12.05,0.06,0.5,304212.8,367502.269,0.004979253112033177,0.004966897628336864,11.756,12.0325,12.809000000000001,0.22518539513873936
2016-03-15,600900.SH,12.13,12.23,12.05,12.21,12.11,0.1,0.83,209630.36,254277.139,0.008257638315441795,0.00822373055761244,11.918000000000001,12.0355,12.780166666666666,0.22680228996275098
2016-03-16,600900.SH,12.17,12.48,12.15,12.31,12.21,0.1,0.82,494787.74,610600.231,0.008190008190008147,0.008156652073748787,12.084,12.044500000000001,12.755666666666666,0.22834005131007357
2016-03-17,600900.SH,12.35,12.37,12.18,12.29,12.31,-0.02,-0.16,288933.88,354778.101,-0.0016246953696182898,-0.0016260166184187826,12.193999999999999,12.051,12.732666666666667,0.22841351340696733
2016-03-18,600900.SH,12.28,12.36,12.2,12.3,12.29,0.01,0.08,284137.55,349281.856,0.0008136696501221952,0.0008133388004285028,12.244,12.050500000000001,12.708500000000003,0.22420522701744713
2016-03-21,600900.SH,12.3,12.39,12.22,12.31,12.3,0.01,0.08,250426.29,307954.699,0.0008130081300812275,0.0008126778179902578,12.284,12.053500000000001,12.688166666666666,0.2234547093961046
2016-03-22,600900.SH,12.3,12.36,12.23,12.33,12.31,0.02,0.16,188385.93,231909.336,0.0016246953696181787,0.00162337697989077,12.308,12.067499999999999,12.667833333333334,0.21460811332299415
2016-03-23,600900.SH,12.32,12.33,12.23,12.27,12.33,-0.06,-0.49,94177.89,115714.682,-0.0048661800486617945,-0.004878058453432855,12.3,12.069,12.643333333333334,0.20848881183659906
2016-03-24,600900.SH,12.2,12.25,12.1,12.17,12.27,-0.1,-0.82,124141.07,150855.742,-0.008149959250203676,-0.00818335172338419,12.276,12.068,12.619,0.21009124691343686
2016-03-25,600900.SH,12.12,12.26,12.12,12.18,12.17,0.01,0.08,100897.26,123095.127,0.0008216926869351049,0.0008213552823151789,12.251999999999999,12.068000000000001,12.592166666666667,0.21008691930219794
2016-03-28,600900.SH,12.2,12.29,12.08,12.1,12.18,-0.08,-0.66,135543.39,164858.244,-0.006568144499178974,-0.0065898096790555525,12.209999999999999,12.068999999999999,12.563166666666666,0.20930656657263744
2016-03-29,600900.SH,12.11,12.18,12.05,12.12,12.1,0.02,0.17,134554.31,163016.533,0.0016528925619834212,0.0016515280384729392,12.168,12.07,12.534333333333333,0.2093063084087424
2016-03-30,600900.SH,12.13,12.31,12.13,12.3,12.12,0.18,1.49,207332.94,254000.937,0.014851485148514865,0.014742281737203431,12.174,12.0775,12.5035,0.21537137361987047
2016-03-31,600900.SH,12.3,12.33,12.2,12.28,12.3,-0.02,-0.16,105754.46,129857.152,-0.001626016260162677,-0.0016273396593754824,12.196000000000002,12.081,12.472833333333334,0.2149186120393713
2016-04-01,600900.SH,12.29,12.52,12.24,12.48,12.28,0.2,1.63,210310.06,260377.738,0.016286644951140072,0.016155440222285208,12.256,12.1095,12.446,0.20047420003211724
2016-04-05,600900.SH,12.49,12.55,12.34,12.4,12.48,-0.08,-0.64,212328.46,263579.451,-0.0064102564102563875,-0.0064308903302904025,12.315999999999999,12.1415,12.417499999999999,0.19547225799003862
2016-04-06,600900.SH,12.38,12.39,12.23,12.31,12.4,-0.09,-0.73,254238.4,312214.482,-0.007258064516128981,-0.007284532414628987,12.354000000000001,12.187000000000001,12.391,0.15629808148508834
2016-04-07,600900.SH,12.3,12.32,12.17,12.18,12.31,-0.13,-1.06,203716.76,248837.163,-0.010560519902518384,-0.010616677914611284,12.33,12.222,12.366666666666667,0.16390667397131636
2016-04-08,600900.SH,12.18,12.23,12.12,12.19,12.18,0.01,0.08,154850.4,188652.695,0.0008210180623973162,0.0008206812114291353,12.312000000000001,12.244499999999999,12.343333333333332,0.14662997466191022
2016-04-11,600900.SH,12.2,12.24,12.17,12.17,12.19,-0.02,-0.16,261960.63,319596.563,-0.001640689089417502,-0.0016420364937442986,12.25,12.250499999999999,12.320333333333334,0.11487868425075672
2016-04-12,600900.SH,12.16,12.21,12.15,12.17,12.17,0.0,0.0,116004.4,141185.045,0.0,0.0,12.204,12.253499999999999,12.297166666666666,0.11366868140408372
2016-04-13,600900.SH,12.18,12.27,12.12,12.22,12.17,0.05,0.41,298727.05,364160.225,0.0041084634346755244,0.004100046744013553,12.186,12.254,12.281666666666666,0.11071812706450299
2016-04-14,600900.SH,12.23,12.28,12.2,12.23,12.22,0.01,0.08,252405.45,308985.5,0.0008183306055646877,0.0008179959556317626,12.196000000000002,12.25,12.266,0.1065561414811865
2016-04-15,600900.SH,12.25,12.4,12.24,12.25,12.23,0.02,0.16,216093.06,266398.201,0.0016353229762877675,0.001633987291654955,12.208000000000002,12.248000000000001,12.25,0.10664879898107395
2016-04-18,600900.SH,12.26,12.39,12.22,12.35,12.25,0.1,0.82,205120.57,253159.427,0.008163265306122325,0.008130126083250089,12.244,12.250499999999999,12.242166666666668,0.1106382303458146
2016-04-19,600900.SH,12.37,12.49,12.35,12.47,12.35,0.12,0.97,223167.77,277551.958,0.009716599190283448,0.009669696617958927,12.303999999999998,12.2585,12.234166666666665,0.11566479326594917
2016-04-20,600900.SH,12.46,12.48,12.16,12.47,12.47,0.0,0.0,356500.8,439930.471,0.0,0.0,12.354000000000001,12.2655,12.232666666666667,0.11563089323350526
2016-04-21,600900.SH,12.39,12.44,12.28,12.31,12.47,-0.16,-1.28,102891.32,127086.199,-0.012830793905372895,-0.01291381949558294,12.370000000000001,12.2675,12.229000000000001,0.12378400240400755
2016-04-22,600900.SH,12.31,12.38,12.25,12.33,12.31,0.02,0.16,161788.37,199053.234,0.0016246953696181787,0.00162337697989077,12.386000000000001,12.275500000000001,12.227166666666667,0.11984780144778986
2016-04-25,600900.SH,12.32,12.53,12.27,12.45,12.33,0.12,0.97,170942.63,212616.476,0.009732360097323589,0.009685305734463679,12.406,12.289,12.220666666666666,0.12408608665276784
2016-04-26,600900.SH,12.45,12.49,12.29,12.41,12.45,-0.04,-0.32,191223.2,236277.584,-0.003212851405622441,-0.003218023694200731,12.394000000000002,12.3045,12.217166666666666,0.12187869573618322
2016-04-27,600900.SH,12.38,12.59,12.35,12.5,12.41,0.09,0.73,249276.67,311358.871,0.00725221595487513,0.0072260450917396276,12.4,12.3235,12.214666666666666,0.12370458099190432
2016-04-28,600900.SH,12.5,12.54,12.37,12.48,12.5,-0.02,-0.16,79050.31,98435.273,-0.0015999999999999348,-0.001601281366973768,12.434,12.3325,12.209166666666667,0.11365993222875295
2016-04-29,600900.SH,12.45,12.45,12.29,12.33,12.48,-0.15,-1.2,152632.75,188767.592,-0.012019230769230838,-0.012092045765028746,12.434000000000001,12.335,12.204666666666668,0.12220860452091377
2016-05-03,600900.SH,12.34,12.43,12.3,12.37,12.33,0.04,0.32,152051.84,187907.855,0.0032441200324411223,0.0032388692281435237,12.418000000000001,12.3295,12.202500000000002,0.10734819949101035
2016-05-04,600900.SH,12.36,12.39,12.32,12.34,12.37,-0.03,-0.24,117779.45,145358.434,-0.0024252223120452276,-0.002428167927154733,12.404,12.3265,12.199666666666667,0.10531189476711768
2016-05-05,600900.SH,12.36,12.48,12.29,12.35,12.34,0.01,0.08,117940.61,145424.883,0.0008103727714747766,0.0008100445967443455,12.373999999999999,12.3285,12.196666666666665,0.10200418856786542
2016-05-06,600900.SH,12.35,12.36,12.27,12.27,12.35,-0.08,-0.65,185740.93,228566.446,-0.006477732793522262,-0.006498804351166128,12.331999999999999,12.333000000000002,12.199666666666667,0.09721867456386277
2016-05-09,600900.SH,12.27,12.32,12.19,12.27,12.27,0.0,0.0,234409.19,287384.657,0.0,0.0,12.32,12.337,12.203833333333332,0.09721363156396003
2016-05-10,600900.SH,12.25,12.31,12.23,12.27,12.27,0.0,0.0,121645.15,149252.205,0.0,0.0,12.3,12.342,12.208333333333334,0.09694322694013452
2016-05-11,600900.SH,12.3,12.33,12.2,12.24,12.27,-0.03,-0.24,296462.86,363076.075,-0.0024449877750610804,-0.0024479816386400017,12.28,12.3455,12.2105,0.09747309919850217
2016-05-12,600900.SH,12.22,12.62,12.2,12.48,12.24,0.24,1.96,351756.18,438434.315,0.019607843137254832,0.019418085857101516,12.306000000000001,12.358500000000001,12.216,0.11870879710523653
2016-05-13,600900.SH,12.45,12.51,12.36,12.45,12.48,-0.03,-0.24,174989.9,216972.694,-0.0024038461538462563,-0.002406740030565088,12.342,12.369499999999999,12.221333333333332,0.11935216060257614
2016-05-16,600900.SH,12.41,12.58,12.41,12.49,12.45,0.04,0.32,172442.13,215595.754,0.003212851405622663,0.003207701226769859,12.386,12.381499999999999,12.226833333333333,0.11960888880034165
2016-05-17,600900.SH,12.46,12.59,12.37,12.39,12.49,-0.1,-0.8,179759.88,223758.585,-0.008006405124099225,-0.008038628496435173,12.41,12.3835,12.228166666666668,0.12052841970477202
2016-05-18,600900.SH,12.38,12.47,12.27,12.42,12.39,0.03,0.24,243455.3,300572.253,0.002421307506053294,0.0024183808642816527,12.446000000000002,12.381,12.231,0.11555922097568194
2016-05-19,600900.SH,12.39,12.46,12.3,12.32,12.42,-0.1,-0.81,141651.1,175542.914,-0.00805152979066015,-0.008084118399958911,12.414,12.3735,12.2355,0.11888320292391685
2016-05-20,600900.SH,12.31,12.41,12.27,12.37,12.32,0.05,0.41,121173.45,149745.892,0.0040584415584414835,0.004050228299022738,12.398,12.3765,12.237666666666666,0.11062598140650665
2016-05-23,600900.SH,12.38,12.4,12.27,12.3,12.37,-0.07,-0.57,177053.98,217848.509,-0.0056588520614387905,-0.005674924026024544,12.36,12.375,12.2395,0.11244578292524919
2016-05-24,600900.SH,12.3,12.35,12.28,12.34,12.3,0.04,0.33,120050.48,147804.541,0.003252032520325132,0.003246756098869873,12.35,12.369499999999999,12.242166666666666,0.10716037323824948
2016-05-25,600900.SH,12.34,12.36,12.27,12.28,12.34,-0.06,-0.49,113403.09,139572.341,-0.004862236628849326,-0.004874095758245407,12.322,12.363,12.2455,0.10788756164999458
2016-05-26,600900.SH,12.3,12.32,12.25,12.28,12.28,0.0,0.0,132062.43,162088.156,0.0,0.0,12.313999999999998,12.352,12.2485,0.10397218482214027
2016-05-27,600900.SH,12.27,12.33,12.25,12.28,12.28,0.0,0.0,111388.59,136888.087,0.0,0.0,12.296,12.342,12.250666666666667,0.10397772683558494
2016-05-30,600900.SH,12.27,12.35,12.26,12.27,12.28,-0.01,-0.08,143855.41,176832.683,-0.0008143322475570036,-0.0008146639961763357,12.29,12.339,12.251666666666667,0.09515694442299166
2016-05-31,600900.SH,12.27,12.5,12.27,12.46,12.27,0.19,1.55,238736.89,296096.631,0.01548492257538725,0.01536625463648714,12.314,12.3435,12.260833333333334,0.10986286098518082
2016-06-01,600900.SH,12.42,12.47,12.39,12.45,12.46,-0.01,-0.08,134898.6,167565.24,-0.0008025682182987159,-0.0008028904485906241,12.347999999999999,12.349,12.272333333333334,0.10946258700322448
2016-06-02,600900.SH,12.41,12.49,12.41,12.45,12.45,0.0,0.0,129722.71,161492.445,0.0,0.0,12.382,12.354,12.289833333333332,0.10946659487061876
2016-06-03,600900.SH,12.47,12.65,12.4,12.6,12.45,0.15,1.2,201849.72,253144.47,0.012048192771084265,0.01197619104671562,12.446000000000002,12.370500000000002,12.3085,0.11364348500754813
2016-06-06,600900.SH,12.63,12.65,12.46,12.53,12.6,-0.07,-0.56,154076.81,193045.132,-0.005555555555555536,-0.00557104504945536,12.498,12.3835,12.321666666666667,0.11620231848032496
2016-06-07,600900.SH,12.55,12.58,12.48,12.52,12.53,-0.01,-0.08,97283.96,121867.527,-0.0007980845969672856,-0.0007984032360244729,12.51,12.395999999999999,12.3295,0.11633463233599416
2016-06-08,600900.SH,12.53,12.67,12.48,12.66,12.52,0.14,1.12,169860.08,214008.359,0.011182108626198062,0.01112005104407764,12.552,12.417,12.338666666666665,0.12089596978404553
2016-06-13,600900.SH,12.63,12.64,12.51,12.53,12.66,-0.13,-1.03,117691.82,147824.016,-0.010268562401263837,-0.01032164780805321,12.568,12.4195,12.344,0.1080873830439008
2016-06-14,600900.SH,12.51,12.62,12.38,12.41,12.53,-0.12,-0.96,184095.19,230079.931,-0.009577015163607316,-0.009623169691461066,12.529999999999998,12.4175,12.345666666666666,0.11327324127082733
2016-06-15,600900.SH,12.36,12.48,12.36,12.45,12.41,0.04,0.32,108699.5,135306.748,0.003223207091055613,0.003218023694200793,12.514,12.4155,12.348333333333333,0.11327730872754027
2016-06-16,600900.SH,12.45,12.45,12.28,12.31,12.45,-0.14,-1.12,288061.05,356074.043,-0.011244979919678655,-0.011308682714354418,12.472,12.4115,12.3485,0.11679044231495449
2016-06-17,600900.SH,12.32,12.39,12.32,12.34,12.31,0.03,0.24,219310.74,270775.77,0.002437043054427157,0.0024340782808794756,12.408,12.407499999999999,12.348999999999998,0.11679531525157487
2016-06-20,600900.SH,12.37,12.46,12.34,12.46,12.34,0.12,0.97,212502.35,263815.012,0.009724473257698651,0.009677494882065438,12.394,12.4145,12.351166666666666,0.1181788816336615
2016-06-21,600900.SH,12.47,12.49,12.39,12.43,12.46,-0.03,-0.24,182012.82,226294.864,-0.0024077046548957037,-0.0024106078366873777,12.398,12.4175,12.353833333333334,0.11789144062059198
2016-06-22,600900.SH,12.43,12.47,12.39,12.45,12.43,0.02,0.16,98921.24,123066.629,0.0016090104585679832,0.0016077173880968793,12.398,12.425,12.3585,0.11585029610585691
2016-06-23,600900.SH,12.45,12.46,12.36,12.36,12.45,-0.09,-0.72,98616.47,122321.288,-0.0072289156626506035,-0.00725517088117191,12.408,12.426,12.3615,0.11864586369080446
2016-06-24,600900.SH,12.36,12.42,12.31,12.35,12.36,-0.01,-0.08,185190.34,228791.299,-0.0008090614886731018,-0.0008093889555584729,12.41,12.4295,12.365666666666668,0.11725833354465356
2016-06-27,600900.SH,12.35,12.43,12.33,12.42,12.35,0.07,0.57,93230.23,115503.193,0.005668016194332104,0.005652013431346623,12.402,12.436499999999999,12.370666666666667,0.11877577259830925
2016-06-28,600900.SH,12.38,12.43,12.35,12.4,12.42,-0.02,-0.16,92544.36,114588.307,-0.0016103059581320522,-0.0016116038943415328,12.396,12.442499999999999,12.372333333333332,0.11901978442848578
2016-06-29,600900.SH,12.41,12.45,12.35,12.42,12.4,0.02,0.16,125513.29,155722.613,0.001612903225806317,0.0016116038943413912,12.389999999999999,12.45,12.374666666666666,0.11897260563073808
2016-06-30,600900.SH,12.42,12.52,12.4,12.49,12.42,0.07,0.56,135298.47,168563.827,0.005636070853462183,0.005620247632153626,12.416,12.4515,12.374833333333333,0.10722365973833034
2016-07-01,600900.SH,12.49,12.56,12.44,12.55,12.49,0.06,0.48,101258.4,126680.568,0.0048038430744596905,0.004792341440306707,12.456,12.4565,12.377333333333333,0.10840891832843128
2016-07-04,600900.SH,12.57,12.65,12.54,12.61,12.55,0.06,0.48,153195.47,193223.009,0.004780876494023811,0.004769484399035205,12.494,12.464500000000001,12.382333333333332,0.10948489243305644
2016-07-05,600900.SH,12.68,12.73,12.56,12.65,12.61,0.04,0.32,148604.74,187789.587,0.003172085646312439,0.00316706519670104,12.544,12.466999999999999,12.390166666666666,0.10148193087718826
2016-07-06,600900.SH,12.64,13.04,12.6,13.0,12.65,0.35,2.77,434647.09,559828.179,0.027667984189723382,0.027292142288007554,12.66,12.4905,12.403666666666668,0.13827056360229448
2016-07-07,600900.SH,13.0,13.0,12.85,12.9,13.0,-0.1,-0.77,141898.67,183005.963,-0.007692307692307665,-0.007722046093910278,12.742,12.5095,12.415833333333332,0.14215184626971678
2016-07-08,600900.SH,12.9,12.96,12.84,12.92,12.9,0.02,0.16,108604.96,140105.691,0.0015503875968991832,0.0015491869868293187,12.815999999999999,12.5225,12.428333333333335,0.13751727065826766
2016-07-11,600900.SH,12.93,12.98,12.8,12.93,12.92,0.01,0.08,267573.77,344524.844,0.0007739938080495445,0.0007736944293103289,12.879999999999999,12.5425,12.440166666666666,0.13088665185395923
2016-07-12,600900.SH,12.9,13.01,12.78,12.98,12.93,0.05,0.39,278684.95,358370.39,0.003866976024748725,0.003859518492177903,12.946000000000002,12.571000000000002,12.452666666666666,0.12418176615603473
2016-07-13,600900.SH,12.95,13.13,12.93,13.04,12.98,0.06,0.46,280441.27,365844.312,0.0046224961479197635,0.004611845222562846,12.953999999999999,12.6005,12.465833333333332,0.12442232578987478
2016-07-14,600900.SH,13.06,13.19,13.0,13.17,13.04,0.13,1.0,158751.78,207895.285,0.009969325153374342,0.009919959256682888,13.008,12.6435,12.4795,0.11620236418242
2016-07-15,600900.SH,13.17,13.35,13.15,13.24,13.17,0.07,0.53,199562.78,264171.043,0.005315110098709219,0.005301034753672509,13.072,12.688500000000001,12.492333333333335,0.11633262786002309
2016-07-18,600900.SH,13.25,13.29,13.04,13.13,13.24,-0.11,-0.83,167274.67,219369.704,-0.008308157099697788,-0.008342862194157235,13.112,12.722,12.503333333333334,0.12115117013380869
2016-07-19,600900.SH,12.94,13.0,12.75,12.89,12.77,0.12,0.94,239953.0,308720.346,-0.018278750952018252,-0.018447871363608773,13.094,12.745000000000001,12.513,0.14135261517079384
2016-07-20,600900.SH,12.9,12.9,12.82,12.84,12.89,-0.05,-0.39,72590.4,93218.614,-0.0038789759503491394,-0.003886518689280936,13.054000000000002,12.764500000000002,12.521500000000001,0.1428146204566446
2016-07-21,600900.SH,12.78,12.89,12.75,12.82,12.84,-0.02,-0.16,181368.54,232567.046,-0.0015576323987538387,-0.0015588467692910788,12.984,12.7875,12.527666666666667,0.13955581242734758
2016-07-22,600900.SH,12.85,12.85,12.62,12.73,12.82,-0.09,-0.7,165223.7,210649.93,-0.0070202808112324044,-0.007045038923208785,12.882,12.8065,12.533,0.14283747361563523
2016-07-25,600900.SH,12.76,12.85,12.72,12.83,12.73,0.1,0.79,114639.14,146755.583,0.00785545954438338,0.007824766058229942,12.822,12.827000000000002,12.5385,0.14388019012847902
2016-07-26,600900.SH,12.84,12.91,12.8,12.91,12.83,0.08,0.62,199198.27,256350.151,0.00623538581449723,0.00621602623100603,12.826000000000002,12.852500000000001,12.545666666666667,0.14420696733367436
2016-07-27,600900.SH,12.92,13.13,12.83,13.12,12.91,0.21,1.63,463032.56,601495.474,0.016266460108443015,0.0161355786573918,12.882,12.8875,12.558833333333332,0.15273781562063732
2016-07-28,600900.SH,13.09,13.46,13.06,13.36,13.12,0.24,1.83,288237.8,384189.542,0.018292682926829285,0.0181273845925567,12.99,12.931000000000001,12.575333333333333,0.16218225167833855
2016-07-29,600900.SH,13.38,13.59,13.22,13.24,13.36,-0.12,-0.9,189133.46,253533.697,-0.008982035928143617,-0.00902261759963742,13.091999999999999,12.9655,12.590333333333335,0.16790574370534675
2016-08-01,600900.SH,13.2,13.44,13.19,13.39,13.24,0.15,1.13,194163.49,259745.0,0.011329305135951762,0.011265609194219086,13.203999999999999,13.004499999999998,12.607666666666667,0.17055338217841431
2016-08-02,600900.SH,13.39,13.43,13.17,13.29,13.39,-0.1,-0.75,155653.18,206361.571,-0.007468259895444418,-0.007496286977927234,13.280000000000001,13.0365,12.624666666666666,0.17459480750403125
2016-08-03,600900.SH,13.29,13.34,13.2,13.31,13.29,0.02,0.15,101320.57,134622.821,0.0015048908954102824,0.001503759681866502,13.318000000000001,13.052000000000001,12.642000000000001,0.14717574316874624
2016-08-04,600900.SH,13.31,13.33,13.19,13.24,13.31,-0.07,-0.53,116256.04,153780.758,-0.005259203606311047,-0.005273081898158115,13.294,13.068999999999999,12.658166666666665,0.14546508922459384
2016-08-05,600900.SH,13.24,13.32,13.19,13.25,13.24,0.01,0.08,69651.34,92416.673,0.0007552870090634656,0.0007550019233690852,13.296000000000001,13.0855,12.675,0.14547732186894957
2016-08-08,600900.SH,13.28,13.63,13.25,13.51,13.25,0.26,1.96,150545.94,202599.354,0.019622641509434047,0.019432599539876357,13.319999999999999,13.114500000000001,12.692166666666669,0.1592991687227822
2016-08-09,600900.SH,13.52,13.61,13.46,13.55,13.51,0.04,0.3,116832.64,158291.774,0.002960769800148144,0.0029563953536025232,13.372,13.143,12.7105,0.15920917708195412
2016-08-10,600900.SH,13.55,13.72,13.51,13.69,13.55,0.14,1.03,171043.91,233398.446,0.01033210332103307,0.010279091974647476,13.447999999999999,13.1755,12.7305,0.16163351695994155
2016-08-11,600900.SH,13.73,14.08,13.58,13.93,13.69,0.24,1.75,267441.6,371611.518,0.01753104455807164,0.017379148491356865,13.585999999999999,13.213500000000002,12.756166666666667,0.16836637423265063
2016-08-12,600900.SH,13.94,14.38,13.92,14.14,13.93,0.21,1.51,396485.56,563775.198,0.015075376884422065,0.01496287267671232,13.764,13.258500000000002,12.784833333333333,0.17373130294980682
2016-08-15,600900.SH,14.16,14.34,14.08,14.15,14.14,0.01,0.07,311052.39,441078.989,0.0007072135785006761,0.0007069636208199028,13.892000000000001,13.3095,12.815333333333333,0.16857809088446277
2016-08-16,600900.SH,14.16,14.18,13.65,13.73,14.15,-0.42,-2.97,725739.19,1003639.25,-0.029681978798586584,-0.03013140430936696,13.928,13.351499999999998,12.838,0.19166600123349958
2016-08-17,600900.SH,13.69,13.84,13.62,13.67,13.73,-0.06,-0.44,251907.09,345563.141,-0.004369992716678817,-0.0043795690440215,13.924000000000001,13.393,12.860833333333334,0.19191534723601725
2016-08-18,600900.SH,13.68,13.81,13.65,13.7,13.67,0.03,0.22,123786.3,169877.908,0.002194586686174116,0.002192182098221051,13.878,13.437000000000001,12.8835,0.191140564322281
2016-08-19,600900.SH,13.7,13.86,13.55,13.81,13.7,0.11,0.8,182236.42,250019.293,0.00802919708029215,0.007997134587121696,13.812000000000001,13.491,12.908999999999999,0.18769913116826795
2016-08-22,600900.SH,13.78,13.95,13.72,13.78,13.81,-0.03,-0.22,108620.92,150240.375,-0.0021723388848661207,-0.0021747018356883204,13.738,13.538499999999999,12.934000000000001,0.1884447025855879
2016-08-23,600900.SH,13.79,13.84,13.63,13.68,13.78,-0.1,-0.73,179861.37,246667.296,-0.007256894049346818,-0.007283353391108046,13.728,13.577000000000002,12.957333333333333,0.1920366790111632
2016-08-24,600900.SH,13.68,13.79,13.64,13.71,13.68,0.03,0.22,116257.1,159457.967,0.002192982456140413,0.0021905813798186818,13.736,13.6065,12.981333333333334,0.1854995370497161
2016-08-25,600900.SH,13.69,13.7,13.5,13.58,13.71,-0.13,-0.95,153035.93,207764.153,-0.009482129832239283,-0.009527371443672996,13.712,13.617500000000001,13.0,0.17978595875300082
2016-08-26,600900.SH,13.6,13.88,13.58,13.84,13.58,0.26,1.91,186339.71,256193.75,0.019145802650957222,0.01896482805897337,13.718,13.647499999999999,13.023166666666667,0.18690868332554195
2016-08-29,600900.SH,13.82,13.82,13.65,13.66,13.84,-0.18,-1.3,151472.64,207598.132,-0.013005780346820761,-0.013091096046879453,13.693999999999999,13.661000000000001,13.043333333333331,0.19120130572915042
2016-08-30,600900.SH,13.66,13.75,13.65,13.68,13.66,0.02,0.15,102967.53,140857.196,0.0014641288433381305,0.0014630580517603152,13.693999999999999,13.6805,13.061333333333334,0.18852243368413646
2016-08-31,600900.SH,13.68,13.84,13.63,13.79,13.68,0.11,0.8,128306.16,176275.686,0.008040935672514626,0.008008779610806047,13.709999999999999,13.7045,13.082333333333333,0.1899403390140167
2016-09-01,600900.SH,13.83,13.83,13.67,13.68,13.79,-0.11,-0.8,108680.83,148975.656,-0.00797679477882518,-0.008008779610805985,13.73,13.726499999999998,13.101666666666667,0.1915260763636476
2016-09-02,600900.SH,13.68,14.0,13.66,13.95,13.68,0.27,1.97,242233.8,334742.369,0.019736842105263053,0.01954459607297013,13.751999999999999,13.761499999999998,13.123166666666666,0.20185060074285055
2016-09-05,600900.SH,13.9,13.95,13.75,13.79,13.95,-0.16,-1.15,113568.48,156847.325,-0.011469534050179253,-0.011535816462164233,13.778,13.7755,13.144166666666669,0.19730592062072225
2016-09-06,600900.SH,13.79,13.8,13.69,13.74,13.79,-0.05,-0.36,122666.92,168501.931,-0.0036258158085568093,-0.0036324050110070464,13.789999999999997,13.785,13.166333333333334,0.19786638127464345
2016-09-07,600900.SH,13.73,13.75,13.6,13.63,13.74,-0.11,-0.8,165919.77,226534.64,-0.008005822416302766,-0.008038041085762036,13.758000000000001,13.782,13.186000000000002,0.19681737197284901
2016-09-08,600900.SH,13.6,13.63,13.57,13.6,13.63,-0.03,-0.22,107572.05,146317.036,-0.0022010271460015662,-0.0022034529664350204,13.741999999999999,13.765499999999998,13.2075,0.18544597018400696
2016-09-09,600900.SH,13.6,13.65,13.52,13.55,13.6,-0.05,-0.37,193441.21,263171.355,-0.00367647058823517,-0.0036832454162962934,13.662,13.735999999999999,13.227666666666668,0.1753807664974864
2016-09-12,600900.SH,13.47,13.75,13.26,13.73,13.55,0.18,1.33,383392.93,516656.942,0.013284132841328455,0.013196672454169816,13.65,13.715,13.248833333333334,0.183516251422575
2016-09-13,600900.SH,13.62,13.64,13.42,13.53,13.73,-0.2,-1.46,166341.66,224441.946,-0.014566642388929463,-0.014673777597183123,13.607999999999999,13.704999999999998,13.267166666666666,0.15885200912629605
2016-09-14,600900.SH,13.47,13.55,13.38,13.42,13.53,-0.11,-0.81,129082.36,173184.356,-0.008130081300812941,-0.00816331063916087,13.565999999999999,13.692499999999999,13.283333333333333,0.1605601009102147
2016-09-19,600900.SH,13.41,13.48,13.35,13.43,13.42,0.01,0.07,133891.5,179570.356,0.0007451564828613311,0.0007448789916104024,13.532,13.678999999999998,13.301166666666667,0.16027487059389062
2016-09-20,600900.SH,13.42,13.42,13.33,13.39,13.43,-0.04,-0.3,128160.49,171360.242,-0.0029784065524943726,-0.0029828508320650245,13.5,13.657999999999998,13.3185,0.15682447534255214
2016-09-21,600900.SH,13.39,13.42,13.34,13.39,13.39,0.0,0.0,83623.5,112012.274,0.0,0.0,13.431999999999999,13.638500000000002,13.334666666666667,0.15688994195083117
2016-09-22,600900.SH,13.43,13.52,13.39,13.43,13.39,0.04,0.3,166101.82,222992.217,0.0029873039581775895,0.002982850832064913,13.412,13.626,13.351833333333333,0.15601922517468883
2016-09-23,600900.SH,13.41,13.48,13.35,13.36,13.43,-0.07,-0.52,87301.09,116857.835,-0.005212211466865235,-0.005225842426646547,13.4,13.608500000000001,13.3675,0.15630125913701312
2016-09-26,600900.SH,13.35,13.44,13.35,13.37,13.36,0.01,0.07,126552.05,169604.223,0.0007485029940119681,0.0007482230053521344,13.388,13.597999999999999,13.382166666666667,0.15334220293370635
2016-09-27,600900.SH,13.35,13.41,13.21,13.29,13.37,-0.08,-0.6,151196.89,200813.165,-0.005983545250560995,-0.006001518388697886,13.368,13.570500000000001,13.394499999999999,0.13497535729965088
2016-09-28,600900.SH,13.3,13.32,13.22,13.24,13.29,-0.05,-0.38,108151.92,143467.629,-0.003762227238525151,-0.0037693222162917535,13.338,13.5495,13.405,0.12881847544318917
2016-09-29,600900.SH,13.27,13.31,13.2,13.27,13.24,0.03,0.23,122696.44,162821.79,0.0022658610271901747,0.0022632978352538323,13.306000000000001,13.529,13.415333333333335,0.1290966890529731
2016-09-30,600900.SH,13.28,13.34,13.27,13.3,13.27,0.03,0.23,73081.39,97218.147,0.0022607385079127518,0.0022581868835921063,13.294,13.504500000000002,13.420333333333334,0.12500292491554707
2016-10-10,600900.SH,13.36,13.4,13.28,13.35,13.3,0.05,0.38,153527.18,204527.118,0.003759398496240518,0.003752349618550372,13.290000000000001,13.488,13.427833333333334,0.12422333680385687
2016-10-11,600900.SH,13.31,13.54,13.29,13.48,13.35,0.13,0.97,172140.16,231111.95,0.009737827715355918,0.00969072063790255,13.328,13.464499999999997,13.437166666666666,0.10554761807685237
2016-10-12,600900.SH,13.47,13.57,13.42,13.54,13.48,0.06,0.45,99792.0,134668.281,0.004451038575667532,0.004441161999967836,13.388,13.452000000000002,13.447333333333335,0.10101683682662295
2016-10-13,600900.SH,13.51,13.57,13.49,13.52,13.54,-0.02,-0.15,121358.03,164092.344,-0.001477104874446078,-0.0014781968693108945,13.437999999999999,13.440999999999999,13.456333333333333,0.10053323911695511
2016-10-14,600900.SH,13.53,13.64,13.51,13.61,13.52,0.09,0.67,112945.45,153344.959,0.006656804733727872,0.006634746048556733,13.5,13.440000000000001,13.465833333333334,0.10004186673043376
2016-10-17,600900.SH,13.63,13.68,13.48,13.51,13.61,-0.1,-0.73,101620.22,137873.336,-0.0073475385745774835,-0.007374664691267182,13.532,13.4355,13.471499999999999,0.10312681065847855
2016-10-18,600900.SH,13.47,13.58,13.44,13.56,13.51,0.05,0.37,136735.52,184660.086,0.0037009622501851247,0.003694130540142098,13.547999999999998,13.435999999999998,13.476833333333332,0.10325925879616259
2016-10-19,600900.SH,13.56,13.62,13.45,13.49,13.56,-0.07,-0.52,134386.63,181929.136,-0.005162241887905594,-0.005175612292584987,13.538,13.424000000000001,13.482833333333332,0.09207406728561292
2016-10-20,600900.SH,13.49,13.53,13.34,13.38,13.49,-0.11,-0.82,115278.49,154827.982,-0.008154188287620379,-0.008187615519582041,13.510000000000002,13.4165,13.490999999999998,0.08164044464837623
2016-10-21,600900.SH,13.39,13.44,13.33,13.4,13.38,0.02,0.15,75238.42,100687.215,0.001494768310911887,0.001493652256783372,13.468,13.4155,13.500333333333334,0.07678384997013686
2016-10-24,600900.SH,13.4,13.53,13.33,13.37,13.4,-0.03,-0.22,242508.38,325164.673,-0.00223880597014936,-0.0022413158430139818,13.440000000000001,13.4125,13.509500000000001,0.07709699060681725
2016-10-25,600900.SH,13.37,13.46,13.32,13.41,13.37,0.04,0.3,201557.85,269948.77,0.0029917726252806087,0.0029873061797354755,13.41,13.413499999999999,13.520833333333334,0.0771689353600282
2016-10-26,600900.SH,13.42,13.42,13.33,13.34,13.41,-0.07,-0.52,85011.44,113570.361,-0.00521998508575694,-0.005233656806109538,13.38,13.411000000000001,13.529333333333334,0.07943714907385974
2016-10-27,600900.SH,13.37,13.39,13.27,13.28,13.34,-0.06,-0.45,130854.12,174155.507,-0.004497751124437843,-0.004507896439189928,13.36,13.4035,13.5355,0.07992672884715134
2016-10-28,600900.SH,13.29,13.41,13.25,13.34,13.28,0.06,0.45,156482.58,208857.056,0.004518072289156683,0.004507896439189922,13.347999999999999,13.4025,13.539166666666667,0.079860612833897
2016-10-31,600900.SH,13.34,13.47,13.34,13.45,13.34,0.11,0.82,182102.6,244555.813,0.008245877061469287,0.008212065560370475,13.363999999999999,13.4065,13.540666666666665,0.08513129663481259
2016-11-01,600900.SH,13.41,13.47,13.39,13.45,13.45,0.0,0.0,86959.76,116800.454,0.0,0.0,13.372,13.4145,13.544166666666666,0.08184874716477865
2016-11-02,600900.SH,13.44,13.46,13.27,13.3,13.45,-0.15,-1.12,134338.07,179149.479,-0.011152416356877248,-0.011215070820139957,13.363999999999999,13.4175,13.542666666666666,0.09080033370052376
2016-11-03,600900.SH,13.3,13.36,13.28,13.32,13.3,0.02,0.15,104705.81,139508.268,0.0015037593984961184,0.001502629884534875,13.372,13.419999999999998,13.543166666666668,0.09061510809792643
2016-11-04,600900.SH,13.31,13.35,13.22,13.24,13.32,-0.08,-0.6,138297.25,183572.259,-0.006006006006005982,-0.006024114603380902,13.351999999999999,13.417000000000002,13.542,0.09284964562733501
2016-11-07,600900.SH,13.25,13.28,13.13,13.14,13.24,-0.1,-0.76,168622.07,222257.239,-0.007552870090634434,-0.007581537452397691,13.290000000000001,13.4065,13.540333333333335,0.09509154169058567
2016-11-08,600900.SH,13.18,13.22,13.07,13.13,13.14,-0.01,-0.08,236659.4,310907.844,-0.0007610350076103778,-0.0007613247417596621,13.225999999999999,13.389,13.538333333333334,0.08662191766310146
2016-11-09,600900.SH,13.13,13.14,13.03,13.11,13.13,-0.02,-0.15,203367.86,265972.785,-0.0015232292460016783,-0.0015243905390965001,13.187999999999999,13.367500000000001,13.531666666666666,0.08391437319819521
2016-11-10,600900.SH,13.13,13.23,13.11,13.14,13.11,0.03,0.23,239433.6,315465.412,0.0022883295194509046,0.0022857152808560825,13.152000000000001,13.348499999999998,13.524833333333333,0.0850438246831751
2016-11-11,600900.SH,13.14,13.2,13.07,13.12,13.14,-0.02,-0.15,246025.15,322727.769,-0.0015220700152207556,-0.0015232295405215258,13.128,13.324000000000002,13.515333333333334,0.07952992462864648
2016-11-14,600900.SH,13.13,13.16,13.02,13.03,13.12,-0.09,-0.69,309200.42,403960.428,-0.006859756097560954,-0.006883392379189212,13.106,13.3,13.500333333333334,0.07909792750568194
2016-11-15,600900.SH,13.05,13.11,13.0,13.04,13.03,0.01,0.08,220183.29,287009.456,0.0007674597083653367,0.0007671653617531704,13.088,13.273999999999997,13.482,0.07705333055523272
2016-11-16,600900.SH,13.04,13.09,13.02,13.07,13.04,0.03,0.23,140654.73,183671.299,0.0023006134969325576,0.0022979711376237273,13.079999999999998,13.253,13.464,0.07746922110668818
2016-11-17,600900.SH,13.08,13.08,13.03,13.08,13.07,0.01,0.08,131302.87,171385.963,0.0007651109410864443,0.0007648183929220497,13.068000000000001,13.238,13.453166666666668,0.07379565788792504
2016-11-18,600900.SH,13.08,13.08,13.02,13.03,13.08,-0.05,-0.38,110757.02,144507.701,-0.003822629969419067,-0.003829954892299,13.05,13.2195,13.4425,0.07370776631563034
2016-11-21,600900.SH,13.03,13.14,13.02,13.09,13.03,0.06,0.46,246330.15,322186.972,0.004604758250191798,0.004594188785054745,13.062000000000001,13.2055,13.432333333333332,0.07660703917303896
2016-11-22,600900.SH,13.09,13.14,13.04,13.08,13.09,-0.01,-0.08,249521.0,326489.895,-0.0007639419404125158,-0.000764233892755906,13.069999999999999,13.188999999999998,13.420166666666665,0.07512684237105344
2016-11-23,600900.SH,13.08,13.11,13.03,13.07,13.08,-0.01,-0.08,297298.33,388669.299,-0.000764525993883769,-0.0007648183929220399,13.069999999999999,13.1755,13.408333333333333,0.07364184126861872
2016-11-24,600900.SH,13.08,13.26,13.06,13.18,13.07,0.11,0.84,469748.06,618137.103,0.008416220351950887,0.008381001438230437,13.09,13.170499999999999,13.4,0.0795626744623766
2016-11-25,600900.SH,13.22,13.49,13.21,13.34,13.18,0.16,1.21,386329.94,515835.726,0.012139605462822445,0.012066511413116486,13.151999999999997,13.170499999999999,13.393833333333333,0.0897191528525214
2016-11-28,600900.SH,13.39,13.43,13.25,13.29,13.34,-0.05,-0.37,400315.42,533616.762,-0.0037481259370315545,-0.0037551677623237686,13.192000000000002,13.1625,13.389,0.08510849739358006
2016-11-29,600900.SH,13.25,13.59,13.24,13.47,13.29,0.18,1.35,650008.69,873558.998,0.013544018058690765,0.013453117697118676,13.270000000000001,13.163499999999999,13.382833333333334,0.09881707423416826
2016-11-30,600900.SH,13.45,13.55,13.29,13.34,13.47,-0.13,-0.97,341459.75,456186.041,-0.00965107646622132,-0.009697949934795046,13.323999999999998,13.1655,13.3775,0.09667150225310836
2016-12-01,600900.SH,13.34,13.39,13.18,13.31,13.34,-0.03,-0.22,435147.6,577700.136,-0.002248875562218866,-0.0022514080804573707,13.35,13.165000000000001,13.371333333333332,0.09690109819663814
2016-12-02,600900.SH,13.32,13.41,13.22,13.34,13.31,0.03,0.23,349370.2,464995.136,0.002253944402704766,0.002251408080457428,13.35,13.169999999999998,13.363833333333334,0.09454040670795567
2016-12-05,600900.SH,13.22,13.35,13.17,13.3,13.34,-0.04,-0.3,417873.3,554215.488,-0.0029985007496251548,-0.0030030052597695457,13.352,13.178,13.357499999999998,0.09077050161030932
2016-12-06,600900.SH,13.25,13.29,13.17,13.21,13.3,-0.09,-0.68,245570.02,324498.318,-0.006766917293233088,-0.006789916693474136,13.3,13.181999999999999,13.345166666666668,0.09441356735958813
2016-12-07,600900.SH,13.2,13.22,13.05,13.15,13.21,-0.06,-0.45,296201.69,388515.904,-0.004542013626040897,-0.0045523599104604125,13.262,13.184000000000001,13.334499999999998,0.09579346855962122
2016-12-08,600900.SH,13.17,13.18,13.06,13.07,13.15,-0.08,-0.61,209713.34,274708.543,-0.006083650190114032,-0.006102230987642941,13.213999999999999,13.1805,13.323333333333332,0.09792342052110975
2016-12-09,600900.SH,13.08,13.17,13.06,13.15,13.07,0.08,0.61,262071.15,343648.799,0.006120887528691776,0.006102230987643093,13.175999999999998,13.181999999999999,13.315333333333333,0.10033406580840397
2016-12-12,600900.SH,13.15,13.15,13.0,13.08,13.15,-0.07,-0.53,427758.11,559014.521,-0.005323193916349833,-0.005337412594720939,13.132000000000001,13.1845,13.306666666666668,0.0990537645380059
2016-12-13,600900.SH,13.01,13.06,12.98,12.99,13.08,-0.09,-0.69,260602.58,339217.944,-0.006880733944954143,-0.006904515346544487,13.088,13.181999999999999,13.297333333333333,0.10215467974906872
2016-12-14,600900.SH,12.97,13.02,12.92,12.93,12.99,-0.06,-0.46,257397.27,333564.144,-0.004618937644341847,-0.004629637898742105,13.044,13.175,13.283999999999999,0.10288312504229549
2016-12-15,600900.SH,12.91,12.94,12.8,12.88,12.93,-0.05,-0.39,442693.2,569500.842,-0.003866976024748614,-0.0038744721075585223,13.006,13.165000000000001,13.273166666666667,0.10342907978209531
2016-12-16,600900.SH,12.93,13.04,12.83,12.94,12.88,0.06,0.47,729513.55,946321.849,0.004658385093167627,0.0046475683965468756,12.963999999999999,13.160499999999999,13.265166666666666,0.10446348727336442
2016-12-19,600900.SH,12.95,12.96,12.85,12.88,12.94,-0.06,-0.46,160118.52,206743.83,-0.004636785162287382,-0.004647568396546851,12.924000000000001,13.15,13.256,0.10382675639635562
2016-12-20,600900.SH,12.88,12.92,12.64,12.73,12.88,-0.15,-1.16,263653.8,336161.522,-0.01164596273291929,-0.01171430810689244,12.872,13.132499999999999,13.245,0.11074793480666267
2016-12-21,600900.SH,12.71,12.89,12.7,12.89,12.73,0.16,1.26,312227.62,400854.977,0.01256873527101332,0.012490404381780834,12.864,13.123500000000002,13.236666666666666,0.12126765109820672
2016-12-22,600900.SH,12.88,12.96,12.78,12.8,12.89,-0.09,-0.7,224337.24,288634.064,-0.006982156710628407,-0.00700664602552455,12.847999999999999,13.104500000000002,13.226166666666668,0.11825350217013215
2016-12-23,600900.SH,12.81,12.88,12.65,12.78,12.8,-0.02,-0.16,212504.53,270937.285,-0.0015625000000001332,-0.00156372197618287,12.815999999999999,13.0765,13.2165,0.10684309839744591
2016-12-26,600900.SH,12.72,12.75,12.65,12.66,12.78,-0.12,-0.94,282590.72,358216.842,-0.009389671361502261,-0.009434032233358529,12.772,13.045000000000002,13.204666666666666,0.10981820579492674
2016-12-27,600900.SH,12.69,12.7,12.53,12.56,12.66,-0.1,-0.79,462453.79,582595.409,-0.007898894154818259,-0.007930255675977443,12.738000000000001,12.999500000000001,13.1925,0.0937178751222302
2016-12-28,600900.SH,12.58,12.58,12.4,12.45,12.56,-0.11,-0.88,276398.0,344557.119,-0.008757961783439572,-0.008796538129336078,12.65,12.955000000000002,13.179333333333334,0.09298799287490185
2016-12-29,600900.SH,12.45,12.71,12.44,12.58,12.45,0.13,1.04,313512.06,394200.166,0.010441767068273267,0.010387628361578017,12.606,12.9185,13.167833333333332,0.10523148827777339
2016-12-30,600900.SH,12.62,12.71,12.6,12.66,12.58,0.08,0.64,246911.66,312349.16,0.006359300476947549,0.006339165443735676,12.581999999999999,12.8845,13.157166666666665,0.108792997999289
2017-01-03,600900.SH,12.68,12.72,12.59,12.61,12.66,-0.05,-0.39,291231.3,368218.819,-0.003949447077409185,-0.003957266739201961,12.572,12.85,13.144833333333333,0.10889264329369212
2017-01-04,600900.SH,12.64,12.72,12.6,12.7,12.61,0.09,0.71,282017.84,357081.132,0.007137192704202988,0.007111843487717374,12.6,12.8245,13.131833333333333,0.11300701795130409
2017-01-05,600900.SH,12.7,12.77,12.67,12.7,12.7,0.0,0.0,211879.28,269342.016,0.0,0.0,12.65,12.802000000000001,13.117833333333332,0.11277119110883274
2017-01-06,600900.SH,12.73,12.84,12.68,12.71,12.7,0.01,0.08,270108.13,344331.536,0.0007874015748032814,0.0007870917368172245,12.676,12.784,13.104333333333333,0.11187517556468268
2017-01-09,600900.SH,12.7,12.76,12.69,12.73,12.71,0.02,0.16,201546.9,256400.417,0.0015735641227379027,0.0015723273679523711,12.690000000000001,12.763,13.089666666666666,0.10896229722590828
2017-01-10,600900.SH,12.77,12.78,12.7,12.72,12.73,-0.01,-0.08,150338.75,191293.737,-0.0007855459544383603,-0.0007858546573390916,12.712,12.745000000000001,13.076500000000001,0.10809250838261909
2017-01-11,600900.SH,12.73,12.75,12.68,12.7,12.72,-0.02,-0.16,217811.84,276754.945,-0.0015723270440252124,-0.001573564447430552,12.712,12.730500000000001,13.062166666666664,0.10612923521277469
2017-01-12,600900.SH,12.69,12.72,12.64,12.66,12.7,-0.04,-0.32,168206.0,213402.735,-0.0031496062992125706,-0.0031545767485154324,12.704,12.717,13.048333333333336,0.10561125718004748
2017-01-13,600900.SH,12.66,12.79,12.66,12.78,12.66,0.12,0.95,177383.86,225739.461,0.009478672985781866,0.009434032233358494,12.718,12.712,13.038333333333334,0.11133203744776209
2017-01-16,600900.SH,12.73,13.04,12.7,12.94,12.78,0.16,1.25,697402.63,901127.583,0.012519561815336422,0.01244184012336572,12.76,12.712,13.030666666666665,0.11925294441711325
2017-01-17,600900.SH,12.93,13.04,12.87,12.93,12.94,-0.01,-0.08,175063.66,226633.4,-0.0007727975270478415,-0.000773096288988323,12.801999999999998,12.7145,13.023333333333333,0.11803129263940224
2017-01-18,600900.SH,12.96,12.99,12.91,12.93,12.93,0.0,0.0,153384.79,198545.788,0.0,0.0,12.847999999999999,12.7245,13.015333333333333,0.10942864560649901
2017-01-19,600900.SH,12.91,13.03,12.89,12.94,12.93,0.01,0.08,165817.47,215032.554,0.0007733952049497894,0.0007730962889884549,12.904,12.727,13.008666666666667,0.10023019654868065
2017-01-20,600900.SH,12.92,13.01,12.92,12.96,12.94,0.02,0.15,106993.51,138844.065,0.0015455950540959051,0.0015444018513742074,12.939999999999998,12.735,13.003333333333332,0.09661725986209588
2017-01-23,600900.SH,13.01,13.08,12.97,13.01,12.96,0.05,0.39,179521.15,233712.481,0.0038580246913579863,0.0038506016002852334,12.953999999999999,12.746500000000001,12.997833333333334,0.09689468333631698
2017-01-24,600900.SH,13.02,13.08,12.99,13.06,13.01,0.05,0.38,102409.89,133459.026,0.003843197540353671,0.0038358313238711925,12.98,12.7665,12.991333333333333,0.08932860086495059
2017-01-25,600900.SH,13.05,13.07,12.97,13.05,13.06,-0.01,-0.08,123132.58,160372.146,-0.0007656967840734552,-0.0007659900795825345,13.004,12.791,12.984666666666666,0.0826362169546147
2017-01-26,600900.SH,13.05,13.06,13.0,13.03,13.05,-0.02,-0.15,85245.9,111049.524,-0.0015325670498085309,-0.0015337426319487688,13.022,12.820000000000002,12.980166666666667,0.07374549743511524
2017-02-03,600900.SH,13.05,13.07,12.9,12.91,13.03,-0.12,-0.92,93138.97,120548.69,-0.009209516500383708,-0.009252186278202595,13.012,12.836500000000001,12.973333333333333,0.07781122600684814
2017-02-06,600900.SH,12.94,13.02,12.9,12.97,12.91,0.06,0.46,99328.15,128888.142,0.004647560030983877,0.004636793469801525,13.004000000000001,12.852,12.968833333333333,0.07656432824581075
2017-02-07,600900.SH,12.98,13.02,12.94,12.98,12.97,0.01,0.08,81160.45,105404.574,0.0007710100231301809,0.0007707129475913023,12.988,12.870499999999998,12.966166666666668,0.07413091412028554
2017-02-08,600900.SH,13.0,13.12,12.98,13.1,12.98,0.12,0.92,193067.76,251894.601,0.009244992295839749,0.00920251893116192,12.998000000000001,12.8905,12.965666666666666,0.07660903261385689
2017-02-09,600900.SH,13.1,13.1,13.04,13.06,13.1,-0.04,-0.31,119355.61,155863.88,-0.003053435114503733,-0.0030581063588207735,13.004000000000001,12.9085,12.964833333333333,0.07818565288781482
2017-02-10,600900.SH,13.08,13.15,13.05,13.12,13.06,0.06,0.46,136763.08,179255.262,0.004594180704440953,0.004583659667657893,13.046000000000001,12.928999999999998,12.9645,0.07894753129633088
2017-02-13,600900.SH,13.13,13.16,13.07,13.15,13.12,0.03,0.23,193768.81,254185.038,0.0022865853658537993,0.0022839751078307154,13.081999999999999,12.95,12.965,0.07898487647513175
2017-02-14,600900.SH,13.14,13.18,13.11,13.14,13.15,-0.01,-0.08,99022.99,130225.977,-0.0007604562737641984,-0.0007607455673090442,13.113999999999999,12.970999999999998,12.966833333333334,0.07897472363202991
2017-02-15,600900.SH,13.16,13.22,13.09,13.18,13.14,0.04,0.3,164904.45,217185.066,0.003044140030441289,0.0030395160178965965,13.13,12.995,12.969166666666668,0.07818240785401637
2017-02-16,600900.SH,13.17,13.21,13.11,13.17,13.18,-0.01,-0.08,148912.44,195872.954,-0.0007587253414264028,-0.0007590133191714863,13.152000000000001,13.020500000000002,12.970833333333333,0.07659166070322311
2017-02-17,600900.SH,13.17,13.2,13.1,13.12,13.17,-0.05,-0.38,106290.49,139779.024,-0.0037965072133637756,-0.003803732239246761,13.152000000000001,13.0375,12.971499999999999,0.07381664689278612
2017-02-20,600900.SH,13.12,13.28,13.11,13.27,13.12,0.15,1.14,184084.54,243284.579,0.01143292682926833,0.011368064828173196,13.175999999999998,13.053999999999998,12.9755,0.07170123723505063
2017-02-21,600900.SH,13.27,13.29,13.2,13.23,13.27,-0.04,-0.3,128475.12,170079.741,-0.0030143180105500766,-0.0030188702172517885,13.193999999999999,13.068999999999999,12.977833333333335,0.07297817650290263
2017-02-22,600900.SH,13.25,13.25,13.11,13.19,13.23,-0.04,-0.3,170067.19,223971.196,-0.003023431594860182,-0.0030280113976411016,13.196000000000002,13.081999999999999,12.979666666666667,0.0743896916121853
2017-02-23,600900.SH,13.18,13.21,13.09,13.18,13.19,-0.01,-0.08,174605.0,229813.216,-0.0007581501137224889,-0.0007584376548620417,13.197999999999999,13.094,12.9815,0.0746514913229275
2017-02-24,600900.SH,13.16,13.19,13.06,13.14,13.18,-0.04,-0.3,152018.5,199408.279,-0.0030349013657055,-0.0030395160178965925,13.201999999999998,13.103,12.980833333333333,0.07591034269089558
2017-02-27,600900.SH,13.12,13.14,12.97,13.01,13.14,-0.13,-0.99,259409.84,338341.457,-0.009893455098934578,-0.009942720532050574,13.15,13.103,12.975333333333333,0.08362643401333267
2017-02-28,600900.SH,13.04,13.06,12.91,12.97,13.01,-0.04,-0.31,259343.54,336800.697,-0.003074558032282848,-0.0030792941960613813,13.097999999999999,13.098499999999998,12.97,0.0830273339414387
2017-03-01,600900.SH,12.96,13.06,12.96,13.0,12.97,0.03,0.23,153988.49,200652.543,0.0023130300693907646,0.002310359133184085,13.059999999999999,13.096,12.962166666666667,0.08353207572649371
2017-03-02,600900.SH,13.04,13.08,12.98,13.0,13.0,0.0,0.0,135525.82,176756.826,0.0,0.0,13.024000000000001,13.0945,12.9565,0.08337965025726089
2017-03-03,600900.SH,13.04,13.04,12.96,13.02,13.0,0.02,0.15,121347.12,157653.46,0.0015384615384614886,0.0015372793188863979,13.0,13.1,12.951666666666666,0.07623094722275148
2017-03-06,600900.SH,13.04,13.06,12.96,12.98,13.02,-0.04,-0.31,195287.26,253871.499,-0.003072196620583667,-0.0030769255044791975,12.994,13.1005,12.945666666666666,0.07549480994844303
2017-03-07,600900.SH,12.97,13.02,12.94,12.96,12.98,-0.02,-0.15,177622.91,230474.7,-0.0015408320493065508,-0.0015420203518152259,12.992,13.0995,12.94,0.07564752057210483
2017-03-08,600900.SH,12.95,13.01,12.95,12.97,12.96,0.01,0.08,110908.5,143954.522,0.0007716049382715529,0.0007713074042238268,12.986,13.093,12.936,0.06733736222395204
2017-03-09,600900.SH,12.95,13.0,12.87,12.99,12.97,0.02,0.15,188684.85,244053.879,0.0015420200462605838,0.0015408323541556384,12.984,13.089500000000001,12.933333333333334,0.06699198454009411
2017-03-10,600900.SH,12.95,12.99,12.88,12.9,12.99,-0.09,-0.69,159440.17,206074.223,-0.006928406466512715,-0.0069525193148817525,12.959999999999999,13.0785,12.930499999999999,0.06838910112988739
2017-03-13,600900.SH,12.95,13.05,12.91,13.02,12.9,0.12,0.93,160446.09,208548.23,0.009302325581395321,0.009259325412796726,12.968,13.072,12.928333333333335,0.07667094711773607
2017-03-14,600900.SH,13.04,13.1,12.99,13.08,13.02,0.06,0.46,160117.96,208952.612,0.004608294930875667,0.004597709248629549,12.992,13.068999999999999,12.928333333333333,0.0787557164658792
2017-03-15,600900.SH,13.12,13.31,13.1,13.17,13.08,0.09,0.69,459240.92,606350.34,0.006880733944954143,0.006857169726137045,13.032,13.0685,12.931333333333335,0.08197456994887603
2017-03-16,600900.SH,13.13,13.23,13.12,13.17,13.17,0.0,0.0,221346.57,291499.369,0.0,0.0,13.068000000000001,13.0685,12.935333333333334,0.08192876488001058
2017-03-17,600900.SH,13.17,13.2,13.07,13.15,13.17,-0.02,-0.15,219587.4,288653.162,-0.0015186028853454436,-0.001519757131416077,13.118,13.069999999999999,12.939833333333333,0.08091685244353859
2017-03-20,600900.SH,13.25,13.3,13.15,13.18,13.15,0.03,0.23,239843.4,316463.305,0.0022813688212928174,0.0022787704505876447,13.15,13.0655,12.943833333333336,0.06970000588202203
2017-03-21,600900.SH,13.17,13.24,13.15,13.21,13.18,0.03,0.23,209279.89,276276.21,0.0022761760242793194,0.0022735894598728983,13.175999999999998,13.0645,12.949333333333332,0.0695283668682581
2017-03-22,600900.SH,13.16,13.23,13.13,13.17,13.21,-0.04,-0.3,173195.86,228049.876,-0.003028009084027339,-0.0030326027790443643,13.175999999999998,13.0635,12.956666666666669,0.06953095068002393
2017-03-23,600900.SH,13.2,13.36,13.17,13.26,13.17,0.09,0.68,291574.19,387692.067,0.006833712984054552,0.006810469002526659,13.193999999999999,13.0675,12.962833333333334,0.07363107694660527
2017-03-24,600900.SH,13.26,13.43,13.24,13.42,13.26,0.16,1.21,229703.3,306935.842,0.012066365007541435,0.011994146785819242,13.248,13.0815,12.973166666666666,0.08339006293348365
2017-03-27,600900.SH,13.42,13.47,13.31,13.34,13.42,-0.08,-0.6,262654.56,351505.659,-0.005961251862891204,-0.005979091056058071,13.280000000000001,13.097999999999999,12.9825,0.07749439874732389
2017-03-28,600900.SH,13.37,13.37,13.23,13.27,13.34,-0.07,-0.52,202251.52,268682.464,-0.005247376311844132,-0.005261192143361572,13.291999999999998,13.113,12.992666666666668,0.0794667136085366
2017-03-29,600900.SH,13.27,13.35,13.22,13.27,13.27,0.0,0.0,148578.29,197095.823,0.0,0.0,13.312000000000001,13.126499999999998,13.0045,0.07944413814461257
2017-03-30,600900.SH,13.25,13.29,13.14,13.25,13.27,-0.02,-0.15,270673.79,357796.455,-0.0015071590052749828,-0.0015082959118848521,13.309999999999999,13.139,13.017833333333334,0.07988478994779064
2017-03-31,600900.SH,13.23,13.32,13.22,13.27,13.25,0.02,0.15,135494.19,179647.399,0.0015094339622641062,0.0015082959118848814,13.279999999999998,13.151500000000002,13.029333333333334,0.07988209194046181
2017-04-05,600900.SH,13.3,13.36,13.27,13.31,13.27,0.04,0.3,204282.91,272213.394,0.0030143180105501877,0.003009784062904197,13.274000000000001,13.168000000000001,13.040166666666668,0.07871698604433067
2017-04-06,600900.SH,13.34,13.35,13.25,13.26,13.31,-0.05,-0.38,183276.38,243603.807,-0.0037565740045079066,-0.003763647649303833,13.272,13.183000000000002,13.051,0.08014548426248495
2017-04-07,600900.SH,13.26,13.32,13.21,13.27,13.26,0.01,0.08,156287.84,207439.931,0.0007541478129713397,0.0007538635863996896,13.272,13.197999999999999,13.0605,0.08014662145046557
2017-04-10,600900.SH,13.28,13.36,13.23,13.3,13.27,0.03,0.23,175846.43,233850.035,0.0022607385079127518,0.0022581868835921063,13.282,13.2135,13.070500000000001,0.08023308261445908
2017-04-11,600900.SH,13.32,13.34,13.19,13.29,13.3,-0.01,-0.08,230757.23,306105.858,-0.0007518796992482812,-0.0007521625025542808,13.285999999999998,13.233,13.080166666666667,0.07475010130887967
2017-04-12,600900.SH,13.27,13.56,13.24,13.55,13.29,0.26,1.96,360955.61,485467.844,0.01956358164033123,0.019374674600556096,13.334,13.2595,13.093833333333333,0.09506727586197146
2017-04-13,600900.SH,13.5,13.65,13.46,13.57,13.55,0.02,0.15,207419.65,281361.1,0.0014760147601475815,0.0014749265210678467,13.396,13.284,13.108,0.0945824781322575
2017-04-14,600900.SH,13.56,13.62,13.42,13.55,13.57,-0.02,-0.15,239129.57,323407.724,-0.0014738393515106862,-0.0014749265210678676,13.452000000000002,13.303,13.122166666666667,0.09333828134210395
2017-04-17,600900.SH,13.5,13.55,13.37,13.52,13.55,-0.03,-0.22,207323.76,278724.428,-0.0022140221402214832,-0.0022164767108919558,13.496,13.320500000000001,13.1365,0.09411877427205474
2017-04-18,600900.SH,13.48,13.53,13.45,13.46,13.52,-0.06,-0.44,111390.11,150246.245,-0.004437869822485063,-0.004447746398236142,13.530000000000001,13.335999999999999,13.147833333333333,0.09584478216609815
2017-04-19,600900.SH,13.45,13.59,13.41,13.47,13.46,0.01,0.07,242260.68,327377.307,0.0007429420505200568,0.000742666205690868,13.514000000000001,13.3505,13.156666666666668,0.09576646576463616
2017-04-20,600900.SH,13.5,13.75,13.46,13.66,13.47,0.19,1.41,233118.18,317795.042,0.01410541945063093,0.014006863720371287,13.532,13.373000000000001,13.168833333333334,0.10630870305607952
2017-04-21,600900.SH,13.61,13.82,13.6,13.81,13.66,0.15,1.1,353416.2,484032.188,0.010980966325036645,0.010921113278556787,13.584,13.405000000000001,13.1835,0.10962801764707289
2017-04-24,600900.SH,13.74,13.84,13.54,13.81,13.81,0.0,0.0,574522.45,788086.397,0.0,0.0,13.642000000000001,13.4325,13.198,0.108639865994903
2017-04-25,600900.SH,13.74,13.78,13.6,13.69,13.81,-0.12,-0.87,205989.62,282292.582,-0.00868935553946426,-0.008727328120843335,13.687999999999999,13.446000000000002,13.210166666666668,0.10825605704404795
2017-04-26,600900.SH,13.68,14.06,13.63,13.92,13.69,0.23,1.68,373481.46,518903.778,0.016800584368152016,0.01666101560591615,13.778,13.475,13.225333333333333,0.11846186786708465
2017-04-27,600900.SH,13.86,13.99,13.81,13.89,13.92,-0.03,-0.22,164515.34,228471.28,-0.0021551724137930384,-0.0021574981400211257,13.824000000000002,13.506,13.239166666666668,0.11638896115011146
2017-04-28,600900.SH,13.88,13.91,13.78,13.89,13.89,0.0,0.0,120118.67,166521.83,0.0,0.0,13.84,13.537,13.253166666666667,0.11638896115011146
2017-05-02,600900.SH,13.89,14.2,13.89,14.0,13.89,0.11,0.79,338752.3,475020.747,0.007919366450683807,0.00788817284900608,13.878,13.5745,13.269333333333332,0.11709507080804549
2017-05-03,600900.SH,13.96,14.13,13.93,14.0,14.0,0.0,0.0,208119.93,291850.543,0.0,0.0,13.940000000000001,13.611,13.2875,0.11743480804784394
2017-05-04,600900.SH,14.0,14.06,13.96,14.0,14.0,0.0,0.0,171268.76,239874.459,0.0,0.0,13.956,13.645500000000002,13.304666666666666,0.11781699312243354
2017-05-05,600900.SH,14.0,14.07,13.83,14.06,14.0,0.06,0.43,290479.67,405720.17,0.004285714285714226,0.004276556767260172,13.99,13.685500000000001,13.322666666666665,0.11553814120531926
2017-05-08,600900.SH,14.0,14.18,13.96,14.16,14.06,0.1,0.71,294794.68,414726.338,0.007112375533428139,0.007087201883054831,14.044,13.729999999999999,13.340333333333335,0.11613216031879689
2017-05-09,600900.SH,14.13,14.17,13.95,13.97,14.16,-0.19,-1.34,162132.71,227736.88,-0.013418079096045199,-0.013508914996703255,14.038,13.763500000000002,13.355500000000001,0.1304087495673458
2017-05-10,600900.SH,14.0,14.05,13.85,13.97,13.97,0.0,0.0,236975.34,330488.853,0.0,0.0,14.032,13.7975,13.369666666666665,0.13018778909246012
2017-05-11,600900.SH,13.91,14.14,13.91,14.1,13.97,0.13,0.93,214353.96,300676.489,0.009305654974946176,0.009262624115252008,14.051999999999998,13.825,13.3855,0.11678936049065518
2017-05-12,600900.SH,14.06,14.19,14.05,14.12,14.1,0.02,0.14,97499.48,137599.02,0.0014184397163119478,0.0014174346809733152,14.064000000000002,13.852500000000001,13.401833333333334,0.11679307670652954
2017-05-15,600900.SH,14.1,14.24,14.1,14.21,14.12,0.09,0.64,171480.74,243111.154,0.006373937677053965,0.0063537100439133905,14.074000000000002,13.885499999999999,13.419,0.11700650165189884
2017-05-16,600900.SH,14.22,14.35,14.16,14.33,14.21,0.12,0.84,204064.92,290989.223,0.008444757213230014,0.008409299731071108,14.146,13.925999999999998,13.438333333333333,0.1175397442805525
2017-05-17,600900.SH,14.33,14.36,14.17,14.2,14.33,-0.13,-0.91,150194.41,214053.858,-0.009071877180739762,-0.009113277232865492,14.192000000000002,13.963000000000003,13.456333333333333,0.12244595425424584
2017-05-18,600900.SH,14.15,14.26,14.15,14.24,14.2,0.04,0.28,151763.31,215543.057,0.0028169014084507005,0.0028129413766146577,14.219999999999999,14.001500000000002,13.4725,0.12222566589955698
2017-05-19,600900.SH,14.2,14.31,14.18,14.29,14.24,0.05,0.35,156069.83,222256.591,0.0035112359550562022,0.0035050859579463527,14.254,14.032999999999998,13.490166666666665,0.1148016599739599
2017-05-22,600900.SH,14.29,14.57,14.26,14.56,14.29,0.27,1.89,268579.56,388124.21,0.01889433170048993,0.01871805082676395,14.324000000000002,14.0705,13.513000000000002,0.12567624704463662
2017-05-23,600900.SH,14.57,14.78,14.47,14.76,14.56,0.2,1.37,389381.23,570411.416,0.013736263736263687,0.013642776403786479,14.41,14.118,13.539333333333333,0.13113490623749025
2017-05-24,600900.SH,14.72,14.8,14.54,14.78,14.76,0.02,0.14,320079.48,469687.287,0.0013550135501354532,0.0013540963477292301,14.526,14.1725,13.566666666666666,0.12351519929653167
2017-05-25,600900.SH,14.71,14.76,14.62,14.69,14.78,-0.09,-0.61,199363.37,292960.875,-0.006089309878213767,-0.006107925334269743,14.616,14.211000000000002,13.594666666666667,0.11833996276300772
2017-05-26,600900.SH,14.61,14.69,14.48,14.64,14.69,-0.05,-0.34,303260.1,441788.53,-0.003403675970047537,-0.0034094816526203217,14.685999999999998,14.248500000000002,13.6225,0.11910293702220591
2017-05-31,600900.SH,14.56,14.87,14.33,14.81,14.64,0.17,1.16,618105.34,901285.788,0.011612021857923427,0.011545119746541845,14.735999999999999,14.2945,13.652666666666667,0.12274068288539866
2017-06-01,600900.SH,14.75,15.05,14.68,15.03,14.81,0.22,1.49,354778.69,528181.565,0.014854827819041017,0.014745575485175539,14.790000000000001,14.345999999999998,13.686499999999999,0.12857755778213106
2017-06-02,600900.SH,14.99,15.15,14.94,14.98,15.03,-0.05,-0.33,208800.7,314300.232,-0.003326679973386537,-0.003332225675809679,14.829999999999998,14.395,13.719166666666666,0.13033862366404472
2017-06-05,600900.SH,14.91,15.01,14.73,14.78,14.98,-0.2,-1.34,227901.6,337890.584,-0.013351134846461998,-0.013441062569017753,14.847999999999999,14.434000000000001,13.749166666666666,0.14298799589413436
2017-06-06,600900.SH,14.82,14.85,14.57,14.78,14.78,0.0,0.0,306276.1,450044.604,0.0,0.0,14.876,14.469999999999999,13.779500000000002,0.1431878284342814
2017-06-07,600900.SH,14.76,14.91,14.7,14.8,14.78,0.02,0.14,181564.2,269137.024,0.0013531799729364913,0.0013522652500137541,14.873999999999999,14.502,13.81,0.14220394289514904
2017-06-08,600900.SH,14.79,15.06,14.75,15.05,14.8,0.25,1.69,252670.28,376980.101,0.016891891891891886,0.01675081042481535,14.878,14.556000000000001,13.844333333333333,0.1385624520232141
2017-06-09,600900.SH,15.08,15.15,14.84,14.88,15.05,-0.17,-1.13,289521.67,432903.97,-0.011295681063122953,-0.011359961789938958,14.857999999999999,14.601500000000001,13.877333333333334,0.14810712747661403
2017-06-12,600900.SH,14.83,14.95,14.8,14.89,14.88,0.01,0.07,161329.87,239875.959,0.0006720430107527431,0.0006718172909718648,14.88,14.641,13.9085,0.14655018286669327
2017-06-13,600900.SH,14.88,14.9,14.65,14.7,14.89,-0.19,-1.28,295845.3,435883.58,-0.012760241773002057,-0.012842352911227041,14.864,14.669999999999998,13.9355,0.15658308982747743
2017-06-14,600900.SH,14.73,14.74,14.47,14.53,14.7,-0.17,-1.16,372782.35,542184.109,-0.011564625850340127,-0.011632016202499072,14.809999999999999,14.686000000000002,13.958166666666665,0.1628511782350568
2017-06-15,600900.SH,14.53,14.54,14.38,14.4,14.53,-0.13,-0.89,186953.9,270023.522,-0.008947006194081175,-0.008987271000236562,14.680000000000001,14.689499999999999,13.978666666666667,0.1642338388006141
2017-06-16,600900.SH,14.41,14.48,14.38,14.4,14.4,0.0,0.0,155056.55,223583.95,0.0,0.0,14.584,14.6995,13.999500000000001,0.16048611591386955
2017-06-19,600900.SH,14.43,14.53,14.42,14.53,14.4,0.13,0.9,159101.51,230497.068,0.009027777777777635,0.008987271000236458,14.512,14.713999999999999,14.021999999999998,0.16304201447380354
2017-06-20,600900.SH,14.55,14.61,14.48,14.56,14.53,0.03,0.21,223637.23,325005.118,0.002064693737095835,0.0020625651863485457,14.484,14.727500000000001,14.044500000000001,0.1628341156871519
2017-06-21,600900.SH,14.68,14.73,14.51,14.71,14.56,0.15,1.03,256167.13,374732.793,0.010302197802197766,0.010249491844806204,14.520000000000001,14.735,14.070166666666665,0.15285142561084292
2017-06-22,600900.SH,14.71,14.88,14.67,14.81,14.71,0.1,0.68,301677.67,446398.859,0.00679809653297081,0.006775093666361306,14.601999999999999,14.7375,14.096,0.14678030136828915
2017-06-23,600900.SH,14.82,14.9,14.78,14.88,14.81,0.07,0.47,187467.03,278006.884,0.004726536124240344,0.004715401125238358,14.697999999999999,14.742499999999998,14.120333333333333,0.1476147551297074
2017-06-26,600900.SH,14.91,15.02,14.88,14.95,14.88,0.07,0.47,211917.43,317064.661,0.0047043010752687575,0.004693270431749567,14.782,14.755500000000001,14.147166666666665,0.14630886917869595
2017-06-27,600900.SH,15.01,15.04,14.95,15.01,14.95,0.06,0.4,181100.38,271636.862,0.004013377926421535,0.0040053458086752826,14.872,14.774000000000001,14.176166666666665,0.1457709927986977
2017-06-28,600900.SH,15.02,15.11,14.9,15.0,15.01,-0.01,-0.07,184236.1,276356.937,-0.0006662225183211579,-0.0006664445431605588,14.930000000000001,14.7835,14.205,0.1406643305591442
2017-06-29,600900.SH,15.07,15.23,15.02,15.19,15.0,0.19,1.27,212995.87,322537.147,0.012666666666666604,0.01258711550547136,15.006,14.791500000000003,14.237333333333334,0.13792651563605685
2017-06-30,600900.SH,15.1,15.39,15.07,15.38,15.19,0.19,1.25,271163.21,413593.323,0.012508229098090906,0.012430647469816484,15.106,14.8115,14.2725,0.1433465786670128
2017-07-03,600900.SH,15.39,15.47,15.23,15.34,15.38,-0.04,-0.26,245214.69,376307.667,-0.002600780234070288,-0.002604168138387855,15.184000000000001,14.839499999999997,14.306333333333333,0.13345444127183986
2017-07-04,600900.SH,15.32,15.43,15.14,15.41,15.34,0.07,0.46,263046.03,402375.402,0.0045632333767926525,0.004552853392914208,15.264,14.871,14.342166666666666,0.133578107841436
2017-07-05,600900.SH,15.4,15.43,15.12,15.19,15.41,-0.22,-1.43,255162.46,389245.922,-0.014276443867618505,-0.014379332724342971,15.301999999999998,14.8905,14.374166666666667,0.14574024799206595
2017-07-06,600900.SH,15.2,15.27,15.14,15.25,15.19,0.06,0.4,197515.27,300118.971,0.0039499670836076195,0.003942186445739125,15.313999999999998,14.9005,14.406666666666668,0.13420927386313483
2017-07-07,600900.SH,15.23,15.37,15.12,15.34,15.25,0.09,0.59,206216.59,314416.579,0.005901639344262355,0.0058842928856895575,15.306000000000001,14.923499999999999,14.440833333333332,0.1275497587723539
2017-07-10,600900.SH,15.38,15.58,15.3,15.52,15.34,0.18,1.17,182033.54,281169.547,0.011734028683181297,0.011665718815962635,15.341999999999999,14.955000000000002,14.473666666666666,0.1324836798281338
2017-07-11,600900.SH,15.52,15.68,15.45,15.63,15.52,0.11,0.71,141767.2,221001.41,0.007087628865979356,0.007062629678312525,15.386000000000001,15.001500000000002,14.508000000000001,0.12119378596021399
2017-07-12,600900.SH,15.66,15.7,15.26,15.33,15.63,-0.3,-1.92,265755.18,409918.124,-0.019193857965451144,-0.019380451549662576,15.413999999999998,15.0415,14.537666666666667,0.13560608775127367
2017-07-13,600900.SH,15.37,15.37,15.13,15.21,15.33,-0.12,-0.78,306350.78,467130.301,-0.007827788649706457,-0.00785858661252127,15.406,15.081999999999999,14.565833333333334,0.1343818041535897
2017-07-14,600900.SH,14.58,14.86,14.56,14.85,14.5,0.35,2.41,397814.97,586554.576,-0.02366863905325456,-0.023953241022492987,15.308000000000002,15.104499999999998,14.589,0.16388649058747778
2017-07-17,600900.SH,14.88,15.0,14.68,14.98,14.85,0.13,0.88,267925.9,398104.31,0.008754208754208737,0.008716112840364778,15.2,15.127,14.614166666666666,0.16372463403343676
2017-07-18,600900.SH,14.95,15.02,14.88,14.94,14.98,-0.04,-0.27,181918.11,272177.189,-0.002670226969292422,-0.0026737983844022043,15.062000000000001,15.146,14.6355,0.16439888553685664
2017-07-19,600900.SH,14.91,15.0,14.84,14.91,14.94,-0.03,-0.2,185206.85,276034.266,-0.00200803212851397,-0.0020100509280241118,14.978,15.156,14.653833333333333,0.16127603325164927
2017-07-20,600900.SH,14.92,15.1,14.9,15.1,14.91,0.19,1.27,140221.95,210215.92,0.012743125419181656,0.012662615044231496,14.956,15.1705,14.675333333333333,0.16556884695429774
2017-07-21,600900.SH,15.04,15.15,14.99,15.03,15.1,-0.07,-0.46,103805.39,156371.613,-0.004635761589404042,-0.004646540055995591,14.992,15.178,14.697666666666667,0.16612485204476565
2017-07-24,600900.SH,15.04,15.11,14.91,14.92,15.03,-0.11,-0.73,126800.07,189851.933,-0.007318695941450404,-0.007345608989268301,14.98,15.176499999999999,14.714333333333334,0.1676161322737714
2017-07-25,600900.SH,14.9,15.01,14.82,14.89,14.92,-0.03,-0.2,166964.93,248961.553,-0.002010723860589758,-0.002012748079697121,14.969999999999999,15.170499999999999,14.731,0.1670435496263774
2017-07-26,600900.SH,14.82,15.0,14.78,14.97,14.89,0.08,0.54,222196.21,331274.03,0.005372733378106176,0.005358351735619436,14.982,15.169,14.749,0.1682621404413134
2017-07-27,600900.SH,14.95,15.07,14.93,15.01,14.97,0.04,0.27,170096.55,255250.715,0.002672010688042681,0.0026684472138335264,14.964000000000002,15.16,14.765833333333335,0.16186499246110556
2017-07-28,600900.SH,14.99,15.33,14.99,15.32,15.01,0.31,2.07,183828.3,279647.521,0.020652898067954784,0.02044251866707474,15.022,15.157,14.787833333333333,0.17279030766622042
2017-07-31,600900.SH,15.3,15.35,15.12,15.21,15.32,-0.11,-0.72,118575.78,180751.225,-0.007180156657963455,-0.007206058041243762,15.080000000000002,15.1505,14.808,0.17441263294894055
2017-08-01,600900.SH,15.24,15.35,15.2,15.29,15.21,0.08,0.53,112969.13,172838.871,0.005259697567389754,0.0052459136697693256,15.16,15.144499999999999,14.8285,0.17469109870268956
2017-08-02,600900.SH,15.3,15.5,15.3,15.48,15.29,0.19,1.24,143883.09,222359.736,0.012426422498365008,0.012349848220610186,15.262,15.159,14.8505,0.17211875635421486
2017-08-03,600900.SH,15.47,15.62,15.45,15.49,15.48,0.01,0.06,171151.33,265951.796,0.0006459948320414188,0.0006457862671962811,15.357999999999999,15.171000000000001,14.875833333333333,0.17176741995711317
2017-08-04,600900.SH,15.45,15.5,14.94,14.98,15.49,-0.51,-3.29,455047.13,688557.835,-0.032924467398321444,-0.033478676339703785,15.290000000000001,15.153,14.892666666666667,0.20804279495542097
2017-08-07,600900.SH,14.95,15.06,14.77,15.02,14.98,0.04,0.27,323843.85,482891.121,0.002670226969292422,0.0026666682469152977,15.251999999999999,15.128,14.908,0.20305214307776645
2017-08-08,600900.SH,15.03,15.05,14.82,14.91,15.02,-0.11,-0.73,209576.47,312444.791,-0.007323568575232975,-0.007350517559341588,15.176000000000002,15.091999999999999,14.921166666666666,0.20135064839380348
2017-08-09,600900.SH,14.93,14.96,14.84,14.92,14.91,0.01,0.07,141469.23,210515.826,0.0006706908115359234,0.0006704659989677837,15.063999999999998,15.0715,14.933,0.1913129368841714
2017-08-10,600900.SH,14.95,15.08,14.78,15.05,14.92,0.13,0.87,257396.92,383464.891,0.008713136729222581,0.008675396419270004,14.975999999999999,15.063500000000001,14.945,0.19281403138666242
2017-08-11,600900.SH,14.96,15.25,14.96,15.12,15.05,0.07,0.47,332933.52,502687.195,0.0046511627906975495,0.00464037955650208,15.004,15.077000000000002,14.960333333333333,0.17276070816173542
2017-08-14,600900.SH,15.2,15.23,14.94,15.02,15.12,-0.1,-0.66,242620.39,366234.146,-0.006613756613756627,-0.006635724415398268,15.004,15.078999999999999,14.973333333333333,0.172174056073092
2017-08-15,600900.SH,15.04,15.23,15.02,15.09,15.02,0.07,0.47,207280.06,314014.83,0.0046604527296938425,0.004649626443768945,15.040000000000001,15.086499999999997,14.986666666666668,0.17252506507972132
2017-08-16,600900.SH,15.09,15.35,15.09,15.34,15.09,0.25,1.66,208008.6,317743.858,0.01656726308813794,0.016431523159352698,15.124,15.108,14.999666666666666,0.18124279971950458
2017-08-17,600900.SH,15.36,15.45,15.31,15.33,15.34,-0.01,-0.07,181538.48,279408.503,-0.0006518904823989979,-0.0006521030553874115,15.180000000000001,15.119499999999999,15.009166666666665,0.17637874162314252
2017-08-18,600900.SH,15.3,15.44,15.27,15.42,15.33,0.09,0.59,76285.26,117288.929,0.005870841487279899,0.005853675251460728,15.24,15.139000000000001,15.019833333333334,0.17601469205236697
2017-08-21,600900.SH,15.38,15.49,15.22,15.28,15.42,-0.14,-0.91,129502.56,197999.102,-0.00907911802853445,-0.009120584396809078,15.292000000000002,15.157,15.029666666666666,0.17726980522479963
2017-08-22,600900.SH,15.25,15.3,15.17,15.26,15.28,-0.02,-0.13,98152.78,149339.029,-0.0013089005235601414,-0.0013097578820634181,15.325999999999999,15.1755,15.04,0.1771158926932626
2017-08-23,600900.SH,15.24,15.32,15.2,15.25,15.26,-0.01,-0.07,72534.16,110747.47,-0.000655307994757548,-0.0006555228028903288,15.308000000000002,15.189499999999999,15.047333333333334,0.1765634919954807
2017-08-24,600900.SH,15.25,15.3,15.19,15.25,15.25,0.0,0.0,95349.7,145588.985,0.0,0.0,15.292000000000002,15.2015,15.051,0.17647984864916919
2017-08-25,600900.SH,15.29,15.37,15.25,15.36,15.25,0.11,0.72,178548.67,273226.989,0.00721311475409836,0.007187224666105477,15.280000000000001,15.2035,15.057333333333334,0.162364025564358
2017-08-28,600900.SH,15.37,15.44,15.19,15.28,15.36,-0.08,-0.52,229176.87,350745.885,-0.00520833333333337,-0.0052219439811517126,15.280000000000001,15.207000000000003,15.065666666666667,0.16132594710945988
2017-08-29,600900.SH,15.3,15.41,15.28,15.4,15.28,0.12,0.79,142261.31,218425.429,0.007853403141361293,0.007822725681209078,15.308000000000002,15.2125,15.075999999999999,0.16264529484188403
2017-08-30,600900.SH,15.4,15.41,15.11,15.15,15.4,-0.25,-1.62,167150.77,254935.014,-0.016233766233766267,-0.01636697746420536,15.288,15.195999999999998,15.081833333333332,0.1663336305990584
2017-08-31,600900.SH,15.14,15.27,14.96,14.98,15.15,-0.17,-1.12,207496.45,312871.559,-0.011221122112211268,-0.011284553866304777,15.234,15.170499999999999,15.080666666666668,0.170045793082591
2017-09-01,600900.SH,14.99,15.06,14.93,14.97,14.98,-0.01,-0.07,185263.65,277647.413,-0.0006675567423231055,-0.0006677796575364391,15.156,15.170000000000002,15.082166666666666,0.12344208262854996
2017-09-04,600900.SH,14.97,15.06,14.92,14.98,14.97,0.01,0.07,181390.29,272008.396,0.0006680026720107257,0.0006677796575364688,15.096,15.167999999999997,15.083666666666666,0.1230706820055323
2017-09-05,600900.SH,15.0,15.08,14.86,14.89,14.98,-0.09,-0.6,196782.11,294158.567,-0.006008010680907838,-0.006026131393155764,14.994,15.167000000000002,15.086833333333335,0.12213224601364642
2017-09-06,600900.SH,14.91,15.0,14.9,15.0,14.89,0.11,0.74,112953.14,169038.531,0.00738750839489577,0.007360354406292317,14.963999999999999,15.171000000000001,15.094666666666667,0.1249447364716771
2017-09-07,600900.SH,15.0,15.12,14.98,15.1,15.0,0.1,0.67,231924.09,349469.754,0.006666666666666599,0.006644542718668511,14.988,15.173499999999999,15.106333333333334,0.1233169739439692
2017-09-08,600900.SH,15.12,15.34,15.12,15.23,15.1,0.13,0.86,226136.8,345022.038,0.008609271523178919,0.008572423086191907,15.040000000000001,15.178999999999998,15.120166666666668,0.12598569421732567
2017-09-11,600900.SH,15.27,15.44,15.26,15.3,15.23,0.07,0.46,259915.55,399077.788,0.004596191726854881,0.004585661491319326,15.104,15.193000000000001,15.133000000000001,0.1239854659188543
2017-09-12,600900.SH,15.3,15.3,15.14,15.22,15.3,-0.08,-0.52,130071.92,198007.608,-0.005228758169934622,-0.005242475964849983,15.169999999999998,15.1995,15.144,0.1250282351468234
2017-09-13,600900.SH,15.22,15.32,15.17,15.19,15.22,-0.03,-0.2,131643.44,200832.687,-0.001971090670170872,-0.0019730358258583337,15.207999999999998,15.191999999999998,15.152,0.10973032398438257
2017-09-14,600900.SH,15.19,15.19,14.95,15.04,15.19,-0.15,-0.99,133016.92,200290.807,-0.00987491770901916,-0.009923998085987791,15.196000000000002,15.1775,15.155833333333334,0.11470586011921817
2017-09-15,600900.SH,15.01,15.15,14.95,15.05,15.04,0.01,0.07,188474.93,283786.219,0.0006648936170214892,0.0006646726731911818,15.16,15.159,15.158666666666667,0.1120705788883442
2017-09-18,600900.SH,15.0,15.07,14.93,14.97,15.05,-0.08,-0.53,223370.38,334834.309,-0.0053156146179401675,-0.005329792763347715,15.094,15.1435,15.159,0.10931918498162019
2017-09-19,600900.SH,15.0,15.05,14.95,14.98,14.97,0.01,0.07,117021.25,175411.367,0.0006680026720107257,0.0006677796575364688,15.046000000000001,15.129500000000002,15.1585,0.10947062674787837
2017-09-20,600900.SH,14.97,15.0,14.94,14.98,14.98,0.0,0.0,118555.56,177586.426,0.0,0.0,15.004,15.116000000000003,15.158166666666665,0.1095149865902856
2017-09-21,600900.SH,15.01,15.04,14.93,15.0,14.98,0.02,0.13,129977.18,194434.678,0.001335113484646211,0.0013342230131366622,14.996,15.103500000000002,15.155,0.10975794957417646
2017-09-22,600900.SH,14.96,15.12,14.93,15.12,15.0,0.12,0.8,212513.1,319195.08,0.008000000000000007,0.007968169649176881,15.010000000000002,15.091500000000002,15.150666666666666,0.11055287546630628
2017-09-25,600900.SH,15.1,15.33,15.01,15.3,15.12,0.18,1.19,313023.62,475526.107,0.011904761904762085,0.011834457647003017,15.075999999999999,15.092499999999998,15.15,0.1178747583447995
2017-09-26,600900.SH,15.22,15.31,15.13,15.25,15.3,-0.05,-0.33,113205.71,172529.498,-0.0032679738562092497,-0.003273325344969249,15.13,15.084999999999999,15.147333333333334,0.11473056007008801
2017-09-27,600900.SH,15.21,15.34,15.09,15.14,15.25,-0.11,-0.72,119116.15,181020.18,-0.00721311475409836,-0.007239255044117912,15.162,15.0845,15.1465,0.10205404465360478
2017-09-28,600900.SH,15.11,15.16,14.95,15.14,15.14,0.0,0.0,191133.28,287574.724,0.0,0.0,15.190000000000001,15.092500000000001,15.144666666666666,0.0930886703066188
2017-09-29,600900.SH,15.09,15.19,15.01,15.07,15.14,-0.07,-0.46,121987.15,184207.641,-0.004623513870541607,-0.004634235370898621,15.180000000000001,15.0975,15.140166666666667,0.09481670496383957
2017-10-09,600900.SH,15.12,15.32,15.12,15.24,15.07,0.17,1.13,248006.65,378192.153,0.011280690112806857,0.01121753762009608,15.168000000000001,15.110500000000002,15.135500000000002,0.1024641091177553
2017-10-10,600900.SH,15.2,15.3,15.14,15.27,15.24,0.03,0.2,148480.5,226391.402,0.0019685039370078705,0.0019665689720408473,15.172,15.129499999999998,15.1295,0.09921210494064635
2017-10-11,600900.SH,15.2,15.55,15.2,15.53,15.27,0.26,1.7,309781.86,476805.253,0.017026850032743956,0.01688351793005465,15.25,15.156,15.132833333333334,0.11214112833982046
2017-10-12,600900.SH,15.45,15.61,15.31,15.35,15.53,-0.18,-1.16,280655.95,433311.418,-0.011590470057952329,-0.01165816312738952,15.292000000000002,15.1685,15.135166666666667,0.1199994150249089
2017-10-13,600900.SH,15.33,15.41,15.31,15.37,15.35,0.02,0.13,139653.82,214562.039,0.0013029315960910726,0.0013020835172982007,15.351999999999999,15.1755,15.143833333333333,0.11648326797919015
2017-10-16,600900.SH,15.31,15.45,15.31,15.38,15.37,0.01,0.07,254006.31,391127.518,0.0006506180871830303,0.000650406526993629,15.38,15.179499999999999,15.150500000000001,0.11547303981154894
2017-10-17,600900.SH,15.38,15.66,15.37,15.48,15.38,0.1,0.65,268428.72,417022.184,0.006501950585175553,0.0064809040840831415,15.422,15.1925,15.159500000000001,0.1155504652553044
2017-10-18,600900.SH,15.5,15.94,15.46,15.91,15.48,0.43,2.78,357172.12,560814.297,0.02777777777777768,0.027398974188114347,15.498,15.2285,15.176166666666667,0.14919445842661364
2017-10-19,600900.SH,15.82,16.06,15.82,16.05,15.91,0.14,0.88,266394.36,425665.869,0.00879949717159012,0.008761007226329299,15.638,15.279,15.192,0.14350048134785837
2017-10-20,600900.SH,15.89,16.32,15.86,15.96,16.05,-0.09,-0.56,232611.67,374589.331,-0.005607476635513975,-0.00562325755436212,15.756,15.3245,15.207500000000001,0.1467156020028337
2017-10-23,600900.SH,15.96,16.1,15.9,15.99,15.96,0.03,0.19,132922.66,212355.718,0.001879699248120259,0.0018779348242001143,15.878,15.375499999999999,15.225333333333333,0.1435077420000224
2017-10-24,600900.SH,16.02,16.27,15.95,16.23,15.99,0.24,1.5,194237.86,313863.16,0.015009380863039379,0.01489785468063696,16.028,15.437999999999999,15.247666666666667,0.14889460683774092
2017-10-25,600900.SH,16.25,16.34,16.15,16.29,16.23,0.06,0.37,118522.97,192808.625,0.003696857670979492,0.003690041087453742,16.104000000000003,15.503499999999999,15.269666666666666,0.14813501538764787
2017-10-26,600900.SH,16.3,16.37,15.91,16.0,16.29,-0.29,-1.78,286367.66,460906.242,-0.017802332719459746,-0.01796270037417248,16.094,15.5535,15.286166666666666,0.16743386233491517
2017-10-27,600900.SH,16.01,16.17,15.93,16.05,16.0,0.05,0.31,119788.05,192346.22,0.0031250000000000444,0.0031201273362436777,16.112000000000002,15.6,15.298333333333334,0.16650461407599046
2017-10-30,600900.SH,16.15,16.25,15.83,16.07,16.05,0.02,0.12,259823.98,415857.38,0.0012461059190029822,0.0012453301733962143,16.128,15.638500000000002,15.312666666666667,0.16324562568549064
2017-10-31,600900.SH,16.06,16.06,15.81,15.91,16.07,-0.16,-1.0,131940.19,209674.852,-0.00995644057249534,-0.010006337399725725,16.064,15.6715,15.323,0.1680404322870579
2017-11-01,600900.SH,15.98,16.03,15.82,15.93,15.91,0.02,0.13,163274.46,259995.031,0.0012570710245127792,0.0012562815722615512,15.992,15.710999999999999,15.3305,0.16441570037820574
2017-11-02,600900.SH,15.93,16.02,15.82,15.98,15.93,0.05,0.31,130329.37,207459.626,0.003138731952291307,0.003133816416171484,15.988,15.753,15.338666666666667,0.16413536584932722
2017-11-03,600900.SH,15.92,16.08,15.79,16.04,15.98,0.06,0.38,258394.58,411728.139,0.003754693366708306,0.003747662100239749,15.986,15.801499999999999,15.356333333333334,0.16181857340842182
2017-11-06,600900.SH,15.98,16.36,15.97,16.3,16.04,0.26,1.62,264064.32,428216.292,0.01620947630922709,0.016079505374348366,16.032,15.854499999999998,15.377666666666666,0.16598603558605862
2017-11-07,600900.SH,16.35,16.53,16.23,16.45,16.3,0.15,0.92,186815.99,306205.673,0.009202453987730008,0.009160369398664195,16.14,15.913499999999999,15.403333333333334,0.16712960790370426
2017-11-08,600900.SH,16.5,16.64,16.27,16.43,16.45,-0.02,-0.12,224165.68,368695.274,-0.0012158054711245425,-0.0012165451622041087,16.240000000000002,15.958499999999997,15.428499999999998,0.16036136890080735
2017-11-09,600900.SH,16.49,16.53,16.38,16.52,16.43,0.09,0.55,110732.19,182361.078,0.005477784540474762,0.005462836043655315,16.348000000000003,16.017000000000003,15.453,0.15112853627733383
2017-11-10,600900.SH,16.5,16.67,16.47,16.59,16.52,0.07,0.42,158303.47,262138.392,0.004237288135593209,0.004228336109521105,16.458,16.078,15.4775,0.1508641788017381
2017-11-13,600900.SH,16.66,16.69,16.21,16.32,16.59,-0.27,-1.63,283265.89,464291.338,-0.016274864376130127,-0.0164087546663921,16.462,16.125,15.499166666666667,0.16677697259702748
2017-11-14,600900.SH,16.35,16.38,16.03,16.26,16.32,-0.06,-0.37,262970.46,426008.982,-0.00367647058823517,-0.0036832454162962934,16.424,16.163999999999998,15.518666666666666,0.16787071365016287
2017-11-15,600900.SH,16.19,16.28,16.06,16.24,16.26,-0.02,-0.12,227041.06,367586.822,-0.0012300123001232066,-0.001230769386132846,16.386000000000003,16.180500000000002,15.533666666666667,0.1390794583196661
2017-11-16,600900.SH,16.17,16.32,16.12,16.3,16.24,0.06,0.37,102418.9,166045.092,0.003694581280788256,0.003687773079184836,16.342,16.193,15.549833333333334,0.1364693778476096
2017-11-17,600900.SH,16.31,16.95,16.13,16.93,16.3,0.63,3.87,414319.15,685508.854,0.03865030674846626,0.0379220883323273,16.410000000000004,16.2415,15.575,0.18913508197703138
2017-11-20,600900.SH,16.81,17.13,16.74,17.02,16.93,0.09,0.53,305381.97,516430.258,0.005316007088009389,0.005301927000184068,16.55,16.293,15.604000000000001,0.18925330699802936
2017-11-21,600900.SH,16.96,17.02,16.8,16.87,17.02,-0.15,-0.88,320122.29,542028.318,-0.008813160987073965,-0.008852226587351077,16.672000000000004,16.325,15.630833333333333,0.1884155528922887
2017-11-22,600900.SH,16.98,17.27,16.86,17.16,16.87,0.29,1.72,334225.12,572306.023,0.017190278601066922,0.01704419750193923,16.856,16.3685,15.662666666666667,0.19596230103077458
2017-11-23,600900.SH,17.15,17.18,16.63,16.8,17.16,-0.36,-2.1,319239.12,538688.216,-0.020979020979020935,-0.021202207650602937,16.956,16.408499999999997,15.6885,0.20063410300174392
2017-11-24,600900.SH,16.8,16.98,16.75,16.85,16.8,0.05,0.3,207050.08,348884.188,0.0029761904761904656,0.00297177038915748,16.939999999999998,16.4485,15.713333333333333,0.2006288241231944
2017-11-27,600900.SH,16.85,16.88,16.49,16.82,16.85,-0.03,-0.18,551953.4,922511.644,-0.0017804154302670794,-0.0017820022535687523,16.9,16.485999999999997,15.739,0.20116865641294243
2017-11-28,600900.SH,16.76,16.78,16.46,16.55,16.82,-0.27,-1.61,198284.59,329181.413,-0.016052318668252075,-0.01618255272173008,16.836,16.518,15.758166666666666,0.2071918230799976
2017-11-29,600900.SH,16.42,16.66,16.4,16.5,16.55,-0.05,-0.3,234484.17,387556.075,-0.0030211480362538623,-0.0030257209165370676,16.704,16.5465,15.780666666666667,0.2079652062234965
2017-11-30,600900.SH,16.51,16.56,16.25,16.46,16.5,-0.04,-0.24,204717.84,336096.635,-0.002424242424242329,-0.0024271856576110772,16.636000000000003,16.5705,15.805333333333333,0.2084414577703214
2017-12-01,600900.SH,16.48,16.51,16.32,16.47,16.46,0.01,0.06,203414.26,334595.445,0.0006075334143376132,0.0006073489406250264,16.560000000000002,16.592000000000002,15.830333333333334,0.2083016910810109
2017-12-04,600900.SH,16.35,16.52,16.28,16.48,16.47,0.01,0.06,213244.24,350702.669,0.0006071645415908211,0.0006069802917767355,16.492,16.601000000000003,15.855333333333332,0.20082223075176617
2017-12-05,600900.SH,16.48,16.98,16.47,16.89,16.48,0.41,2.49,608269.41,1019052.796,0.02487864077669899,0.024574206338383028,16.560000000000002,16.623,15.888666666666667,0.21677838242191685
2017-12-06,600900.SH,16.84,16.91,16.67,16.74,16.89,-0.15,-0.89,260918.13,437953.648,-0.008880994671403353,-0.008920665758379602,16.608,16.6385,15.917666666666666,0.2196969789472466
2017-12-07,600900.SH,16.7,16.74,16.42,16.6,16.74,-0.14,-0.84,215970.48,357007.851,-0.008363201911588791,-0.008398369698831494,16.636,16.6425,15.942666666666666,0.22146285705618116
2017-12-08,600900.SH,16.6,16.6,16.46,16.52,16.6,-0.08,-0.48,121585.15,200800.817,-0.004819277108433884,-0.004830927269665692,16.645999999999997,16.639000000000003,15.964166666666666,0.22167845272847972
2017-12-11,600900.SH,16.53,16.59,16.45,16.52,16.52,0.0,0.0,180633.92,297932.349,0.0,0.0,16.654000000000003,16.649,15.9845,0.21331746622648629
2017-12-12,600900.SH,16.47,16.53,16.38,16.41,16.52,-0.11,-0.67,110475.53,181550.355,-0.006658595641646503,-0.006680862990832492,16.558,16.6565,16.00433333333333,0.21438778178519544
2017-12-13,600900.SH,16.4,16.54,16.37,16.49,16.41,0.08,0.49,102524.23,168822.988,0.0048750761730651515,0.004863231469507953,16.508,16.669,16.026,0.21481226195913214
2017-12-14,600900.SH,16.52,16.59,16.4,16.47,16.49,-0.02,-0.12,122453.23,201810.086,-0.0012128562765312267,-0.0012135923819585751,16.482,16.677500000000002,16.049833333333332,0.21465665196957384
2017-12-15,600900.SH,16.44,16.48,16.26,16.4,16.47,-0.07,-0.43,272778.38,446335.31,-0.004250151791135415,-0.004259209359396233,16.458,16.651,16.072333333333333,0.16115734398330228
2017-12-18,600900.SH,16.45,16.52,16.2,16.43,16.4,0.03,0.18,209140.54,342173.15,0.0018292682926830395,0.0018275972190240858,16.439999999999998,16.6215,16.096666666666668,0.15965818780163402
2017-12-19,600900.SH,16.35,16.44,16.33,16.38,16.43,-0.05,-0.3,204885.23,335823.746,-0.003043213633597164,-0.003047853624253432,16.433999999999997,16.597,16.119999999999997,0.15755551568324394
2017-12-20,600900.SH,16.46,16.46,16.3,16.43,16.38,0.05,0.31,233649.36,382785.426,0.0030525030525030417,0.0030478536242533358,16.422,16.560499999999998,16.144166666666667,0.14269067362583482
2017-12-21,600900.SH,16.41,16.6,16.36,16.5,16.43,0.07,0.43,202494.32,333837.065,0.004260499087035852,0.004251448857358156,16.428,16.545499999999997,16.16916666666667,0.12557702806776247
2017-12-22,600900.SH,16.48,16.67,16.4,16.43,16.5,-0.07,-0.42,154614.77,255631.767,-0.00424242424242427,-0.004251448857358241,16.433999999999997,16.5245,16.191,0.12525768501591972
2017-12-25,600900.SH,16.4,16.47,16.16,16.33,16.43,-0.1,-0.61,302912.09,493060.144,-0.0060864272671942166,-0.0061050250668030276,16.413999999999998,16.5,16.208166666666667,0.12643482726745212
2017-12-26,600900.SH,16.29,16.29,16.11,16.12,16.33,-0.21,-1.29,268448.67,433936.811,-0.01285976729944871,-0.012943169903891352,16.362000000000002,16.4785,16.222666666666665,0.12197266936796704
2017-12-27,600900.SH,16.13,16.17,15.72,15.79,16.12,-0.33,-2.05,419306.55,669187.873,-0.020471464019851227,-0.02068390881093162,16.234,16.443,16.2335,0.13970203284371296
2017-12-28,600900.SH,15.79,15.88,15.72,15.82,15.79,0.03,0.19,185523.3,293016.445,0.0018999366687777464,0.0018981340719571313,16.098,16.411,16.244833333333336,0.14043489830586275
2017-12-29,600900.SH,15.82,15.82,15.56,15.59,15.82,-0.23,-1.45,266764.42,417742.958,-0.014538558786346467,-0.014645279269822734,15.930000000000001,16.366999999999997,16.2535,0.14692640318853598
2018-01-02,600900.SH,15.69,15.83,15.59,15.64,15.59,0.05,0.32,338213.55,530418.447,0.003207184092366866,0.0032020520474798347,15.792000000000002,16.325,16.260166666666667,0.1479889154348485
2018-01-03,600900.SH,15.72,16.12,15.7,15.99,15.64,0.35,2.24,420819.89,670341.901,0.02237851662404089,0.022131791728697812,15.766,16.279999999999998,16.272166666666667,0.14198249621830955
2018-01-04,600900.SH,16.0,16.02,15.82,15.85,15.99,-0.14,-0.88,271018.85,431048.4,-0.008755472170106304,-0.00879402652257323,15.778,16.2355,16.2775,0.14191065692758467
2018-01-05,600900.SH,15.93,16.03,15.85,16.01,15.85,0.16,1.01,264210.05,421647.04,0.010094637223974967,0.010044026685333898,15.815999999999999,16.206,16.2885,0.14715165165310004
2018-01-08,600900.SH,16.02,16.03,15.93,15.98,16.01,-0.03,-0.19,237275.93,379231.073,-0.0018738288569645212,-0.0018755866704948337,15.894,16.179,16.298666666666666,0.1467121129316517
2018-01-09,600900.SH,16.0,16.23,15.98,16.13,15.98,0.15,0.94,265528.57,428383.296,0.009386733416770765,0.009342951798988688,15.992,16.1595,16.311166666666665,0.15178258077234147
2018-01-10,600900.SH,16.14,16.25,16.08,16.17,16.13,0.04,0.25,158928.57,256704.656,0.002479851208927686,0.002476781451898205,16.028,16.1475,16.322666666666667,0.1508474726245027
2018-01-11,600900.SH,16.23,16.41,16.17,16.32,16.17,0.15,0.93,188207.6,306624.557,0.009276437847866248,0.009233675946945304,16.122000000000003,16.139000000000003,16.3295,0.15378292708646485
2018-01-12,600900.SH,16.36,16.38,16.24,16.28,16.32,-0.04,-0.25,142430.15,232173.745,-0.002450980392156854,-0.002453988961566703,16.176,16.1295,16.333333333333332,0.15392462030881202
2018-01-15,600900.SH,16.28,16.46,16.13,16.37,16.28,0.09,0.55,256612.13,419948.288,0.005528255528255421,0.00551303080864919,16.253999999999998,16.128,16.340166666666665,0.15470616714989724
2018-01-16,600900.SH,16.37,16.42,16.02,16.06,16.37,-0.31,-1.89,365811.81,591415.574,-0.01893708002443506,-0.01911868286442804,16.240000000000002,16.1095,16.341333333333335,0.16832827510311543
2018-01-17,600900.SH,16.09,16.25,15.95,16.12,16.06,0.06,0.37,306193.67,492965.5,0.0037359900373601374,0.0037290285598668544,16.23,16.0965,16.3395,0.16900084534623405
2018-01-18,600900.SH,16.11,16.18,15.92,16.07,16.12,-0.05,-0.31,319151.73,511765.924,-0.0031017369727047717,-0.0031065573290610716,16.18,16.0785,16.335833333333333,0.16857769907727208
2018-01-19,600900.SH,16.1,16.19,16.01,16.1,16.07,0.03,0.19,248942.9,400649.109,0.0018668326073429942,0.0018650922409962126,16.144000000000002,16.058500000000002,16.3375,0.1677892185255578
2018-01-22,600900.SH,16.2,16.23,15.98,16.09,16.1,-0.01,-0.06,246959.32,397394.941,-0.0006211180124224835,-0.000621310986125594,16.088,16.0415,16.33816666666667,0.16740258065783242
2018-01-23,600900.SH,16.13,16.28,16.0,16.13,16.09,0.04,0.25,428598.43,689934.389,0.0024860161591049312,0.0024829311328255495,16.102,16.0315,16.339166666666667,0.166706724206626
2018-01-24,600900.SH,16.14,16.16,15.99,16.01,16.13,-0.12,-0.74,274141.71,439752.702,-0.00743955362678228,-0.007467365128494062,16.080000000000002,16.026,16.340833333333332,0.16246034762619285
2018-01-25,600900.SH,16.01,16.11,16.0,16.07,16.01,0.06,0.37,217771.66,349531.198,0.0037476577139288203,0.003740652740797926,16.080000000000002,16.04,16.343166666666665,0.14429213190809295
2018-01-26,600900.SH,16.1,16.12,16.03,16.06,16.07,-0.01,-0.06,134442.1,216007.768,-0.0006222775357810351,-0.0006224712308056806,16.072,16.052,16.3445,0.14434233972617044
2018-01-29,600900.SH,16.08,16.1,15.82,15.86,16.06,-0.2,-1.25,243456.29,387697.525,-0.01245330012453294,-0.012531492311913627,16.026000000000003,16.0655,16.3415,0.14156793723605
2018-01-30,600900.SH,15.83,15.95,15.78,15.79,15.86,-0.07,-0.44,241051.43,381748.466,-0.004413619167717542,-0.004423387939151217,15.957999999999998,16.073,16.333000000000002,0.14249970338497814
2018-01-31,600900.SH,15.79,15.96,15.67,15.9,15.79,0.11,0.7,169530.93,268476.951,0.006966434452184922,0.0069422809586351135,15.935999999999998,16.0685,16.323833333333333,0.1198371724075905
2018-02-01,600900.SH,15.9,16.17,15.73,16.16,15.9,0.26,1.64,335334.97,534670.782,0.01635220125786163,0.016219943866763474,15.953999999999999,16.084,16.319333333333336,0.1290058066387263
2018-02-02,600900.SH,16.13,16.26,15.98,16.18,16.16,0.02,0.12,271928.62,438214.238,0.0012376237623761277,0.0012368585373962004,15.977999999999998,16.0925,16.313666666666666,0.12447604293924723
2018-02-05,600900.SH,16.06,16.36,16.01,16.29,16.18,0.11,0.68,240595.03,390556.475,0.0067985166872681635,0.006775510983608062,16.064,16.107999999999997,16.308666666666667,0.1260262027266395
2018-02-06,600900.SH,16.1,16.33,16.04,16.29,16.29,0.0,0.0,523210.34,850062.174,0.0,0.0,16.163999999999998,16.116,16.30816666666667,0.12207512382795652
2018-02-07,600900.SH,16.3,16.32,15.92,16.27,16.29,-0.02,-0.12,420041.88,678441.642,-0.0012277470841006721,-0.001228501383007328,16.238,16.121,16.308333333333334,0.12199576864210847
2018-02-08,600900.SH,16.18,16.28,16.05,16.22,16.27,-0.05,-0.31,299643.45,485411.96,-0.003073140749846437,-0.003077872543679662,16.25,16.116,16.308,0.11779631791654327
2018-02-09,600900.SH,16.03,16.03,15.18,15.97,16.22,-0.25,-1.54,541086.24,844999.185,-0.015413070283600394,-0.015533086460345695,16.208,16.1005,16.3025,0.12937956593863342
2018-02-12,600900.SH,15.75,15.79,15.46,15.6,15.97,-0.37,-2.32,298429.26,466138.575,-0.023168440826549896,-0.02344104797142982,16.07,16.062,16.28033333333333,0.14899557567453664
2018-02-13,600900.SH,15.65,15.97,15.64,15.76,15.6,0.16,1.03,154455.74,244367.304,0.01025641025641022,0.010204170174241668,15.964000000000002,16.047,16.259333333333334,0.14178866702671367
2018-02-14,600900.SH,15.82,16.08,15.82,15.99,15.76,0.23,1.46,131139.57,209539.442,0.014593908629441543,0.014488442416129716,15.907999999999998,16.0405,16.244666666666667,0.1514133386916812
2018-02-22,600900.SH,16.08,16.15,15.99,16.11,15.99,0.12,0.75,124858.63,200799.734,0.007504690431519689,0.007476670343020137,15.886,16.0425,16.227166666666665,0.15353327303733283
2018-02-23,600900.SH,16.1,16.35,16.07,16.25,16.11,0.14,0.87,177836.76,288847.732,0.008690254500310468,0.008652711586863582,15.941999999999998,16.05,16.218,0.1564175067286757
2018-02-26,600900.SH,16.33,16.43,16.25,16.41,16.25,0.16,0.98,189062.23,309268.251,0.009846153846153838,0.00979799632625303,16.104000000000003,16.066,16.210666666666665,0.15979003665992894
2018-02-27,600900.SH,16.45,16.6,16.42,16.54,16.41,0.13,0.79,210097.88,347503.439,0.007921998781230899,0.00789078449354567,16.259999999999998,16.0865,16.206,0.16160025298609323
2018-02-28,600900.SH,16.48,16.63,16.38,16.47,16.54,-0.07,-0.42,143530.57,236746.342,-0.004232164449818665,-0.004241145405996345,16.356,16.1095,16.204666666666665,0.159687988866563
2018-03-01,600900.SH,16.39,16.59,16.39,16.49,16.47,0.02,0.12,134794.81,222388.513,0.0012143290831814202,0.0012135923819584576,16.432,16.130499999999998,16.2045,0.1594608534940544
2018-03-02,600900.SH,16.44,16.77,16.41,16.75,16.49,0.26,1.58,205266.43,341559.915,0.01576713159490617,0.01564412169956807,16.532,16.165,16.209333333333333,0.1672113766175419
2018-03-05,600900.SH,16.7,16.85,16.63,16.84,16.75,0.09,0.54,161916.04,271360.076,0.005373134328358287,0.0053587505431053045,16.618000000000002,16.214000000000002,16.2155,0.15828537978130605
2018-03-06,600900.SH,16.88,16.93,16.6,16.66,16.84,-0.18,-1.07,125353.77,209627.46,-0.0106888361045131,-0.010746372075484073,16.642,16.2575,16.2185,0.16368495878303288
2018-03-07,600900.SH,16.63,16.84,16.61,16.67,16.66,0.01,0.06,152776.97,255372.493,0.0006002400960385401,0.0006000600240061268,16.682,16.296,16.214833333333335,0.1630613939889474
2018-03-08,600900.SH,16.78,17.08,16.76,16.95,16.67,0.28,1.68,202962.51,344855.347,0.01679664067186537,0.01665713706375638,16.774,16.3355,16.218333333333334,0.16357195998671747
2018-03-09,600900.SH,17.08,17.09,16.84,16.96,16.95,0.01,0.06,100223.67,169712.082,0.0005899705014749124,0.0005897965372977327,16.816000000000003,16.3745,16.224333333333334,0.16365123232024154
2018-03-12,600900.SH,17.02,17.03,16.59,16.7,16.96,-0.26,-1.53,239458.62,401500.22,-0.015330188679245405,-0.015448910941047713,16.788,16.395000000000003,16.227333333333334,0.17428193265634706
2018-03-13,600900.SH,16.71,16.79,16.6,16.7,16.7,0.0,0.0,109449.17,182885.766,0.0,0.0,16.796,16.4155,16.23033333333333,0.17428193265634706
2018-03-14,600900.SH,16.68,16.76,16.61,16.7,16.7,0.0,0.0,106724.01,178216.76,0.0,0.0,16.802,16.437,16.235166666666668,0.17410005027762773
2018-03-15,600900.SH,16.64,16.73,16.62,16.65,16.7,-0.05,-0.3,107417.22,179160.334,-0.0029940119760479833,-0.002998502996256669,16.741999999999997,16.458499999999997,16.237833333333334,0.17407353651681304
2018-03-16,600900.SH,16.61,16.78,16.59,16.65,16.65,0.0,0.0,110896.64,184915.571,0.0,0.0,16.68,16.4925,16.24083333333333,0.16258709676435146
2018-03-19,600900.SH,16.63,16.67,16.4,16.65,16.65,0.0,0.0,135669.37,224407.975,0.0,0.0,16.669999999999998,16.544999999999998,16.244999999999997,0.13283772835723118
2018-03-20,600900.SH,16.56,16.72,16.54,16.68,16.65,0.03,0.18,97060.5,161463.245,0.0018018018018017834,0.0018001805041478473,16.666,16.591,16.249166666666667,0.13032801201923963
2018-03-21,600900.SH,16.72,16.73,16.5,16.63,16.68,-0.05,-0.3,110800.04,184072.194,-0.00299760191846532,-0.0030021037257644844,16.651999999999997,16.622999999999998,16.253333333333334,0.12415742435491398
2018-03-22,600900.SH,16.59,16.61,16.39,16.51,16.63,-0.12,-0.72,150753.51,248225.505,-0.007215874924834442,-0.007242035272799471,16.624000000000002,16.642999999999997,16.254666666666665,0.12646452004494346
2018-03-23,600900.SH,16.3,16.52,16.14,16.49,16.51,-0.02,-0.12,334629.72,546436.895,-0.0012113870381589287,-0.001212121360529344,16.592,16.654999999999998,16.2545,0.12359722870383087
2018-03-26,600900.SH,16.36,16.53,16.31,16.37,16.49,-0.12,-0.73,212461.1,348441.395,-0.007277137659187249,-0.007303745188463861,16.536,16.653,16.2535,0.12183813101275649
2018-03-27,600900.SH,16.43,16.57,16.41,16.49,16.37,0.12,0.73,102060.75,168246.144,0.007330482590103715,0.007303745188463866,16.497999999999998,16.6505,16.256166666666665,0.12133903028647636
2018-03-28,600900.SH,16.4,16.53,16.12,16.19,16.49,-0.3,-1.82,194655.03,317156.215,-0.01819284414796829,-0.018360368881963594,16.41,16.6365,16.25733333333333,0.13674935487209364
2018-03-29,600900.SH,16.28,16.35,15.98,16.1,16.19,-0.09,-0.56,188642.1,303942.064,-0.005558987029030238,-0.005574495699126422,16.328,16.617,16.2625,0.13752319617029987
2018-03-30,600900.SH,16.1,16.26,15.94,16.02,16.1,-0.08,-0.5,214651.87,344588.381,-0.00496894409937898,-0.004981330350204248,16.234,16.5805,16.265833333333333,0.12255380714548325
2018-04-02,600900.SH,16.0,16.08,15.91,15.97,16.02,-0.05,-0.31,143147.49,229049.562,-0.003121098626716501,-0.003125979413291993,16.154,16.537,16.272166666666667,0.11925939305640079
2018-04-03,600900.SH,15.92,15.96,15.82,15.87,15.97,-0.1,-0.63,136614.0,216930.183,-0.0062617407639324885,-0.006281427688603477,16.03,16.4975,16.276,0.11628591599872508
2018-04-04,600900.SH,15.87,16.0,15.84,15.86,15.87,-0.01,-0.06,101989.65,162194.555,-0.000630119722747291,-0.0006303183316157478,15.964000000000002,16.457,16.273833333333336,0.11594633219256004
2018-04-09,600900.SH,15.89,16.11,15.83,16.03,15.86,0.17,1.07,155941.69,249161.891,0.010718789407314189,0.010661750414759849,15.95,16.411,16.276833333333332,0.1039425570771066
2018-04-10,600900.SH,16.05,16.19,16.05,16.15,16.03,0.12,0.75,119634.1,192991.995,0.007485963817841279,0.007458083047203695,15.975999999999999,16.3705,16.279166666666665,0.10962265486231519
2018-04-11,600900.SH,16.15,16.25,16.09,16.23,16.15,0.08,0.5,94432.46,152985.022,0.004953560371517174,0.004941331857834443,16.028,16.347,16.283333333333335,0.10126894406148557
2018-04-12,600900.SH,16.28,16.29,16.08,16.15,16.23,-0.08,-0.49,106479.64,172292.223,-0.0049291435613063594,-0.004941331857834435,16.083999999999996,16.319499999999998,16.283666666666665,0.10187036785674786
2018-04-13,600900.SH,16.18,16.2,15.92,15.94,16.15,-0.21,-1.3,111941.71,179594.729,-0.013003095975232193,-0.013088376306596561,16.1,16.2815,16.279833333333336,0.1092597063244666
2018-04-16,600900.SH,16.0,16.0,15.78,15.83,15.94,-0.11,-0.69,140358.07,222960.962,-0.006900878293600976,-0.006924799469148172,16.06,16.2405,16.271666666666665,0.11046066581211397
2018-04-17,600900.SH,15.84,16.14,15.84,15.99,15.83,0.16,1.01,126836.53,203322.28,0.010107391029690493,0.010056652952942115,16.028,16.2075,16.266833333333334,0.11899056545051694
2018-04-18,600900.SH,16.08,16.08,15.88,16.03,15.99,0.04,0.25,107215.87,171535.524,0.00250156347717323,0.002498439775598719,15.988,16.1765,16.261166666666664,0.11987447296447357
2018-04-19,600900.SH,16.07,16.12,15.91,15.95,16.03,-0.08,-0.5,103747.69,166045.677,-0.0049906425452278524,-0.0050031373906081625,15.947999999999999,16.14,16.259333333333334,0.11954043661321116
2018-04-20,600900.SH,15.9,16.14,15.9,16.05,15.95,0.1,0.63,130521.43,209674.018,0.006269592476489061,0.006250020345171326,15.969999999999999,16.111,16.258166666666664,0.12319875471554742
2018-04-23,600900.SH,16.0,16.19,15.99,16.14,16.05,0.09,0.56,109852.46,177111.467,0.005607476635514086,0.0055918132657779345,16.032,16.0925,16.259333333333334,0.1240516473783969
2018-04-24,600900.SH,16.09,16.27,16.09,16.2,16.14,0.06,0.37,104229.75,168826.575,0.0037174721189590088,0.0037105793965355534,16.073999999999998,16.078,16.261,0.12522305477927984
2018-04-25,600900.SH,16.2,16.25,15.97,16.0,16.2,-0.2,-1.23,113106.38,181989.338,-0.012345679012345623,-0.012422519998557096,16.068,16.0595,16.2595,0.12987562852170048
2018-04-26,600900.SH,16.05,16.08,15.95,16.0,16.0,0.0,0.0,116978.29,187175.938,0.0,0.0,16.078,16.035,16.25733333333333,0.12610863830409266
2018-04-27,600900.SH,16.04,16.14,15.98,16.11,16.0,0.11,0.69,139105.32,223308.013,0.0068749999999999645,0.006851474949101738,16.09,16.031,16.259,0.1127204819776877
2018-05-02,600900.SH,15.98,16.07,15.63,15.96,16.11,-0.15,-0.93,245759.99,389940.916,-0.009310986964618184,-0.009354605167220238,16.054000000000002,16.023999999999997,16.257166666666667,0.11582007463201273
2018-05-03,600900.SH,15.86,16.0,15.79,15.98,15.96,0.02,0.13,136689.4,217514.04,0.0012531328320801727,0.0012523483164658734,16.01,16.022,16.255833333333335,0.11467280227796911
2018-05-04,600900.SH,16.0,16.12,15.95,16.09,15.98,0.11,0.69,98158.03,157407.265,0.006883604505631968,0.006860020666163162,16.028,16.028,16.259666666666664,0.1166589888362044
2018-05-07,600900.SH,16.09,16.18,16.04,16.13,16.09,0.04,0.25,122933.52,198029.889,0.0024860161591049312,0.0024829311328255495,16.054000000000002,16.041,16.265333333333334,0.1141388159589861
2018-05-08,600900.SH,16.17,16.2,16.08,16.17,16.13,0.04,0.25,131010.19,211430.931,0.002479851208927686,0.002476781451898205,16.066000000000003,16.0565,16.269833333333334,0.11414230891821929
2018-05-09,600900.SH,16.17,16.22,16.15,16.19,16.17,0.02,0.12,80530.46,130319.658,0.0012368583797155441,0.001236094100528306,16.112000000000002,16.0645,16.270333333333333,0.1082360615879283
2018-05-10,600900.SH,16.26,16.29,15.96,16.03,16.19,-0.16,-0.99,194146.86,311876.233,-0.009882643607164954,-0.009931801068082214,16.122000000000003,16.058500000000002,16.267833333333332,0.11093306571219227
2018-05-11,600900.SH,16.08,16.16,15.99,16.13,16.03,0.1,0.62,132094.83,212637.326,0.00623830318153451,0.006218925515655796,16.130000000000003,16.0535,16.26516666666667,0.11183769681850507
2018-05-14,600900.SH,16.12,16.28,16.11,16.23,16.13,0.1,0.62,125726.44,203666.575,0.0061996280223186595,0.00618048938938235,16.150000000000002,16.057499999999997,16.264166666666664,0.11268229451775344
2018-05-15,600900.SH,16.27,16.67,16.21,16.64,16.23,0.41,2.53,210011.41,346913.904,0.025261860751694343,0.02494805386656264,16.244000000000003,16.0925,16.270333333333333,0.13293842008320403
2018-05-16,600900.SH,16.6,16.83,16.5,16.7,16.64,0.06,0.36,152441.18,254601.965,0.0036057692307691624,0.0035992840296468214,16.345999999999997,16.136000000000003,16.278333333333332,0.12857471342932822
2018-05-17,600900.SH,16.68,16.81,16.57,16.7,16.7,0.0,0.0,108168.22,180579.915,0.0,0.0,16.479999999999997,16.1715,16.2905,0.12583819131628116
2018-05-18,600900.SH,16.67,16.82,16.54,16.78,16.7,0.08,0.48,182754.28,305739.343,0.004790419161676773,0.004778981616350821,16.61,16.209,16.310166666666667,0.12617173939552298
2018-05-21,600900.SH,16.8,16.89,16.53,16.66,16.78,-0.12,-0.72,129889.22,216800.567,-0.00715137067938032,-0.007177064300363593,16.695999999999998,16.2445,16.325166666666668,0.12805108513871835
2018-05-22,600900.SH,16.65,16.75,16.56,16.72,16.66,0.06,0.36,79114.54,131798.298,0.0036014405762303525,0.003594970917858793,16.712,16.278,16.337333333333333,0.1272772885095668
2018-05-23,600900.SH,16.7,16.72,16.59,16.64,16.72,-0.08,-0.48,86293.47,143788.647,-0.004784688995215225,-0.004796172263492944,16.7,16.303,16.346166666666665,0.1287910113725507
2018-05-24,600900.SH,16.59,16.72,16.55,16.6,16.64,-0.04,-0.24,103931.29,172742.88,-0.0024038461538461453,-0.0024067400305649764,16.68,16.323,16.352,0.12926158776229596
2018-05-25,600900.SH,16.61,17.05,16.56,16.87,16.6,0.27,1.63,204772.1,344515.018,0.016265060240963747,0.016134201195379276,16.698,16.3665,16.359666666666666,0.12924041607474265
2018-05-28,600900.SH,16.92,17.03,16.8,16.91,16.87,0.04,0.24,121628.54,205966.155,0.002371072910491989,0.0023682663526119895,16.748,16.412,16.36583333333333,0.12886126202395645
2018-05-29,600900.SH,16.86,16.99,16.81,16.98,16.91,0.07,0.41,160999.83,271680.399,0.004139562389118945,0.004131017972712407,16.800000000000004,16.4555,16.374333333333333,0.1280776013873019
2018-05-30,600900.SH,16.87,16.96,16.71,16.78,16.98,-0.2,-1.18,156635.25,263602.502,-0.011778563015312105,-0.011848479844141111,16.828000000000003,16.4965,16.379166666666666,0.13139414201620797
2018-05-31,600900.SH,16.72,17.22,16.72,17.11,16.78,0.33,1.97,323967.58,552782.527,0.019666269368295408,0.019475386865041813,16.93,16.553,16.385166666666667,0.14459440467003937
2018-06-01,600900.SH,17.06,17.06,16.77,16.78,17.11,-0.33,-1.93,133133.98,224663.922,-0.019286966686148377,-0.019475386865041914,16.912,16.5875,16.384166666666665,0.16480723346600126
2018-06-04,600900.SH,16.9,16.97,16.73,16.86,16.78,0.08,0.48,98788.57,166369.388,0.004767580452920139,0.004756251534649276,16.902,16.624000000000002,16.3875,0.1650672185677041
2018-06-05,600900.SH,16.86,16.92,16.69,16.9,16.86,0.04,0.24,121539.21,204606.61,0.0023724792408066353,0.0023696693553183824,16.886,16.660500000000003,16.391333333333332,0.1650658203311441
2018-06-06,600900.SH,16.94,17.24,16.87,17.2,16.9,0.3,1.78,166034.85,284063.076,0.01775147928994092,0.01759576189037966,16.97,16.711000000000002,16.395500000000002,0.17388021491537517
2018-06-07,600900.SH,17.2,17.23,16.9,17.03,17.2,-0.17,-0.99,196750.4,335130.319,-0.009883720930232487,-0.009932889144810374,16.954,16.761,16.396666666666665,0.1738812807537216
2018-06-08,600900.SH,16.97,17.08,16.82,16.99,17.03,-0.04,-0.23,184323.66,312035.762,-0.0023487962419261876,-0.002351558990756432,16.996,16.804,16.401500000000002,0.17448783747576743
2018-06-11,600900.SH,16.88,17.03,16.83,17.0,16.99,0.01,0.06,143710.75,243582.407,0.0005885815185404653,0.000588408372375572,17.023999999999997,16.8425,16.4065,0.17411354017398867
2018-06-12,600900.SH,16.95,17.24,16.93,17.14,17.0,0.14,0.82,216631.29,371176.599,0.008235294117647118,0.00820156911341771,17.072,16.8675,16.413833333333333,0.15372833726795265
2018-06-13,600900.SH,17.1,17.45,17.1,17.32,17.14,0.18,1.05,243016.6,420693.492,0.010501750291715295,0.010446989964655375,17.096,16.8985,16.425,0.15688230532739772
2018-06-14,600900.SH,17.28,17.85,17.26,17.54,17.32,0.22,1.27,307091.2,540530.822,0.01270207852193983,0.012622083809747763,17.198,16.9405,16.439833333333333,0.1612906717104866
2018-06-15,600900.SH,17.57,17.8,17.46,17.67,17.54,0.13,0.74,251284.75,442501.257,0.00741163055872307,0.007384299387568198,17.334,16.985,16.456833333333336,0.1620497063762337
2018-06-19,600900.SH,17.58,17.79,17.44,17.69,17.67,0.02,0.11,489529.33,863649.055,0.0011318619128466434,0.0011312218400888893,17.472,17.0365,16.473666666666666,0.15803139464415278
2018-06-20,600900.SH,17.51,17.7,17.42,17.56,17.69,-0.13,-0.73,200609.97,352086.593,-0.007348784624081506,-0.007375919964723412,17.556,17.0785,16.489166666666666,0.1622493850216107
2018-06-21,600900.SH,17.59,17.71,17.56,17.65,17.56,0.09,0.51,204496.46,360719.222,0.005125284738040969,0.005112195172335141,17.622,17.128999999999998,16.508166666666668,0.1601449463266441
2018-06-22,600900.SH,17.02,17.02,16.45,16.61,16.97,-0.36,-2.12,302683.77,503815.132,-0.05892351274787533,-0.060730859754102244,17.436,17.1295,16.510166666666667,0.27202384320903683
2018-06-25,600900.SH,16.59,16.62,16.4,16.47,16.61,-0.14,-0.84,213451.91,352461.552,-0.008428657435279985,-0.008464379435654583,17.196,17.1095,16.511833333333332,0.26671960459671995
2018-06-26,600900.SH,16.4,16.54,16.2,16.23,16.47,-0.24,-1.46,189788.62,310260.023,-0.014571948998178375,-0.014679162663048976,16.903999999999996,17.075499999999998,16.5075,0.27058005414103187
2018-06-27,600900.SH,16.25,16.4,16.07,16.22,16.23,-0.01,-0.06,193827.44,314118.842,-0.0006161429451633227,-0.0006163328392330272,16.636000000000003,17.0375,16.508,0.26969523648165167
2018-06-28,600900.SH,16.1,16.25,16.0,16.13,16.22,-0.09,-0.55,170969.88,275616.352,-0.0055487053020961685,-0.00556415655014936,16.332,17.005000000000003,16.5085,0.2676430752104246
2018-06-29,600900.SH,16.13,16.19,16.08,16.14,16.13,0.01,0.06,134957.15,217644.205,0.000619962802231866,0.0006197707046852454,16.238,16.9565,16.5105,0.25561785776009405
2018-07-02,600900.SH,16.09,16.14,15.83,15.85,16.14,-0.29,-1.8,143572.59,229185.812,-0.017967781908302394,-0.01813116251851316,16.113999999999997,16.910000000000004,16.5085,0.2545290697406438
2018-07-03,600900.SH,15.95,15.98,15.44,15.86,15.85,0.01,0.06,215170.1,338971.828,0.0006309148264984632,0.0006307158834123459,16.04,16.86,16.508333333333333,0.2533355041642605
2018-07-04,600900.SH,15.82,16.25,15.76,16.15,15.86,0.29,1.83,180987.83,290794.114,0.01828499369482972,0.01811983346196358,16.026,16.822499999999998,16.513166666666667,0.26383096171875037
2018-07-05,600900.SH,16.05,16.37,15.99,16.34,16.15,0.19,1.18,306342.18,496664.188,0.011764705882353121,0.011696039763191456,16.068,16.7795,16.518333333333334,0.2586515595779177
2018-07-06,600900.SH,16.3,16.44,16.23,16.32,16.34,-0.02,-0.12,165886.4,271452.319,-0.001223990208078285,-0.0012247398958958238,16.104,16.744,16.521166666666666,0.2571649004971188
2018-07-09,600900.SH,16.4,16.48,16.25,16.31,16.32,-0.01,-0.06,113910.81,186275.017,-0.0006127450980393245,-0.0006129329030385572,16.195999999999998,16.71,16.5225,0.2572074168418736
2018-07-10,600900.SH,16.3,16.37,16.08,16.29,16.31,-0.02,-0.12,126047.67,204528.214,-0.0012262415695891704,-0.0012269940189687022,16.282,16.674500000000002,16.524833333333333,0.25705400689389074
2018-07-11,600900.SH,16.15,16.2,16.0,16.12,16.29,-0.17,-1.04,87432.38,140680.098,-0.010435850214855602,-0.010490685535471389,16.276,16.6235,16.527833333333334,0.2557312651067772
2018-07-12,600900.SH,16.06,16.26,16.06,16.13,16.12,0.01,0.06,132337.51,213880.151,0.0006203473945407545,0.0006201550586350723,16.233999999999998,16.564,16.532833333333333,0.2512097899085192
2018-07-13,600900.SH,16.2,16.2,15.98,16.08,16.13,-0.05,-0.31,129301.95,207867.759,-0.0030998140111593298,-0.0031046283862971816,16.186,16.491,16.534333333333333,0.24390632169839369
2018-07-16,600900.SH,16.05,16.17,16.01,16.11,16.08,0.03,0.19,96016.99,154543.375,0.001865671641791078,0.0018639334380627327,16.145999999999997,16.413,16.535666666666668,0.24117744459632776
2018-07-17,600900.SH,16.05,16.15,15.96,16.03,16.11,-0.08,-0.5,108646.15,174351.164,-0.00496585971446295,-0.004978230567421309,16.094,16.33,16.537,0.24025907153034165
2018-07-18,600900.SH,16.1,16.45,16.04,16.29,16.03,0.26,1.62,182377.2,296659.558,0.016219588271989993,0.01608945599249215,16.128,16.2665,16.541,0.2512601920150205
2018-07-19,600900.SH,16.38,16.68,16.33,16.63,16.29,0.34,2.09,174219.15,288564.868,0.020871700429711426,0.020656870590882493,16.227999999999998,16.2155,16.549166666666665,0.26440609034153173
2018-07-20,600900.SH,16.55,16.77,16.51,16.73,16.63,0.1,0.6013,136800.43,228001.427,0.006013229104028905,0.005995221793896338,16.358,16.2215,16.558,0.16257755637310714
2018-07-23,600900.SH,16.7,16.86,16.55,16.75,16.73,0.02,0.1195,124734.01,208471.139,0.001195457262402888,0.0011947432723428558,16.486,16.235500000000002,16.5705,0.15919221808876746
2018-07-24,600900.SH,16.7,16.77,16.41,16.54,16.75,-0.21,-1.2537,229695.81,379823.25,-0.012537313432835817,-0.01261656867553018,16.588,16.250999999999998,16.5795,0.15671558006735956
2018-07-25,600900.SH,16.5,16.55,16.25,16.34,16.54,-0.2,-1.2092,173286.1,283551.052,-0.012091898428053138,-0.012165600163688364,16.598,16.256999999999998,16.583333333333332,0.16342834200486855
2018-07-26,600900.SH,16.43,16.62,16.38,16.56,16.34,0.22,1.3464,126536.51,208766.138,0.01346389228886169,0.01337405952525681,16.584,16.2785,16.59333333333333,0.1680887578362234
2018-07-27,600900.SH,16.61,16.63,16.39,16.42,16.56,-0.14,-0.8454,85318.94,140874.134,-0.008454106280193052,-0.008490044932831285,16.522,16.292499999999997,16.600666666666665,0.17167323878967236
2018-07-30,600900.SH,16.42,16.85,16.42,16.85,16.42,0.43,2.6188,201100.52,336811.241,0.026187576126674772,0.025850552774088553,16.542,16.342499999999998,16.613333333333333,0.17866165805287287
2018-07-31,600900.SH,16.85,16.96,16.77,16.84,16.85,-0.01,-0.0593,113291.67,191284.883,-0.0005934718100890635,-0.0005936479841901054,16.602,16.3915,16.625166666666665,0.17894086388123562
2018-08-01,600900.SH,16.9,16.92,16.72,16.78,16.84,-0.06,-0.3563,140459.53,236372.293,-0.0035629453681709222,-0.0035693077751204503,16.69,16.423,16.63533333333333,0.17091511560818254
2018-08-02,600900.SH,16.7,17.02,16.43,16.62,16.78,-0.16,-0.9535,266168.82,447145.636,-0.009535160905840279,-0.009580911611757979,16.702,16.437,16.642500000000002,0.17144755323913005
2018-08-03,600900.SH,16.62,16.88,16.51,16.77,16.62,0.15,0.9025,188848.5,316497.556,0.00902527075812265,0.008984786407815257,16.772,16.4595,16.654833333333336,0.17360606823373245
2018-08-06,600900.SH,16.85,16.89,16.38,16.4,16.77,-0.37,-2.2063,210040.88,350159.375,-0.022063208109719845,-0.022310241004964853,16.682,16.464000000000002,16.659333333333333,0.1925921744749064
2018-08-07,600900.SH,16.46,16.6,16.4,16.5,16.4,0.1,0.6098,153560.45,253180.957,0.0060975609756097615,0.0060790460763821925,16.614,16.4745,16.663833333333333,0.19355197078253536
2018-08-08,600900.SH,16.51,16.59,16.22,16.23,16.5,-0.27,-1.6364,181960.8,298975.417,-0.016363636363636358,-0.016498999380035077,16.504,16.479999999999997,16.657,0.19914284891128317
2018-08-09,600900.SH,16.21,16.48,16.1,16.38,16.23,0.15,0.9242,175431.02,286918.001,0.009242144177449063,0.009199696898423416,16.456,16.4925,16.651666666666667,0.2015974834970597
2018-08-10,600900.SH,16.35,16.5,16.29,16.35,16.38,-0.03,-0.1832,85419.05,140019.573,-0.001831501831501714,-0.0018331810816608492,16.372,16.506,16.645833333333332,0.2013183332013509
2018-08-13,600900.SH,16.35,16.47,16.13,16.42,16.35,0.07,0.4281,153027.07,248728.231,0.004281345565749328,0.0042722066810198574,16.375999999999998,16.5215,16.639833333333332,0.20165289796076252
2018-08-14,600900.SH,16.46,16.46,16.11,16.31,16.42,-0.11,-0.6699,160013.87,259941.29,-0.006699147381242554,-0.006721687391359829,16.338,16.535500000000003,16.634,0.2024287979564251
2018-08-15,600900.SH,16.25,16.29,16.12,16.13,16.31,-0.18,-1.1036,101388.29,164217.145,-0.011036174126302867,-0.011097524495804994,16.318,16.5275,16.624166666666664,0.19822452212676536
2018-08-16,600900.SH,16.05,16.25,15.91,16.11,16.13,-0.02,-0.124,142206.35,228743.577,-0.001239925604463732,-0.0012406949482344823,16.264,16.5015,16.615333333333332,0.18156335567260642
2018-08-17,600900.SH,16.15,16.31,16.05,16.13,16.11,0.02,0.1241,153887.47,249268.859,0.0012414649286156543,0.0012406949482343704,16.22,16.4715,16.607499999999998,0.1797163575129808
2018-08-20,600900.SH,16.21,16.65,16.15,16.65,16.13,0.52,3.2238,253659.91,417964.186,0.03223806571605703,0.03172932428933534,16.266,16.4665,16.603833333333334,0.21650998801981997
2018-08-21,600900.SH,16.68,16.7,16.47,16.57,16.65,-0.08,-0.4805,111325.22,184426.397,-0.004804804804804719,-0.004816384987981204,16.318,16.468,16.598166666666668,0.2123717339778067
2018-08-22,600900.SH,16.52,16.53,16.29,16.4,16.57,-0.17,-1.026,128273.53,209956.226,-0.01025950512975271,-0.010312496608318953,16.372,16.470999999999997,16.5885,0.2110635069421295
2018-08-23,600900.SH,16.36,16.42,16.21,16.25,16.4,-0.15,-0.9146,104406.83,169931.639,-0.009146341463414531,-0.009188426054406142,16.4,16.455499999999997,16.579666666666665,0.20754269854457444
2018-08-24,600900.SH,16.23,16.3,16.02,16.21,16.25,-0.04,-0.2462,108253.23,175000.57,-0.002461538461538404,-0.0024645730281616994,16.416000000000004,16.445,16.564666666666668,0.20571799119048062
2018-08-27,600900.SH,16.1,16.28,16.1,16.21,16.21,0.0,0.0,131802.37,213609.943,0.0,0.0,16.328,16.413,16.55516666666667,0.1799373527739019
2018-08-28,600900.SH,16.23,16.38,16.21,16.28,16.21,0.07,0.4318,103656.43,168896.92,0.0043183220234424,0.004309024826809585,16.27,16.385,16.5455,0.18124078453855788
2018-08-29,600900.SH,16.23,16.33,16.05,16.09,16.28,-0.19,-1.1671,152000.45,244833.179,-0.011670761670761753,-0.011739399570102482,16.208000000000002,16.3505,16.532,0.18464196958797452
2018-08-30,600900.SH,16.11,16.18,16.07,16.07,16.09,-0.02,-0.1243,94344.11,151901.979,-0.0012430080795524656,-0.0012437812548705715,16.172,16.323,16.513166666666667,0.18250735856788236
2018-08-31,600900.SH,16.08,16.12,15.81,15.82,16.07,-0.25,-1.5557,278425.39,444199.904,-0.01555693839452399,-0.015679217409913435,16.094,16.2755,16.493000000000002,0.18434264323689958
2018-09-03,600900.SH,15.83,16.08,15.83,15.96,15.82,0.14,0.885,165577.91,264757.584,0.008849557522123908,0.008810629682154906,16.044,16.2535,16.475833333333334,0.17397170663105815
2018-09-04,600900.SH,15.99,16.15,15.94,16.11,15.96,0.15,0.9398,104681.12,167974.314,0.009398496240601517,0.009354605167220318,16.009999999999998,16.233999999999998,16.461,0.17621403288651863
2018-09-05,600900.SH,16.06,16.11,15.87,15.89,16.11,-0.22,-1.3656,99132.72,158161.374,-0.013656114214773307,-0.013750216640258271,15.969999999999999,16.217000000000002,16.440166666666666,0.17334987711330885
2018-09-06,600900.SH,15.85,15.93,15.8,15.82,15.89,-0.07,-0.4405,82244.57,130306.978,-0.004405286343612369,-0.004415018209116831,15.920000000000002,16.189,16.415166666666668,0.16937674219712215
2018-09-07,600900.SH,15.85,15.9,15.68,15.7,15.82,-0.12,-0.7585,104373.0,164590.522,-0.007585335018963413,-0.007614249985245517,15.895999999999997,16.1565,16.3845,0.17066958679045757
2018-09-10,600900.SH,15.7,15.74,15.45,15.59,15.7,-0.11,-0.7006,113061.62,175815.841,-0.007006369426751591,-0.007031029284577221,15.822,16.115,16.349833333333333,0.16988571133870697
2018-09-11,600900.SH,15.59,15.74,15.44,15.47,15.59,-0.12,-0.7697,94290.66,146772.976,-0.007697241821680523,-0.007727018484710356,15.693999999999999,16.073,16.312833333333334,0.17024665163909017
2018-09-12,600900.SH,15.4,15.68,15.37,15.67,15.47,0.2,1.2928,118613.94,184166.504,0.012928248222365823,0.01284539178295466,15.65,16.05,16.281333333333333,0.17563728921617056
2018-09-13,600900.SH,15.71,15.83,15.63,15.77,15.67,0.1,0.6382,101818.85,160049.422,0.0063816209317166805,0.00636134460701758,15.639999999999997,16.033,16.25,0.17779283530684906
2018-09-14,600900.SH,15.82,15.82,15.63,15.71,15.77,-0.06,-0.3805,64241.91,100930.652,-0.0038046924540265925,-0.003811948707417186,15.642000000000001,16.011999999999997,16.235,0.17784876006800915
2018-09-17,600900.SH,15.68,15.81,15.62,15.72,15.71,0.01,0.0637,96552.42,151915.105,0.0006365372374284028,0.0006363347335307106,15.668000000000001,15.9655,16.2225,0.12701750359511071
2018-09-18,600900.SH,15.65,15.85,15.65,15.84,15.72,0.12,0.7634,103236.79,163090.846,0.007633587786259444,0.0076045993852192125,15.741999999999999,15.928999999999998,16.216,0.1320390692884427
2018-09-19,600900.SH,15.86,15.94,15.72,15.86,15.84,0.02,0.1263,111530.1,176865.3,0.0012626262626262985,0.0012618298204221654,15.779999999999998,15.902000000000001,16.21,0.1290313147658401
2018-09-20,600900.SH,15.86,15.98,15.84,15.95,15.86,0.09,0.5675,75405.65,120158.919,0.005674653215636871,0.0056586130241517004,15.815999999999999,15.887,16.207,0.12832074301973237
2018-09-21,600900.SH,15.99,16.23,15.9,16.23,15.95,0.28,1.7555,134750.08,216520.332,0.017554858934169415,0.0174025522956464,15.919999999999998,15.888,16.2085,0.14382440977563088
2018-09-25,600900.SH,16.16,16.27,16.12,16.22,16.23,-0.01,-0.0616,75946.11,123174.16,-0.0006161429451633227,-0.0006163328392330272,16.02,15.888499999999999,16.214666666666666,0.1438467554052476
2018-09-26,600900.SH,16.18,16.35,16.12,16.18,16.22,-0.04,-0.2466,138016.04,224258.847,-0.002466091245376001,-0.0024691370569211537,16.088,15.883499999999998,16.22,0.143203573201881
2018-09-27,600900.SH,16.28,16.4,16.15,16.38,16.18,0.2,1.2361,137885.16,225276.793,0.012360939431396822,0.01228516679457777,16.192,15.898,16.22383333333333,0.1432340319204393
2018-09-28,600900.SH,16.4,16.45,16.32,16.38,16.38,0.0,0.0,111788.94,183234.173,0.0,0.0,16.278,15.913499999999999,16.2245,0.1430515083491658
2018-10-08,600900.SH,16.11,16.23,15.94,16.0,16.38,-0.38,-2.3199,199247.87,319772.037,-0.023199023199023117,-0.023472356185142044,16.232,15.922500000000003,16.219166666666666,0.15669973968483367
2018-10-09,600900.SH,15.9,16.08,15.82,15.88,16.0,-0.12,-0.75,141740.97,226064.485,-0.007499999999999951,-0.0075282664207915245,16.164,15.9185,16.212,0.15604620777724557
2018-10-10,600900.SH,15.9,15.98,15.73,15.8,15.88,-0.08,-0.5038,121779.4,192676.009,-0.005037783375314908,-0.0050505157860685915,16.088,15.903,16.203833333333332,0.15263902092338041
2018-10-11,600900.SH,15.7,15.84,15.32,15.37,15.8,-0.43,-2.7215,345679.93,538997.948,-0.027215189873417867,-0.027592382482416775,15.886000000000001,15.876999999999999,16.191333333333333,0.1737626374361341
2018-10-12,600900.SH,15.53,15.64,15.33,15.38,15.37,0.01,0.0651,247729.53,383732.489,0.0006506180871830303,0.000650406526993629,15.686000000000002,15.854999999999999,16.178833333333333,0.17360869510225935
2018-10-15,600900.SH,15.45,15.73,15.4,15.4,15.38,0.02,0.13,191550.67,298471.16,0.0013003901170349774,0.0012995453420854258,15.565999999999999,15.84,16.1675,0.17223717254037998
2018-10-16,600900.SH,15.45,15.59,15.3,15.5,15.4,0.1,0.6494,184168.67,284695.371,0.006493506493506551,0.00647251450561752,15.49,15.835500000000001,16.157333333333334,0.17256327997979906
2018-10-17,600900.SH,15.59,15.95,15.58,15.81,15.5,0.31,2.0,248173.79,391139.86,0.020000000000000018,0.01980262729617973,15.492,15.852500000000001,16.153666666666666,0.18428223059067847
2018-10-18,600900.SH,15.85,15.87,15.45,15.51,15.81,-0.3,-1.8975,158971.9,248392.475,-0.018975332068311257,-0.019157674032933256,15.52,15.8445,16.140666666666668,0.19188171499988918
2018-10-19,600900.SH,15.5,15.9,15.4,15.83,15.51,0.32,2.0632,265099.76,415508.551,0.020631850419084552,0.020421896704473416,15.61,15.8475,16.127333333333333,0.2048343321908551
2018-10-22,600900.SH,15.8,16.21,15.8,16.07,15.83,0.24,1.5161,273117.93,438992.207,0.01516108654453574,0.015047305856500486,15.744,15.8655,16.116333333333333,0.21080739234788848
2018-10-23,600900.SH,16.0,16.08,15.74,15.75,16.07,-0.32,-1.9913,207133.55,327881.112,-0.01991288114499068,-0.020113814477779164,15.794,15.866999999999999,16.099666666666668,0.22377931036115603
2018-10-24,600900.SH,15.77,15.97,15.63,15.79,15.75,0.04,0.254,117871.01,186721.511,0.0025396825396823974,0.0025364629959085117,15.790000000000001,15.864500000000001,16.08716666666667,0.22225736824633008
2018-10-25,600900.SH,15.68,15.87,15.5,15.81,15.79,0.02,0.1267,166326.89,261113.654,0.001266624445851905,0.001265822953830027,15.85,15.862,16.078333333333333,0.22225768536579485
2018-10-26,600900.SH,15.8,16.05,15.68,16.01,15.81,0.2,1.265,234517.36,372456.335,0.012650221378874171,0.012570875787242709,15.886000000000001,15.865,16.069166666666668,0.22599449279274234
2018-10-29,600900.SH,16.1,16.21,15.56,15.6,16.01,-0.41,-2.5609,249319.4,395145.394,-0.025608994378513494,-0.025942612753132022,15.791999999999998,15.8335,16.0555,0.23403945568271198
2018-10-30,600900.SH,15.79,15.8,15.58,15.62,15.6,0.02,0.1282,162180.02,254510.168,0.0012820512820512775,0.00128123015604854,15.766,15.803500000000003,16.035,0.23427162307068664
2018-10-31,600900.SH,15.65,15.7,15.53,15.61,15.62,-0.01,-0.064,189967.78,296420.223,-0.000640204865556937,-0.0006404098841991698,15.73,15.775,16.0145,0.23429024171795276
2018-11-01,600900.SH,15.69,15.72,15.4,15.5,15.61,-0.11,-0.7047,310821.1,483826.741,-0.007046764894298452,-0.007071710602139684,15.668000000000001,15.731,15.993166666666665,0.228922283734622
2018-11-02,600900.SH,15.56,15.63,15.35,15.61,15.5,0.11,0.7097,510125.6,789930.295,0.007096774193548372,0.0070717106021397445,15.588,15.6925,15.976333333333333,0.23138793007816857
2018-11-05,600900.SH,15.57,15.57,15.39,15.42,15.61,-0.19,-1.2172,338737.06,523917.313,-0.0121716848174247,-0.012246366392157235,15.551999999999998,15.663500000000003,15.953833333333334,0.22126955945175283
2018-11-06,600900.SH,15.4,15.4,14.98,15.11,15.42,-0.31,-2.0104,370531.63,561398.261,-0.020103761348897575,-0.02030859185053527,15.45,15.625,15.932333333333332,0.2299643263831068
2018-11-07,600900.SH,15.16,15.21,15.01,15.12,15.11,0.01,0.0662,194834.51,294252.701,0.0006618133686300265,0.0006615944667387185,15.351999999999999,15.591000000000003,15.909333333333333,0.22998125982687798
2018-11-08,600900.SH,15.22,15.24,15.05,15.18,15.12,0.06,0.3968,156342.81,236928.599,0.003968253968253954,0.003960401216096914,15.288,15.5815,15.891833333333333,0.21063334675775824
2018-11-09,600900.SH,15.12,15.19,14.55,14.65,15.18,-0.53,-3.4914,494907.76,729926.542,-0.034914361001317507,-0.035538436504407536,15.096,15.545000000000002,15.863,0.24327462234660133
2018-11-12,600900.SH,14.59,14.73,14.48,14.62,14.65,-0.03,-0.2048,282797.08,414082.603,-0.0020477815699659896,-0.002049881141443987,14.935999999999998,15.506,15.834166666666667,0.2429044975614116
2018-11-13,600900.SH,14.52,14.65,14.44,14.6,14.62,-0.02,-0.1368,253461.21,369207.659,-0.001367989056087482,-0.001368925607341621,14.834,15.460999999999999,15.803833333333333,0.24064347392292834
2018-11-14,600900.SH,14.6,14.83,14.38,14.43,14.6,-0.17,-1.1644,349588.46,509140.619,-0.011643835616438336,-0.01171215592851123,14.696000000000002,15.392,15.7725,0.2265471360422277
2018-11-15,600900.SH,14.42,14.6,14.41,14.59,14.43,0.16,1.1088,173389.53,252115.059,0.011088011088011163,0.011026989748914848,14.578,15.346,15.746833333333335,0.22613053146789713
2018-11-16,600900.SH,14.63,14.64,14.46,14.64,14.59,0.05,0.3427,193607.9,282117.64,0.0034270047978066653,0.003421145998471171,14.575999999999999,15.2865,15.722333333333333,0.20999960998153042
2018-11-19,600900.SH,14.68,14.74,14.62,14.7,14.64,0.06,0.4098,200913.56,294930.313,0.004098360655737654,0.004089985251525066,14.591999999999999,15.218,15.698500000000001,0.20018249541726593
2018-11-20,600900.SH,14.65,14.69,14.45,14.45,14.7,-0.25,-1.7007,157031.18,227904.363,-0.017006802721088454,-0.01715307922624947,14.562000000000001,15.153,15.661833333333332,0.19743657283742252
2018-11-21,600900.SH,14.38,14.56,14.35,14.51,14.45,0.06,0.4152,90313.41,130857.74,0.0041522491349481605,0.004143652337655374,14.578,15.088999999999999,15.6275,0.19825052429881304
2018-11-22,600900.SH,14.56,14.57,14.4,14.44,14.51,-0.07,-0.4824,94194.48,136193.737,-0.004824259131633424,-0.0048359334314163754,14.547999999999998,15.020499999999998,15.594833333333334,0.19722242131169107
2018-11-23,600900.SH,14.41,14.45,14.19,14.25,14.44,-0.19,-1.3158,183872.64,262902.9,-0.013157894736842035,-0.013245226750020567,14.469999999999999,14.9325,15.5615,0.18863712613927894
2018-11-26,600900.SH,14.35,14.51,14.26,14.47,14.25,0.22,1.5439,165563.1,238626.473,0.01543859649122803,0.01532063392873292,14.424000000000001,14.876,15.5325,0.187556376180042
2018-11-27,600900.SH,14.47,14.62,14.39,14.43,14.47,-0.04,-0.2764,185836.46,269730.279,-0.0027643400138217533,-0.002768167857613043,14.419999999999998,14.8165,15.502833333333333,0.18668285756818462
2018-11-28,600900.SH,14.49,14.54,14.31,14.4,14.43,-0.03,-0.2079,129880.95,186888.112,-0.0020790020790020236,-0.0020811662038245117,14.398,14.756,15.471499999999999,0.1864205470652799
2018-11-29,600900.SH,14.44,14.46,14.24,14.24,14.4,-0.16,-1.1111,178787.0,256277.666,-0.011111111111111072,-0.011173300598125189,14.358,14.693000000000001,15.440666666666665,0.1878658119032026
2018-11-30,600900.SH,14.24,14.63,14.23,14.35,14.24,0.11,0.7725,230300.93,332717.057,0.0077247191011236005,0.007695036221800413,14.378,14.63,15.412,0.18837751432619707
2018-12-03,600900.SH,14.62,14.75,14.55,14.7,14.35,0.35,2.439,255806.05,374818.709,0.024390243902439046,0.024097551579060524,14.424000000000001,14.594,15.393333333333334,0.21102567078468182
2018-12-04,600900.SH,14.7,14.79,14.64,14.7,14.7,0.0,0.0,108528.45,159668.772,0.0,0.0,14.478,14.5735,15.372333333333334,0.20032926587652466
2018-12-05,600900.SH,14.6,14.69,14.57,14.61,14.7,-0.09,-0.6122,129335.05,189097.131,-0.006122448979591799,-0.006141268022082465,14.52,14.548000000000002,15.347333333333333,0.20089544806483747
2018-12-06,600900.SH,14.5,14.57,14.13,14.22,14.61,-0.39,-2.6694,316605.0,452073.059,-0.026694045174537884,-0.02705680138751319,14.516,14.5,15.319500000000001,0.21827877844460147
2018-12-07,600900.SH,14.2,14.36,14.2,14.35,14.22,0.13,0.9142,110953.78,158591.565,0.00914205344585084,0.009100517830535223,14.516,14.485,15.295,0.18709486830019512
2018-12-10,600900.SH,14.21,14.39,14.21,14.36,14.35,0.01,0.0697,167124.98,239150.532,0.0006968641114981633,0.0006966214144479138,14.447999999999999,14.472,15.272666666666664,0.18713841507566717
2018-12-11,600900.SH,14.35,14.37,14.25,14.31,14.36,-0.05,-0.3482,114995.41,164326.841,-0.0034818941504177747,-0.003487970051718531,14.37,14.457500000000001,15.251333333333333,0.1873692070420621
2018-12-12,600900.SH,14.43,14.68,14.4,14.66,14.31,0.35,2.4458,254012.74,369862.78,0.024458420684835724,0.02416410289014584,14.38,14.469,15.237833333333333,0.2031640094982959
2018-12-13,600900.SH,14.66,15.11,14.62,14.93,14.66,0.27,1.8417,286862.75,428646.26,0.018417462482946734,0.018249915092593525,14.522,14.485999999999999,15.225500000000002,0.20961718233378168
2018-12-14,600900.SH,14.9,15.16,14.86,14.96,14.93,0.03,0.2009,196569.13,295515.847,0.002009377093101117,0.002007360995232145,14.644,14.501999999999999,15.211999999999998,0.20948093872743453
2018-12-17,600900.SH,15.07,15.11,14.91,15.0,14.96,0.04,0.2674,162879.3,244459.857,0.002673796791443861,0.002670228555878892,14.772,14.517,15.200166666666666,0.20927723572995274
2018-12-18,600900.SH,14.93,15.25,14.93,15.11,15.0,0.11,0.7333,238034.45,360365.792,0.007333333333333192,0.0073065751824379944,14.931999999999999,14.55,15.19,0.19893581086625978
2018-12-19,600900.SH,15.14,15.4,15.11,15.3,15.11,0.19,1.2574,226855.32,347126.806,0.012574454003970947,0.012496052113741643,15.060000000000002,14.589500000000001,15.181000000000001,0.20218994210939542
2018-12-20,600900.SH,15.29,15.37,14.95,15.17,15.3,-0.13,-0.8497,208027.44,314880.477,-0.008496732026143872,-0.00853303503794898,15.107999999999999,14.626000000000001,15.1695,0.2044180586165919
2018-12-21,600900.SH,15.14,15.38,15.09,15.38,15.17,0.21,1.3843,251922.2,384631.361,0.013843111404087116,0.013748170717057136,15.192000000000002,14.682500000000001,15.16,0.19930873718696365
2018-12-24,600900.SH,15.21,15.32,15.01,15.18,15.38,-0.2,-1.3004,164843.57,249284.991,-0.013003901170351218,-0.013089192110014162,15.228,14.718,15.1425,0.2030017464049125
2018-12-25,600900.SH,15.07,15.34,15.07,15.3,15.18,0.12,0.7905,129879.94,197304.914,0.007905138339921125,0.007874056430906086,15.266000000000002,14.761500000000002,15.127166666666666,0.20288191160695238
2018-12-26,600900.SH,15.28,15.57,15.23,15.52,15.3,0.22,1.4379,173526.32,268463.652,0.01437908496732021,0.014276686356682862,15.309999999999999,14.8175,15.116166666666667,0.2057978059322407
2018-12-27,600900.SH,15.45,15.73,15.37,15.58,15.52,0.06,0.3866,215943.28,336730.36,0.0038659793814432852,0.0038585256875294997,15.392,14.8845,15.102833333333335,0.19809699811254733
2018-12-28,600900.SH,15.6,15.88,15.58,15.88,15.58,0.3,1.9255,253956.39,400293.317,0.019255455712451797,0.019072415376387396,15.492,14.960999999999999,15.094500000000002,0.20464439690318154
2019-01-02,600900.SH,15.79,15.8,15.12,15.42,15.88,-0.46,-2.8967,305334.08,467205.842,-0.028967254408060472,-0.02939508768380625,15.540000000000001,14.997,15.084833333333334,0.22478859865292086
2019-01-03,600900.SH,15.29,15.57,15.27,15.57,15.42,0.15,0.9728,158289.71,244273.877,0.009727626459143934,0.009680617710723496,15.594,15.0405,15.079666666666668,0.22600851175822212
2019-01-04,600900.SH,15.55,15.55,15.16,15.32,15.57,-0.25,-1.6057,241127.34,369454.172,-0.016056518946692355,-0.01618682153346172,15.554000000000002,15.075999999999999,15.071666666666665,0.23392478436335007
2019-01-07,600900.SH,15.39,15.43,15.16,15.24,15.32,-0.08,-0.5222,195114.27,297628.905,-0.005221932114882533,-0.005235614053945052,15.486,15.127,15.0695,0.20955604475794123
2019-01-08,600900.SH,15.2,15.61,15.2,15.56,15.24,0.32,2.0997,200298.89,308659.635,0.0209973753280841,0.020779968491745435,15.422,15.1875,15.0725,0.21781271520556042
2019-01-09,600900.SH,15.65,15.74,15.47,15.48,15.56,-0.08,-0.5141,125442.16,195552.061,-0.005141388174807249,-0.0051546505886645375,15.434000000000001,15.243500000000001,15.073833333333333,0.2200134711293775
2019-01-10,600900.SH,15.42,15.54,15.24,15.33,15.48,-0.15,-0.969,138792.26,212924.463,-0.009689922480620172,-0.009737175277858317,15.386000000000001,15.2945,15.071,0.22382917387182266
2019-01-11,600900.SH,15.33,15.42,15.22,15.39,15.33,0.06,0.3914,92002.73,140977.726,0.00391389432485334,0.0039062549670652105,15.4,15.331,15.063999999999998,0.20980816947349124
2019-01-14,600900.SH,15.35,15.42,15.19,15.27,15.39,-0.12,-0.7797,116617.36,178286.132,-0.007797270955165803,-0.007827828620246903,15.406,15.348000000000003,15.059999999999999,0.20401157902575767
2019-01-15,600900.SH,15.28,15.4,15.22,15.4,15.27,0.13,0.8513,64059.14,98265.575,0.00851342501637209,0.008477390189042526,15.374,15.370000000000001,15.052833333333334,0.20565136413895155
2019-01-16,600900.SH,15.41,15.57,15.33,15.52,15.4,0.12,0.7792,102553.28,158459.847,0.007792207792207684,0.007762005335489109,15.382,15.396,15.043666666666667,0.206828004944883
2019-01-17,600900.SH,15.56,15.56,15.39,15.45,15.52,-0.07,-0.451,82507.36,127573.975,-0.0045103092783504994,-0.0045205114113182066,15.406,15.413,15.038666666666666,0.20688777223346025
2019-01-18,600900.SH,15.56,15.79,15.5,15.75,15.45,0.3,1.9417,173605.19,272067.831,0.01941747572815533,0.019231361927887592,15.478,15.4355,15.038,0.21320958866836445
2019-01-21,600900.SH,15.7,15.83,15.7,15.82,15.75,0.07,0.4444,86923.63,137083.604,0.004444444444444473,0.004434597067865775,15.588,15.468,15.038166666666665,0.21005797507650661
2019-01-22,600900.SH,15.85,15.89,15.75,15.81,15.82,-0.01,-0.0632,102032.8,161487.06,-0.0006321112515802474,-0.0006323111181271348,15.669999999999998,15.489499999999998,15.034833333333331,0.20563901039482874
2019-01-23,600900.SH,15.8,15.97,15.78,15.96,15.81,0.15,0.9488,96633.68,153527.848,0.009487666034155628,0.009442940800282087,15.758,15.5285,15.040833333333333,0.20008047360488526
2019-01-24,600900.SH,15.97,16.03,15.82,15.95,15.96,-0.01,-0.0627,113918.25,181776.697,-0.0006265664160401974,-0.0006267627908092267,15.858,15.560999999999998,15.046333333333335,0.199361813387123
2019-01-25,600900.SH,16.0,16.06,15.9,15.91,15.95,-0.04,-0.2508,84048.66,134117.614,-0.0025078369905955356,-0.0025109868811580022,15.89,15.5805,15.051333333333334,0.19458584019164293
2019-01-28,600900.SH,15.96,16.07,15.79,15.91,15.91,0.0,0.0,157702.46,250587.338,0.0,0.0,15.908000000000001,15.597,15.058166666666667,0.19439696623567168
2019-01-29,600900.SH,15.87,16.29,15.84,16.2,15.91,0.29,1.8228,161776.1,260628.835,0.018227529855436853,0.01806339988864291,15.986,15.613,15.068000000000001,0.19315535434200815
2019-01-30,600900.SH,16.29,16.29,16.08,16.19,16.2,-0.01,-0.0617,92774.58,150189.614,-0.0006172839506171091,-0.0006174745487944538,16.032,15.651499999999999,15.080833333333333,0.15763361671509338
2019-01-31,600900.SH,16.32,16.43,16.22,16.43,16.19,0.24,1.4824,157357.63,257298.355,0.014823965410747375,0.01471516435963295,16.128,15.6945,15.102833333333335,0.16172378864679451
2019-02-01,600900.SH,16.47,16.5,16.3,16.35,16.43,-0.08,-0.4869,94044.49,154028.101,-0.004869141813755196,-0.004881034705914183,16.216,15.746,15.123333333333335,0.14883972643002777
2019-02-11,600900.SH,16.21,16.42,16.21,16.31,16.35,-0.04,-0.2446,134852.06,220536.175,-0.0024464831804282827,-0.0024494807103400446,16.296,15.7995,15.142166666666666,0.14704727983474503
2019-02-12,600900.SH,16.35,16.39,16.18,16.34,16.31,0.03,0.1839,188646.92,307305.554,0.0018393623543839777,0.0018376727989344863,16.324,15.8385,15.170333333333334,0.13162236962610413
2019-02-13,600900.SH,16.36,16.44,16.16,16.39,16.34,0.05,0.306,245619.86,399693.159,0.003059975520195879,0.0030553033238815324,16.364,15.884,15.199833333333334,0.12850552701210907
2019-02-14,600900.SH,16.33,16.42,16.26,16.32,16.39,-0.07,-0.4271,163304.7,266766.677,-0.004270896888346587,-0.004280043219777401,16.342,15.9335,15.228499999999999,0.12278107012554865
2019-02-15,600900.SH,16.31,16.37,16.23,16.3,16.32,-0.02,-0.1225,122935.07,200272.303,-0.001225490196078427,-0.0012262417232442964,16.332,15.979000000000003,15.259666666666668,0.12371542917152756
2019-02-18,600900.SH,16.37,16.38,16.19,16.34,16.3,0.04,0.2454,282369.85,459580.193,0.0024539877300613355,0.0024509816191401607,16.338,16.032500000000002,15.288833333333335,0.11712956669778518
2019-02-19,600900.SH,16.3,16.32,16.16,16.25,16.34,-0.09,-0.5508,266421.73,432019.302,-0.005507955936352449,-0.005523180656110272,16.32,16.075,15.315666666666667,0.11958763076326204
2019-02-20,600900.SH,16.27,16.27,16.15,16.24,16.25,-0.01,-0.0615,112261.19,182015.214,-0.0006153846153846843,-0.0006155740422146682,16.29,16.111,15.341333333333333,0.11857443585154002
2019-02-21,600900.SH,16.23,16.3,16.07,16.1,16.24,-0.14,-0.8621,174725.76,283047.934,-0.008620689655172264,-0.00865806274311443,16.246000000000002,16.1435,15.368833333333333,0.12253537313552752
2019-02-22,600900.SH,16.1,16.2,15.95,16.2,16.1,0.1,0.6211,159269.29,256473.489,0.006211180124223503,0.00619197024792098,16.226000000000003,16.166000000000004,15.397,0.10555864613530315
2019-02-25,600900.SH,16.19,16.38,16.06,16.38,16.2,0.18,1.1111,486146.67,787591.824,0.011111111111111072,0.011049836186584935,16.234,16.194,15.429333333333334,0.11061480618045572
2019-02-26,600900.SH,16.3,16.5,16.26,16.28,16.38,-0.1,-0.6105,334604.3,548282.201,-0.006105006105005972,-0.006123717850528993,16.240000000000002,16.2175,15.463166666666666,0.11384576539305102
2019-02-27,600900.SH,16.31,16.38,16.18,16.22,16.28,-0.06,-0.3686,263508.8,428213.047,-0.0036855036855037993,-0.003692311887127491,16.236,16.2305,15.492333333333333,0.11114284736068707
2019-02-28,600900.SH,16.22,16.3,16.14,16.3,16.22,0.08,0.4932,197897.96,321039.157,0.004932182490752224,0.004920059125449853,16.276,16.247999999999998,15.5235,0.11192444086169803
2019-03-01,600900.SH,16.3,16.32,16.11,16.27,16.3,-0.03,-0.184,204181.73,331215.875,-0.0018404907975461127,-0.00184218658177032,16.29,16.266,15.554666666666666,0.11166314985996299
2019-03-04,600900.SH,16.26,16.38,16.19,16.26,16.27,-0.01,-0.0615,433836.98,706018.079,-0.0006146281499691542,-0.0006148171112817831,16.266,16.2835,15.588333333333335,0.11176784007463321
2019-03-05,600900.SH,16.27,16.38,16.24,16.3,16.26,0.04,0.246,308665.81,503632.487,0.002460024600245969,0.0024570036930520837,16.27,16.288500000000003,15.620833333333334,0.09201065464964638
2019-03-06,600900.SH,16.3,16.98,16.25,16.86,16.3,0.56,3.4356,472037.02,785521.111,0.03435582822085892,0.03377884476099277,16.398000000000003,16.322000000000003,15.656833333333333,0.15167185142480094
2019-03-07,600900.SH,16.88,16.92,16.52,16.69,16.86,-0.17,-1.0083,319724.76,533707.647,-0.010083036773428145,-0.010134214899965601,16.476000000000003,16.335,15.69,0.1496527930154342
2019-03-08,600900.SH,16.6,16.74,16.42,16.66,16.69,-0.03,-0.1797,303448.53,503176.832,-0.0017974835230677444,-0.0017991009350471158,16.554000000000002,16.3505,15.724166666666667,0.14849486339689613
2019-03-11,600900.SH,16.57,16.65,16.36,16.47,16.66,-0.19,-1.1405,273329.97,450196.184,-0.01140456182472993,-0.011470092549147716,16.596,16.3585,15.761666666666665,0.1545191970818919
2019-03-12,600900.SH,16.45,16.63,16.28,16.35,16.47,-0.12,-0.7286,377722.72,620838.287,-0.007285974499089076,-0.0073126468462863786,16.606,16.359,15.794999999999998,0.15687286572721443
2019-03-13,600900.SH,16.31,16.35,16.0,16.04,16.35,-0.31,-1.896,396433.13,640474.482,-0.018960244648318136,-0.019142294904894056,16.442,16.3415,15.823000000000002,0.17022319267021993
2019-03-14,600900.SH,16.04,16.33,15.99,16.29,16.04,0.25,1.5586,245273.74,397118.616,0.01558603491271815,0.01546582017558527,16.362000000000002,16.339999999999996,15.856,0.17953882049026165
2019-03-15,600900.SH,16.22,16.4,16.17,16.28,16.29,-0.01,-0.0614,176483.23,287610.172,-0.000613873542050225,-0.0006140620395594097,16.286,16.339000000000002,15.883000000000001,0.1794980087224651
2019-03-18,600900.SH,16.29,16.84,16.29,16.75,16.28,0.47,2.887,301433.59,500900.212,0.028869778869778706,0.02846089769668104,16.342000000000002,16.3595,15.913333333333332,0.20671753737892326
2019-03-19,600900.SH,16.73,17.13,16.7,16.94,16.75,0.19,1.1343,227211.9,383759.973,0.011343283582089692,0.011279430952833031,16.46,16.394,15.946333333333335,0.20798600726061764
2019-03-20,600900.SH,16.85,16.94,16.74,16.84,16.94,-0.1,-0.5903,168613.2,284153.902,-0.005903187721369663,-0.00592068040972779,16.619999999999997,16.424,15.977,0.20976195169756842
2019-03-21,600900.SH,16.9,17.01,16.78,16.84,16.84,0.0,0.0,191038.11,322787.957,0.0,0.0,16.73,16.461000000000002,16.005833333333335,0.20623083899934697
2019-03-22,600900.SH,16.85,17.12,16.81,17.12,16.84,0.28,1.6627,205612.36,349953.457,0.016627078384798155,0.01649036189941543,16.898000000000003,16.506999999999998,16.036166666666666,0.21206328392183946
2019-03-25,600900.SH,17.02,17.2,16.82,16.92,17.12,-0.2,-1.1682,219170.57,372682.902,-0.011682242990654124,-0.01175101653551874,16.932000000000002,16.534,16.06533333333333,0.2156893060886248
2019-03-26,600900.SH,17.0,17.1,16.9,17.05,16.92,0.13,0.7683,179118.6,304696.772,0.0076832151300236795,0.007653849551448615,16.954,16.572499999999998,16.09316666666667,0.21461365121643822
2019-03-27,600900.SH,17.03,17.09,16.72,16.76,17.05,-0.29,-1.7009,151944.2,256635.455,-0.017008797653958907,-0.017155108675588778,16.938000000000002,16.5995,16.119500000000002,0.22460215802825068
2019-03-28,600900.SH,16.72,17.08,16.55,16.94,16.76,0.18,1.074,188050.22,316265.755,0.010739856801909253,0.0106825941699713,16.958000000000002,16.631500000000003,16.146833333333333,0.22663615631093012
2019-03-29,600900.SH,16.91,16.93,16.68,16.87,16.94,-0.07,-0.4132,312744.95,526663.21,-0.004132231404958664,-0.004140792666031388,16.908,16.6615,16.169333333333334,0.227299412221418
2019-04-01,600900.SH,16.95,17.14,16.82,16.9,16.87,0.03,0.1778,359695.25,607940.512,0.0017783046828687699,0.0017767253711506276,16.904000000000003,16.6935,16.191333333333333,0.22710567286786454
2019-04-02,600900.SH,16.92,16.93,16.78,16.92,16.9,0.02,0.1183,226134.4,381196.528,0.0011834319526629056,0.0011827322490496157,16.878000000000004,16.7245,16.208666666666666,0.2271187153859162
2019-04-03,600900.SH,16.85,16.93,16.76,16.89,16.92,-0.03,-0.1773,218995.89,368722.392,-0.0017730496453901567,-0.001774623358368601,16.904000000000003,16.726,16.233166666666666,0.19232040416392035
2019-04-04,600900.SH,16.86,16.88,16.74,16.8,16.89,-0.09,-0.5329,220199.54,370158.927,-0.005328596802841923,-0.0053428444104954695,16.876,16.7315,16.253666666666668,0.18968484536341434
2019-04-08,600900.SH,16.8,16.85,16.5,16.55,16.8,-0.25,-1.4881,394914.01,657521.94,-0.014880952380952328,-0.01499278458614128,16.812,16.726000000000003,16.274166666666666,0.19722689395681803
2019-04-09,600900.SH,16.55,16.65,16.43,16.53,16.55,-0.02,-0.1208,280805.37,465342.971,-0.0012084592145015227,-0.001209189990139109,16.738,16.729,16.295666666666666,0.1928565055803876
2019-04-10,600900.SH,16.55,16.7,16.44,16.58,16.53,0.05,0.3025,256847.84,424588.02,0.003024803387779551,0.0030202378742158627,16.67,16.7405,16.312666666666665,0.19097530446541666
2019-04-11,600900.SH,16.6,16.78,16.59,16.75,16.58,0.17,1.0253,253233.29,423328.968,0.01025331724969858,0.010201108563926671,16.642000000000003,16.776,16.333833333333335,0.17871053185785135
2019-04-12,600900.SH,16.75,16.92,16.71,16.88,16.75,0.13,0.7761,230022.61,387662.337,0.00776119402985076,0.007731230896735629,16.657999999999998,16.805500000000002,16.359666666666666,0.17302096732316227
2019-04-15,600900.SH,16.98,16.98,16.6,16.61,16.88,-0.27,-1.5995,306300.56,513300.979,-0.015995260663507094,-0.016124565542607536,16.669999999999998,16.822,16.380000000000003,0.18416593463703065
2019-04-16,600900.SH,16.61,16.8,16.52,16.78,16.61,0.17,1.0235,208056.18,346970.325,0.010234798314268545,0.010182777413856646,16.72,16.823500000000003,16.405166666666666,0.1566827561751934
2019-04-17,600900.SH,16.8,16.86,16.74,16.78,16.78,0.0,0.0,169764.58,285213.592,0.0,0.0,16.759999999999998,16.8155,16.428166666666666,0.15099157291811402
2019-04-18,600900.SH,16.78,16.83,16.65,16.68,16.78,-0.1,-0.5959,131415.12,219550.669,-0.005959475566150285,-0.005977304108459526,16.746000000000002,16.8075,16.4475,0.1510187573800534
2019-04-19,600900.SH,16.72,16.79,16.64,16.77,16.68,0.09,0.5396,102588.6,171711.992,0.0053956834532373765,0.00538117890451675,16.724,16.804,16.4695,0.15243238909014256
2019-04-22,600900.SH,16.77,16.84,16.67,16.68,16.77,-0.09,-0.5367,180933.9,303382.345,-0.00536672629695889,-0.0053811789045168186,16.738,16.782,16.485,0.13976488563581144
2019-04-23,600900.SH,16.77,16.83,16.7,16.78,16.68,0.1,0.5995,153554.83,257558.39,0.00599520383693064,0.0059773041084596025,16.738,16.775,16.500999999999998,0.13633178298339835
2019-04-24,600900.SH,16.85,16.88,16.74,16.84,16.78,0.06,0.3576,142576.61,239570.178,0.0035756853396899935,0.0035693077751204364,16.75,16.7645,16.518166666666666,0.13386698821898077
2019-04-25,600900.SH,16.84,16.86,16.71,16.75,16.84,-0.09,-0.5344,166119.69,278654.945,-0.005344418052256494,-0.00535875054310519,16.764,16.764,16.531333333333333,0.1206363783747102
2019-04-26,600900.SH,16.7,16.83,16.54,16.56,16.75,-0.19,-1.1343,178964.55,299265.895,-0.01134328358208958,-0.011408109313961835,16.722,16.744999999999997,16.5415,0.12002125818838442
2019-04-29,600900.SH,16.63,16.88,16.57,16.78,16.56,0.22,1.3285,168677.87,283231.777,0.013285024154589431,0.013197552081946543,16.742,16.7405,16.556,0.1297286164905733
2019-04-30,600900.SH,16.68,16.88,16.65,16.87,16.78,0.09,0.5364,165921.13,278886.432,0.005363528009535212,0.005349195518816865,16.76,16.739,16.572,0.13108395684864055
2019-05-06,600900.SH,16.7,16.91,16.58,16.91,16.87,0.04,0.2371,321772.73,537979.166,0.002371072910491989,0.0023682663526119895,16.774,16.7385,16.583833333333335,0.13130055052314438
2019-05-07,600900.SH,16.86,17.02,16.73,16.84,16.91,-0.07,-0.414,190774.09,321784.455,-0.004139562389118834,-0.004148154096308231,16.792,16.736,16.59466666666667,0.1319920108996059
2019-05-08,600900.SH,16.79,16.85,16.48,16.52,16.84,-0.32,-1.9002,255471.31,423555.746,-0.019002375296912177,-0.019185240721348727,16.784,16.722,16.596166666666665,0.14720283275862447
2019-05-09,600900.SH,16.45,16.57,16.37,16.4,16.52,-0.12,-0.7264,160562.93,264161.852,-0.007263922518159882,-0.007290433262679344,16.708,16.714499999999997,16.596999999999998,0.1398371705222502
2019-05-10,600900.SH,16.4,16.57,16.37,16.53,16.4,0.13,0.7927,143001.92,235687.849,0.007926829268292801,0.007895577002780188,16.639999999999997,16.7145,16.600666666666665,0.1428791037453001
2019-05-13,600900.SH,16.49,16.58,16.41,16.5,16.53,-0.03,-0.1815,90054.51,148523.174,-0.001814882032667997,-0.0018165309263980052,16.558,16.710500000000003,16.603333333333335,0.14256997350734366
2019-05-14,600900.SH,16.38,16.57,16.31,16.4,16.5,-0.1,-0.6061,304827.06,500629.79,-0.0060606060606061,-0.006079046076382226,16.47,16.693,16.6035,0.13839976811867563
2019-05-15,600900.SH,16.38,16.44,16.33,16.41,16.4,0.01,0.061,210128.72,344292.286,0.0006097560975610872,0.0006095702718469018,16.448,16.669500000000003,16.605,0.13465983081630584
2019-05-16,600900.SH,16.38,16.62,16.34,16.61,16.41,0.2,1.2188,204303.7,336296.008,0.01218769043266299,0.012114018523203955,16.490000000000002,16.6695,16.610166666666668,0.13119624377051992
2019-05-17,600900.SH,16.6,16.65,16.51,16.56,16.61,-0.05,-0.301,129533.15,214686.119,-0.003010234798314304,-0.0030147746680899068,16.496,16.658499999999997,16.613833333333332,0.1258506611350398
2019-05-20,600900.SH,16.59,16.85,16.38,16.51,16.56,-0.05,-0.3019,236753.46,392514.786,-0.003019323671497376,-0.0030238910250767834,16.497999999999998,16.645000000000003,16.618166666666664,0.12610637092210797
2019-05-21,600900.SH,16.49,16.77,16.41,16.69,16.51,0.18,1.0902,131140.74,218503.546,0.010902483343428138,0.01084347974170698,16.556,16.645500000000002,16.625666666666667,0.13103028517746382
2019-05-22,600900.SH,16.7,16.95,16.6,16.88,16.69,0.19,1.1384,193027.24,324524.452,0.0113840623127619,0.011319751494067117,16.65,16.651000000000003,16.63866666666667,0.135896921658452
2019-05-23,600900.SH,16.82,16.99,16.8,16.9,16.88,0.02,0.1185,190125.31,321776.647,0.0011848341232227888,0.001184132761216772,16.708000000000002,16.662,16.650333333333332,0.13421344536148408
2019-05-24,600900.SH,16.99,17.09,16.91,17.0,16.9,0.1,0.5917,183119.94,311874.538,0.00591715976331364,0.005899722127188322,16.796,16.673,16.660666666666668,0.13417280434199455
2019-05-27,600900.SH,17.0,17.18,16.85,16.95,17.0,-0.05,-0.2941,185301.93,314675.862,-0.002941176470588225,-0.002945510229756803,16.883999999999997,16.6785,16.671833333333336,0.13430499348368907
2019-05-28,600900.SH,16.95,17.28,16.87,17.21,16.95,0.26,1.5339,497488.42,850893.777,0.015339233038348166,0.015222776396988866,16.988,16.701500000000003,16.688333333333333,0.14247347058345844
2019-05-29,600900.SH,17.04,17.33,16.96,17.22,17.21,0.01,0.0581,209685.27,360926.413,0.000581057524694728,0.0005808887761364746,17.056,16.7345,16.703666666666667,0.13439280390873726
2019-05-30,600900.SH,17.29,17.72,17.21,17.72,17.22,0.5,2.9036,334605.76,586537.845,0.029036004645760727,0.02862244617735013,17.22,16.7815,16.727833333333333,0.16095535047561638
2019-05-31,600900.SH,17.75,17.87,17.59,17.71,17.72,-0.01,-0.0564,219232.81,388667.751,-0.0005643340857787171,-0.000564493382192653,17.362000000000002,16.8235,16.752,0.16106755630300923
2019-06-03,600900.SH,17.71,17.86,17.51,17.66,17.71,-0.05,-0.2823,213030.21,376871.754,-0.0028232636928289256,-0.0028272566189282327,17.504,16.861,16.77466666666667,0.16216624924306605
2019-06-04,600900.SH,17.7,17.73,17.48,17.6,17.66,-0.06,-0.3398,200997.18,353405.301,-0.003397508493771184,-0.003403293131707807,17.582,16.898999999999997,16.787,0.16180117489461585
2019-06-05,600900.SH,17.71,17.73,17.51,17.53,17.6,-0.07,-0.3977,120653.94,212548.294,-0.003977272727272774,-0.003985203110963014,17.644,16.9495,16.801000000000002,0.14335389705710994
2019-06-06,600900.SH,17.6,17.7,17.51,17.52,17.53,-0.01,-0.057,152600.8,268388.938,-0.0005704506560183509,-0.0005706134248978464,17.604000000000003,17.0055,16.81533333333333,0.13889101895744016
2019-06-10,600900.SH,17.65,18.3,17.59,17.95,17.52,0.43,2.4543,228877.04,411294.141,0.024543378995433685,0.024247029426042396,17.651999999999997,17.0765,16.84,0.15744674166801612
2019-06-11,600900.SH,18.01,18.18,17.93,18.0,17.95,0.05,0.2786,217062.23,391180.292,0.0027855153203342198,0.0027816429618767705,17.72,17.1515,16.8675,0.15596519920262666
2019-06-12,600900.SH,18.0,18.0,17.77,17.91,18.0,-0.09,-0.5,146151.28,261277.487,-0.0050000000000000044,-0.005012541823544286,17.782,17.227,16.898666666666667,0.15506407708341963
2019-06-13,600900.SH,17.91,17.92,17.63,17.67,17.91,-0.24,-1.34,198027.04,350988.901,-0.01340033500837512,-0.01349092974101529,17.810000000000002,17.29,16.921666666666667,0.1671775021119444
2019-06-14,600900.SH,17.73,17.77,17.36,17.5,17.67,-0.17,-0.9621,268805.5,470686.048,-0.009620826259196469,-0.009667405402136751,17.806,17.334500000000002,16.942,0.1704827749954013
2019-06-17,600900.SH,17.53,17.68,17.46,17.59,17.5,0.09,0.5143,156265.27,274457.172,0.005142857142857116,0.005129677819998404,17.734,17.386000000000003,16.956,0.16933403030481228
2019-06-18,600900.SH,17.66,17.72,17.56,17.69,17.59,0.1,0.5685,109000.26,192404.052,0.005685048322910724,0.005668949422227086,17.672000000000004,17.445,16.9685,0.16799254153087959
2019-06-19,600900.SH,17.86,17.89,17.68,17.78,17.69,0.09,0.5088,161583.74,287404.28,0.005087620124364145,0.005074721914064708,17.646000000000004,17.4995,16.984166666666667,0.16585329497493934
2019-06-20,600900.SH,17.79,18.1,17.72,17.98,17.78,0.2,1.1249,211130.68,378343.765,0.011248593925759165,0.01118579895771558,17.708,17.554499999999997,17.00316666666667,0.16576552055484148
2019-06-21,600900.SH,18.0,18.02,17.62,17.63,17.98,-0.35,-1.9466,266589.94,473358.303,-0.019466073414905583,-0.01965803263369549,17.733999999999998,17.591,17.011666666666667,0.18428920689743747
2019-06-24,600900.SH,17.63,17.72,17.52,17.58,17.63,-0.05,-0.2836,204749.9,359984.986,-0.0028360748723766926,-0.0028401041527479826,17.732,17.619999999999997,17.022666666666666,0.18455416070316513
2019-06-25,600900.SH,17.61,17.74,17.53,17.65,17.58,0.07,0.3982,235014.28,414958.926,0.003981797497155881,0.003973891122274857,17.724,17.655,17.032666666666668,0.18385862039204434
2019-06-26,600900.SH,17.64,17.86,17.6,17.83,17.65,0.18,1.0198,157550.42,279850.572,0.010198300283286166,0.010146648495743312,17.734,17.686,17.0505,0.17980553776483973
2019-06-27,600900.SH,17.86,17.9,17.74,17.81,17.83,-0.02,-0.1122,164887.81,293645.12,-0.0011217049915871469,-0.0011223345734786912,17.7,17.7155,17.065,0.18006402464386606
2019-06-28,600900.SH,17.81,17.99,17.7,17.9,17.81,0.09,0.5053,123155.69,219654.533,0.005053340819764163,0.005040615545139014,17.753999999999998,17.7245,17.08216666666667,0.1493633199752654
2019-07-01,600900.SH,17.99,18.0,17.77,17.81,17.9,-0.09,-0.5028,280048.89,500215.062,-0.005027932960893877,-0.005040615545139051,17.8,17.729499999999998,17.09733333333333,0.1506388934786069
2019-07-02,600900.SH,17.81,17.89,17.75,17.84,17.81,0.03,0.1684,284546.41,507416.983,0.0016844469399215356,0.0016830298502931785,17.838,17.7385,17.112666666666666,0.15023895564049056
2019-07-03,600900.SH,17.84,18.34,17.77,18.26,17.84,0.42,2.3543,317555.2,573066.862,0.02354260089686111,0.02326974801495921,17.924,17.7715,17.1355,0.16998742223980867
2019-07-04,600900.SH,18.24,18.4,18.15,18.28,18.26,0.02,0.1095,177373.35,324469.813,0.0010952902519167917,0.0010946908591815748,18.018,17.808999999999997,17.160166666666665,0.1686106764326655
2019-07-05,600900.SH,18.32,18.4,18.16,18.37,18.28,0.09,0.4923,147427.54,269741.758,0.004923413566739532,0.00491133320103026,18.112000000000002,17.851499999999998,17.1905,0.16856264211736263
2019-07-08,600900.SH,18.25,18.33,17.83,18.11,18.37,-0.26,-1.4154,229719.03,414266.53,-0.014153511159499255,-0.014254627331712342,18.172,17.8595,17.216833333333334,0.15677047758605772
2019-07-09,600900.SH,18.15,18.16,17.8,17.84,18.11,-0.27,-1.4909,158501.5,283303.385,-0.014908890115957973,-0.015021144743458633,18.172,17.8515,17.237833333333334,0.1656639886871324
2019-07-10,600900.SH,17.9,18.02,17.76,18.0,17.84,0.16,0.8969,118235.31,211659.152,0.008968609865470878,0.008928630744301398,18.119999999999997,17.856,17.258666666666667,0.16791852331902885
2019-07-11,600900.SH,18.09,18.27,18.02,18.25,18.0,0.25,1.3889,162037.51,294585.203,0.01388888888888884,0.01379332213233577,18.113999999999997,17.885,17.281499999999998,0.16631195768150486
2019-07-12,600900.SH,18.23,18.33,18.12,18.21,18.25,-0.04,-0.2192,152760.77,278873.407,-0.0021917808219177326,-0.002194186288983849,18.082,17.9205,17.30816666666667,0.16164893544176526
2019-07-15,600900.SH,18.27,18.33,17.9,18.19,18.21,-0.02,-0.1098,162576.87,294518.039,-0.0010982976386600951,-0.0010989012094857183,18.098000000000003,17.950499999999998,17.331666666666667,0.1615779624694541
2019-07-16,600900.SH,18.23,18.33,18.03,18.11,18.19,-0.08,-0.4398,127794.12,232310.573,-0.0043980208905993745,-0.004407720634709017,18.152,17.9715,17.353833333333334,0.16226520060291805
2019-07-17,600900.SH,18.16,18.18,18.0,18.09,18.11,-0.02,-0.1104,154125.99,278652.731,-0.001104362230811673,-0.0011049724881182148,18.169999999999998,17.987,17.377333333333333,0.16179743180218426
2019-07-18,600900.SH,17.48,17.94,17.31,17.72,17.41,0.31,1.7806,300179.8,530226.944,-0.020453289110005546,-0.020665354230268895,18.064,17.974,17.393166666666666,0.1736397325407012
2019-07-19,600900.SH,17.75,17.96,17.72,17.96,17.72,0.24,1.3544,177986.6,318626.306,0.013544018058690765,0.013453117697118676,18.014,17.9905,17.414499999999997,0.16559905597671182
2019-07-22,600900.SH,18.0,18.2,17.86,18.19,17.96,0.23,1.2806,235151.94,425122.274,0.012806236080178168,0.012724929655977336,18.014,18.021,17.438,0.1700673314316308
2019-07-23,600900.SH,18.15,18.3,18.01,18.2,18.19,0.01,0.055,134518.1,244445.672,0.0005497526113247275,0.0005496015527186049,18.032,18.048499999999997,17.46066666666667,0.16990930852055144
2019-07-24,600900.SH,18.27,18.29,18.12,18.18,18.2,-0.02,-0.1099,116875.31,212377.503,-0.001098901098901095,-0.0010995053334168876,18.05,18.066,17.4845,0.16702559880653717
2019-07-25,600900.SH,18.0,18.23,17.95,18.22,18.18,0.04,0.22,126912.92,229501.135,0.002200220022002153,0.00219780308247944,18.15,18.0865,17.512166666666666,0.1668754928979641
2019-07-26,600900.SH,18.12,18.56,18.12,18.5,18.22,0.28,1.5368,179871.01,330918.277,0.015367727771679496,0.015250840252466894,18.258,18.116500000000002,17.540833333333335,0.17390981218429846
2019-07-29,600900.SH,18.53,18.95,18.53,18.8,18.5,0.3,1.6216,211698.36,398369.135,0.016216216216216273,0.016086137751624444,18.380000000000003,18.166000000000004,17.572999999999997,0.17926503848962747
2019-07-30,600900.SH,18.8,18.96,18.72,18.74,18.8,-0.06,-0.3191,116545.33,219135.22,-0.0031914893617022155,-0.003196593025627481,18.488,18.211,17.603499999999997,0.1804876591010064
2019-07-31,600900.SH,18.65,18.74,18.6,18.72,18.74,-0.02,-0.1067,142797.06,266344.947,-0.0010672358591248265,-0.0010678057608301005,18.595999999999997,18.234,17.634833333333333,0.16274701418260282
2019-08-01,600900.SH,18.61,18.92,18.6,18.76,18.72,0.04,0.2137,148847.13,279651.304,0.002136752136752351,0.002134472528632841,18.704,18.258,17.672166666666666,0.1627720718687161
2019-08-02,600900.SH,18.61,18.86,18.36,18.79,18.76,0.03,0.1599,154715.04,287308.154,0.0015991471215350828,0.0015978698472952333,18.762,18.279000000000003,17.711999999999996,0.16223008145112364
2019-08-05,600900.SH,18.59,18.7,18.2,18.25,18.79,-0.54,-2.8739,250338.86,460004.786,-0.028738690792974975,-0.029159733396873423,18.651999999999997,18.286,17.740666666666662,0.1868999523076243
2019-08-06,600900.SH,18.01,18.57,17.9,18.34,18.25,0.09,0.4932,227112.99,415571.715,0.004931506849314982,0.004919386799818194,18.572,18.311,17.771333333333335,0.17834657887240457
2019-08-07,600900.SH,18.37,18.62,18.28,18.33,18.34,-0.01,-0.0545,162918.97,300424.751,-0.0005452562704472141,-0.0005454049767052485,18.494,18.327499999999997,17.8035,0.17620681275507002
2019-08-08,600900.SH,18.48,19.02,18.38,18.92,18.33,0.59,3.2188,256268.87,481335.819,0.03218767048554305,0.03168050177211879,18.526,18.360999999999997,17.845333333333333,0.20381327078252065
2019-08-09,600900.SH,18.87,18.94,18.69,18.86,18.92,-0.06,-0.3171,154844.26,291365.605,-0.003171247357294016,-0.00317628641842093,18.54,18.3935,17.882833333333334,0.20410241597460435
2019-08-12,600900.SH,18.75,18.9,18.61,18.77,18.86,-0.09,-0.4772,167033.74,313381.832,-0.004772004241781591,-0.004783426606894028,18.644,18.4225,17.919666666666664,0.20521589286104186
2019-08-13,600900.SH,18.76,18.76,18.53,18.73,18.77,-0.04,-0.2131,160775.22,299854.999,-0.0021310602024506853,-0.0021333341424202715,18.722,18.4535,17.956666666666663,0.20448625100963178
2019-08-14,600900.SH,18.75,18.93,18.66,18.82,18.73,0.09,0.4805,157426.88,295640.339,0.00480512546716505,0.004793617701236505,18.82,18.490000000000002,17.99216666666667,0.20446300627848868
2019-08-15,600900.SH,18.68,18.85,18.59,18.84,18.82,0.02,0.1063,160770.85,301175.503,0.0010626992561104665,0.0010621349909833693,18.804,18.546,18.024833333333333,0.1865197362079099
2019-08-16,600900.SH,18.86,19.05,18.7,19.05,18.84,0.21,1.1146,189195.84,357366.34,0.011146496815286566,0.011084832424492914,18.842000000000002,18.6005,18.060666666666666,0.18493248386700123
2019-08-19,600900.SH,19.07,19.65,18.94,19.52,19.05,0.47,2.4672,260041.1,505452.593,0.024671916010498673,0.024372479412236442,18.992,18.667,18.102666666666664,0.19762578506315348
2019-08-20,600900.SH,19.4,19.58,18.86,18.9,19.52,-0.62,-3.1762,306036.0,588258.677,-0.03176229508196726,-0.032277658919349785,19.026,18.702,18.13516666666667,0.2341633377908864
2019-08-21,600900.SH,18.96,19.08,18.73,18.77,18.9,-0.13,-0.6878,227811.97,429329.31,-0.006878306878306817,-0.006902071467179183,19.016000000000002,18.7315,18.161166666666666,0.2360661744977385
2019-08-22,600900.SH,18.91,18.91,18.56,18.8,18.77,0.03,0.1598,215033.77,402648.081,0.0015982951518380695,0.001597019237486101,19.008000000000003,18.7605,18.1875,0.23605904167435998
2019-08-23,600900.SH,18.8,18.96,18.7,18.9,18.8,0.1,0.5319,243897.92,460135.231,0.005319148936170137,0.005305052229693098,18.978,18.780499999999996,18.20716666666667,0.23096724504763402
2019-08-26,600900.SH,18.88,19.11,18.61,18.85,18.9,-0.05,-0.2646,242667.96,457080.675,-0.002645502645502451,-0.0026490081715767307,18.844,18.782999999999998,18.226166666666664,0.2242784722101101
2019-08-27,600900.SH,18.96,19.38,18.86,19.18,18.85,0.33,1.7507,574227.84,1099389.049,0.017506631299734732,0.017355155561272376,18.9,18.805,18.251500000000004,0.23199459593071867
2019-08-28,600900.SH,19.2,19.22,18.95,19.04,19.18,-0.14,-0.7299,245809.58,468477.503,-0.007299270072992692,-0.007326040092072898,18.954,18.821,18.2755,0.2338718051279887
2019-08-29,600900.SH,19.04,19.08,18.68,18.78,19.04,-0.26,-1.3655,231337.23,435082.666,-0.013655462184873901,-0.013749555583102356,18.95,18.822,18.296333333333333,0.23946127093293137
2019-08-30,600900.SH,18.88,18.89,18.57,18.62,18.78,-0.16,-0.852,164106.37,306692.279,-0.008519701810436597,-0.0085562019311958,18.894,18.813499999999998,18.314666666666668,0.24134194591008382
2019-09-02,600900.SH,18.56,18.66,18.35,18.38,18.62,-0.24,-1.2889,323989.0,597756.895,-0.012889366272824998,-0.0129731549213801,18.8,18.82,18.321833333333334,0.2224262785999248
2019-09-03,600900.SH,18.36,18.73,18.36,18.64,18.38,0.26,1.4146,233590.06,434009.558,0.01414581066376508,0.014046692329904251,18.692,18.835,18.3325,0.22724237631109714
2019-09-04,600900.SH,18.68,18.75,18.33,18.53,18.64,-0.11,-0.5901,237521.74,438580.679,-0.005901287553648049,-0.005918768960176693,18.59,18.845000000000002,18.34283333333333,0.2284887938945477
2019-09-05,600900.SH,18.5,18.64,18.35,18.47,18.53,-0.06,-0.3238,353142.84,652268.74,-0.0032379924446843678,-0.0032432460861198916,18.528,18.822499999999998,18.35616666666667,0.1958953069713804
2019-09-06,600900.SH,18.49,18.6,18.38,18.6,18.47,0.13,0.7038,170952.53,316177.147,0.0070384407146726335,0.00701378650800716,18.524,18.8095,18.3745,0.19782731077268367
2019-09-09,600900.SH,18.66,18.66,18.48,18.54,18.6,-0.06,-0.3226,259708.15,480933.794,-0.003225806451613078,-0.0032310205814466432,18.556,18.798000000000002,18.39033333333333,0.19747270480038315
2019-09-10,600900.SH,18.57,18.67,18.43,18.66,18.54,0.12,0.6472,205609.83,382195.294,0.006472491909385258,0.0064516352814888165,18.56,18.7945,18.4065,0.1989110605715143
2019-09-11,600900.SH,18.67,18.67,18.52,18.65,18.66,-0.01,-0.0536,212867.6,395487.407,-0.000535905680600246,-0.0005360493293732507,18.583999999999996,18.786,18.421,0.19806145822028265
2019-09-12,600900.SH,18.66,18.86,18.58,18.85,18.65,0.2,1.0724,233805.37,438677.034,0.010723860589812562,0.010666767804195449,18.66,18.7865,18.4355,0.20192569650211006
2019-09-16,600900.SH,18.85,19.03,18.75,19.0,18.85,0.15,0.7958,196222.67,371537.052,0.007957559681697646,0.007926065272420723,18.740000000000002,18.784,18.458333333333332,0.1999199694964511
2019-09-17,600900.SH,19.0,19.02,18.45,18.51,19.0,-0.49,-2.5789,273948.12,512576.413,-0.025789473684210473,-0.02612785258103427,18.734,18.7335,18.473833333333335,0.19736406947152396
2019-09-18,600900.SH,18.54,18.87,18.48,18.79,18.51,0.28,1.5127,151774.2,284358.079,0.015126958400864199,0.015013686839967615,18.759999999999998,18.728,18.492833333333333,0.17423170958713505
2019-09-19,600900.SH,18.79,18.84,18.53,18.65,18.79,-0.14,-0.7451,126683.76,236500.292,-0.007450771687067648,-0.0074786673355494585,18.76,18.722,18.506500000000003,0.17453282626976027
2019-09-20,600900.SH,18.74,18.87,18.55,18.87,18.65,0.22,1.1796,262697.77,492421.858,0.011796246648793751,0.011727213290634484,18.764,18.7255,18.524166666666666,0.17965413902069563
2019-09-23,600900.SH,18.79,18.8,18.56,18.71,18.87,-0.16,-0.8479,139529.32,259868.996,-0.008479067302596732,-0.008515219094460619,18.706,18.716,18.537666666666667,0.18115734723387153
2019-09-24,600900.SH,18.7,19.0,18.59,18.98,18.71,0.27,1.4431,220651.23,415699.89,0.014430785676109004,0.01432765289578353,18.8,18.7225,18.557166666666667,0.18839985737412748
2019-09-25,600900.SH,18.98,18.98,18.41,18.44,18.98,-0.54,-2.8451,348687.1,650058.088,-0.028451001053740765,-0.028863575053334024,18.73,18.685499999999998,18.567166666666665,0.20313944924213925
2019-09-26,600900.SH,18.58,18.64,18.33,18.42,18.44,-0.02,-0.1085,262006.69,484456.086,-0.0010845986984815426,-0.0010851873012869635,18.684,18.6545,18.56983333333333,0.202138748824165
2019-09-27,600900.SH,18.42,18.48,18.01,18.2,18.42,-0.22,-1.1944,206406.05,375022.068,-0.011943539630836164,-0.012015436744411238,18.550000000000004,18.6255,18.568499999999997,0.20086930749719278
2019-09-30,600900.SH,18.15,18.42,18.13,18.23,18.2,0.03,0.1648,164550.93,300596.631,0.0016483516483516425,0.0016469946078219973,18.454,18.606,18.566166666666668,0.19938742798475753
2019-10-08,600900.SH,18.19,18.66,18.15,18.58,18.23,0.35,1.9199,255160.9,471526.081,0.019199122325836315,0.019017144695120575,18.374000000000002,18.616,18.573999999999998,0.20638345865204655
2019-10-09,600900.SH,18.53,18.62,18.42,18.47,18.58,-0.11,-0.592,124111.53,229565.443,-0.005920344456404658,-0.005937939174543786,18.380000000000003,18.6075,18.5845,0.20116924342643078
2019-10-10,600900.SH,18.44,18.44,18.1,18.24,18.47,-0.23,-1.2453,297665.72,541520.149,-0.012452625879805113,-0.012530809564963287,18.344,18.593,18.5885,0.20486370213996488
2019-10-11,600900.SH,18.25,18.44,18.15,18.37,18.24,0.13,0.7127,203131.15,371588.165,0.007127192982456343,0.007101914580849154,18.377999999999997,18.588,18.590500000000002,0.20646418479035317
2019-10-14,600900.SH,18.39,18.46,18.16,18.23,18.37,-0.14,-0.7621,340117.27,621220.692,-0.007621121393576513,-0.007650310536462644,18.378,18.569499999999998,18.590833333333332,0.20621376539258318
2019-10-15,600900.SH,18.25,18.25,17.88,17.9,18.23,-0.33,-1.8102,377671.7,680854.49,-0.01810202962150309,-0.018267875843862434,18.242,18.5375,18.586,0.21499071032699382
2019-10-16,600900.SH,17.89,18.03,17.7,17.81,17.9,-0.09,-0.5028,212753.65,379303.706,-0.005027932960893877,-0.005040615545139051,18.110000000000003,18.494999999999997,18.581,0.21308283097166725
2019-10-17,600900.SH,17.84,17.98,17.75,17.87,17.81,0.06,0.3369,138115.11,246328.356,0.003368893879842849,0.0033632318697664533,18.035999999999998,18.456,18.577333333333335,0.2139466549541874
2019-10-18,600900.SH,17.87,17.93,17.53,17.73,17.87,-0.14,-0.7834,301184.4,532561.213,-0.007834359261331914,-0.007865209085220225,17.908,18.4,18.5775,0.20934603982458577
2019-10-21,600900.SH,17.63,17.73,17.41,17.42,17.73,-0.31,-1.7484,239436.31,419725.51,-0.017484489565707806,-0.01763914866175975,17.746000000000002,18.321,18.568500000000004,0.21119529012707705
2019-10-22,600900.SH,17.51,17.63,17.28,17.62,17.42,0.2,1.1481,188310.54,328521.747,0.01148105625717566,0.011415649083676711,17.69,18.276500000000002,18.559,0.20201049366940674
2019-10-23,600900.SH,17.6,17.77,17.58,17.76,17.62,0.14,0.7946,166913.94,295251.906,0.007945516458569779,0.007914117055990528,17.68,18.225,18.551666666666666,0.19524942073352652
2019-10-24,600900.SH,17.79,17.89,17.68,17.76,17.76,0.0,0.0,133196.45,236902.5,0.0,0.0,17.658,18.180500000000002,18.544666666666668,0.1946569014851725
2019-10-25,600900.SH,17.8,17.8,17.48,17.79,17.76,0.03,0.1689,195511.03,344501.104,0.0016891891891890332,0.0016877641137196147,17.67,18.1265,18.5375,0.1880966935477695
2019-10-28,600900.SH,17.75,17.94,17.69,17.73,17.79,-0.06,-0.3373,136531.17,242803.52,-0.003372681281618828,-0.003378381591627195,17.732,18.077499999999997,18.52466666666667,0.18694891479093714
2019-10-29,600900.SH,17.75,17.75,17.44,17.5,17.73,-0.23,-1.2972,153841.53,269746.289,-0.012972363226170347,-0.013057239156648165,17.708,18.003500000000003,18.503,0.1789334657034558
2019-10-30,600900.SH,17.5,17.72,17.47,17.59,17.5,0.09,0.5143,144127.76,253750.265,0.005142857142857116,0.005129677819998404,17.674,17.961000000000002,18.483833333333337,0.1563314054867637
2019-10-31,600900.SH,17.66,17.86,17.6,17.86,17.59,0.27,1.535,176663.32,313643.507,0.015349630471859,0.015233016698886175,17.694,17.933,18.4695,0.16845494751320053
2019-11-01,600900.SH,17.86,17.92,17.74,17.88,17.86,0.02,0.112,161875.16,288682.173,0.0011198208286673506,0.0011191942970150324,17.712,17.917,18.454833333333333,0.1640260180847407
2019-11-04,600900.SH,17.94,18.06,17.89,18.0,17.88,0.12,0.6711,140909.88,253204.193,0.006711409395973256,0.00668898815079671,17.766000000000002,17.9055,18.441666666666666,0.16601555433626083
2019-11-05,600900.SH,18.03,18.17,17.92,18.08,18.0,0.08,0.4444,172517.68,311461.549,0.004444444444444251,0.004434597067865554,17.881999999999998,17.8805,18.438833333333335,0.15020603314779604
2019-11-06,600900.SH,18.13,18.13,18.02,18.07,18.08,-0.01,-0.0553,109051.12,197211.309,-0.0005530973451326471,-0.0005532503598932167,17.978,17.8605,18.43433333333333,0.1492310799126365
2019-11-07,600900.SH,18.02,18.05,17.76,17.82,18.07,-0.25,-1.3835,157546.24,281964.923,-0.013835085777531786,-0.013931682561473839,17.97,17.839499999999997,18.425833333333333,0.1507052548333364
2019-11-08,600900.SH,17.88,18.06,17.79,18.0,17.82,0.18,1.0101,174523.45,313245.912,0.010101010101010166,0.010050335853501506,17.994,17.820999999999998,18.4105,0.15321282362003352
2019-11-11,600900.SH,17.95,18.07,17.86,18.0,18.0,0.0,0.0,170687.64,306954.508,0.0,0.0,17.994,17.8095,18.396166666666666,0.15120152859044217
2019-11-12,600900.SH,18.03,18.16,17.97,18.09,18.0,0.09,0.5,129347.51,233749.951,0.004999999999999893,0.004987541511038968,17.996,17.819,18.384833333333336,0.13731663030424537
2019-11-13,600900.SH,18.05,18.12,17.91,17.99,18.09,-0.1,-0.5528,115722.13,208251.052,-0.005527915975677256,-0.005543251444762117,17.98,17.828000000000003,18.372500000000002,0.13759784451589546
2019-11-14,600900.SH,18.06,18.1,17.8,17.81,17.99,-0.18,-1.0006,129138.72,231249.248,-0.010005558643690904,-0.010055950660871416,17.978,17.825,18.355666666666664,0.14206660183856046
2019-11-15,600900.SH,17.89,18.08,17.78,17.95,17.81,0.14,0.7861,167761.82,301585.051,0.007860752386299907,0.007830017632717672,17.967999999999996,17.836000000000002,18.340833333333332,0.1417010575378388
2019-11-18,600900.SH,17.95,18.1,17.85,18.07,17.95,0.12,0.6685,105499.31,189810.612,0.006685236768802394,0.00666298966984941,17.982,17.8685,18.3245,0.1257383787309045
2019-11-19,600900.SH,18.02,18.16,18.0,18.07,18.07,0.0,0.0,110894.75,200623.176,0.0,0.0,17.978,17.891,18.300333333333334,0.12058975314937809
2019-11-20,600900.SH,18.04,18.24,18.02,18.12,18.07,0.05,0.2767,151257.75,274635.743,0.0027670171555063128,0.0027631960106960945,18.004,17.909,18.287333333333333,0.11817537922780044
2019-11-21,600900.SH,18.07,18.17,17.96,18.0,18.12,-0.12,-0.6623,140432.71,253360.971,-0.0066225165562914245,-0.006644542718668613,18.042,17.921,18.2745,0.12123947242009962
2019-11-22,600900.SH,17.93,17.99,17.8,17.9,18.0,-0.1,-0.5556,190602.5,341092.611,-0.005555555555555647,-0.005571045049455472,18.032,17.926499999999997,18.2595,0.12316682611369104
2019-11-25,600900.SH,17.91,18.19,17.88,18.15,17.9,0.25,1.3966,168638.23,305094.43,0.013966480446927276,0.013869847864150377,18.048000000000002,17.947499999999998,18.247,0.13134697208764656
2019-11-26,600900.SH,18.2,18.38,18.0,18.37,18.15,0.22,1.2121,518676.9,947044.135,0.0121212121212122,0.012048338516174574,18.107999999999997,17.991000000000003,18.238999999999997,0.1254983994806609
2019-11-27,600900.SH,18.22,18.22,18.01,18.09,18.37,-0.28,-1.5242,167848.28,303707.064,-0.015242242787153026,-0.015359599819830578,18.101999999999997,18.016,18.220833333333335,0.13976504388962202
2019-11-28,600900.SH,18.07,18.14,18.03,18.12,18.09,0.03,0.1658,99608.61,180270.258,0.0016583747927032544,0.0016570012076296086,18.125999999999998,18.029,18.205499999999997,0.12978517715529925
2019-11-29,600900.SH,18.07,18.15,17.94,18.13,18.12,0.01,0.0552,126021.73,227597.693,0.0005518763796907855,0.0005517241519262519,18.172,18.0415,18.194666666666667,0.12977964245946122
2019-12-02,600900.SH,18.01,18.17,17.89,17.94,18.13,-0.19,-1.048,161587.11,290947.023,-0.010479867622724681,-0.010535168136109541,18.130000000000003,18.0385,18.183333333333334,0.13355605198904105
2019-12-03,600900.SH,17.98,18.0,17.91,17.95,17.94,0.01,0.0557,98569.54,176988.917,0.0005574136008916764,0.0005572583036376347,18.046,18.032,18.176166666666667,0.13249751162604523
2019-12-04,600900.SH,18.04,18.04,17.83,17.94,17.95,-0.01,-0.0557,104373.35,186975.221,-0.0005571030640667551,-0.0005572583036377226,18.016000000000002,18.0255,18.164499999999997,0.1324976027989034
2019-12-05,600900.SH,17.93,17.97,17.8,17.83,17.94,-0.11,-0.6132,173208.89,309309.062,-0.00613154960981066,-0.006150424755601201,17.958,18.026,18.15283333333333,0.12467234744994693
2019-12-06,600900.SH,17.9,17.91,17.66,17.83,17.83,0.0,0.0,194794.64,346023.129,0.0,0.0,17.898000000000003,18.017500000000002,18.142166666666665,0.11890186685431227
2019-12-09,600900.SH,17.84,17.94,17.73,17.92,17.83,0.09,0.5048,123124.28,219363.2,0.0050476724621426605,0.005034975671735575,17.894,18.0135,18.13083333333333,0.12049329547667718
2019-12-10,600900.SH,17.89,17.95,17.8,17.84,17.92,-0.08,-0.4464,121620.51,217303.723,-0.0044642857142858094,-0.004474280394921189,17.872,18.000999999999998,18.11916666666667,0.11976206892731563
2019-12-11,600900.SH,17.9,18.01,17.83,18.01,17.84,0.17,0.9529,154803.93,277346.274,0.009529147982062947,0.009484032036001556,17.886,18.002,18.108333333333334,0.12352604506233628
2019-12-12,600900.SH,18.07,18.45,18.03,18.42,18.01,0.41,2.2765,277693.6,507616.453,0.022765130483064944,0.022509871639296058,18.003999999999998,18.032500000000002,18.104500000000005,0.1414887281562609
2019-12-13,600900.SH,18.48,18.8,18.37,18.51,18.42,0.09,0.4886,445250.15,829152.798,0.004885993485342022,0.004874095758245353,18.14,18.060499999999998,18.098833333333335,0.14016498350932563
2019-12-16,600900.SH,18.54,18.91,18.52,18.83,18.51,0.32,1.7288,281930.96,529936.912,0.01728795245813064,0.01714021608365481,18.322,18.098499999999998,18.096,0.150000634147764
2019-12-17,600900.SH,18.82,18.89,18.68,18.77,18.83,-0.06,-0.3186,189473.7,355427.239,-0.0031864046733934837,-0.003191492070643555,18.508000000000003,18.1335,18.10033333333333,0.15101648790251146
2019-12-18,600900.SH,18.8,18.8,18.32,18.4,18.77,-0.37,-1.9712,265881.92,491693.502,-0.019712306872669227,-0.01990918598347759,18.586000000000002,18.1475,18.093833333333336,0.16936000332573978
2019-12-19,600900.SH,18.4,18.52,18.29,18.41,18.4,0.01,0.0543,154065.54,283419.137,0.0005434782608697564,0.0005433306300467441,18.584,18.168,18.08983333333333,0.16707760434693808
2019-12-20,600900.SH,18.33,18.44,18.24,18.29,18.41,-0.12,-0.6518,157377.11,288201.499,-0.006518196632265161,-0.006539532842212248,18.54,18.1875,18.080166666666667,0.16762630452893335
2019-12-23,600900.SH,18.37,18.39,18.12,18.26,18.29,-0.03,-0.164,125232.04,228509.035,-0.0016402405686165578,-0.0016415872359517465,18.426,18.192999999999998,18.072666666666667,0.16079138309876118
2019-12-24,600900.SH,18.25,18.25,18.12,18.2,18.26,-0.06,-0.3286,92729.17,168507.961,-0.0032858707557503752,-0.0032912810840728442,18.312,18.184500000000003,18.059666666666665,0.1550301538090682
2019-12-25,600900.SH,18.22,18.22,18.02,18.08,18.2,-0.12,-0.6593,114898.82,207869.408,-0.006593406593406681,-0.006615239118719317,18.247999999999998,18.184,18.05366666666667,0.14688842867264792
2019-12-26,600900.SH,17.91,18.22,17.91,18.18,18.08,0.1,0.5531,135083.98,244553.752,0.005530973451327581,0.005515733785302484,18.201999999999998,18.187,18.049666666666667,0.14810201414912968
2019-12-27,600900.SH,18.12,18.21,18.1,18.19,18.18,0.01,0.055,154058.03,279724.403,0.0005500550055006492,0.0005499037806982096,18.182,18.19,18.049500000000002,0.148101957958617
2019-12-30,600900.SH,18.15,18.46,18.11,18.37,18.19,0.18,0.9896,191157.62,349515.295,0.009895547003848204,0.009846906697003334,18.204,18.2115,18.05183333333333,0.1462511365472451
2019-12-31,600900.SH,18.4,18.42,18.26,18.38,18.37,0.01,0.0544,120769.86,221271.513,0.0005443658138268859,0.0005442177005067019,18.24,18.233,18.0485,0.14625193405149672
