date,ts_code,open,high,low,close,pre_close,change,pct_chg,volume,amount,returns,logReturns,ma5,ma20,ma60,volatility
2020-01-02,600900.SH,18.46,18.6,18.39,18.47,18.38,0.09,0.4897,191284.92,353770.322,,,,,,
2020-01-03,600900.SH,18.5,18.65,18.45,18.57,18.47,0.1,0.5414,154383.77,286562.117,0.005414185165132812,0.005399581153465996,,,,
2020-01-06,600900.SH,18.54,18.61,18.05,18.2,18.57,-0.37,-1.9925,415505.82,757921.841,-0.019924609585352804,-0.020125781281864846,,,,
2020-01-07,600900.SH,18.22,18.26,18.1,18.19,18.2,-0.01,-0.0549,232106.68,421457.432,-0.0005494505494504365,-0.000549601552718668,,,,
2020-01-08,600900.SH,18.08,18.17,17.99,18.05,18.19,-0.14,-0.7697,264409.91,476879.6,-0.007696536558548739,-0.007726307751141045,18.296,,,
2020-01-09,600900.SH,18.12,18.13,17.97,18.09,18.05,0.04,0.2216,227832.72,410739.697,0.00221606648199435,0.0022136146283137296,18.22,,,
2020-01-10,600900.SH,18.07,18.12,17.98,18.0,18.09,-0.09,-0.4975,217894.72,392420.935,-0.00497512437810943,-0.004987541511039051,18.106,,,
2020-01-13,600900.SH,18.04,18.14,17.99,18.07,18.0,0.07,0.3889,226000.48,407709.43,0.0038888888888888307,0.003881346707972375,18.080000000000002,,,
2020-01-14,600900.SH,18.11,18.21,18.06,18.18,18.07,0.11,0.6087,244288.43,443161.695,0.006087437742114066,0.006068984145195714,18.078000000000003,,,
2020-01-15,600900.SH,18.14,18.22,17.98,18.01,18.18,-0.17,-0.9351,210772.96,380964.67,-0.00935093509350926,-0.009394929561467973,18.07,,,
2020-01-16,600900.SH,18.02,18.08,17.95,18.02,18.01,0.01,0.0555,148242.7,266911.505,0.0005552470849528035,0.0005550929923271449,18.056,,,
2020-01-17,600900.SH,17.9,18.01,17.69,17.74,18.02,-0.28,-1.5538,387582.59,688835.469,-0.015538290788013387,-0.015660275298758495,18.003999999999998,,,
2020-01-20,600900.SH,17.79,17.94,17.63,17.87,17.74,0.13,0.7328,248090.48,441190.182,0.007328072153325982,0.007301352289903404,17.964,,,
2020-01-21,600900.SH,17.76,17.86,17.71,17.79,17.87,-0.08,-0.4477,163789.34,291027.072,-0.004476776720761189,-0.004486827493593034,17.886,,,
2020-01-22,600900.SH,17.78,17.78,17.51,17.6,17.79,-0.19,-1.068,238084.93,419236.233,-0.010680157391793066,-0.010737599633637601,17.804000000000002,,,
2020-01-23,600900.SH,17.49,17.57,17.09,17.15,17.6,-0.45,-2.5568,352368.38,611103.97,-0.02556818181818199,-0.025900728432157353,17.63,,,
2020-02-03,600900.SH,16.4,17.17,16.01,17.13,17.15,-0.02,-0.1166,718606.11,1204779.054,-0.0011661807580174433,-0.0011668612759203323,17.508,,,
2020-02-04,600900.SH,16.99,17.8,16.88,17.31,17.13,0.18,1.0508,315440.99,546552.865,0.010507880910682887,0.01045305685208922,17.395999999999997,,,
2020-02-05,600900.SH,17.26,17.45,17.15,17.31,17.31,0.0,0.0,231231.22,399598.997,0.0,0.0,17.3,,,
2020-02-06,600900.SH,17.45,17.45,17.23,17.44,17.31,0.13,0.751,192889.54,334597.543,0.007510109763142925,0.007482049292715916,17.268,17.8595,,
2020-02-07,600900.SH,17.2,17.95,17.2,17.89,17.44,0.45,2.5803,237027.62,417417.116,0.02580275229357798,0.02547547903979422,17.416,17.8305,,0.183019607365093
2020-02-10,600900.SH,17.68,17.83,17.59,17.63,17.89,-0.26,-1.4533,157747.96,278841.675,-0.014533258803801075,-0.014639901110849002,17.516,17.783499999999997,,0.18664114893970135
2020-02-11,600900.SH,17.66,17.83,17.57,17.6,17.63,-0.03,-0.1702,130790.44,231213.18,-0.001701644923425838,-0.001703094365672621,17.574,17.7535,,0.17495668310522047
2020-02-12,600900.SH,17.58,17.59,17.39,17.58,17.6,-0.02,-0.1136,156715.92,273942.278,-0.001136363636363824,-0.001137009787075347,17.628,17.723,,0.17492158496806415
2020-02-13,600900.SH,17.51,17.64,17.45,17.6,17.58,0.02,0.1138,123500.31,216722.523,0.0011376564277589818,0.0011370097870753238,17.66,17.700499999999998,,0.1736753004856246
2020-02-14,600900.SH,17.52,17.64,17.46,17.62,17.6,0.02,0.1136,98575.64,173155.13,0.001136363636363713,0.0011357184639274286,17.606,17.677,,0.17343537030455142
2020-02-17,600900.SH,17.6,17.71,17.55,17.69,17.62,0.07,0.3973,144948.3,255799.598,0.0039727582292850006,0.003964887663660555,17.618000000000002,17.6615,,0.17380021405761942
2020-02-18,600900.SH,17.62,17.67,17.51,17.52,17.69,-0.17,-0.961,125987.24,221489.39,-0.009609949123798867,-0.009656422663448638,17.601999999999997,17.634,,0.17555476714819174
2020-02-19,600900.SH,17.51,17.59,17.46,17.52,17.52,0.0,0.0,138942.98,243225.363,0.0,0.0,17.59,17.601,,0.17338808205059997
2020-02-20,600900.SH,17.5,17.66,17.45,17.62,17.52,0.1,0.5708,145175.85,254753.101,0.005707762557077611,0.005691534999788055,17.594,17.5815,,0.172918035188371
2020-02-21,600900.SH,17.56,17.61,17.45,17.53,17.62,-0.09,-0.5108,182043.42,318976.991,-0.005107832009080604,-0.005120921574890333,17.576,17.557,,0.17339392941369394
2020-02-24,600900.SH,17.49,17.53,17.38,17.41,17.53,-0.12,-0.6845,171735.3,299429.208,-0.0068454078722191,-0.006868945153045504,17.520000000000003,17.5405,,0.16655079497594952
2020-02-25,600900.SH,17.34,17.46,17.18,17.18,17.41,-0.23,-1.3211,192105.66,331920.84,-0.013210798391728895,-0.013298837223988365,17.452,17.506,,0.1690537078242869
2020-02-26,600900.SH,17.05,17.14,16.99,17.0,17.18,-0.18,-1.0477,320403.01,546935.808,-0.010477299185098987,-0.010532572499893268,17.348,17.4665,,0.17158352449347708
2020-02-27,600900.SH,17.01,17.25,16.95,17.23,17.0,0.23,1.3529,185451.72,318034.81,0.013529411764706012,0.013438706483622302,17.270000000000003,17.448,,0.17716753266562327
2020-02-28,600900.SH,17.08,17.24,16.9,17.03,17.23,-0.2,-1.1608,274022.79,467105.945,-0.01160766105629707,-0.011675555865241254,17.169999999999998,17.442,,0.15731139431667718
2020-03-02,600900.SH,17.05,17.41,17.05,17.26,17.03,0.23,1.3506,290426.57,502793.093,0.01350557839107469,0.01341519098068509,17.14,17.448500000000003,,0.16469315349482208
2020-03-03,600900.SH,17.32,17.68,17.32,17.57,17.26,0.31,1.7961,234099.59,410037.19,0.017960602549246696,0.01780121654372382,17.218,17.4615,,0.17267369075535705
2020-03-04,600900.SH,17.65,17.75,17.54,17.59,17.57,0.02,0.1138,240471.29,424131.217,0.0011383039271484208,0.0011376565504608504,17.336000000000002,17.4755,,0.1726508738826739
2020-03-05,600900.SH,17.64,17.75,17.58,17.72,17.59,0.13,0.7391,267930.47,473604.14,0.007390562819783897,0.007363386427468016,17.434,17.4895,,0.17259029900710585
2020-03-06,600900.SH,17.6,17.72,17.43,17.48,17.72,-0.24,-1.3544,203780.53,357191.719,-0.013544018058690654,-0.013636574949545396,17.524,17.469,,0.15249004599307345
2020-03-09,600900.SH,17.2,17.62,17.02,17.45,17.48,-0.03,-0.1716,368809.69,638503.906,-0.0017162471395881784,-0.0017177215789533097,17.562,17.46,,0.1440866396113321
2020-03-10,600900.SH,17.27,17.76,17.27,17.64,17.45,0.19,1.0888,421789.24,743701.852,0.010888252148997246,0.010829401930209185,17.576,17.462,,0.1494928450266126
2020-03-11,600900.SH,17.76,17.78,17.52,17.59,17.64,-0.05,-0.2834,176642.35,311176.861,-0.0028344671201814275,-0.002838491829178464,17.576,17.4625,,0.14980867313866397
2020-03-12,600900.SH,17.51,17.59,17.31,17.45,17.59,-0.14,-0.7959,243778.0,425631.021,-0.007959067652075102,-0.007990910101030693,17.522,17.455000000000002,,0.15240678776486832
2020-03-13,600900.SH,17.06,17.3,16.96,17.0,17.45,-0.45,-2.5788,463505.1,790908.999,-0.025787965616045794,-0.026126304592220036,17.426,17.424,,0.17684980497353212
2020-03-16,600900.SH,17.07,17.14,16.88,16.92,17.0,-0.08,-0.4706,323066.36,549543.352,-0.004705882352941115,-0.004716989878138798,17.32,17.3855,,0.1758179140056116
2020-03-17,600900.SH,16.86,17.25,16.86,16.93,16.92,0.01,0.0591,356550.16,608143.555,0.0005910165484632746,0.0005908419669666447,17.178000000000004,17.356,,0.17380547892212406
2020-03-18,600900.SH,16.88,16.99,16.7,16.72,16.93,-0.21,-1.2404,399578.88,673846.066,-0.012404016538688722,-0.012481588488488387,17.004,17.316000000000003,,0.17777139990466506
2020-03-19,600900.SH,16.65,16.78,16.19,16.36,16.72,-0.36,-2.1531,375048.43,614925.413,-0.021531100478468845,-0.021766276481954512,16.786,17.253,,0.18757341097820107
2020-03-20,600900.SH,16.52,16.71,16.3,16.49,16.36,0.13,0.7946,257140.34,423399.258,0.007946210268948706,0.007914805396906588,16.684,17.201,,0.1918890437071736
2020-03-23,600900.SH,16.17,16.65,16.06,16.52,16.49,0.03,0.1819,231491.27,381578.652,0.0018192844147968401,0.0018176315213244657,16.604,17.1565,,0.1920411148524272
2020-03-24,600900.SH,16.64,16.99,16.6,16.91,16.52,0.39,2.3608,397935.37,672333.067,0.02360774818401934,0.023333394817656894,16.6,17.143,,0.20868371310043604
2020-03-25,600900.SH,17.1,17.14,16.84,17.03,16.91,0.12,0.7096,255141.28,433878.663,0.00709639266706108,0.00707133176410815,16.662,17.1445,,0.20709132572100672
2020-03-26,600900.SH,16.89,17.01,16.73,16.83,17.03,-0.2,-1.1744,228714.26,384597.099,-0.011743981209630272,-0.011813486471882483,16.755999999999997,17.1245,,0.20488567864315954
2020-03-27,600900.SH,16.9,16.97,16.78,16.91,16.83,0.08,0.4753,192585.33,324981.137,0.004753416518122444,0.004742154707774335,16.839999999999996,17.1185,,0.20196108010119795
2020-03-30,600900.SH,16.86,17.11,16.79,17.1,16.91,0.19,1.1236,211551.04,359224.814,0.011235955056179803,0.011173300598125255,16.956,17.1105,,0.20005858698031803
2020-03-31,600900.SH,17.1,17.37,17.07,17.29,17.1,0.19,1.1111,149253.55,257923.557,0.011111111111111072,0.011049836186584935,17.032,17.0965,,0.1930814064173768
2020-04-01,600900.SH,17.29,17.35,16.96,17.03,17.29,-0.26,-1.5038,157779.81,269929.01,-0.015037593984962294,-0.015151805020602108,17.032,17.0685,,0.19943579450406462
2020-04-02,600900.SH,16.96,17.36,16.96,17.26,17.03,0.23,1.3506,108265.19,186250.121,0.01350557839107469,0.01341519098068509,17.118000000000002,17.045499999999997,17.464833333333335,0.20419257372361227
2020-04-03,600900.SH,17.26,17.33,17.12,17.22,17.26,-0.04,-0.2317,90939.44,156552.736,-0.002317497103128785,-0.0023201866556973095,17.18,17.032500000000002,17.444,0.19904065156709874
2020-04-07,600900.SH,17.44,17.44,17.21,17.25,17.22,0.03,0.1742,126466.15,218913.553,0.0017421602787457413,0.0017406444777841182,17.21,17.0225,17.422,0.199179022211015
2020-04-08,600900.SH,17.25,17.27,17.02,17.21,17.25,-0.04,-0.2319,138340.81,237241.639,-0.002318840579710102,-0.00232153325392067,17.194,17.000999999999998,17.4055,0.19462766882695035
2020-04-09,600900.SH,17.21,17.21,17.02,17.06,17.21,-0.15,-0.8716,71433.7,122088.484,-0.008715862870424251,-0.008754068159915071,17.2,16.9745,17.386666666666667,0.19640968482750673
2020-04-10,600900.SH,17.06,17.12,17.0,17.05,17.06,-0.01,-0.0586,124509.39,212410.655,-0.0005861664712777381,-0.0005863383340071579,17.158,16.9545,17.37,0.19490968095484998
2020-04-13,600900.SH,17.01,17.13,17.01,17.11,17.05,0.06,0.3519,75544.91,128883.315,0.0035190615835776207,0.0035128841745762215,17.136000000000003,16.96,17.353666666666665,0.1720733371834808
2020-04-14,600900.SH,17.17,17.27,17.09,17.23,17.11,0.12,0.7013,158333.57,271919.524,0.007013442431326844,0.0069889626357362775,17.131999999999998,16.9755,17.340833333333332,0.1725085852689895
2020-04-15,600900.SH,17.18,17.32,17.04,17.07,17.23,-0.16,-0.9286,106672.06,182894.055,-0.009286128845037767,-0.009329513733489052,17.104,16.982499999999998,17.324166666666667,0.17631292872482354
2020-04-16,600900.SH,17.02,17.23,17.02,17.15,17.07,0.08,0.4687,105974.96,181431.738,0.004686584651435233,0.004675636805599644,17.122000000000003,17.003999999999998,17.307,0.17008795866228033
2020-04-17,600900.SH,17.15,17.18,17.05,17.12,17.15,-0.03,-0.1749,158441.5,270879.925,-0.0017492711370260539,-0.0017508028983526933,17.136,17.042,17.292166666666667,0.14787519346355055
2020-04-20,600900.SH,17.11,17.14,17.0,17.0,17.12,-0.12,-0.7009,157900.09,269024.911,-0.007009345794392607,-0.007034026657380048,17.113999999999997,17.067500000000003,17.275166666666667,0.14983638712532796
2020-04-21,600900.SH,16.97,17.1,16.96,17.09,17.0,0.09,0.5294,112379.09,191375.853,0.0052941176470588935,0.005280153071283511,17.086000000000002,17.096,17.264333333333333,0.1504207421808456
2020-04-22,600900.SH,17.08,17.22,17.02,17.22,17.09,0.13,0.7607,122138.24,209633.271,0.0076067875950847075,0.007578001872085084,17.116,17.1115,17.2535,0.12872729226377025
2020-04-23,600900.SH,17.29,17.38,17.17,17.3,17.22,0.08,0.4646,151299.46,261579.065,0.004645760743321903,0.004635002504148705,17.146,17.125,17.245333333333335,0.12746051199058878
2020-04-24,600900.SH,17.3,17.55,17.27,17.53,17.3,0.23,1.3295,139598.46,243745.234,0.013294797687861237,0.013207197429409834,17.228,17.16,17.24416666666667,0.1257079491193587
2020-04-27,600900.SH,17.57,17.94,17.56,17.61,17.53,0.08,0.4564,174533.54,309629.065,0.004563605248145919,0.004553223574971525,17.35,17.195,17.25183333333333,0.12565599245249842
2020-04-28,600900.SH,17.59,17.86,17.46,17.75,17.61,0.14,0.795,143541.78,253825.987,0.007950028392958552,0.007918593413310037,17.482,17.2275,17.262166666666666,0.12298641540980318
2020-04-29,600900.SH,17.78,17.79,17.39,17.61,17.75,-0.14,-0.7887,109221.15,191651.259,-0.007887323943661984,-0.007918593413310042,17.56,17.2435,17.267166666666665,0.12259397357280918
2020-04-30,600900.SH,17.5,17.65,17.38,17.45,17.61,-0.16,-0.9086,164043.15,286979.495,-0.009085746734809774,-0.00912727385967861,17.59,17.2645,17.2695,0.11380764470707218
2020-05-06,600900.SH,17.31,17.5,17.16,17.24,17.45,-0.21,-1.2034,253052.38,436425.773,-0.012034383954154793,-0.012107383412889196,17.532,17.2635,17.266166666666667,0.11341763187295144
2020-05-07,600900.SH,17.18,17.18,17.0,17.03,17.24,-0.21,-1.2181,318594.42,542687.563,-0.012180974477958073,-0.012255770560949961,17.416,17.253999999999998,17.25183333333333,0.12118962026962492
2020-05-08,600900.SH,17.1,17.17,17.06,17.09,17.03,0.06,0.3523,162724.96,278424.599,0.0035231943628888374,0.003517002452902428,17.284,17.246,17.242833333333333,0.12179528599084778
2020-05-11,600900.SH,17.12,17.23,17.05,17.16,17.09,0.07,0.4096,194859.34,334358.057,0.0040959625511995945,0.004087596932316763,17.194,17.2435,17.235500000000002,0.12260711084929952
2020-05-12,600900.SH,17.23,17.35,17.16,17.22,17.16,0.06,0.3497,164084.49,282727.244,0.0034965034965033226,0.003490404939768346,17.148,17.2515,17.229499999999998,0.11885338803812438
2020-05-13,600900.SH,17.21,17.24,17.09,17.18,17.22,-0.04,-0.2323,147839.72,254033.784,-0.0023228803716608404,-0.00232558244347541,17.136000000000003,17.258,17.2225,0.11922194246224965
2020-05-14,600900.SH,17.26,17.26,17.07,17.15,17.18,-0.03,-0.1746,136641.17,234065.427,-0.0017462165308499422,-0.0017477429441605079,17.16,17.259999999999998,17.214666666666666,0.11886329620865776
2020-05-15,600900.SH,17.15,17.18,17.08,17.16,17.15,0.01,0.0583,148994.32,255213.495,0.0005830903790089437,0.0005829204478674977,17.174,17.2565,17.205833333333334,0.11609325056675474
2020-05-18,600900.SH,17.11,17.13,16.99,17.04,17.16,-0.12,-0.6993,170831.55,291436.46,-0.006993006993007089,-0.0070175726586466465,17.15,17.255,17.19783333333333,0.113973130254856
2020-05-19,600900.SH,17.13,17.13,17.02,17.02,17.04,-0.02,-0.1174,169111.53,288305.204,-0.0011737089201877549,-0.0011743982559415578,17.11,17.2485,17.1895,0.11262413842092825
2020-05-20,600900.SH,17.03,17.06,16.99,17.04,17.02,0.02,0.1175,154990.09,263716.36,0.001175088131609936,0.0011743982559416616,17.082,17.2445,17.17983333333333,0.11262284698229533
2020-05-21,600900.SH,17.07,17.08,16.96,17.02,17.04,-0.02,-0.1174,174083.96,296217.843,-0.0011737089201877549,-0.0011743982559415578,17.056,17.2455,17.171333333333333,0.10982033320325012
2020-05-22,600900.SH,16.98,17.0,16.77,16.77,17.02,-0.25,-1.4689,203041.26,342636.197,-0.014688601645123422,-0.014797547310110633,16.978,17.2295,17.160666666666668,0.1197029013062762
2020-05-25,600900.SH,16.93,17.09,16.7,17.07,16.77,0.3,1.7889,164683.27,279434.556,0.017889087656529634,0.017730960971231877,16.984,17.222,17.158833333333334,0.134111761358534
2020-05-26,600900.SH,17.17,17.18,16.98,17.06,17.07,-0.01,-0.0586,163660.72,278841.236,-0.0005858230814295151,-0.0005859947428162918,16.992,17.21,17.15983333333333,0.1327784410635398
2020-05-27,600900.SH,17.0,17.06,16.96,16.98,17.06,-0.08,-0.4689,133448.37,226861.653,-0.004689331770222682,-0.004700361180331741,16.979999999999997,17.182499999999997,17.155666666666665,0.12266105858676613
2020-05-28,600900.SH,17.1,17.45,17.08,17.45,16.98,0.47,2.768,332644.93,575707.326,0.027679623085983485,0.027303467765234887,17.066,17.174500000000002,17.162666666666667,0.15980002726001982
2020-05-29,600900.SH,17.45,17.45,17.22,17.39,17.45,-0.06,-0.3438,276174.3,478044.94,-0.0034383954154727503,-0.0034443202822444776,17.19,17.1565,17.16483333333333,0.15698783915523787
2020-06-01,600900.SH,17.43,17.92,17.4,17.8,17.39,0.41,2.3577,356360.33,631372.191,0.02357676825761934,0.02330312893184782,17.336,17.166,17.16866666666667,0.17706563099535672
2020-06-02,600900.SH,17.7,18.0,17.64,18.0,17.8,0.2,1.1236,268022.22,477731.436,0.011235955056179803,0.011173300598125255,17.524,17.1935,17.1755,0.17702260016546625
2020-06-03,600900.SH,18.06,18.28,17.95,18.16,18.0,0.16,0.8889,231159.08,419732.585,0.008888888888888946,0.0088496152769826,17.76,17.2395,17.182833333333335,0.17111229558172728
2020-06-04,600900.SH,18.16,18.22,17.8,17.8,18.16,-0.36,-1.9824,214460.62,384633.406,-0.01982378854625544,-0.020022915875107704,17.830000000000002,17.278,17.188166666666667,0.18172429775120738
2020-06-05,600900.SH,17.89,17.95,17.66,17.75,17.8,-0.05,-0.2809,146097.41,259506.531,-0.002808988764045006,-0.0028129413766147236,17.902,17.311,17.193166666666666,0.18253589052905986
2020-06-08,600900.SH,17.8,18.05,17.54,17.89,17.75,0.14,0.7887,242527.63,430814.866,0.007887323943662095,0.007856381599203112,17.92,17.3475,17.197333333333336,0.18361754462586666
2020-06-09,600900.SH,17.85,18.07,17.77,18.02,17.89,0.13,0.7267,143411.34,257627.18,0.007266629401900371,0.007240354659563932,17.924,17.3875,17.2045,0.18447037251219162
2020-06-10,600900.SH,18.04,18.04,17.77,17.87,18.02,-0.15,-0.8324,154710.59,276804.78,-0.008324084350721295,-0.008358923008855056,17.866000000000003,17.422,17.2115,0.18768295095497725
2020-06-11,600900.SH,17.88,17.93,17.6,17.6,17.87,-0.27,-1.5109,169387.31,300095.617,-0.015109121432568484,-0.015224427127230508,17.826,17.444499999999998,17.2215,0.19701728865218493
2020-06-12,600900.SH,17.24,17.58,17.2,17.53,17.6,-0.07,-0.3977,289648.13,504748.262,-0.003977272727272774,-0.003985203110963014,17.782,17.463,17.23166666666667,0.19792141719913875
2020-06-15,600900.SH,17.35,17.44,17.22,17.23,17.53,-0.3,-1.7114,187749.46,325104.795,-0.01711351968054764,-0.017261648393304883,17.65,17.4725,17.236666666666668,0.20651151925549194
2020-06-16,600900.SH,17.38,17.71,17.36,17.64,17.23,0.41,2.3796,157806.38,277195.211,0.023795705165409187,0.023517000038807006,17.574,17.503500000000003,17.252000000000002,0.22204726815691656
2020-06-17,600900.SH,17.59,18.11,17.52,17.92,17.64,0.28,1.5873,246284.44,440551.375,0.01587301587301604,0.01574835696813933,17.584,17.5475,17.278000000000002,0.2274882552210892
2020-06-18,600900.SH,17.94,18.3,17.94,18.19,17.92,0.27,1.5067,227145.82,413255.593,0.01506696428571419,0.01495458498324638,17.702,17.606,17.306333333333335,0.231172618929749
2020-06-19,600900.SH,18.26,18.4,18.08,18.17,18.19,-0.02,-0.11,266598.84,485691.32,-0.0010995052226497881,-0.0011001101219510491,17.830000000000002,17.676,17.333833333333335,0.22189261730959775
2020-06-22,600900.SH,18.24,18.36,18.0,18.21,18.17,0.04,0.2201,176083.68,320894.92,0.0022014309301046087,0.0021990113314368093,18.026000000000003,17.732999999999997,17.3555,0.21587739554115723
2020-06-23,600900.SH,18.07,18.9,17.89,18.75,18.21,0.54,2.9654,359297.13,666761.747,0.029654036243822013,0.029222858676903177,18.248,17.8175,17.384166666666665,0.23449506276266419
2020-06-24,600900.SH,18.9,19.45,18.9,19.09,18.75,0.34,1.8133,315146.77,605084.501,0.018133333333333335,0.017970885321236425,18.482,17.923000000000002,17.421833333333332,0.23618557084615668
2020-06-29,600900.SH,19.08,19.28,18.94,18.98,19.09,-0.11,-0.5762,231723.59,441421.885,-0.005762179151388103,-0.00577884455587438,18.64,17.9995,17.45633333333333,0.22499747214758964
2020-06-30,600900.SH,19.09,19.31,18.89,18.94,18.98,-0.04,-0.2107,209434.31,399355.767,-0.0021074815595363283,-0.0021097054238495955,18.794,18.077,17.487000000000002,0.22443877919471034
2020-07-01,600900.SH,19.05,19.45,18.91,19.45,18.94,0.51,2.6927,232633.61,445764.241,0.02692713833157323,0.02657098230652296,19.041999999999998,18.1595,17.523000000000003,0.22851897630519166
2020-07-02,600900.SH,19.42,19.49,19.06,19.15,19.45,-0.3,-1.5424,374491.43,719134.679,-0.015424164524421635,-0.015544354437800344,19.122,18.217,17.558333333333334,0.2375738570920224
2020-07-03,600900.SH,19.15,19.31,18.91,19.09,19.15,-0.06,-0.3133,303544.61,578963.247,-0.0031331592689294308,-0.0031380778889986767,19.122000000000003,18.2635,17.588833333333334,0.23759318709198393
2020-07-06,600900.SH,19.15,19.57,19.13,19.31,19.09,0.22,1.1524,454612.51,882185.709,0.011524358302776205,0.01145845870276671,19.188,18.339000000000002,17.62366666666667,0.22401119695809327
2020-07-07,600900.SH,19.45,19.68,19.32,19.32,19.31,0.01,0.0518,488964.06,952891.315,0.0005178663904712444,0.0005177323439488503,19.264000000000003,18.4175,17.658166666666666,0.2229445482139309
2020-07-08,600900.SH,19.34,19.5,19.15,19.18,19.32,-0.14,-0.7246,344537.13,664800.508,-0.007246376811594235,-0.007272759329079809,19.21,18.482000000000003,17.691,0.22619889338138252
2020-07-09,600900.SH,19.2,19.28,18.91,19.03,19.18,-0.15,-0.7821,377189.83,717971.67,-0.007820646506777829,-0.007851388147233974,19.186,18.5325,17.72383333333333,0.22925940153380653
2020-07-10,600900.SH,19.03,19.33,18.88,18.89,19.03,-0.14,-0.7357,356624.26,680407.526,-0.0073568050446662925,-0.007383999794639915,19.146,18.5835,17.7545,0.228660221740376
2020-07-13,600900.SH,19.0,19.38,19.0,19.16,18.89,0.27,1.4293,389834.54,747944.786,0.014293276866066629,0.014192091029296229,19.116000000000003,18.6615,17.788666666666664,0.22169804206108926
2020-07-14,600900.SH,19.1,19.65,19.1,19.41,19.16,0.25,1.3048,502220.78,971444.478,0.013048016701461274,0.012963624638204298,19.134,18.755499999999998,17.825,0.22145594364830432
2020-07-15,600900.SH,19.5,19.99,19.43,19.96,19.41,0.55,2.8336,498648.86,988302.452,0.028335909325090114,0.027941873702398985,19.29,18.892000000000003,17.87316666666667,0.21947745020015588
2020-07-16,600900.SH,19.99,20.0,19.12,19.13,19.96,-0.83,-4.1583,541797.78,1051765.083,-0.041583166332665455,-0.04247248743115654,19.310000000000002,18.966500000000003,17.906166666666664,0.271507867462915
2020-07-17,600900.SH,18.51,18.75,18.42,18.61,18.45,0.16,0.8672,308124.74,572105.278,-0.02718243596445369,-0.027558712798002066,19.254,19.001,17.931,0.28938669327234184
2020-07-20,600900.SH,18.6,18.8,18.42,18.64,18.61,0.03,0.1612,371640.43,691938.575,0.001612036539494932,0.0016107386032857731,19.15,19.023500000000002,17.958333333333332,0.28527105955102516
2020-07-21,600900.SH,18.7,18.96,18.6,18.67,18.64,0.03,0.1609,319207.22,596831.281,0.0016094420600858417,0.0016081482961861253,19.002,19.0485,17.984666666666666,0.2851212270610131
2020-07-22,600900.SH,18.61,18.88,18.42,18.67,18.67,0.0,0.0,317400.82,592736.276,0.0,0.0,18.744,19.0715,18.00883333333333,0.2851577086909225
2020-07-23,600900.SH,18.53,18.75,18.48,18.66,18.67,-0.01,-0.0536,228949.96,425938.356,-0.0005356186395287788,-0.0005357621344336022,18.650000000000002,19.067,18.031499999999998,0.26490357937444836
2020-07-24,600900.SH,18.59,18.66,18.02,18.2,18.66,-0.46,-2.4652,352872.81,646851.762,-0.024651661307609873,-0.024960601336448115,18.568,19.0225,18.042666666666666,0.26932663109819227
2020-07-27,600900.SH,18.31,18.58,18.22,18.53,18.2,0.33,1.8132,226440.97,416736.493,0.01813186813186829,0.0179694462145189,18.546,19.0,18.058,0.2783924623747825
2020-07-28,600900.SH,18.6,18.84,18.5,18.66,18.53,0.13,0.7016,187515.76,350020.336,0.007015650296815945,0.006991155121929326,18.544000000000004,18.985999999999997,18.07316666666667,0.2798136345177557
2020-07-29,600900.SH,18.56,18.64,18.25,18.57,18.66,-0.09,-0.4823,175788.16,325074.357,-0.004823151125401881,-0.004834820054583293,18.524,18.942,18.089166666666664,0.26041709885688635
2020-07-30,600900.SH,18.57,18.74,18.25,18.33,18.57,-0.24,-1.2924,233983.14,430679.286,-0.01292407108239102,-0.013008313513000847,18.458,18.901000000000003,18.103833333333334,0.25887780749789674
2020-07-31,600900.SH,18.45,18.64,18.23,18.37,18.33,0.04,0.2182,225913.1,416914.965,0.0021822149481725006,0.0021798373754207422,18.492,18.865,18.122666666666664,0.2592723975463379
2020-08-03,600900.SH,18.33,18.57,18.25,18.33,18.37,-0.04,-0.2177,244533.22,448836.804,-0.0021774632553077655,-0.0021798373754208364,18.452,18.816,18.144333333333332,0.2544553187750204
2020-08-04,600900.SH,18.41,18.42,18.27,18.35,18.33,0.02,0.1091,229320.52,420886.367,0.0010911074740864724,0.0010905126489659065,18.389999999999997,18.7675,18.165333333333333,0.2545529434762855
2020-08-05,600900.SH,18.35,18.44,18.11,18.17,18.35,-0.18,-0.9809,161041.7,293173.672,-0.009809264305177146,-0.009857692092499495,18.310000000000002,18.717,18.182166666666667,0.2553548532805049
2020-08-06,600900.SH,18.2,18.23,18.05,18.07,18.17,-0.1,-0.5504,173984.51,314831.97,-0.005503577325261522,-0.005518777803942794,18.258000000000003,18.669,18.19633333333333,0.25485578443940266
2020-08-07,600900.SH,18.14,18.16,18.0,18.08,18.07,0.01,0.0553,167625.67,302787.762,0.0005534034311012181,0.0005532503598932583,18.2,18.628500000000003,18.211333333333336,0.2543868527066942
2020-08-10,600900.SH,18.1,18.23,17.99,18.06,18.08,-0.02,-0.1106,186845.62,338262.174,-0.0011061946902655162,-0.0011068069751911064,18.146,18.5735,18.226499999999998,0.247018444189548
2020-08-11,600900.SH,18.14,18.16,17.99,18.07,18.06,0.01,0.0554,230221.36,415690.479,0.0005537098560355336,0.0005535566152978599,18.089999999999996,18.506500000000003,18.241666666666667,0.24025135282372703
2020-08-12,600900.SH,18.01,18.07,17.81,18.02,18.07,-0.05,-0.2767,234100.31,420262.528,-0.002767017155506424,-0.0027708524239453292,18.060000000000002,18.4095,18.258,0.20898875140163722
2020-08-13,600900.SH,18.03,18.16,17.93,18.02,18.02,0.0,0.0,200071.79,360904.966,0.0,0.0,18.05,18.354,18.27466666666667,0.15851827379916222
2020-08-14,600900.SH,18.1,18.22,18.02,18.21,18.02,0.19,1.0544,228039.92,413543.942,0.010543840177580588,0.01048864155932485,18.076,18.334,18.29416666666667,0.13710384338073328
2020-08-17,600900.SH,18.31,18.42,18.28,18.37,18.21,0.16,0.8786,251135.77,461278.764,0.008786381109280539,0.008748005487517621,18.137999999999998,18.3205,18.316666666666666,0.14125386977486656
2020-08-18,600900.SH,18.38,18.42,18.21,18.24,18.37,-0.13,-0.7077,157588.37,288878.628,-0.007076755579749738,-0.0071019145808491006,18.172,18.299,18.341166666666666,0.1427345610582237
2020-08-19,600900.SH,18.29,18.76,18.14,18.53,18.24,0.29,1.5899,334661.39,619323.788,0.015899122807017774,0.015774055651083307,18.274,18.292,18.3655,0.15502587777901175
2020-08-20,600900.SH,18.51,18.98,18.33,18.98,18.53,0.45,2.4285,518291.87,972890.406,0.024284943335132203,0.02399475288451338,18.466,18.308,18.397499999999997,0.1779341982913795
2020-08-21,600900.SH,19.1,19.22,18.8,18.99,18.98,0.01,0.0527,342795.94,652690.147,0.0005268703898839711,0.0005267316424125866,18.622,18.3475,18.430999999999997,0.15025272156691521
2020-08-24,600900.SH,18.99,19.15,18.7,18.91,18.99,-0.08,-0.4213,231611.44,436548.498,-0.004212743549236397,-0.004221642153828341,18.73,18.3665,18.455333333333336,0.13930313179700057
2020-08-25,600900.SH,18.85,18.92,18.52,18.55,18.91,-0.36,-1.9038,231620.01,432180.805,-0.019037546271813865,-0.01922109361692199,18.792,18.361,18.474666666666668,0.1543900848629134
2020-08-26,600900.SH,18.69,18.81,18.56,18.72,18.55,0.17,0.9164,225006.03,420845.207,0.009164420485175073,0.009122681996001716,18.830000000000002,18.3685,18.490000000000002,0.15685980889422443
2020-08-27,600900.SH,18.81,18.81,18.55,18.67,18.72,-0.05,-0.2671,139968.44,261271.295,-0.0026709401709400504,-0.0026745134958146215,18.768,18.3855,18.501166666666666,0.14930684813126993
2020-08-28,600900.SH,18.7,19.03,18.58,18.99,18.67,0.32,1.714,225265.29,425637.967,0.0171397964649167,0.01699456727056299,18.768,18.416500000000003,18.514999999999997,0.1599874206312454
2020-08-31,600900.SH,18.95,19.56,18.91,19.3,18.99,0.31,1.6324,336875.75,652342.038,0.016324381253291387,0.016192571086645534,18.846,18.465,18.540000000000003,0.16733712225595798
2020-09-01,600900.SH,19.3,19.55,19.16,19.53,19.3,0.23,1.1917,219785.18,426370.514,0.011917098445595853,0.011846648977747697,19.041999999999998,18.524,18.569666666666667,0.17039754714310235
2020-09-02,600900.SH,19.6,19.76,19.3,19.65,19.53,0.12,0.6144,272133.36,533390.901,0.006144393241167334,0.006125593426682576,19.228,18.598,18.598999999999997,0.16354577991865052
2020-09-03,600900.SH,19.75,20.36,19.71,20.02,19.65,0.37,1.883,378173.05,760179.235,0.018829516539440316,0.018654435571804396,19.497999999999998,18.695500000000003,18.63233333333333,0.16760291902217336
2020-09-04,600900.SH,19.9,20.27,19.81,20.01,20.02,-0.01,-0.05,227733.56,455929.403,-0.0004995004995004271,-0.0004996252914324128,19.702,18.792,18.668,0.16803035692573184
2020-09-07,600900.SH,19.99,20.5,19.92,20.08,20.01,0.07,0.3498,353909.61,716012.971,0.0034982508745624585,0.003492146227886146,19.858,18.893,18.709333333333333,0.166549608084989
2020-09-08,600900.SH,20.21,20.45,20.0,20.0,20.08,-0.08,-0.3984,282691.08,570167.396,-0.003984063745019806,-0.003992021269537338,19.952,18.9895,18.7505,0.16904925517528022
2020-09-09,600900.SH,19.9,20.19,19.71,19.99,20.0,-0.01,-0.05,228931.41,457725.093,-0.000500000000000056,-0.0005001250416823539,20.02,19.088,18.796499999999998,0.1678299197345348
2020-09-10,600900.SH,19.97,20.19,19.75,20.07,19.99,0.08,0.4002,243550.97,487020.788,0.00400200100050041,0.003994014295938237,20.03,19.1905,18.837,0.16676612735428584
2020-09-11,600900.SH,20.0,20.45,19.96,20.36,20.07,0.29,1.4449,296482.33,600596.379,0.014449427005480686,0.01434602887407509,20.1,19.298,18.877666666666663,0.1689095945428958
2020-09-14,600900.SH,20.4,20.98,20.23,20.9,20.36,0.54,2.6523,331402.36,686414.633,0.026522593320235766,0.026176967288443334,20.264,19.424500000000002,18.922833333333333,0.18430957256739444
2020-09-15,600900.SH,21.0,21.0,20.51,20.59,20.9,-0.31,-1.4833,269662.6,556931.726,-0.01483253588516742,-0.014943637931067195,20.381999999999998,19.542,18.963166666666666,0.19372282152663078
2020-09-16,600900.SH,20.7,20.76,20.38,20.61,20.59,0.02,0.0971,202507.34,416788.148,0.0009713453132589311,0.0009708738626696503,20.506,19.645999999999997,19.00316666666667,0.19098472850552986
2020-09-17,600900.SH,20.61,20.75,20.33,20.42,20.61,-0.19,-0.9219,157247.4,321494.075,-0.009218825812712161,-0.009261582165848051,20.576,19.717999999999996,19.031000000000002,0.1839476258316537
2020-09-18,600900.SH,20.62,20.82,20.45,20.71,20.42,0.29,1.4202,258852.67,534018.61,0.014201762977473109,0.014101862670973337,20.646,19.804000000000002,19.058,0.1871690235396672
2020-09-21,600900.SH,20.61,20.7,20.31,20.32,20.71,-0.39,-1.8831,208303.88,425514.719,-0.01883148237566401,-0.01901105269721173,20.53,19.8745,19.080333333333336,0.20265455327587156
2020-09-22,600900.SH,20.32,20.53,20.03,20.05,20.32,-0.27,-1.3287,260621.93,528692.854,-0.013287401574803126,-0.013376468957702926,20.422,19.9495,19.098833333333335,0.19498831031533995
2020-09-23,600900.SH,20.21,20.26,19.99,20.01,20.05,-0.04,-0.1995,269534.88,541688.371,-0.001995012468827939,-0.00199700515693616,20.302,20.014000000000003,19.108166666666666,0.19506672294634972
2020-09-24,600900.SH,19.84,19.84,19.33,19.4,20.01,-0.61,-3.0485,549870.07,1075237.677,-0.030484757621189518,-0.030959082526359708,20.098,20.0505,19.112333333333332,0.22865758406866013
2020-09-25,600900.SH,19.5,19.5,18.62,18.86,19.4,-0.54,-2.7835,768874.14,1450554.876,-0.027835051546391765,-0.028229788863971025,19.728,20.044,19.1085,0.2443985117510855
2020-09-28,600900.SH,18.9,19.28,18.82,19.05,18.86,0.19,1.0074,564407.82,1074571.235,0.010074231177094495,0.010023824367398649,19.474,20.0315,19.104166666666668,0.23974605409904517
2020-09-29,600900.SH,19.19,19.23,18.92,19.04,19.05,-0.01,-0.0525,377405.19,719566.389,-0.0005249343832022246,-0.0005250722094908409,19.272,20.006999999999998,19.0995,0.2351943642177008
2020-09-30,600900.SH,19.11,19.18,18.9,19.13,19.04,0.09,0.4727,270136.54,514379.005,0.004726890756302504,0.0047157540889422355,19.095999999999997,19.981,19.098666666666666,0.23466330105478223
2020-10-09,600900.SH,19.15,19.23,18.9,18.96,19.13,-0.17,-0.8887,322845.42,614777.009,-0.008886565603763663,-0.008926286625285702,19.008000000000003,19.928,19.097500000000004,0.22359284247052238
2020-10-12,600900.SH,18.83,19.4,18.82,19.25,18.96,0.29,1.5295,444379.34,851015.979,0.015295358649789037,0.015179563906917493,19.086000000000002,19.89,19.1035,0.23243564013529494
2020-10-13,600900.SH,19.25,19.43,18.98,19.33,19.25,0.08,0.4156,170998.31,328263.736,0.004155844155844024,0.004147232486446168,19.142,19.8525,19.106333333333335,0.23264727101768493
2020-10-14,600900.SH,19.35,19.4,19.08,19.12,19.33,-0.21,-1.0864,290415.45,557534.57,-0.010863942058975562,-0.010923385596984178,19.157999999999998,19.808500000000002,19.101499999999998,0.23477628436072062
2020-10-15,600900.SH,19.06,19.16,18.8,19.03,19.12,-0.09,-0.4707,332014.37,629756.523,-0.004707112970711247,-0.004718226315197054,19.137999999999998,19.7605,19.086000000000002,0.23486071997750124
2020-10-16,600900.SH,19.03,19.14,18.91,18.91,19.03,-0.12,-0.6306,243932.87,463339.288,-0.006305832895428298,-0.006325798637692024,19.128,19.7025,19.082333333333334,0.23400977244562973
2020-10-19,600900.SH,18.98,19.11,18.8,18.82,18.91,-0.09,-0.4759,267371.7,505899.634,-0.004759386567953494,-0.004770748513132581,19.041999999999998,19.6255,19.085833333333333,0.22491196026947505
2020-10-20,600900.SH,18.8,18.89,18.76,18.84,18.82,0.02,0.1063,186288.42,350820.676,0.0010626992561104665,0.0010621349909833693,18.944,19.5225,19.089166666666667,0.1955874706734748
2020-10-21,600900.SH,18.82,19.05,18.7,19.0,18.84,0.16,0.8493,248952.46,470301.793,0.00849256900212314,0.008456710018223458,18.919999999999998,19.443,19.09466666666667,0.19770989154306534
2020-10-22,600900.SH,19.0,19.07,18.83,19.0,19.0,0.0,0.0,214831.31,407163.734,0.0,0.0,18.913999999999998,19.3625,19.100166666666667,0.19741997434092123
2020-10-23,600900.SH,19.0,19.0,18.73,18.73,19.0,-0.27,-1.4211,166039.01,312408.997,-0.014210526315789451,-0.014312462710443292,18.878,19.278,19.101333333333336,0.19995419386704566
2020-10-26,600900.SH,18.71,19.03,18.7,18.99,18.73,0.26,1.3881,155536.29,293856.698,0.0138814735718098,0.013786008368197235,18.912,19.192,19.114500000000003,0.199565375369764
2020-10-27,600900.SH,18.91,19.2,18.86,19.09,18.99,0.1,0.5266,237534.33,452210.202,0.00526592943654558,0.005252112913461765,18.962,19.130499999999998,19.123833333333334,0.19447970813302354
2020-10-28,600900.SH,19.09,19.28,19.06,19.13,19.09,0.04,0.2095,246084.5,471658.497,0.002095337873232017,0.0020931457145052196,18.988,19.0845,19.131666666666668,0.19137556155959679
2020-10-29,600900.SH,18.98,19.09,18.84,18.9,19.13,-0.23,-1.2023,202438.43,383600.588,-0.012023000522739191,-0.01209586138656485,18.968,19.029,19.137166666666666,0.1944656449933335
2020-10-30,600900.SH,18.9,19.16,18.9,18.96,18.9,0.06,0.3175,238556.36,454238.113,0.0031746031746033854,0.0031695747612792606,19.014,19.006999999999998,19.147666666666666,0.16538879768162912
2020-11-02,600900.SH,19.04,19.85,19.04,19.79,18.96,0.83,4.3776,566062.93,1108540.97,0.043776371308016815,0.04284526278759855,19.174,19.0535,19.171333333333333,0.20291093394217877
2020-11-03,600900.SH,19.89,20.17,19.72,20.0,19.79,0.21,1.0611,351078.45,701900.832,0.010611419909045017,0.010555513939516679,19.356,19.101,19.199166666666667,0.20318615272456478
2020-11-04,600900.SH,19.9,20.05,19.72,19.95,20.0,-0.05,-0.25,224943.22,447328.303,-0.0025000000000000577,-0.0025031302181185884,19.52,19.1465,19.225833333333334,0.20369810388204596
2020-11-05,600900.SH,20.0,20.49,19.93,20.35,19.95,0.4,2.005,286309.28,581040.228,0.020050125313283207,0.01985176855273153,19.81,19.207500000000003,19.262166666666662,0.21305279075452174
2020-11-06,600900.SH,20.29,20.42,20.06,20.36,20.35,0.01,0.0491,201494.54,407971.531,0.0004914004914002845,0.0004912797937177919,20.09,19.277499999999996,19.300333333333334,0.20856134328731582
2020-11-09,600900.SH,20.22,20.55,20.13,20.36,20.36,0.0,0.0,262748.04,533947.491,0.0,0.0,20.204,19.333,19.33833333333333,0.20425566040086357
2020-11-10,600900.SH,20.25,20.66,20.05,20.22,20.36,-0.14,-0.6876,324495.95,656780.726,-0.006876227897838927,-0.006899978089996664,20.248,19.3775,19.374333333333333,0.20707921678858215
2020-11-11,600900.SH,20.22,20.73,20.04,20.54,20.22,0.32,1.5826,329621.02,676117.884,0.015825914935707175,0.015701990908086768,20.366,19.4485,19.415499999999998,0.20619000852859204
2020-11-12,600900.SH,20.69,20.83,20.42,20.61,20.54,0.07,0.3408,302576.24,623226.015,0.003407984420642718,0.0034021904019555607,20.418,19.5275,19.458666666666666,0.20381704098737824
2020-11-13,600900.SH,20.62,20.62,20.16,20.36,20.61,-0.25,-1.213,267495.88,543991.358,-0.012130033964095066,-0.012204203220045636,20.418,19.6,19.497666666666664,0.2087397303069037
2020-11-16,600900.SH,20.46,20.49,19.88,19.98,20.36,-0.38,-1.8664,343467.06,689469.703,-0.018664047151277008,-0.01884041846191453,20.342,19.657999999999998,19.527166666666666,0.22171759542488656
2020-11-17,600900.SH,20.0,20.0,19.48,19.55,19.98,-0.43,-2.1522,395507.23,777909.462,-0.021521521521521536,-0.0217564867890327,20.208,19.693499999999997,19.546833333333332,0.23832279616435545
2020-11-18,600900.SH,19.55,19.94,19.5,19.77,19.55,0.22,1.1253,339511.4,671184.932,0.011253196930946174,0.011190350751150649,20.054000000000002,19.732000000000003,19.572333333333333,0.23952525382359538
2020-11-19,600900.SH,19.85,19.96,19.65,19.84,19.77,0.07,0.3541,248020.05,492611.535,0.0035407182599898057,0.003534464674201114,19.9,19.773999999999997,19.59416666666667,0.2394441542022215
2020-11-20,600900.SH,19.88,19.89,19.61,19.81,19.84,-0.03,-0.1512,262495.19,518618.065,-0.0015120967741936164,-0.0015132411462672407,19.79,19.828,19.608,0.23197647424678258
2020-11-23,600900.SH,19.88,19.95,19.61,19.9,19.81,0.09,0.4543,269889.8,535187.356,0.004543160020191728,0.004532871019987055,19.774,19.8735,19.62316666666667,0.22845886135041604
2020-11-24,600900.SH,19.81,19.92,19.69,19.71,19.9,-0.19,-0.9548,205740.27,406720.503,-0.009547738693467256,-0.009593610565817794,19.806,19.904500000000002,19.636499999999998,0.23205211062661757
2020-11-25,600900.SH,19.74,19.78,19.45,19.46,19.71,-0.25,-1.2684,251650.75,493225.605,-0.01268391679350589,-0.012765044406769887,19.744,19.921,19.651666666666664,0.23758215303827
2020-11-26,600900.SH,19.51,20.25,19.47,20.23,19.46,0.77,3.9568,488351.59,971436.914,0.03956834532374098,0.038805574421795073,19.822,19.9875,19.67683333333333,0.2687258138596289
2020-11-27,600900.SH,20.15,20.31,19.87,20.31,20.23,0.08,0.3955,280955.63,565072.795,0.003954522985664788,0.003946724412639153,19.922,20.055,19.704166666666666,0.26872599409465786
2020-11-30,600900.SH,20.21,20.7,20.07,20.11,20.31,-0.2,-0.9847,443329.12,900066.35,-0.00984736582964052,-0.009896171807732586,19.964000000000002,20.070999999999998,19.722833333333334,0.22642263102896237
2020-12-01,600900.SH,20.14,20.39,20.02,20.3,20.11,0.19,0.9448,288019.81,581562.106,0.009448035803083066,0.009403682263180993,20.082,20.086,19.7395,0.22579749422835463
2020-12-02,600900.SH,20.47,20.47,20.15,20.2,20.3,-0.1,-0.4926,222633.73,451344.079,-0.0049261083743843415,-0.004938281640582677,20.229999999999997,20.0985,19.750666666666667,0.2264367937952495
2020-12-03,600900.SH,20.2,20.28,20.06,20.24,20.2,0.04,0.198,161413.58,325280.05,0.001980198019801982,0.0019782400121057205,20.232,20.092999999999996,19.7605,0.21475964601807745
2020-12-04,600900.SH,20.24,20.28,19.98,20.12,20.24,-0.12,-0.5929,239191.51,480614.335,-0.005928853754940566,-0.005946499187726191,20.194,20.081,19.762166666666666,0.21569866971616433
2020-12-07,600900.SH,20.06,20.11,19.79,19.8,20.12,-0.32,-1.5905,206642.07,410200.513,-0.015904572564612307,-0.016032407531048887,20.131999999999998,20.053,19.75866666666667,0.22248542918349376
2020-12-08,600900.SH,19.89,19.9,19.71,19.83,19.8,0.03,0.1515,156289.28,309984.926,0.0015151515151514694,0.0015140048312150113,20.038,20.033499999999997,19.7545,0.22168897042241711
2020-12-09,600900.SH,19.84,20.15,19.82,20.09,19.83,0.26,1.3111,216217.71,433248.874,0.013111447302067702,0.013026236295138563,20.016,20.011000000000003,19.755999999999997,0.2191707773058709
2020-12-10,600900.SH,19.98,20.1,19.89,19.95,20.09,-0.14,-0.6969,193351.5,386019.842,-0.006968641114982632,-0.006993035490970637,19.958000000000002,19.978,19.755333333333333,0.21948686825578456
2020-12-11,600900.SH,20.0,20.3,19.68,20.01,19.95,0.06,0.3008,368044.95,735592.99,0.003007518796992681,0.0030030052597697773,19.936,19.9605,19.75433333333333,0.21635100085441206
2020-12-14,600900.SH,19.97,20.03,19.77,19.77,20.01,-0.24,-1.1994,254624.31,505354.303,-0.011994002998500841,-0.012066511413116592,19.93,19.95,19.744500000000002,0.21024726893331058
2020-12-15,600900.SH,19.7,19.8,19.51,19.53,19.77,-0.24,-1.214,273718.49,536312.203,-0.012139605462822334,-0.01221389229393785,19.87,19.949,19.721666666666668,0.2001695820106924
2020-12-16,600900.SH,19.6,19.85,19.55,19.76,19.53,0.23,1.1777,236679.93,466567.262,0.01177675371223752,0.011707947431134128,19.804000000000002,19.9485,19.707833333333333,0.2005673806671469
2020-12-17,600900.SH,19.8,20.1,19.63,19.82,19.76,0.06,0.3036,395961.75,786764.511,0.0030364372469635637,0.003031836582120176,19.778,19.947499999999998,19.694666666666667,0.20045892170710677
2020-12-18,600900.SH,19.91,20.02,19.67,19.75,19.82,-0.07,-0.3532,330529.05,655356.423,-0.003531786074672083,-0.003538037554711091,19.726,19.944499999999998,19.6835,0.2007921711462211
2020-12-21,600900.SH,19.77,19.84,19.52,19.58,19.75,-0.17,-0.8608,384936.86,755509.638,-0.008607594936708929,-0.00864485424476662,19.688,19.928500000000003,19.66466666666667,0.20220045669039227
2020-12-22,600900.SH,19.6,19.61,19.13,19.15,19.58,-0.43,-2.1961,390919.15,756197.774,-0.02196118488253318,-0.02220592147570931,19.612000000000002,19.9005,19.645166666666665,0.21384290882020748
2020-12-23,600900.SH,19.19,19.22,18.9,19.05,19.15,-0.1,-0.5222,347742.79,661512.02,-0.005221932114882422,-0.00523561405394494,19.470000000000002,19.880000000000003,19.6285,0.2102091616664343
2020-12-24,600900.SH,19.09,19.15,18.91,18.98,19.05,-0.07,-0.3675,197923.8,375708.931,-0.0036745406824146842,-0.0036813083909281504,19.302,19.8175,19.611333333333334,0.14572353636610388
2020-12-25,600900.SH,18.92,19.47,18.92,19.32,18.98,0.34,1.7914,260978.35,503631.326,0.017913593256059013,0.017755035602590136,19.216,19.768,19.61,0.16223106570369242
2020-12-28,600900.SH,19.41,19.48,19.04,19.13,19.32,-0.19,-0.9834,322324.8,619374.935,-0.009834368530020732,-0.009883045332210459,19.125999999999998,19.719,19.6145,0.16222320729373285
2020-12-29,600900.SH,19.2,19.24,18.92,18.98,19.13,-0.15,-0.7841,254880.52,485212.988,-0.007841087297438487,-0.00787199027037961,19.092,19.653,19.613333333333333,0.15693388506179815
2020-12-30,600900.SH,18.99,19.18,18.91,19.03,18.98,0.05,0.2634,358891.31,683185.199,0.0026343519494205214,0.0026308881262763952,19.088,19.594500000000004,19.613166666666665,0.15819066513499597
2020-12-31,600900.SH,19.08,19.2,18.92,19.16,19.03,0.13,0.6831,326051.28,622071.24,0.006831318970047295,0.006808091234656364,19.124000000000002,19.5405,19.613666666666667,0.16109895552007172
2021-01-04,600900.SH,19.11,19.13,18.81,18.9,19.16,-0.26,-1.357,557806.08,1055731.664,-0.013569937369519947,-0.013662850477117907,19.04,19.4795,19.612666666666666,0.1653638660008902
2021-01-05,600900.SH,18.85,18.9,18.71,18.89,18.9,-0.01,-0.0529,487577.46,914606.873,-0.0005291005291003792,-0.0005292405521783611,18.992,19.434,19.606666666666666,0.1583973979544258
2021-01-06,600900.SH,18.78,19.21,18.73,19.21,18.89,0.32,1.694,522941.18,993820.924,0.01694017998941244,0.01679829526704715,19.038,19.403,19.604666666666667,0.17219082685654713
2021-01-07,600900.SH,19.31,19.57,19.03,19.23,19.21,0.02,0.1041,620974.58,1194728.67,0.0010411244143675447,0.00104058282022311,19.078,19.36,19.6065,0.1636983127440737
2021-01-08,600900.SH,19.3,19.45,19.1,19.34,19.23,0.11,0.572,574763.07,1106810.22,0.005720228809152239,0.0057039304244597775,19.114,19.3295,19.611666666666665,0.1649204494297545
2021-01-11,600900.SH,19.35,19.42,19.05,19.1,19.34,-0.24,-1.241,567350.41,1090970.656,-0.012409513960703111,-0.012487154972563983,19.154,19.284,19.614833333333333,0.16837496352855497
2021-01-12,600900.SH,19.1,19.16,18.83,19.16,19.1,0.06,0.3141,488183.42,926016.751,0.003141361256544517,0.0031364374901303115,19.208,19.253500000000003,19.620499999999996,0.16532663437864664
2021-01-13,600900.SH,19.16,19.45,18.95,19.42,19.16,0.26,1.357,565154.3,1089220.876,0.013569937369519947,0.01347869032046448,19.25,19.247999999999998,19.630166666666664,0.16856745745467164
2021-01-14,600900.SH,19.35,19.61,19.15,19.18,19.42,-0.24,-1.2358,443848.43,858276.872,-0.012358393408856916,-0.012435393407886759,19.240000000000002,19.219,19.633166666666668,0.1675362902200662
2021-01-15,600900.SH,19.1,19.32,19.03,19.2,19.18,0.02,0.1043,350741.36,672641.251,0.0010427528675702735,0.00104220957844359,19.212,19.188,19.6365,0.1669790091119591
2021-01-18,600900.SH,19.2,19.25,18.98,19.1,19.2,-0.1,-0.5208,398756.11,761753.611,-0.005208333333333259,-0.005221943981151601,19.212,19.1555,19.642666666666667,0.16735052376027346
2021-01-19,600900.SH,19.15,19.48,19.12,19.4,19.1,0.3,1.5707,497345.02,960033.769,0.015706806282722363,0.015584731016698111,19.26,19.146499999999996,19.6495,0.17591982661613714
2021-01-20,600900.SH,19.38,19.38,19.05,19.1,19.4,-0.3,-1.5464,366505.89,701133.99,-0.01546391752577303,-0.01558473101669809,19.195999999999998,19.144,19.64966666666667,0.1666259994594734
2021-01-21,600900.SH,19.05,19.19,19.01,19.13,19.1,0.03,0.1571,375611.08,716129.861,0.0015706806282720365,0.001569448399577104,19.186,19.148,19.64966666666667,0.16558628791011118
2021-01-22,600900.SH,19.05,19.09,18.9,18.91,19.13,-0.22,-1.15,283489.39,536911.777,-0.011500261369576492,-0.01156690078179529,19.128,19.1445,19.649833333333333,0.17031579070524888
2021-01-25,600900.SH,18.89,19.02,18.5,18.9,18.91,-0.01,-0.0529,469841.45,879646.788,-0.0005288207297726721,-0.0005289606047694965,19.088,19.1235,19.648833333333336,0.15641565497705026
2021-01-26,600900.SH,18.77,19.05,18.68,18.99,18.9,0.09,0.4762,340664.6,643811.561,0.004761904761904745,0.004750602758597799,19.006,19.1165,19.6355,0.15411033165965723
2021-01-27,600900.SH,19.01,19.24,18.98,19.16,18.99,0.17,0.8952,395829.42,758079.607,0.008952080042127442,0.008912247718519981,19.018,19.1255,19.6215,0.1547709963952341
2021-01-28,600900.SH,19.55,20.26,19.36,20.0,19.16,0.84,4.3841,1090972.82,2164578.64,0.04384133611691032,0.0429075010112766,19.192,19.174,19.622333333333334,0.2183190940012174
2021-01-29,600900.SH,19.8,20.15,19.4,19.68,20.0,-0.32,-1.6,707728.21,1399077.904,-0.016000000000000014,-0.016129381929883644,19.345999999999997,19.2,19.61116666666667,0.22727740210238315
2021-02-01,600900.SH,19.8,19.8,19.32,19.43,19.68,-0.25,-1.2703,1320647.11,2579449.453,-0.012703252032520318,-0.012784628234758639,19.452,19.226499999999998,19.595666666666666,0.22653806688664996
2021-02-02,600900.SH,19.68,19.77,19.31,19.51,19.43,0.08,0.4117,1346334.14,2629777.853,0.004117344312918325,0.004108891245671281,19.556,19.2575,19.581500000000002,0.22659209246865442
2021-02-03,600900.SH,19.6,19.72,19.33,19.48,19.51,-0.03,-0.1538,928920.49,1810742.298,-0.0015376729882112805,-0.0015388564206309085,19.619999999999997,19.271,19.569166666666668,0.21950343806602485
2021-02-04,600900.SH,19.35,19.58,19.3,19.52,19.48,0.04,0.2053,962142.07,1873001.385,0.002053388090349051,0.002051282770557361,19.524,19.2855,19.55216666666667,0.2195483392144162
2021-02-05,600900.SH,19.53,19.66,19.34,19.43,19.52,-0.09,-0.4611,542690.17,1056400.601,-0.004610655737704916,-0.004621317595597707,19.474,19.29,19.532500000000002,0.21956414342664682
2021-02-08,600900.SH,19.46,20.03,19.43,19.5,19.43,0.07,0.3603,764770.62,1499130.384,0.0036026762738035067,0.0035962021803525087,19.488,19.31,19.51816666666667,0.21454919993198002
2021-02-09,600900.SH,19.53,19.62,19.03,19.28,19.5,-0.22,-1.1282,686257.3,1321462.133,-0.011282051282051175,-0.011346176387301454,19.442,19.316,19.506500000000003,0.2188153601863681
2021-02-10,600900.SH,19.29,19.79,19.23,19.69,19.28,0.41,2.1266,728872.66,1428002.523,0.021265560165975028,0.02104260346863454,19.484,19.329500000000003,19.50883333333333,0.22652719740605426
2021-02-18,600900.SH,19.83,19.95,19.52,19.63,19.69,-0.06,-0.3047,700008.72,1376318.408,-0.003047232097511565,-0.003051884362664614,19.506,19.352,19.506500000000003,0.2217214552605397
2021-02-19,600900.SH,19.65,20.1,19.58,19.98,19.63,0.35,1.783,907884.63,1802875.274,0.01782985226693845,0.017672764932037854,19.616,19.391000000000002,19.50883333333333,0.22938648873127251
2021-02-22,600900.SH,19.96,19.96,19.5,19.56,19.98,-0.42,-2.1021,844348.54,1658999.349,-0.021021021021021102,-0.021245108613736265,19.628,19.413999999999998,19.504666666666665,0.2425497671687904
2021-02-23,600900.SH,19.6,19.91,19.56,19.73,19.56,0.17,0.8691,681307.16,1347067.305,0.008691206543967267,0.008653655427852689,19.718,19.430500000000002,19.50183333333333,0.23826357071200913
2021-02-24,600900.SH,19.86,19.87,19.5,19.61,19.73,-0.12,-0.6082,605475.9,1190786.921,-0.00608210846426771,-0.006100679826269165,19.702,19.456,19.500166666666665,0.23193495559840682
2021-02-25,600900.SH,19.66,19.92,19.6,19.8,19.61,0.19,0.9689,653498.37,1292211.903,0.009688934217236156,0.009642297492234693,19.735999999999997,19.4895,19.505833333333335,0.23378832230103574
2021-02-26,600900.SH,19.65,19.99,19.61,19.75,19.8,-0.05,-0.2525,688625.51,1365331.97,-0.002525252525252597,-0.0025284463533587487,19.69,19.5315,19.497833333333336,0.22912797078161062
2021-03-01,600900.SH,19.8,19.83,19.55,19.67,19.75,-0.08,-0.4051,478552.3,941857.564,-0.004050632911392293,-0.004058858946163061,19.712,19.57,19.487166666666667,0.2300384400878843
2021-03-02,600900.SH,19.7,20.08,19.62,19.75,19.67,0.08,0.4067,576782.48,1142046.337,0.004067107269954073,0.004058858946163002,19.716,19.607999999999997,19.481166666666663,0.22994489608849006
2021-03-03,600900.SH,19.73,20.05,19.69,20.03,19.75,0.28,1.4177,562498.43,1119455.967,0.014177215189873582,0.014077658330596172,19.8,19.651500000000002,19.476666666666667,0.23275219468115657
2021-03-04,600900.SH,19.92,20.58,19.92,20.27,20.03,0.24,1.1982,920435.97,1858368.671,0.011982026959560521,0.011910810786181647,19.894,19.665,19.477833333333333,0.17853805851682802
2021-03-05,600900.SH,20.15,20.32,19.74,20.2,20.27,-0.07,-0.3453,641374.7,1287399.214,-0.003453379378391741,-0.003459356056749621,19.984,19.691000000000003,19.477166666666665,0.168199402739632
2021-03-08,600900.SH,20.13,20.52,20.03,20.2,20.2,0.0,0.0,781754.68,1581226.502,0.0,0.0,20.09,19.7295,19.4785,0.15995647105428093
2021-03-09,600900.SH,20.29,21.08,20.1,20.25,20.2,0.05,0.2475,1266227.63,2593858.919,0.0024752475247524774,0.002472189145389073,20.19,19.7665,19.485999999999997,0.15977335827688818
2021-03-10,600900.SH,20.01,20.27,19.81,19.9,20.25,-0.35,-1.7284,898496.17,1798799.277,-0.01728395061728405,-0.017435061822101534,20.163999999999998,19.7875,19.487166666666667,0.17347098324567417
2021-03-11,600900.SH,19.95,20.35,19.91,20.2,19.9,0.3,1.5075,785444.97,1585833.256,0.015075376884422065,0.01496287267671232,20.15,19.8215,19.489,0.18041584992681162
2021-03-12,600900.SH,20.26,21.97,20.21,21.32,20.2,1.12,5.5446,2075045.93,4388789.6,0.055445544554455495,0.05396299489048476,20.374000000000002,19.916,19.511833333333335,0.26042692783197086
2021-03-15,600900.SH,21.32,21.72,20.75,20.94,21.32,-0.38,-1.7824,1227062.39,2601761.557,-0.017823639774859235,-0.017984393855252943,20.522,19.988,19.527333333333335,0.27253357761102426
2021-03-16,600900.SH,20.94,21.1,20.66,20.91,20.94,-0.03,-0.1433,763410.21,1591292.087,-0.0014326647564470996,-0.0014336920018486968,20.654,20.069499999999998,19.546333333333333,0.2675460145603767
2021-03-17,600900.SH,20.97,21.0,20.35,20.42,20.91,-0.49,-2.3434,801671.37,1646898.537,-0.023433763749402092,-0.0237127007040226,20.758000000000003,20.106,19.56116666666667,0.2766224351039207
2021-03-18,600900.SH,20.41,20.63,20.23,20.43,20.42,0.01,0.049,709282.73,1448606.333,0.0004897159647403448,0.000489596093011087,20.804000000000002,20.146,19.572333333333336,0.2760569472334181
2021-03-19,600900.SH,20.27,20.68,20.16,20.47,20.43,0.04,0.1958,674779.3,1380768.949,0.0019579050416054233,0.0019559908436674127,20.634000000000004,20.170499999999997,19.583166666666667,0.26977052828662007
2021-03-22,600900.SH,20.46,21.34,20.45,21.21,20.47,0.74,3.615,1019533.21,2144527.177,0.036150464093795964,0.03551236890339308,20.688,20.253000000000004,19.607499999999998,0.2829094192389973
2021-03-23,600900.SH,21.15,21.44,20.79,20.97,21.21,-0.24,-1.1315,887931.04,1873830.705,-0.011315417256011373,-0.011379923662762557,20.7,20.315,19.630666666666666,0.2875772016906091
2021-03-24,600900.SH,20.95,21.03,20.58,20.78,20.97,-0.19,-0.9061,654498.75,1359899.581,-0.009060562708631315,-0.009101859242747182,20.772,20.3735,19.657833333333333,0.2890436106562353
2021-03-25,600900.SH,20.8,21.07,20.64,21.06,20.78,0.28,1.3474,505229.85,1057457.891,0.013474494706448459,0.01338452103474806,20.898000000000003,20.4365,19.691333333333333,0.2905043551351183
2021-03-26,600900.SH,20.9,21.16,20.76,20.83,21.06,-0.23,-1.0921,619995.26,1298506.382,-0.010921177587844277,-0.010981251432948841,20.970000000000002,20.4905,19.722166666666666,0.2942214477630323
2021-03-29,600900.SH,20.75,21.35,20.7,21.26,20.83,0.43,2.0643,708326.09,1499457.975,0.02064330292846872,0.020433117640921407,20.98,20.57,19.7545,0.2995749646873667
2021-03-30,600900.SH,21.23,21.47,21.07,21.44,21.26,0.18,0.8467,496545.96,1058424.549,0.008466603951081897,0.008430963288799422,21.074,20.6545,19.793000000000003,0.2999829800328931
2021-03-31,600900.SH,21.44,21.5,21.25,21.44,21.44,0.0,0.0,358277.89,766359.211,0.0,0.0,21.206,20.725,19.834,0.29799415723858863
2021-04-01,600900.SH,21.41,21.73,21.33,21.63,21.44,0.19,0.8862,303777.33,654937.002,0.008861940298507287,0.008822903762365986,21.32,20.793,19.877333333333336,0.2970304885098235
2021-04-02,600900.SH,21.6,21.6,21.06,21.12,21.63,-0.51,-2.3578,545920.43,1157306.786,-0.023578363384188505,-0.023860781126906552,21.378,20.839,19.91,0.311443984056878
2021-04-06,600900.SH,21.12,21.21,20.84,20.95,21.12,-0.17,-0.8049,418594.07,877026.055,-0.008049242424242542,-0.008081812469914105,21.316,20.8765,19.944166666666664,0.3135732656111003
2021-04-07,600900.SH,21.11,21.19,20.95,21.13,20.95,0.18,0.8592,387015.26,816513.653,0.008591885441527447,0.008555185259818594,21.253999999999998,20.920499999999997,19.9815,0.31444484301194975
2021-04-08,600900.SH,21.01,21.1,20.74,20.86,21.13,-0.27,-1.2778,347680.0,725466.056,-0.012778040700425874,-0.012860382055338883,21.137999999999998,20.9685,20.009,0.3111094018852412
2021-04-09,600900.SH,20.86,20.99,20.75,20.85,20.86,-0.01,-0.0479,235211.15,491286.409,-0.0004793863854265501,-0.0004795013278158285,20.982,21.001,20.036,0.30767624886205996
2021-04-12,600900.SH,20.8,21.35,20.79,21.19,20.85,0.34,1.6307,656456.37,1390041.467,0.016306954436450916,0.01617542403539732,20.996000000000002,20.994500000000002,20.06683333333333,0.24130841001812894
2021-04-13,600900.SH,21.11,21.24,20.85,21.02,21.19,-0.17,-0.8023,374922.01,786451.475,-0.008022652194431434,-0.008055006831402735,21.009999999999998,20.9985,20.09883333333333,0.23421636924791361
2021-04-14,600900.SH,21.05,21.08,20.71,20.76,21.02,-0.26,-1.2369,532018.43,1107905.89,-0.01236917221693612,-0.012446307151117044,20.936,20.991,20.125500000000002,0.23846416228364378
2021-04-15,600900.SH,20.76,20.83,20.28,20.32,20.76,-0.44,-2.1195,576002.78,1176856.409,-0.021194605009633993,-0.02142243558740683,20.828,20.985999999999997,20.1405,0.23569362546359118
2021-04-16,600900.SH,20.4,20.61,20.32,20.47,20.32,0.15,0.7382,249514.68,510404.035,0.007381889763779403,0.007354776962916895,20.752,20.988,20.162,0.23720322504354827
2021-04-19,600900.SH,20.41,20.64,20.4,20.51,20.47,0.04,0.1954,322163.69,660703.746,0.0019540791402052893,0.0019521724110911926,20.616,20.990000000000002,20.183833333333332,0.2372028500881377
2021-04-20,600900.SH,20.44,20.63,20.41,20.61,20.51,0.1,0.4876,231265.59,475301.797,0.004875670404680621,0.004863822818078398,20.534,20.96,20.209,0.1968942323089341
2021-04-21,600900.SH,20.55,20.65,20.47,20.6,20.61,-0.01,-0.0485,238638.41,490001.631,-0.0004852013585636694,-0.0004853191068321324,20.502,20.941499999999998,20.229,0.19335293630211814
2021-04-22,600900.SH,20.6,20.65,20.32,20.4,20.6,-0.2,-0.9709,377109.76,770042.882,-0.009708737864077777,-0.009756174945364798,20.518,20.9225,20.250666666666667,0.19373268494038767
2021-04-23,600900.SH,20.39,20.4,20.02,20.38,20.4,-0.02,-0.098,498109.67,1007769.32,-0.0009803921568627416,-0.000980873055591948,20.5,20.8885,20.2715,0.1862040893737918
2021-04-26,600900.SH,20.36,20.45,20.16,20.16,20.38,-0.22,-1.0795,318798.03,646011.942,-0.01079489695780167,-0.01085358459141079,20.43,20.854999999999997,20.292333333333332,0.18612053569327772
2021-04-27,600900.SH,20.11,20.26,20.07,20.12,20.16,-0.04,-0.1984,226832.43,456809.084,-0.001984126984126977,-0.001986097971629403,20.332,20.798,20.312666666666665,0.16661449453676797
2021-04-28,600900.SH,20.15,20.2,19.97,20.12,20.12,0.0,0.0,285066.91,573097.979,0.0,0.0,20.236,20.732,20.3315,0.16172778612212488
2021-04-29,600900.SH,20.09,20.19,19.97,20.13,20.12,0.01,0.0497,345057.4,693006.081,0.0004970178926440028,0.0004968944201615266,20.182,20.6665,20.34766666666667,0.16186462902565518
2021-04-30,600900.SH,20.13,20.15,19.8,19.97,20.13,-0.16,-0.7948,481615.64,961349.743,-0.007948335817188235,-0.007980092223976226,20.1,20.5835,20.34716666666667,0.1562937102172107
2021-05-06,600900.SH,19.9,20.07,19.87,19.89,19.97,-0.08,-0.4006,516965.23,1030697.494,-0.0040060090135202175,-0.004014054561842954,20.046,20.522,20.350666666666665,0.1380496633584902
2021-05-07,600900.SH,19.9,19.97,19.69,19.76,19.89,-0.13,-0.6536,433865.27,858407.47,-0.006535947712418277,-0.006557400546159052,19.974,20.4625,20.356166666666663,0.13741272804441101
2021-05-10,600900.SH,19.75,19.84,19.56,19.67,19.76,-0.09,-0.4555,387219.77,761289.495,-0.0045546558704453455,-0.004565059918754055,19.884,20.3895,20.358833333333333,0.13060611640355457
2021-05-11,600900.SH,19.64,19.95,19.52,19.89,19.67,0.22,1.1185,343328.39,679428.903,0.011184544992374201,0.011122460464913156,19.836000000000002,20.341,20.365666666666666,0.13572667702506885
2021-05-12,600900.SH,19.85,19.97,19.7,19.77,19.89,-0.12,-0.6033,248641.61,492445.885,-0.006033182503770829,-0.006051455683355378,19.796,20.287,20.369833333333336,0.13614622085610986
2021-05-13,600900.SH,19.7,19.88,19.63,19.76,19.77,-0.01,-0.0506,299638.82,591903.723,-0.0005058168942841945,-0.0005059448628037116,19.770000000000003,20.2155,20.375333333333334,0.11685876323101246
2021-05-14,600900.SH,19.75,19.77,19.55,19.65,19.76,-0.11,-0.5567,424373.36,832625.097,-0.005566801619433348,-0.005582354004451665,19.748,20.147,20.37783333333333,0.11590871698152247
2021-05-17,600900.SH,19.66,19.9,19.62,19.76,19.65,0.11,0.5598,629568.89,1242243.112,0.005597964376590436,0.005582354004451619,19.766,20.097,20.38583333333333,0.11488434649171525
2021-05-18,600900.SH,19.75,19.79,19.66,19.79,19.76,0.03,0.1518,271278.92,535115.714,0.0015182186234816708,0.0015170672947524924,19.746000000000002,20.070500000000003,20.3875,0.09164723845781016
2021-05-19,600900.SH,19.79,19.8,19.59,19.61,19.79,-0.18,-0.9096,284536.36,559034.64,-0.009095502779181364,-0.009137119406219408,19.714000000000002,20.0275,20.387166666666666,0.0895733383933187
2021-05-20,600900.SH,19.58,19.62,19.31,19.43,19.61,-0.18,-0.9179,600532.08,1167625.531,-0.009178990311065727,-0.009221376818906135,19.648,19.9735,20.378,0.09153904768320147
2021-05-21,600900.SH,19.46,19.64,19.42,19.6,19.43,0.17,0.8749,337742.81,660609.127,0.008749356664951247,0.008711302847122964,19.638,19.923,20.378666666666668,0.09667153838895767
2021-05-24,600900.SH,19.61,19.65,19.34,19.38,19.6,-0.22,-1.1224,352968.4,685356.082,-0.011224489795918502,-0.011287959773851507,19.562,19.862000000000002,20.372833333333336,0.10112868232526655
2021-05-25,600900.SH,19.34,19.84,19.18,19.81,19.38,0.43,2.2188,625913.07,1224321.659,0.022187822497419907,0.021945254247839278,19.566,19.8325,20.37616666666667,0.13188641774580762
2021-05-26,600900.SH,19.75,19.76,19.41,19.42,19.81,-0.39,-1.9687,795056.92,1549587.797,-0.01968702675416445,-0.019883397847280593,19.528,19.7845,20.36983333333333,0.14689555177393532
2021-05-27,600900.SH,19.44,19.52,19.39,19.44,19.42,0.02,0.103,559297.7,1086850.623,0.001029866117404632,0.0010293361691140592,19.53,19.7485,20.364666666666665,0.14386515448262166
2021-05-28,600900.SH,19.45,19.69,19.38,19.67,19.44,0.23,1.1831,500763.36,978866.825,0.011831275720164625,0.011761833368674701,19.544,19.726000000000003,20.36466666666667,0.15174476873661077
2021-05-31,600900.SH,19.74,19.86,19.55,19.86,19.67,0.19,0.9659,479572.4,945549.633,0.009659379766141285,0.009613026216058786,19.64,19.713,20.3665,0.15646286735141846
2021-06-01,600900.SH,19.86,20.07,19.72,19.93,19.86,0.07,0.3525,442198.88,880173.691,0.0035246727089628394,0.003518475607676917,19.663999999999998,19.703,20.364833333333333,0.15711320759419492
2021-06-02,600900.SH,19.98,20.05,19.71,19.82,19.93,-0.11,-0.5519,379838.07,752333.964,-0.005519317611640706,-0.005534605322861383,19.744,19.6955,20.35733333333333,0.1558073648630567
2021-06-03,600900.SH,19.82,20.03,19.73,19.9,19.82,0.08,0.4036,354006.94,703988.296,0.004036326942482349,0.004028202828604788,19.836000000000002,19.696,20.352333333333334,0.15590682874819078
2021-06-04,600900.SH,19.9,20.02,19.77,19.87,19.9,-0.03,-0.1508,316699.07,629828.241,-0.0015075376884421399,-0.0015086751667211598,19.875999999999998,19.701500000000003,20.346833333333333,0.15409177607792676
2021-06-07,600900.SH,19.87,19.87,19.66,19.74,19.87,-0.13,-0.6543,349702.85,690822.245,-0.006542526421741468,-0.006564022558390106,19.851999999999997,19.705000000000002,20.33833333333333,0.15508459771971175
2021-06-08,600900.SH,19.77,19.9,19.71,19.82,19.74,0.08,0.4053,373697.07,739978.707,0.004052684903748771,0.004044494896506444,19.83,19.701500000000003,20.337,0.150394043278851
2021-06-09,600900.SH,19.87,20.33,19.83,20.32,19.82,0.5,2.5227,714811.28,1441167.85,0.025227043390514625,0.024914093808439206,19.93,19.729,20.339,0.173318012952308
2021-06-10,600900.SH,20.33,20.6,20.26,20.32,20.32,0.0,0.0,575580.7,1173651.153,0.0,0.0,20.014,19.756999999999998,20.322333333333333,0.17325239559162292
2021-06-11,600900.SH,20.35,20.83,20.32,20.69,20.32,0.37,1.8209,713959.16,1477074.21,0.018208661417322913,0.0180448690471706,20.178,19.809,20.318166666666666,0.18086068979013115
2021-06-15,600900.SH,20.69,20.75,20.36,20.43,20.69,-0.26,-1.2566,428075.18,877522.2,-0.012566457225713035,-0.012646082927921104,20.316000000000003,19.8425,20.310166666666667,0.18826655429800146
2021-06-16,600900.SH,20.43,20.59,20.22,20.4,20.43,-0.03,-0.1468,412396.15,841933.3,-0.001468428781204123,-0.0014695079793599947,20.432,19.872999999999998,20.309833333333334,0.18861038257446489
2021-06-17,600900.SH,20.44,20.72,20.34,20.4,20.4,0.0,0.0,421769.95,866536.326,0.0,0.0,20.448,19.9125,20.30933333333333,0.18449705073247916
2021-06-18,600900.SH,20.47,20.52,20.06,20.08,20.4,-0.32,-1.5686,513203.76,1037095.299,-0.015686274509803977,-0.015810606026642315,20.4,19.945,20.302833333333332,0.19107425186704108
2021-06-21,600900.SH,20.12,20.14,19.8,19.94,20.08,-0.14,-0.6972,508948.1,1013084.621,-0.006972111553784743,-0.006996530289836057,20.25,19.962,20.28166666666667,0.19154683987614193
2021-06-22,600900.SH,19.92,20.32,19.92,20.15,19.94,0.21,1.0532,358059.43,721434.072,0.010531594784352949,0.010476523858999607,20.194,20.0005,20.268000000000004,0.1887859275202428
2021-06-23,600900.SH,20.25,20.38,20.05,20.27,20.15,0.12,0.5955,402782.01,814425.614,0.005955334987593153,0.00593767207121678,20.168,20.023500000000002,20.259500000000003,0.17399661754445725
2021-06-24,600900.SH,20.3,20.45,20.23,20.4,20.27,0.13,0.6413,257446.38,524439.376,0.006413418845584662,0.006392940386262092,20.168,20.072499999999998,20.248499999999996,0.15618433774675858
2021-06-25,600900.SH,20.44,20.72,20.3,20.64,20.4,0.24,1.1765,490388.54,1005552.904,0.011764705882353121,0.011696039763191456,20.279999999999998,20.1325,20.245333333333335,0.1594488818486409
2021-06-28,600900.SH,20.82,21.45,20.78,20.97,20.64,0.33,1.5988,656123.85,1380408.737,0.015988372093023173,0.015861904300466516,20.485999999999997,20.197499999999998,20.2405,0.16312676766051493
2021-06-29,600900.SH,20.97,20.97,20.36,20.5,20.97,-0.47,-2.2413,432558.49,890229.544,-0.022412970910824948,-0.022667958769466045,20.556,20.2295,20.224833333333333,0.18472285704440697
2021-06-30,600900.SH,20.51,20.71,20.39,20.64,20.5,0.14,0.6829,229813.75,472168.763,0.006829268292682933,0.006806054468999496,20.63,20.265,20.2115,0.18553798163930255
2021-07-01,600900.SH,20.65,20.95,20.41,20.89,20.64,0.25,1.2112,285216.8,589083.447,0.012112403100775104,0.012039634955112346,20.728,20.3185,20.199166666666667,0.18684315003273222
2021-07-02,600900.SH,20.73,20.75,20.25,20.3,20.89,-0.59,-2.8243,411888.59,839403.593,-0.028243178554332227,-0.028649689520732782,20.660000000000004,20.3385,20.185499999999998,0.21654870010542177
2021-07-05,600900.SH,20.3,20.4,20.04,20.13,20.3,-0.17,-0.8374,364824.54,734636.853,-0.008374384236453314,-0.008409646396041645,20.492,20.351499999999998,20.171833333333336,0.21899672424355704
2021-07-06,600900.SH,20.1,20.72,19.95,20.27,20.13,0.14,0.6955,396850.27,806203.341,0.00695479384003983,0.006930720812208639,20.446,20.377999999999997,20.157500000000002,0.2182826222754782
2021-07-07,600900.SH,20.29,20.43,20.11,20.31,20.27,0.04,0.1973,301929.04,611213.22,0.0019733596447952806,0.001971415128384665,20.380000000000003,20.402499999999996,20.148333333333333,0.21807414800413638
2021-07-08,600900.SH,20.39,20.45,20.04,20.31,20.31,0.0,0.0,357036.04,721024.624,0.0,0.0,20.264,20.401999999999997,20.139333333333333,0.19892555758438862
2021-07-09,600900.SH,20.26,20.4,20.19,20.31,20.31,0.0,0.0,277994.23,564245.147,0.0,0.0,20.266,20.4015,20.124666666666666,0.19892555758438862
2021-07-12,600900.SH,20.38,20.42,19.91,19.96,20.31,-0.35,-1.7233,556711.69,1117592.303,-0.01723289020187091,-0.01738310470897531,20.232,20.365000000000002,20.107000000000003,0.19577306374060188
2021-07-13,600900.SH,19.91,20.21,19.82,20.19,19.96,0.23,1.1523,337663.32,678015.684,0.011523046092184464,0.011457161441428306,20.216,20.353,20.0975,0.19674614307732952
2021-07-14,600900.SH,20.21,20.26,19.93,20.21,20.19,0.02,0.0991,378056.54,759761.127,0.000990589400693409,0.0009900990907835108,20.195999999999998,20.3435,20.095666666666666,0.19678207876045528
2021-07-15,600900.SH,20.11,20.34,19.97,20.28,20.21,0.07,0.3464,331778.23,670717.009,0.003463631865413097,0.0034576473074527077,20.189999999999998,20.3375,20.092499999999998,0.19725761791481977
2021-07-16,600900.SH,19.61,19.61,19.18,19.29,19.58,-0.29,-1.4811,539814.18,1041371.768,-0.04881656804733736,-0.05004835180534479,19.986,20.298,20.072166666666664,0.2575494927711245
2021-07-19,600900.SH,19.27,19.43,19.15,19.4,19.29,0.11,0.5702,305816.83,590447.563,0.005702436495593544,0.005686239151644709,19.874000000000002,20.271,20.052000000000003,0.2581531131007655
2021-07-20,600900.SH,19.39,19.44,19.2,19.29,19.4,-0.11,-0.567,253928.95,489774.868,-0.005670103092783485,-0.005686239151644717,19.694,20.228,20.030166666666666,0.2547346017776484
2021-07-21,600900.SH,19.22,19.29,19.0,19.01,19.29,-0.28,-1.4515,560251.25,1070155.64,-0.014515292897874454,-0.014621670417299825,19.454,20.165,20.007,0.25655523230926947
2021-07-22,600900.SH,18.99,19.08,18.79,18.84,19.01,-0.17,-0.8943,521332.31,983832.823,-0.008942661756970116,-0.008982887352120895,19.166000000000004,20.087,19.981333333333332,0.25480534351512835
2021-07-23,600900.SH,18.9,18.96,18.63,18.79,18.84,-0.05,-0.2654,419832.89,786854.237,-0.002653927813163537,-0.0026574557228431074,19.066,19.9945,19.9585,0.2481428349273938
2021-07-26,600900.SH,18.69,18.92,18.67,18.84,18.79,0.05,0.2661,421879.08,792312.228,0.0026609898882383742,0.002657455722843002,18.954,19.887999999999998,19.937166666666666,0.23779462401363557
2021-07-27,600900.SH,18.84,18.85,18.19,18.33,18.84,-0.51,-2.707,544955.4,1005885.409,-0.027070063694267565,-0.027443207296603406,18.762,19.7795,19.907333333333334,0.2427796279893949
2021-07-28,600900.SH,18.2,18.82,18.2,18.76,18.33,0.43,2.3459,578490.96,1072439.199,0.023458810692853493,0.02318788172646521,18.712,19.685499999999998,19.8845,0.26047997091567043
2021-07-29,600900.SH,18.69,18.87,18.55,18.59,18.76,-0.17,-0.9062,385123.11,720265.456,-0.009061833688699505,-0.009103141844726114,18.662,19.570500000000003,19.861499999999996,0.25316596186689094
2021-07-30,600900.SH,18.6,19.0,18.48,19.0,18.59,0.41,2.2055,444097.13,835918.989,0.022054868208714273,0.021815177433087724,18.704,19.5055,19.846666666666668,0.2566754184630601
2021-08-02,600900.SH,18.97,19.04,18.58,18.9,19.0,-0.1,-0.5263,550855.76,1036065.013,-0.0052631578947369695,-0.005277057100843893,18.716,19.444,19.832333333333334,0.256076865204767
2021-08-03,600900.SH,18.81,18.99,18.72,18.88,18.9,-0.02,-0.1058,363804.9,685191.258,-0.0010582010582009804,-0.0010587613482419878,18.826,19.3745,19.819166666666668,0.25350290102578554
2021-08-04,600900.SH,18.84,19.27,18.68,19.06,18.88,0.18,0.9534,422544.12,804162.881,0.009533898305084776,0.009488737508701453,18.886000000000003,19.312,19.805333333333333,0.2570334332294159
2021-08-05,600900.SH,19.02,19.2,18.9,19.15,19.06,0.09,0.4722,347063.94,662322.044,0.004721930745015701,0.004710817400598905,18.997999999999998,19.254,19.794999999999998,0.2583186089783167
2021-08-06,600900.SH,19.1,19.12,18.88,19.05,19.15,-0.1,-0.5222,349538.41,663441.13,-0.005221932114882422,-0.00523561405394494,19.008,19.191,19.783166666666666,0.258230569624392
2021-08-09,600900.SH,19.02,19.4,19.0,19.35,19.05,0.3,1.5748,416144.32,802532.177,0.015748031496062964,0.015625317903080815,19.098,19.1605,19.778166666666667,0.26076393673385573
2021-08-10,600900.SH,19.35,19.57,19.23,19.55,19.35,0.2,1.0336,375970.8,731686.853,0.010335917312661369,0.010282866955583836,19.232,19.1285,19.77466666666667,0.26001535463032655
2021-08-11,600900.SH,19.5,19.65,19.45,19.57,19.55,0.02,0.1023,260190.06,509335.834,0.001023017902813228,0.0010224949766100139,19.334,19.0965,19.771,0.2600194670206541
2021-08-12,600900.SH,19.54,19.86,19.5,19.69,19.57,0.12,0.6132,321146.98,632905.707,0.006131834440470163,0.0061131112430493646,19.442,19.067,19.772333333333332,0.26086321965032855
2021-08-13,600900.SH,19.69,19.78,19.54,19.6,19.69,-0.09,-0.4571,203315.96,398551.124,-0.004570848146267181,-0.004581326414562668,19.552,19.082500000000003,19.775166666666667,0.19235465925067866
2021-08-16,600900.SH,19.64,19.77,19.55,19.77,19.6,0.17,0.8673,219456.35,432308.082,0.00867346938775504,0.008636070946053936,19.636000000000003,19.101,19.778000000000002,0.19363007102302937
2021-08-17,600900.SH,19.81,19.95,19.44,19.63,19.77,-0.14,-0.7081,293658.33,576858.211,-0.0070814365199798335,-0.007106628894155913,19.652,19.118000000000002,19.782166666666665,0.19433991575830542
2021-08-18,600900.SH,19.5,19.79,19.49,19.69,19.63,0.06,0.3057,293076.86,577040.644,0.0030565461029037344,0.003051884362664491,19.676,19.152,19.780166666666666,0.18561284205661108
2021-08-19,600900.SH,19.58,19.95,19.56,19.92,19.69,0.23,1.1681,354631.86,702289.342,0.011681056373793908,0.011613359505418105,19.722,19.206,19.788500000000003,0.1841775812867093
2021-08-20,600900.SH,19.97,20.07,19.56,19.85,19.92,-0.07,-0.3514,419242.18,828815.655,-0.003514056224899642,-0.0035202450232527994,19.772,19.259,19.795333333333335,0.18454374528079526
2021-08-23,600900.SH,19.87,20.28,19.85,20.0,19.85,0.15,0.7557,471356.88,944274.264,0.007556675062972307,0.007528266420791588,19.818,19.317,19.800833333333333,0.185307269240138
2021-08-24,600900.SH,20.07,20.15,19.8,19.85,20.0,-0.15,-0.75,355599.14,708214.784,-0.007499999999999951,-0.0075282664207915245,19.862000000000002,19.393,19.800666666666668,0.15337846994883875
2021-08-25,600900.SH,19.92,19.93,19.67,19.73,19.85,-0.12,-0.6045,297169.02,587420.941,-0.006045340050377934,-0.0060636870986755425,19.87,19.4415,19.79733333333333,0.13889416436851695
2021-08-26,600900.SH,19.73,19.79,19.49,19.5,19.73,-0.23,-1.1657,217958.79,427488.966,-0.011657374556512945,-0.01172585446482288,19.786,19.487000000000002,19.791999999999998,0.14204449773049327
2021-08-27,600900.SH,19.53,19.75,19.42,19.53,19.5,0.03,0.1538,200675.54,393217.018,0.0015384615384614886,0.0015372793188863979,19.722,19.5135,19.785833333333336,0.12165551385179477
2021-08-30,600900.SH,19.42,19.48,18.98,19.09,19.53,-0.44,-2.2529,383155.39,734091.762,-0.022529441884280632,-0.02278710715093136,19.54,19.523000000000003,19.772833333333335,0.14700428229912657
2021-08-31,600900.SH,19.07,19.42,18.9,19.34,19.09,0.25,1.3096,379745.41,727303.525,0.013095861707700385,0.013010852287492039,19.438,19.546,19.766166666666667,0.1534080888217894
2021-09-01,600900.SH,19.4,19.99,19.34,19.82,19.34,0.48,2.4819,535959.8,1058053.507,0.024819027921406445,0.024516038876693697,19.456,19.584,19.766166666666667,0.1727341900861815
2021-09-02,600900.SH,19.72,20.0,19.63,19.98,19.82,0.16,0.8073,366442.36,726517.388,0.008072653884964698,0.008040244318565544,19.552,19.6255,19.760499999999997,0.1738370928734887
2021-09-03,600900.SH,20.0,20.15,19.84,20.06,19.98,0.08,0.4004,437720.8,876481.829,0.004004004004003914,0.003996009313381923,19.657999999999998,19.676000000000002,19.75616666666667,0.1716979803729596
2021-09-06,600900.SH,20.07,20.27,19.97,20.02,20.06,-0.04,-0.1994,349864.98,701932.303,-0.001994017946161497,-0.0019960086467149273,19.844,19.7095,19.745,0.1651613617250307
2021-09-07,600900.SH,20.04,20.16,19.88,20.03,20.02,0.01,0.05,359075.15,719153.802,0.0004995004995005381,0.0004993757906523972,19.982,19.7335,19.738333333333333,0.1620443493730415
2021-09-08,600900.SH,20.05,20.45,20.05,20.33,20.03,0.3,1.4978,554974.45,1125412.683,0.014977533699450651,0.01486647796252821,20.084,19.7715,19.737166666666667,0.1691837040027435
2021-09-09,600900.SH,20.5,20.51,19.92,20.39,20.33,0.06,0.2951,578505.88,1172316.002,0.002951303492375823,0.002946956946108566,20.166,19.8065,19.737000000000002,0.16851906612811623
2021-09-10,600900.SH,20.39,20.53,20.23,20.4,20.39,0.01,0.049,415915.35,848735.039,0.0004904364884745771,0.0004903162638067333,20.234,19.8465,19.74233333333333,0.16693078498394892
2021-09-13,600900.SH,20.37,20.65,20.27,20.38,20.4,-0.02,-0.098,368842.4,753583.318,-0.0009803921568627416,-0.000980873055591948,20.306,19.877000000000002,19.749666666666666,0.16536395364512474
2021-09-14,600900.SH,20.39,20.44,20.01,20.09,20.38,-0.29,-1.423,375382.16,758706.004,-0.014229636898920428,-0.014331848967735625,20.317999999999998,19.9,19.748666666666665,0.17213335222962575
2021-09-15,600900.SH,20.0,20.08,19.65,19.71,20.09,-0.38,-1.8915,384541.56,760573.319,-0.018914883026381224,-0.019096057662214148,20.194,19.901,19.73933333333333,0.1861154477581817
2021-09-16,600900.SH,19.71,20.22,19.63,19.76,19.71,0.05,0.2537,389123.7,772533.276,0.0025367833587011113,0.0025335711550928657,20.068,19.893,19.728666666666665,0.18134854574867856
2021-09-17,600900.SH,19.77,20.48,19.77,20.31,19.76,0.55,2.7834,561249.33,1137932.764,0.02783400809716574,0.027453683272571316,20.05,19.916000000000004,19.723166666666664,0.2064725147718544
2021-09-22,600900.SH,20.27,21.69,20.25,21.36,20.31,1.05,5.1699,1142537.03,2428239.222,0.05169867060561306,0.05040663849970083,20.246000000000002,19.984,19.729666666666667,0.27312019038075025
2021-09-23,600900.SH,21.45,21.93,21.05,21.23,21.36,-0.13,-0.6086,1013648.62,2170815.423,-0.006086142322097365,-0.006104738376829349,20.474,20.053,19.741833333333332,0.272414713804711
2021-09-24,600900.SH,21.53,21.55,20.85,21.09,21.23,-0.14,-0.6594,732813.49,1553563.541,-0.006594441827602493,-0.006616281224481544,20.75,20.121,19.749333333333333,0.2726768571331132
2021-09-27,600900.SH,21.46,21.66,21.11,21.58,21.09,0.49,2.3234,1019653.3,2187010.649,0.023233760075865195,0.022967965339305233,21.114,20.225,19.76083333333333,0.275108716148768
2021-09-28,600900.SH,21.49,22.06,21.12,21.79,21.58,0.21,0.9731,904817.25,1956084.85,0.009731232622798958,0.009684189126539976,21.41,20.338,19.785666666666668,0.2751912050408882
2021-09-29,600900.SH,21.63,22.22,21.35,22.12,21.79,0.33,1.5145,1122400.7,2451746.777,0.015144561725562333,0.015031027697605689,21.562,20.4895,19.81883333333333,0.2558745094963448
2021-09-30,600900.SH,22.2,22.28,21.43,22.0,22.12,-0.12,-0.5425,987507.01,2160433.402,-0.005424954792043413,-0.00543972329581821,21.716,20.6225,19.847666666666665,0.25894354333585945
2021-10-08,600900.SH,22.5,22.51,21.69,21.95,22.0,-0.05,-0.2273,795368.1,1743026.209,-0.002272727272727315,-0.0022753138371355394,21.887999999999998,20.729,19.875,0.2513929026645525
2021-10-11,600900.SH,22.1,22.17,21.4,21.62,21.95,-0.33,-1.5034,587591.02,1273105.645,-0.015034168564920236,-0.0151483273101181,21.895999999999997,20.811,19.896833333333333,0.26112419280980687
2021-10-12,600900.SH,21.41,21.58,21.08,21.33,21.62,-0.29,-1.3414,604423.07,1284896.697,-0.013413506012951104,-0.013504279727803154,21.804000000000002,20.8745,19.913833333333336,0.26840776902497254
2021-10-13,600900.SH,21.25,21.25,20.7,20.85,21.33,-0.48,-2.2504,398105.51,831380.846,-0.02250351617440216,-0.022760584238448654,21.55,20.916,19.92866666666667,0.2831478572488021
2021-10-14,600900.SH,20.85,20.95,20.55,20.68,20.85,-0.17,-0.8153,346879.29,717000.065,-0.008153477218225458,-0.008186898604582112,21.286,20.9485,19.936833333333333,0.2854861605450767
2021-10-15,600900.SH,20.63,20.91,20.5,20.85,20.68,0.17,0.8221,405824.44,843059.694,0.00822050290135401,0.008186898604582118,21.066,20.9745,19.947499999999998,0.28232366995047
2021-10-18,600900.SH,20.85,21.24,20.74,21.06,20.85,0.21,1.0072,444545.72,934824.267,0.010071942446042925,0.01002155846101875,20.954,21.008000000000003,19.9605,0.2839653697209605
2021-10-19,600900.SH,20.9,21.4,20.76,21.31,21.06,0.25,1.1871,411164.16,868148.245,0.01187084520417847,0.011800939404696262,20.95,21.0535,19.99416666666667,0.2861513976119892
2021-10-20,600900.SH,21.3,21.38,20.9,20.99,21.31,-0.32,-1.5016,660220.66,1389055.749,-0.015016424213984081,-0.015130312277984188,20.978,21.083999999999996,20.020666666666667,0.2925747650557997
2021-10-21,600900.SH,21.0,21.08,20.81,21.07,20.99,0.08,0.3811,339621.98,711438.91,0.0038113387327298742,0.0038040939835560484,21.056,21.133000000000003,20.050333333333334,0.28654641513768603
2021-10-22,600900.SH,21.05,21.12,20.84,21.0,21.07,-0.07,-0.3322,298440.48,625398.971,-0.0033222591362126463,-0.003327790092674691,21.086,21.1975,20.0835,0.2762236044000571
2021-10-25,600900.SH,20.94,21.35,20.88,21.03,21.0,0.03,0.1429,462937.66,977047.209,0.0014285714285715567,0.0014275519911855453,21.08,21.261,20.12,0.2762931020702519
2021-10-26,600900.SH,21.06,21.25,20.98,21.16,21.03,0.13,0.6182,328985.6,694633.946,0.006181645268663827,0.006162617275490232,21.05,21.3035,20.1595,0.261020097206596
2021-10-27,600900.SH,21.14,21.27,20.98,21.27,21.16,0.11,0.5198,360287.33,762583.902,0.0051984877126654006,0.0051850222220471845,21.106,21.299,20.2,0.18518660204275358
2021-10-28,600900.SH,21.16,21.25,20.99,21.13,21.27,-0.14,-0.6582,420750.88,887563.938,-0.006582040432534075,-0.006603797584180481,21.118000000000002,21.294,20.246666666666666,0.18540579568413446
2021-10-29,600900.SH,21.1,21.25,20.86,21.25,21.13,0.12,0.5679,407089.01,857456.58,0.005679129200189426,0.005663063742460625,21.168,21.302,20.288166666666665,0.18488417587374037
2021-11-01,600900.SH,21.11,21.42,21.06,21.38,21.25,0.13,0.6118,383044.68,814916.266,0.006117647058823561,0.006099010226473362,21.238,21.291999999999998,20.33466666666667,0.16590837896155533
2021-11-02,600900.SH,21.39,21.43,20.66,20.95,21.38,-0.43,-2.0112,569460.01,1192929.049,-0.02011225444340503,-0.02031725922875241,21.196,21.25,20.36716666666667,0.1752619002794031
2021-11-03,600900.SH,20.83,21.29,20.77,21.17,20.95,0.22,1.0501,408790.18,863704.541,0.010501193317422608,0.010446438778627222,21.176,21.2025,20.404999999999998,0.16996563084988894
2021-11-04,600900.SH,21.16,21.27,21.02,21.06,21.17,-0.11,-0.5196,280268.35,591659.882,-0.0051960321209260085,-0.0052095784409445164,21.162,21.1555,20.44133333333333,0.1699088408984534
2021-11-05,600900.SH,21.03,21.13,20.65,20.66,21.06,-0.4,-1.8993,372511.8,773594.815,-0.018993352326685642,-0.019176043014336938,21.044,21.091,20.468,0.1801573733784911
2021-11-08,600900.SH,20.73,20.74,20.31,20.35,20.66,-0.31,-1.5005,342853.18,700885.822,-0.015004840271055087,-0.015118551802888399,20.838,21.0275,20.488000000000003,0.18013133663854958
2021-11-09,600900.SH,20.55,20.59,20.12,20.34,20.35,-0.01,-0.0491,366741.96,745503.354,-0.0004914004914006176,-0.0004915212681902285,20.716,20.978,20.5095,0.17597820402667635
2021-11-10,600900.SH,20.4,20.4,19.91,20.15,20.34,-0.19,-0.9341,397716.45,797936.088,-0.009341199606686446,-0.009385102227722018,20.512,20.943,20.52283333333333,0.16156224878186295
2021-11-11,600900.SH,20.1,20.24,19.96,20.13,20.15,-0.02,-0.0993,402082.09,807567.357,-0.0009925558312654514,-0.000993048740991815,20.326,20.9155,20.532500000000002,0.15973218964657407
2021-11-12,600900.SH,20.14,20.19,19.8,19.97,20.13,-0.16,-0.7948,419824.77,838673.959,-0.007948335817188235,-0.007980092223976226,20.188,20.871499999999997,20.53916666666667,0.1572440365453909
2021-11-15,600900.SH,20.07,20.27,19.92,20.17,19.97,0.2,1.0015,449912.45,903602.41,0.010015022533800932,0.009965204538396786,20.152,20.826999999999998,20.54716666666667,0.1571856837370369
2021-11-16,600900.SH,20.1,20.23,19.93,20.0,20.17,-0.17,-0.8428,324937.39,650158.879,-0.008428358948934123,-0.008464078412129473,20.084,20.761499999999998,20.553833333333333,0.14956999225464607
2021-11-17,600900.SH,20.01,20.19,19.96,20.06,20.0,0.06,0.3,289355.28,580528.189,0.0029999999999998916,0.002995508979798371,20.066,20.715,20.558666666666667,0.14414547495487112
2021-11-18,600900.SH,20.0,20.13,19.96,20.04,20.06,-0.02,-0.0997,257364.57,516122.72,-0.0009970089730807485,-0.0009975063171254136,20.048,20.6635,20.5655,0.1424761077540334
2021-11-19,600900.SH,20.02,20.27,19.98,20.21,20.04,0.17,0.8483,303074.44,610516.284,0.008483033932135786,0.00844725519886565,20.096,20.624,20.574166666666667,0.14760352056290416
2021-11-22,600900.SH,20.22,20.28,19.99,19.99,20.21,-0.22,-1.0886,293103.5,587633.008,-0.01088570014844148,-0.010945382903221062,20.06,20.572,20.575333333333333,0.1503949593413615
2021-11-23,600900.SH,19.97,20.02,19.9,19.98,19.99,-0.01,-0.05,329493.81,657547.993,-0.0005002501250623848,-0.000500375291901089,20.056,20.512999999999998,20.5775,0.14711973836042094
2021-11-24,600900.SH,20.04,20.04,19.72,19.79,19.98,-0.19,-0.951,382762.35,759832.603,-0.009509509509509573,-0.009555013605933164,20.002,20.439,20.574,0.14573939900876695
2021-11-25,600900.SH,19.8,19.91,19.68,19.79,19.79,0.0,0.0,366550.19,726031.85,0.0,0.0,19.952,20.372,20.572999999999997,0.1458015441714369
2021-11-26,600900.SH,19.75,19.75,19.49,19.53,19.79,-0.26,-1.3138,455695.03,891323.168,-0.013137948458817439,-0.013225014725886646,19.816,20.285999999999998,20.569666666666667,0.1458507381370504
2021-12-13,600900.SH,21.47,21.48,20.52,20.86,19.53,1.33,6.81,2404663.34,5079887.858,0.06810035842293893,0.0658817046840387,19.990000000000002,20.259999999999998,20.592333333333336,0.29427248829314784
2021-12-14,600900.SH,20.55,21.77,20.35,21.68,20.86,0.82,3.931,1528169.72,3254785.753,0.039309683604985546,0.038556726998819006,20.33,20.2965,20.628166666666665,0.3179218497414439
2021-12-15,600900.SH,21.53,21.88,21.5,21.83,21.68,0.15,0.6919,810446.09,1759463.805,0.006918819188191927,0.006894993990407112,20.738,20.3295,20.673833333333334,0.31688889930342723
2021-12-16,600900.SH,21.78,22.02,21.65,22.02,21.83,0.19,0.8704,583787.68,1278107.373,0.008703618873110441,0.00866596073268142,21.183999999999997,20.3775,20.718500000000002,0.3167063374823994
2021-12-17,600900.SH,21.97,22.18,21.82,21.91,22.02,-0.11,-0.4995,568884.35,1251931.828,-0.004995458673932807,-0.005007977687158769,21.66,20.439999999999998,20.75333333333333,0.30793273597939086
2021-12-20,600900.SH,21.74,22.03,21.49,21.75,21.91,-0.16,-0.7303,487849.38,1060548.556,-0.007302601551802845,-0.00732939607268207,21.838,20.509999999999998,20.782833333333333,0.3030973077863429
2021-12-21,600900.SH,21.83,22.14,21.73,21.98,21.75,0.23,1.0575,362840.02,797472.8,0.010574712643678152,0.010519191440782196,21.898000000000003,20.592,20.814833333333333,0.30370924919129555
2021-12-22,600900.SH,21.99,22.18,21.93,22.01,21.98,0.03,0.1365,307357.28,678650.606,0.0013648771610554888,0.001363946562894979,21.934,20.685,20.848,0.299799225139583
2021-12-23,600900.SH,22.02,22.26,21.91,22.2,22.01,0.19,0.8632,324362.86,718751.458,0.008632439800090763,0.008595393339863358,21.970000000000002,20.7885,20.884166666666665,0.29936914430903017
2021-12-24,600900.SH,22.17,23.03,22.07,22.37,22.2,0.17,0.7658,506447.78,1140593.253,0.0076576576576576905,0.007628486623804511,22.062,20.908499999999997,20.918166666666668,0.29546816579641116
2021-12-27,600900.SH,22.35,22.71,22.06,22.35,22.37,-0.02,-0.0894,339157.57,757945.27,-0.0008940545373267161,-0.0008944544424603401,22.182,21.017500000000002,20.950833333333332,0.2959657446688173
2021-12-28,600900.SH,22.44,22.55,22.12,22.37,22.35,0.02,0.0895,395865.85,884930.115,0.0008948545861298118,0.0008944544424604588,22.26,21.136000000000003,20.983666666666668,0.2920524088760849
2021-12-29,600900.SH,22.37,22.41,22.13,22.25,22.37,-0.12,-0.5364,291482.89,648559.083,-0.005364327223960741,-0.0053787668897891,22.308,21.2455,21.014833333333332,0.2946029835422223
2021-12-30,600900.SH,22.17,22.6,22.1,22.53,22.25,0.28,1.2584,333393.76,748600.906,0.012584269662921477,0.012505745831903975,22.374000000000002,21.369999999999997,21.055500000000002,0.29466500011515717
2021-12-31,600900.SH,22.47,22.82,22.47,22.7,22.53,0.17,0.7545,318894.49,723342.723,0.00754549489569456,0.007517170043203855,22.44,21.4945,21.10533333333333,0.2945803365504805
2022-01-04,600900.SH,22.79,22.9,22.55,22.84,22.7,0.14,0.6167,472079.44,1074028.15,0.006167400881057272,0.00614846030045248,22.538,21.637,21.15666666666667,0.2877677301404669
2022-01-05,600900.SH,22.75,22.93,22.55,22.79,22.84,-0.05,-0.2189,442437.79,1006812.981,-0.002189141856392296,-0.00219154153021658,22.622,21.777499999999996,21.198,0.28840065538957704
2022-01-06,600900.SH,22.66,22.78,21.96,22.01,22.79,-0.78,-3.4226,629043.84,1401497.026,-0.03422553751645452,-0.034824947719222524,22.574,21.8885,21.208833333333335,0.3186443154295491
2022-01-07,600900.SH,22.16,22.38,21.89,22.16,22.01,0.15,0.6815,355473.13,787488.346,0.0068150840527032575,0.006791966340712702,22.5,22.006999999999998,21.224333333333334,0.3179968663834226
2022-01-10,600900.SH,22.12,22.49,22.12,22.4,22.16,0.24,1.083,326506.52,729809.861,0.010830324909747224,0.01077209698191104,22.439999999999998,22.1505,21.246166666666667,0.3102950067086423
2022-01-11,600900.SH,22.45,22.99,22.38,22.5,22.4,0.1,0.4464,456187.9,1036164.684,0.0044642857142858094,0.004454350349380375,22.371999999999996,22.2325,21.2615,0.21038842835747895
2022-01-12,600900.SH,22.47,22.62,22.02,22.27,22.5,-0.23,-1.0222,350229.82,778462.495,-0.010222222222222244,-0.010274827941098214,22.268,22.262,21.269499999999997,0.16916902588687555
2022-01-13,600900.SH,22.3,22.5,22.1,22.36,22.27,0.09,0.4041,342485.77,765999.881,0.00404131118096096,0.0040331670176221805,22.338,22.288500000000003,21.273500000000002,0.16822927057438564
2022-01-14,600900.SH,22.42,22.66,22.03,22.45,22.36,0.09,0.4025,405242.29,908136.975,0.004025044722719029,0.004016965901364778,22.395999999999997,22.31,21.281,0.16629001978507554
2022-01-17,600900.SH,22.45,22.94,22.44,22.62,22.45,0.17,0.7572,428970.62,976518.429,0.007572383073496836,0.007543856499711271,22.439999999999998,22.3455,21.292166666666667,0.16624394851132784
2022-01-18,600900.SH,22.66,22.98,22.51,22.86,22.62,0.24,1.061,365991.62,835034.315,0.010610079575596787,0.010554187678690171,22.511999999999997,22.401000000000003,21.312833333333334,0.16561009203101748
2022-01-19,600900.SH,22.84,23.04,22.75,22.95,22.86,0.09,0.3937,348656.74,798901.464,0.003937007874015741,0.003929278139889557,22.648,22.4495,21.33983333333333,0.16299660273038732
2022-01-20,600900.SH,22.97,23.52,22.87,23.08,22.95,0.13,0.5664,595636.1,1380512.579,0.005664488017429248,0.005648505133344705,22.791999999999998,22.503,21.377,0.16341409465080822
2022-01-21,600900.SH,23.07,23.23,22.81,22.98,23.08,-0.1,-0.4333,354717.14,815250.634,-0.004332755632582286,-0.004342169219289153,22.898,22.542,21.41533333333333,0.16336501908313686
2022-01-24,600900.SH,22.98,23.18,22.71,22.85,22.98,-0.13,-0.5657,269919.17,617396.025,-0.0056570931244560585,-0.005673155080395927,22.944,22.566,21.448666666666668,0.16384635646759205
2022-01-25,600900.SH,22.68,22.85,22.44,22.44,22.85,-0.41,-1.7943,302615.35,683725.559,-0.01794310722100656,-0.018106036685718134,22.860000000000003,22.5705,21.47166666666667,0.17724535674838865
2022-01-26,600900.SH,22.46,22.77,22.39,22.57,22.44,0.13,0.5793,220260.11,497368.293,0.005793226381461736,0.005776510174948819,22.784,22.5805,21.492666666666665,0.1783272717558801
2022-01-27,600900.SH,22.58,22.6,22.13,22.38,22.57,-0.19,-0.8418,324109.24,723901.429,-0.008418254319893737,-0.008453887945665223,22.644,22.587,21.51583333333333,0.179982404543931
2022-01-28,600900.SH,22.48,22.6,21.9,21.92,22.38,-0.46,-2.0554,352449.49,784593.956,-0.020554066130473503,-0.020768240803964253,22.432,22.5565,21.529999999999998,0.18835789707418363
2022-02-07,600900.SH,22.1,22.58,21.99,22.39,21.92,0.47,2.1442,310437.47,691945.045,0.02144160583941601,0.02121496853084863,22.34,22.541000000000004,21.553166666666666,0.20291314403828517
2022-02-08,600900.SH,22.45,23.22,22.39,23.22,22.39,0.83,3.707,383214.62,878778.499,0.03707012058954873,0.03639954565908181,22.496,22.56,21.58966666666667,0.24240734371907027
2022-02-09,600900.SH,23.25,23.44,22.96,23.33,23.22,0.11,0.4737,388550.76,903796.253,0.004737295434969813,0.004726109763593121,22.648,22.586999999999996,21.625833333333333,0.2424697819867662
2022-02-10,600900.SH,23.45,23.79,23.19,23.78,23.33,0.45,1.9288,345390.84,812299.579,0.019288469781397533,0.019104805229297358,22.928,22.6755,21.667666666666666,0.21087954466622708
2022-02-11,600900.SH,23.77,23.94,23.62,23.74,23.78,-0.04,-0.1682,286057.49,679411.807,-0.001682085786375187,-0.001683502081113876,23.292,22.7545,21.711166666666667,0.211508817425084
2022-02-14,600900.SH,23.74,23.74,23.17,23.39,23.74,-0.35,-1.4743,313333.57,732261.975,-0.014743049705138955,-0.014852808585434269,23.492,22.804,21.74683333333333,0.21914900480526942
2022-02-15,600900.SH,23.38,23.47,23.0,23.1,23.39,-0.29,-1.2398,249175.2,576783.738,-0.012398460880718165,-0.012475963068339709,23.468,22.833999999999996,21.7755,0.22499051699623007
2022-02-16,600900.SH,23.16,23.39,23.07,23.09,23.1,-0.01,-0.0433,220365.5,511097.851,-0.00043290043290045155,-0.00043299416134388614,23.42,22.875,21.811166666666665,0.2209235597506707
2022-02-17,600900.SH,23.09,23.41,23.04,23.24,23.09,0.15,0.6496,314025.61,730170.474,0.006496318752706731,0.006475308617306422,23.312,22.919,21.845666666666666,0.2214103535254298
2022-02-18,600900.SH,23.24,23.31,23.01,23.23,23.24,-0.01,-0.043,185016.27,429026.95,-0.00043029259896720795,-0.0004303852013926159,23.21,22.958,21.881833333333336,0.22144103124149664
2022-02-21,600900.SH,23.1,23.2,22.91,23.05,23.23,-0.18,-0.7749,185151.11,426069.145,-0.00774860094705121,-0.007778777339660231,23.142,22.979499999999998,21.921666666666667,0.2228187496264411
2022-02-22,600900.SH,22.95,23.0,22.7,22.84,23.05,-0.21,-0.9111,235655.07,537423.471,-0.009110629067245135,-0.009152384654848073,23.09,22.9785,21.963166666666666,0.22257463335432143
2022-02-23,600900.SH,22.9,22.98,22.68,22.8,22.84,-0.04,-0.1751,262587.35,598602.57,-0.0017513134851138146,-0.0017528488274143605,23.032,22.970999999999997,22.004166666666666,0.22217219098049312
2022-02-24,600900.SH,22.84,23.03,22.54,22.66,22.8,-0.14,-0.614,414802.93,942142.039,-0.0061403508771930015,-0.006159280360534849,22.916,22.95,22.046000000000003,0.22196579238200395
2022-02-25,600900.SH,22.71,22.9,22.64,22.75,22.66,0.09,0.3972,386623.99,880033.177,0.003971756398940762,0.003963889797099064,22.82,22.938499999999998,22.08966666666667,0.22218287403417822
2022-02-28,600900.SH,22.81,23.22,22.71,23.18,22.75,0.43,1.8901,398210.79,915878.501,0.018901098901098923,0.01872469251464625,22.846,22.955000000000002,22.143166666666666,0.2314013048923435
2022-03-01,600900.SH,23.2,23.38,23.06,23.27,23.18,0.09,0.3883,277211.36,644305.701,0.0038826574633303856,0.0038751394025946426,22.932,22.9965,22.19483333333333,0.220651889421803
2022-03-02,600900.SH,23.27,23.66,23.18,23.57,23.27,0.3,1.2892,331569.74,779747.186,0.012892135797163862,0.012809739633839511,23.086000000000002,23.0465,22.25433333333333,0.22372690483065
2022-03-03,600900.SH,23.7,24.03,23.61,23.95,23.57,0.38,1.6122,385734.08,919428.956,0.01612218922358921,0.0159936069088844,23.344,23.125,22.319166666666664,0.22514072389541812
2022-03-04,600900.SH,23.9,24.05,23.5,23.95,23.95,0.0,0.0,405904.87,966816.624,0.0,0.0,23.584,23.2265,22.384333333333334,0.2071273644861578
2022-03-07,600900.SH,23.87,24.15,23.73,23.82,23.95,-0.13,-0.5428,566620.99,1354854.727,-0.00542797494780789,-0.0054427599297701525,23.712,23.298,22.444499999999998,0.19984123204546905
2022-03-08,600900.SH,23.81,23.86,23.07,23.2,23.82,-0.62,-2.6029,687976.15,1615154.15,-0.02602854743912686,-0.026373285254889852,23.698,23.297,22.497999999999998,0.18267340080452618
2022-03-09,600900.SH,23.25,23.56,22.41,22.98,23.2,-0.22,-0.9483,729974.69,1683503.109,-0.00948275862068959,-0.009528006251654583,23.58,23.279500000000002,22.548,0.18476466930358404
2022-03-10,600900.SH,23.25,23.3,22.68,22.71,22.98,-0.27,-1.1749,464149.84,1060693.713,-0.011749347258485643,-0.011818916303142527,23.332,23.226,22.596666666666668,0.17270371056270337
2022-03-11,600900.SH,22.6,22.66,22.1,22.6,22.71,-0.11,-0.4844,440143.02,984247.229,-0.004843681197710281,-0.004855449839226927,23.062,23.169,22.6435,0.1729319961403825
2022-03-14,600900.SH,22.42,22.9,22.33,22.5,22.6,-0.1,-0.4425,450095.06,1019666.287,-0.004424778761062065,-0.004434597067865864,22.798000000000002,23.1245,22.692999999999998,0.1669397805895081
2022-03-15,600900.SH,22.39,22.4,21.03,21.15,22.5,-1.35,-6.0,761192.35,1642719.192,-0.06000000000000005,-0.06187540371808753,22.387999999999998,23.026999999999997,22.69783333333333,0.2639969150446478
2022-03-16,600900.SH,21.4,22.54,21.09,22.38,21.15,1.23,5.8156,757809.25,1649350.669,0.0581560283687943,0.05652779739149217,22.268,22.9915,22.709500000000002,0.3448216367537124
2022-03-17,600900.SH,22.6,22.63,21.83,21.9,22.38,-0.48,-2.1448,614377.09,1354231.09,-0.02144772117962468,-0.021681066061324052,22.105999999999998,22.924500000000002,22.710666666666665,0.3506213553409934
2022-03-18,600900.SH,21.88,22.19,21.72,21.78,21.9,-0.12,-0.5479,996629.49,2183347.956,-0.005479452054794387,-0.00549451931764059,21.942,22.852,22.706666666666663,0.3506396212595974
2022-03-21,600900.SH,22.0,22.0,21.49,21.65,21.78,-0.13,-0.5969,412678.79,893225.104,-0.005968778696051502,-0.0059866630563156385,21.772,22.782,22.702333333333335,0.3503757697963445
2022-03-22,600900.SH,21.7,22.15,21.63,22.04,21.65,0.39,1.8014,315525.97,690836.882,0.018013856812933104,0.017853529836214962,21.95,22.741999999999997,22.70716666666667,0.35715866460929896
2022-03-23,600900.SH,22.1,22.23,21.8,21.89,22.04,-0.15,-0.6806,322252.42,708039.609,-0.0068058076225044895,-0.006829072749942118,21.851999999999997,22.696499999999997,22.70566666666667,0.3576485905035766
2022-03-24,600900.SH,21.71,21.87,21.55,21.57,21.89,-0.32,-1.4619,340645.22,738660.798,-0.014618547281863847,-0.014726451133706542,21.786,22.642,22.698333333333334,0.36027198710202935
2022-03-25,600900.SH,21.52,21.7,21.29,21.31,21.57,-0.26,-1.2054,253195.03,543075.814,-0.012053778395920367,-0.01212701429053935,21.692,22.57,22.6835,0.36111082452923443
2022-03-28,600900.SH,21.2,21.85,20.91,21.75,21.31,0.44,2.0648,450182.66,964906.592,0.02064758329422811,0.020437311424167378,21.712,22.4985,22.673166666666663,0.3625671402542473
2022-03-29,600900.SH,21.68,21.92,21.61,21.81,21.75,0.06,0.2759,295556.32,644342.586,0.0027586206896550447,0.002754822678844462,21.666,22.4255,22.664166666666667,0.36230884045110456
2022-03-30,600900.SH,21.88,22.0,21.66,21.9,21.81,0.09,0.4127,400881.37,874407.533,0.004126547455295837,0.004118056608917548,21.668,22.342000000000002,22.656333333333336,0.3585298004309546
2022-03-31,600900.SH,21.9,22.13,21.73,22.0,21.9,0.1,0.4566,296523.6,650706.635,0.004566210045662267,0.0045558165358608824,21.753999999999998,22.2445,22.65216666666667,0.35246870103134176
2022-04-01,600900.SH,21.94,22.29,21.82,22.22,22.0,0.22,1.0,296414.44,654261.215,0.010000000000000009,0.009950330853168092,21.936,22.157999999999998,22.647,0.35574719182074344
2022-04-06,600900.SH,22.02,22.47,22.02,22.36,22.22,0.14,0.6301,361172.2,805189.562,0.006300630063006407,0.00628086407541458,22.058,22.085,22.641333333333332,0.35733802915361285
2022-04-07,600900.SH,22.39,22.75,22.26,22.67,22.36,0.31,1.3864,360590.49,814140.019,0.013864042933810383,0.013768816232539224,22.23,22.058500000000002,22.6385,0.35112005372109495
2022-04-08,600900.SH,22.7,23.24,22.64,23.2,22.67,0.53,2.3379,412765.98,949759.893,0.023378914865460843,0.02310981415282653,22.49,22.069499999999998,22.645333333333333,0.3597631781779945
2022-04-11,600900.SH,23.28,23.33,22.79,22.94,23.2,-0.26,-1.1207,453708.69,1042026.844,-0.011206896551724022,-0.011270166971039521,22.678,22.081,22.660833333333333,0.35951886322285653
2022-04-12,600900.SH,23.17,23.3,22.79,23.04,22.94,0.1,0.4359,412895.87,951523.128,0.0043591979075849885,0.004349724126465842,22.842,22.103,22.6755,0.35910426811706525
2022-04-13,600900.SH,22.96,23.27,22.9,23.09,23.04,0.05,0.217,283011.79,655504.956,0.0021701388888888395,0.0021677875387134497,22.988,22.1325,22.687,0.35849469048587757
2022-04-14,600900.SH,23.09,23.5,23.03,23.24,23.09,0.15,0.6496,260450.2,607067.326,0.006496318752706731,0.006475308617306422,23.101999999999997,22.237000000000002,22.699333333333335,0.2751100357866998
2022-04-15,600900.SH,23.23,23.56,23.2,23.4,23.24,0.16,0.6885,210125.68,491931.413,0.0068846815834768815,0.006861090379945381,23.142000000000003,22.288,22.71816666666667,0.19059630343632852
2022-04-18,600900.SH,23.23,23.41,22.85,22.95,23.4,-0.45,-1.9231,256145.6,590552.826,-0.019230769230769162,-0.019418085857101513,23.144,22.3405,22.727999999999998,0.1870624881453601
2022-04-19,600900.SH,23.03,23.47,23.01,23.19,22.95,0.24,1.0458,445508.74,1034299.868,0.010457516339869466,0.010403214760886306,23.174,22.410999999999998,22.740333333333336,0.18670108307250458
2022-04-20,600900.SH,23.28,23.52,23.04,23.35,23.19,0.16,0.69,415433.83,969137.984,0.006899525657610983,0.006875832847465978,23.226,22.496000000000002,22.7525,0.1838794026336616
2022-04-21,600900.SH,23.26,23.67,23.22,23.54,23.35,0.19,0.8137,571294.5,1343779.499,0.008137044967879925,0.008104117717224182,23.286,22.571,22.763833333333334,0.17700288519771537
2022-04-22,600900.SH,23.41,23.69,23.03,23.69,23.54,0.15,0.6372,950570.64,2230523.338,0.006372132540356956,0.0063519163385635504,23.344,22.661,22.776166666666665,0.17310613610720643
2022-04-25,600900.SH,23.49,23.73,22.91,22.92,23.69,-0.77,-3.2503,776732.45,1817450.076,-0.03250316589278179,-0.033043126324155306,23.338,22.728500000000004,22.7735,0.20696902941249498
2022-04-26,600900.SH,22.92,23.39,22.86,23.19,22.92,0.27,1.178,438101.29,1014242.481,0.011780104712041828,0.011711259420901414,23.338,22.8225,22.777,0.20099662005910357
2022-04-27,600900.SH,23.28,23.34,22.67,22.88,23.19,-0.31,-1.3368,613466.91,1407071.104,-0.01336783096162153,-0.013457984755843278,23.244,22.879,22.777499999999996,0.20059816656892668
2022-04-28,600900.SH,22.68,23.06,22.46,23.01,22.88,0.13,0.5682,491600.08,1119211.054,0.005681818181818343,0.005665737535677521,23.137999999999998,22.939,22.786999999999995,0.2008946246192026
2022-04-29,600900.SH,22.99,23.09,22.55,22.72,23.01,-0.29,-1.2603,594429.55,1351410.874,-0.01260321599304659,-0.012683310194324,22.944,22.979999999999997,22.789499999999997,0.20803366348078323
2022-05-05,600900.SH,22.85,23.23,22.72,23.08,22.72,0.36,1.5845,456706.65,1049526.251,0.015845070422535246,0.015720847786948246,22.976,23.034,22.80116666666667,0.21371020370942803
2022-05-06,600900.SH,22.98,23.25,22.6,22.72,23.08,-0.36,-1.5598,341630.73,779396.294,-0.01559792027729634,-0.01572084778694819,22.881999999999998,23.059,22.814500000000002,0.22096592375945684
2022-05-09,600900.SH,22.73,22.77,22.27,22.34,22.72,-0.38,-1.6725,283667.66,637206.321,-0.016725352112676006,-0.016866800211895898,22.774,23.058,22.813666666666666,0.22889856722241853
2022-05-10,600900.SH,22.34,22.85,22.11,22.84,22.34,0.5,2.2381,462986.89,1046185.504,0.022381378692927445,0.02213459114675478,22.740000000000002,23.066499999999998,22.80733333333333,0.23754714216294556
2022-05-11,600900.SH,22.75,22.9,22.47,22.55,22.84,-0.29,-1.2697,553816.48,1250596.624,-0.012697022767075294,-0.0127783188391221,22.706,23.034,22.79433333333333,0.22564183815957192
2022-05-12,600900.SH,22.59,22.78,22.11,22.31,22.55,-0.24,-1.0643,404749.73,906321.893,-0.010643015521064392,-0.010700057504246302,22.552,23.0025,22.769833333333334,0.2253229030558896
2022-05-13,600900.SH,22.4,23.23,22.28,23.23,22.31,0.92,4.1237,564499.83,1294700.561,0.04123711340206193,0.0404095383378767,22.654000000000003,23.011999999999997,22.761333333333333,0.2709934814596463
2022-05-16,600900.SH,23.26,23.3,22.93,22.99,23.23,-0.24,-1.0331,337057.3,776115.124,-0.01033146792940176,-0.01038520800722772,22.784,23.006999999999998,22.75466666666667,0.2736220535811113
2022-05-17,600900.SH,23.15,23.27,22.9,23.0,22.99,0.01,0.0435,340348.19,784681.017,0.0004349717268379294,0.00043487715405968446,22.816,22.994999999999997,22.753,0.2725347004608695
2022-05-18,600900.SH,23.08,23.08,22.61,22.78,23.0,-0.22,-0.9565,383736.22,874167.816,-0.009565217391304337,-0.009611257910113599,22.862000000000002,22.964000000000002,22.747833333333336,0.2729743283080101
2022-05-19,600900.SH,22.72,23.3,22.69,23.28,22.78,0.5,2.1949,485202.17,1118633.565,0.02194907813871816,0.02171166484420098,23.056,22.9805,22.7485,0.27602173373920774
2022-05-20,600900.SH,23.4,23.79,23.2,23.3,23.28,0.02,0.0859,562442.6,1319819.787,0.0008591065292096189,0.0008587377084178045,23.07,22.986,22.749666666666666,0.2736867858108032
2022-05-23,600900.SH,23.5,23.5,22.72,22.9,23.3,-0.4,-1.7167,523528.23,1202355.717,-0.017167381974249052,-0.017316450011461045,23.052,22.9635,22.74716666666667,0.2793539992618914
2022-05-24,600900.SH,22.81,23.13,22.75,22.89,22.9,-0.01,-0.0437,378895.62,870083.402,-0.0004366812227073469,-0.00043677659571855884,23.03,22.931,22.747999999999998,0.2773560257103094
2022-05-25,600900.SH,23.04,23.29,22.94,23.21,22.89,0.32,1.398,403913.45,936020.565,0.013979903888160727,0.013883086321870302,23.116,22.907,22.754833333333334,0.28141571934666254
2022-05-26,600900.SH,23.35,23.84,23.21,23.8,23.21,0.59,2.542,585997.55,1385233.168,0.025420077552778864,0.025102360391083232,23.22,22.951,22.773833333333332,0.2699480250905225
2022-05-27,600900.SH,23.99,24.02,23.68,23.72,23.8,-0.08,-0.3361,456129.56,1086339.538,-0.003361344537815225,-0.003367006547904407,23.304,22.9775,22.79,0.26803211340253064
2022-05-30,600900.SH,23.88,24.03,23.56,23.74,23.72,0.02,0.0843,404612.16,963872.347,0.0008431703204045959,0.0008428150519971494,23.472,23.0205,22.799333333333333,0.2624307394223039
2022-05-31,600900.SH,23.7,24.04,23.61,24.02,23.74,0.28,1.1794,442947.51,1060754.785,0.011794439764111209,0.011725427470315507,23.698,23.070999999999998,22.811833333333333,0.26446493069432847
2022-06-01,600900.SH,24.02,24.33,23.85,24.23,24.02,0.21,0.8743,477906.83,1150865.753,0.008742714404662788,0.008704718176596888,23.901999999999997,23.1465,22.82283333333333,0.2593359262465501
2022-06-02,600900.SH,24.05,24.2,23.84,23.92,24.23,-0.31,-1.2794,399283.15,956304.255,-0.012794056954189004,-0.012876605746003359,23.926,23.188499999999998,22.822333333333336,0.260951706749166
2022-06-06,600900.SH,24.01,24.25,23.55,24.13,23.92,0.21,0.8779,542857.8,1298820.992,0.008779264214046734,0.00874095055450929,24.008000000000003,23.259,22.825333333333333,0.2534917737907532
2022-06-07,600900.SH,24.02,24.04,23.61,23.67,24.13,-0.46,-1.9063,515533.84,1222791.129,-0.019063406547865647,-0.019247456111047716,23.994000000000003,23.3255,22.822833333333335,0.25604432177101016
2022-06-08,600900.SH,23.8,23.84,23.57,23.77,23.67,0.1,0.4225,381336.72,904531.662,0.0042247570764679665,0.004215857846209854,23.944,23.372,22.832333333333334,0.24573672031792884
2022-06-09,600900.SH,23.69,24.04,23.63,23.71,23.77,-0.06,-0.2524,494432.57,1178575.794,-0.0025241901556583013,-0.0025273812947883517,23.840000000000003,23.43,22.8445,0.24019732791315374
2022-06-10,600900.SH,23.68,24.06,23.66,24.02,23.71,0.31,1.3075,859956.32,2049245.232,0.01307465204555025,0.012989916574523221,23.86,23.5155,22.866333333333333,0.23756889250284735
2022-06-13,600900.SH,23.74,23.91,23.19,23.28,24.02,-0.74,-3.0808,913218.74,2135334.164,-0.030807660283097338,-0.03129219378860033,23.69,23.518,22.877666666666666,0.2242818712409334
2022-06-14,600900.SH,23.17,24.02,23.17,24.0,23.28,0.72,3.0928,765712.28,1818362.041,0.030927835051546282,0.03045920748470844,23.756,23.5685,22.90266666666667,0.2454031353350155
2022-06-15,600900.SH,23.98,24.08,23.64,23.67,24.0,-0.33,-1.375,525002.43,1250077.871,-0.013749999999999929,-0.013845406822052982,23.736,23.602,22.944666666666667,0.2518864241167649
2022-06-16,600900.SH,23.74,23.77,23.23,23.23,23.67,-0.44,-1.8589,604019.44,1415526.531,-0.018588931136459652,-0.01876387674357479,23.639999999999997,23.6245,22.958833333333335,0.2591039493481294
2022-06-17,600900.SH,23.34,23.66,23.29,23.6,23.23,0.37,1.5928,518347.27,1220639.213,0.01592767972449427,0.015802165249246693,23.556,23.6405,22.987166666666667,0.25350025127340003
2022-06-20,600900.SH,23.5,23.52,23.08,23.13,23.6,-0.47,-1.9915,631540.59,1465669.026,-0.019915254237288238,-0.020116235788216676,23.526,23.631999999999998,23.009666666666668,0.26395045325737904
2022-06-21,600900.SH,23.13,23.25,23.0,23.15,23.13,0.02,0.0865,425430.68,984851.871,0.0008646779074794608,0.0008643042888952645,23.356,23.6445,23.034666666666666,0.25625670108237725
2022-06-22,600900.SH,23.19,23.29,23.07,23.2,23.15,0.05,0.216,484326.42,1122313.502,0.002159827213823018,0.0021574981400213143,23.262,23.66,23.054,0.2562741411252428
2022-06-23,600900.SH,23.2,23.23,23.03,23.1,23.2,-0.1,-0.431,491046.58,1134360.492,-0.004310344827586077,-0.004319661144516284,23.236,23.654500000000002,23.074166666666663,0.25198298362370397
2022-06-24,600900.SH,23.11,23.39,23.03,23.37,23.1,0.27,1.1688,573158.89,1328146.879,0.011688311688311748,0.01162053102301879,23.19,23.633,23.104166666666668,0.23784247593176616
2022-06-27,600900.SH,23.35,23.49,23.21,23.31,23.37,-0.06,-0.2567,491607.97,1148943.188,-0.0025673940949936247,-0.002570695503100866,23.226,23.6125,23.1375,0.23774594628676177
2022-06-28,600900.SH,23.3,23.3,23.07,23.11,23.31,-0.2,-0.858,575841.23,1331818.855,-0.008580008580008514,-0.00861702876137634,23.218,23.581,23.16016666666667,0.2392489554191448
2022-06-29,600900.SH,23.1,23.19,22.93,23.15,23.11,0.04,0.1731,590534.59,1361406.898,0.0017308524448289564,0.0017293562459536002,23.208000000000002,23.5375,23.1825,0.2346011550734953
2022-06-30,600900.SH,23.12,23.19,22.95,23.12,23.15,-0.03,-0.1296,391142.56,902706.79,-0.001295896328293633,-0.0012967367280662563,23.212,23.482,23.202833333333334,0.23133588917942413
2022-07-01,600900.SH,24.0,24.52,23.87,24.32,23.12,1.2,5.1903,1297092.78,3147234.417,0.05190311418685112,0.05060101329378945,23.401999999999997,23.502000000000002,23.2415,0.29689296771081697
2022-07-04,600900.SH,24.35,24.57,24.05,24.35,24.32,0.03,0.1234,660129.91,1609051.87,0.0012335526315789824,0.0012327924306325744,23.61,23.512999999999998,23.276999999999997,0.2954734015159821
2022-07-05,600900.SH,24.33,24.51,24.05,24.24,24.35,-0.11,-0.4517,534587.61,1294855.469,-0.004517453798768112,-0.0045276883274852405,23.836,23.5415,23.308333333333334,0.28701385735809487
2022-07-06,600900.SH,24.28,24.3,23.98,24.06,24.24,-0.18,-0.7426,388448.12,934573.743,-0.007425742574257432,-0.007453450654580891,24.018,23.556,23.3315,0.28843871527188897
2022-07-07,600900.SH,24.16,24.45,24.1,24.1,24.06,0.04,0.1663,392578.08,952172.862,0.0016625103906899863,0.0016611299500765373,24.214,23.5755,23.3465,0.288188936175816
2022-07-08,600900.SH,24.1,24.3,23.89,24.2,24.1,0.1,0.4149,415700.46,1000142.146,0.004149377593360981,0.004140792666031387,24.19,23.5845,23.367500000000003,0.2849402086395772
2022-07-11,600900.SH,24.48,24.99,24.48,24.69,24.2,0.49,2.0248,673385.5,1669501.393,0.020247933884297575,0.020045670194447477,24.258,23.655,23.394999999999996,0.26758438615546337
2022-07-12,600900.SH,24.69,25.08,24.67,24.9,24.69,0.21,0.8505,522402.62,1303281.65,0.008505467800729027,0.008469500113573784,24.39,23.7,23.425166666666666,0.2477320176845386
2022-07-13,600900.SH,25.0,25.18,24.8,24.97,24.9,0.07,0.2811,462033.31,1154859.591,0.0028112449799195804,0.002807300821019822,24.572,23.765,23.454,0.2406806622809351
2022-07-14,600900.SH,25.0,25.02,24.66,24.86,24.97,-0.11,-0.4405,588772.14,1462094.435,-0.004405286343612258,-0.00441501820911672,24.724,23.8465,23.47833333333333,0.2289554137831509
2022-07-15,600900.SH,24.71,24.83,24.3,24.3,24.86,-0.56,-2.2526,621757.37,1527141.902,-0.022526146419951654,-0.022783735736062204,24.744,23.8815,23.500833333333336,0.24159610126365264
2022-07-18,600900.SH,24.37,25.13,24.37,24.95,24.3,0.65,2.6749,606761.1,1510508.795,0.026748971193415683,0.026397471851024944,24.796,23.9725,23.530166666666666,0.24333081937475753
2022-07-19,600900.SH,25.13,25.15,24.78,25.05,24.95,0.1,0.4008,454163.8,1134520.519,0.004008016032064132,0.004000005333346137,24.826,24.0675,23.5585,0.24306577457691284
2022-07-20,600900.SH,25.2,25.27,24.86,24.94,25.05,-0.11,-0.4391,370601.74,926024.154,-0.0043912175648702645,-0.004400887278983418,24.82,24.1545,23.581833333333332,0.24485117740127227
2022-07-21,600900.SH,24.47,24.47,23.95,24.01,24.12,-0.11,-0.4561,343868.25,829377.173,-0.037289494787489996,-0.03800253001872856,24.65,24.2,23.58716666666667,0.28406520120222045
2022-07-22,600900.SH,24.02,24.3,23.87,24.13,24.01,0.12,0.4998,328322.04,792861.776,0.00499791753436063,0.00498546940377846,24.616,24.238000000000003,23.607333333333333,0.28205076710215204
2022-07-25,600900.SH,24.17,24.24,23.96,24.1,24.13,-0.03,-0.1243,241719.43,582926.532,-0.001243265644425895,-0.0012440391403309226,24.446,24.2775,23.6225,0.28182100918951253
2022-07-26,600900.SH,24.08,24.25,24.01,24.1,24.1,0.0,0.0,266513.07,643709.843,0.0,0.0,24.256,24.327,23.642833333333336,0.2792570661017019
2022-07-27,600900.SH,24.1,24.16,23.9,23.92,24.1,-0.18,-0.7469,258844.16,620286.866,-0.007468879668049766,-0.007496911414178298,24.052,24.3655,23.658,0.28138307557716635
2022-07-28,600900.SH,23.95,24.2,23.8,23.9,23.92,-0.02,-0.0836,293325.77,703987.732,-0.0008361204013379586,-0.0008364701449661702,24.03,24.404500000000002,23.677666666666667,0.2813210280005544
2022-07-29,600900.SH,23.99,24.23,23.83,23.88,23.9,-0.02,-0.0837,356801.22,856238.729,-0.0008368200836820217,-0.0008371704130636586,23.98,24.3825,23.691,0.21001398040008104
2022-08-01,600900.SH,23.88,24.0,23.62,23.78,23.88,-0.1,-0.4188,368128.79,876446.084,-0.0041876046901171415,-0.004196397261765453,23.916,24.354000000000003,23.708666666666666,0.21018944686739813
2022-08-02,600900.SH,23.65,23.82,23.5,23.62,23.78,-0.16,-0.6728,395204.97,933631.964,-0.006728343145500415,-0.00675108049341952,23.82,24.323,23.73,0.2108118244329267
2022-08-03,600900.SH,23.67,23.82,23.41,23.44,23.62,-0.18,-0.7621,320412.51,754669.431,-0.007620660457239636,-0.007649846060404389,23.724,24.292,23.740000000000002,0.21088916592577078
2022-08-04,600900.SH,23.55,23.9,23.41,23.85,23.44,0.41,1.7491,314618.7,746067.094,0.017491467576791875,0.017340252625538424,23.714,24.2795,23.761666666666667,0.22100139049040188
2022-08-05,600900.SH,23.92,24.1,23.8,24.08,23.85,0.23,0.9644,240371.3,575872.426,0.009643605870020888,0.00959740310626999,23.754,24.2735,23.791166666666665,0.22335885365524635
2022-08-08,600900.SH,24.07,24.3,24.01,24.14,24.08,0.06,0.2492,186789.32,451867.468,0.002491694352159568,0.0024885952287652534,23.826,24.246000000000002,23.80633333333333,0.21036232714021869
2022-08-09,600900.SH,24.14,24.28,24.0,24.03,24.14,-0.11,-0.4557,213611.22,515212.128,-0.004556752278376153,-0.004567165921007912,23.907999999999998,24.2025,23.823666666666664,0.20759116748134746
2022-08-10,600900.SH,24.1,24.13,23.8,23.89,24.03,-0.14,-0.5826,175135.92,418198.565,-0.005826050769870972,-0.005843088410659356,23.998,24.1485,23.8385,0.20736842707084385
2022-08-11,600900.SH,23.91,24.1,23.77,24.0,23.89,0.11,0.4604,258410.78,619819.484,0.004604437002930117,0.004593869010227475,24.028000000000002,24.1055,23.858833333333333,0.20851837417400185
2022-08-12,600900.SH,24.0,24.24,23.94,24.23,24.0,0.23,0.9583,213291.01,515031.097,0.009583333333333277,0.009537704480488688,24.058,24.102,23.874666666666666,0.19675349631590483
2022-08-15,600900.SH,24.12,24.3,23.95,24.01,24.23,-0.22,-0.908,282338.68,679612.778,-0.00907965332232763,-0.009121124595272447,24.032000000000004,24.055,23.8865,0.17145523996365422
2022-08-16,600900.SH,24.03,24.25,23.84,23.9,24.01,-0.11,-0.4581,334412.08,803935.985,-0.004581424406497447,-0.0045919512956970245,24.006,23.997500000000002,23.903166666666664,0.1702615556140365
2022-08-17,600900.SH,23.87,23.87,23.38,23.56,23.9,-0.34,-1.4226,563318.23,1326891.731,-0.014225941422594146,-0.01432810015407903,23.94,23.928500000000003,23.914333333333335,0.17537221597807126
2022-08-18,600900.SH,23.48,23.64,23.38,23.4,23.56,-0.16,-0.6791,280851.93,659127.491,-0.006791171477079749,-0.006814336419730165,23.82,23.898000000000003,23.9175,0.12066310889744741
2022-08-19,600900.SH,23.24,23.62,23.13,23.59,23.4,0.19,0.812,383745.97,898727.158,0.00811965811965809,0.008086871055927888,23.692,23.871,23.914,0.12329014678109604
2022-08-22,600900.SH,23.46,23.79,23.43,23.48,23.59,-0.11,-0.4663,308109.09,725668.332,-0.004662992793556531,-0.004673898459687902,23.586,23.84,23.910000000000004,0.12393783724616339
2022-08-23,600900.SH,23.45,23.48,23.21,23.23,23.48,-0.25,-1.0647,376747.28,877908.158,-0.010647359454855176,-0.010704448177577906,23.452,23.7965,23.9015,0.1281770116813518
2022-08-24,600900.SH,23.23,23.42,23.15,23.16,23.23,-0.07,-0.3013,276685.1,644171.87,-0.0030133448127421802,-0.003017894077523316,23.372,23.758499999999998,23.887166666666666,0.1265312732068167
2022-08-25,600900.SH,23.21,23.65,23.21,23.59,23.16,0.43,1.8566,281824.05,660126.996,0.01856649395509491,0.018396240714789087,23.41,23.743000000000002,23.8765,0.14538907216226152
2022-08-26,600900.SH,23.58,23.58,23.27,23.39,23.59,-0.2,-0.8478,279532.68,652863.134,-0.0084781687155574,-0.008514312823495964,23.37,23.7185,23.867666666666665,0.14805097978370427
2022-08-29,600900.SH,23.25,23.45,23.15,23.3,23.39,-0.09,-0.3848,266742.63,620661.332,-0.003847798204360875,-0.0038552200244328133,23.334,23.6945,23.853833333333334,0.14795867470708604
2022-08-30,600900.SH,23.3,23.37,23.12,23.28,23.3,-0.02,-0.0858,230440.41,534621.259,-0.0008583690987123971,-0.0008587377084177582,23.344,23.677500000000002,23.84733333333333,0.146391719592517
2022-08-31,600900.SH,23.33,23.98,23.28,23.98,23.28,0.7,3.0069,810053.1,1924117.532,0.030068728522336663,0.02962552673613101,23.508000000000003,23.704500000000003,23.850833333333334,0.17998377642481242
2022-09-01,600900.SH,23.73,24.08,23.62,23.91,23.98,-0.07,-0.2919,377805.91,901719.922,-0.0029190992493745016,-0.002923368129134846,23.572,23.707500000000003,23.854166666666668,0.16977261318843742
2022-09-02,600900.SH,23.9,24.17,23.73,23.82,23.91,-0.09,-0.3764,291596.65,697272.184,-0.0037641154328732496,-0.0037712175430792915,23.658,23.6945,23.850833333333334,0.16649871292784027
2022-09-05,600900.SH,23.71,23.9,23.51,23.82,23.82,0.0,0.0,311538.78,738489.72,0.0,0.0,23.762,23.6785,23.85983333333333,0.1661412452823999
2022-09-06,600900.SH,23.85,23.98,23.73,23.75,23.82,-0.07,-0.2939,343370.64,818020.674,-0.002938706968933724,-0.0029430334465038854,23.856,23.6645,23.855666666666664,0.1657309221894787
2022-09-07,600900.SH,23.6,23.64,23.42,23.57,23.75,-0.18,-0.7579,423951.72,996783.593,-0.0075789473684210185,-0.0076078135326104355,23.774,23.648500000000002,23.854,0.1665878034608831
2022-09-08,600900.SH,23.62,23.85,23.53,23.65,23.57,0.08,0.3394,259446.49,614593.75,0.0033941450997030387,0.0033883979899022544,23.722,23.631,23.860999999999997,0.16613895720582744
2022-09-09,600900.SH,23.75,24.06,23.66,23.91,23.65,0.26,1.0994,354352.66,847909.591,0.010993657505285581,0.010933666532291556,23.74,23.615000000000002,23.86616666666667,0.1673656941895121
2022-09-13,600900.SH,23.85,23.91,23.66,23.79,23.91,-0.12,-0.5019,273346.21,650135.092,-0.005018820577164407,-0.0050314571553670955,23.734,23.604000000000003,23.877166666666664,0.16524815078880287
2022-09-14,600900.SH,23.7,23.93,23.64,23.7,23.79,-0.09,-0.3783,218758.98,519309.099,-0.003783102143757877,-0.0037902761737808022,23.724,23.594,23.886333333333333,0.16500493262634885
2022-09-15,600900.SH,23.72,23.98,23.61,23.72,23.7,0.02,0.0844,405831.36,966015.202,0.0008438818565401629,0.0008435259884392802,23.753999999999998,23.601999999999997,23.895,0.15668094392081874
2022-09-16,600900.SH,23.73,23.84,23.46,23.46,23.72,-0.26,-1.0961,398814.92,942339.845,-0.010961214165261302,-0.011021730904195217,23.716,23.605,23.901000000000003,0.1598803800104127
2022-09-19,600900.SH,23.53,23.63,23.41,23.48,23.46,0.02,0.0853,281286.75,660326.163,0.0008525149190110604,0.0008521517345662729,23.63,23.5995,23.902833333333334,0.1571489840516484
2022-09-20,600900.SH,23.48,23.54,23.4,23.42,23.48,-0.06,-0.2555,235485.8,552233.619,-0.0025553662691651935,-0.0025586367903243624,23.556,23.5965,23.904666666666667,0.1565297636897135
2022-09-21,600900.SH,23.42,23.58,23.32,23.43,23.42,0.01,0.0427,249728.42,585925.065,0.00042698548249342494,0.0004268943501328353,23.502,23.6065,23.91,0.1514702006692516
2022-09-22,600900.SH,23.37,23.5,23.26,23.42,23.43,-0.01,-0.0427,233919.77,546354.236,-0.00042680324370458766,-0.000426894350132941,23.442,23.619500000000002,23.9145,0.1509583394380513
2022-09-23,600900.SH,23.29,23.51,23.29,23.33,23.42,-0.09,-0.3843,275063.34,644002.163,-0.00384286934244249,-0.003850272136232816,23.416000000000004,23.6065,23.918,0.13578067317476927
2022-09-26,600900.SH,23.28,23.42,23.05,23.05,23.33,-0.28,-1.2002,402685.96,933964.148,-0.012001714530647134,-0.012074316590680973,23.330000000000002,23.5895,23.896833333333333,0.13905638835921383
2022-09-27,600900.SH,23.02,23.06,22.53,22.7,23.05,-0.35,-1.5184,604007.3,1373464.918,-0.015184381778741929,-0.015300844955300598,23.186,23.5595,23.869333333333334,0.14799950764630268
2022-09-28,600900.SH,22.68,22.69,22.38,22.46,22.7,-0.24,-1.0573,624737.67,1403694.512,-0.01057268722466953,-0.010628975177059794,22.991999999999997,23.5185,23.83966666666667,0.15162026885541463
2022-09-29,600900.SH,22.43,22.68,22.19,22.4,22.46,-0.06,-0.2671,554383.53,1246883.273,-0.00267141585040076,-0.0026749904493030014,22.788,23.439500000000002,23.812,0.09414069684648714
2022-09-30,600900.SH,22.4,22.85,22.28,22.74,22.4,0.34,1.5179,423324.79,957926.715,0.015178571428571486,0.015064529461395868,22.67,23.380999999999997,23.78933333333333,0.11494846798981284
2022-10-10,600900.SH,22.99,23.44,22.9,23.36,22.74,0.62,2.7265,644090.84,1499883.163,0.027264731750219928,0.02689966963763638,22.732,23.357999999999997,23.775333333333332,0.15584541288640125
2022-10-11,600900.SH,23.32,23.47,23.22,23.42,23.36,0.06,0.2568,372522.36,871477.554,0.0025684931506850806,0.0025652002095451236,22.876,23.338,23.754166666666666,0.15631448234037418
2022-10-12,600900.SH,23.4,23.49,23.0,23.21,23.42,-0.21,-0.8967,449074.95,1040346.259,-0.008966695132365587,-0.0090071378832257,23.026,23.311,23.726,0.15885192687578611
2022-10-13,600900.SH,22.92,23.24,22.56,23.04,23.21,-0.17,-0.7324,565025.13,1291255.561,-0.007324429125377119,-0.007351384458655309,23.154,23.2845,23.69383333333333,0.15871679992695648
2022-10-14,600900.SH,23.03,23.2,22.85,22.96,23.04,-0.08,-0.3472,363852.21,838991.892,-0.003472222222222099,-0.003478264376324697,23.198,23.25,23.662166666666668,0.1580141067655029
2022-10-17,600900.SH,23.04,23.04,22.76,22.76,22.96,-0.2,-0.8711,291534.62,665764.534,-0.008710801393728151,-0.008748962193235425,23.078,23.192500000000003,23.636499999999998,0.1528579180215902
2022-10-18,600900.SH,22.76,22.91,22.51,22.55,22.76,-0.21,-0.9227,415319.45,939448.014,-0.009226713532513253,-0.00926954330944289,22.904,23.1305,23.596500000000002,0.1545281897386478
2022-10-19,600900.SH,22.52,22.65,22.34,22.37,22.55,-0.18,-0.7982,338769.56,760855.853,-0.007982261640798183,-0.00801429044664907,22.736,23.064,23.55183333333333,0.1556591535669606
2022-10-20,600900.SH,22.33,22.49,22.24,22.34,22.37,-0.03,-0.1341,368154.63,822733.367,-0.0013410818059902407,-0.0013419818609836653,22.596,22.995,23.5085,0.1551660860434455
2022-10-21,600900.SH,22.29,22.6,22.21,22.41,22.34,0.07,0.3133,610416.03,1368536.927,0.003133393017009878,0.0031284941717810094,22.486,22.9425,23.481833333333334,0.15356901074495583
2022-10-24,600900.SH,22.39,22.59,21.71,21.83,22.41,-0.58,-2.5881,718728.08,1586119.858,-0.025881302989736787,-0.026222117250983168,22.3,22.860000000000003,23.443499999999997,0.17433767831997396
2022-10-25,600900.SH,22.0,22.3,21.91,22.01,21.83,0.18,0.8246,513414.75,1134410.507,0.008245533669262617,0.008211724976517905,22.192,22.7895,23.408666666666665,0.1793235543468825
2022-10-27,600900.SH,22.02,22.19,20.88,20.99,22.01,-1.02,-4.6343,1075023.38,2284666.748,-0.04634257155838273,-0.04745076170582886,21.916,22.6675,23.35683333333333,0.23540944934727515
2022-10-28,600900.SH,20.99,21.25,20.59,20.68,20.99,-0.31,-1.4769,996986.86,2083046.934,-0.01476893758932818,-0.014879084192313164,21.583999999999996,22.530499999999996,23.302833333333336,0.23690881883781403
2022-10-31,600900.SH,20.29,20.7,20.01,20.26,20.68,-0.42,-2.0309,983389.56,2000824.789,-0.02030947775628622,-0.020518550819691013,21.154,22.377000000000002,23.242166666666666,0.24198874973430573
2022-11-01,600900.SH,20.25,20.41,19.96,20.32,20.26,0.06,0.2962,961428.8,1943323.944,0.0029615004935834577,0.0029571238897438627,20.852,22.2405,23.182833333333335,0.24364310601627454
2022-11-02,600900.SH,20.3,20.52,20.05,20.46,20.32,0.14,0.689,761920.04,1545827.645,0.006889763779527547,0.006866137813199268,20.541999999999998,22.1285,23.127499999999998,0.24540433242851364
2022-11-03,600900.SH,20.35,20.37,19.89,19.98,20.46,-0.48,-2.346,746451.83,1497487.444,-0.02346041055718473,-0.023739987303072942,20.34,22.0045,23.06683333333333,0.2533741370333962
2022-11-04,600900.SH,19.86,20.27,19.75,20.14,19.98,0.16,0.8008,848833.2,1706198.646,0.00800800800800805,0.007976114070008818,20.232000000000003,21.8915,23.011833333333335,0.2578691596690291
2022-11-07,600900.SH,20.05,20.23,19.97,20.14,20.14,0.0,0.0,694657.83,1396309.691,0.0,0.0,20.208000000000002,21.7615,22.95,0.2473937582799958
2022-11-08,600900.SH,20.17,20.34,19.95,20.05,20.14,-0.09,-0.4469,788151.26,1586942.815,-0.004468718967229335,-0.004478733537837984,20.154,21.596,22.882833333333334,0.21434733672988168
2022-11-09,600900.SH,20.07,20.2,20.05,20.12,20.05,0.07,0.3491,483287.2,972886.761,0.003491271820448949,0.0034851914789603357,20.086000000000002,21.431,22.815833333333334,0.21494770322364684
2022-11-10,600900.SH,20.13,20.15,19.89,20.0,20.12,-0.12,-0.5964,423338.12,846173.866,-0.005964214711729698,-0.00598207167754754,20.09,21.270500000000002,22.74866666666667,0.21493580714061328
2022-11-11,600900.SH,20.25,20.55,20.03,20.45,20.0,0.45,2.25,977162.31,1982385.192,0.022499999999999964,0.022250608934819723,20.152,21.141,22.691333333333333,0.2395964233248972
2022-11-14,600900.SH,20.54,20.6,20.1,20.17,20.45,-0.28,-1.3692,735754.98,1494753.285,-0.013691931540342206,-0.013786530522690254,20.158,21.0015,22.627499999999998,0.24100187332501774
2022-11-15,600900.SH,20.17,21.21,20.06,21.01,20.17,0.84,4.1646,1013530.82,2098340.196,0.04164600892414483,0.0408021628907887,20.35,20.913999999999998,22.573833333333333,0.29474423189935733
2022-11-16,600900.SH,20.9,21.17,20.81,21.05,21.01,0.04,0.1904,551945.22,1157747.68,0.0019038553069965491,0.0019020452714812563,20.536,20.839000000000002,22.5245,0.2946883372027149
2022-11-17,600900.SH,20.98,21.28,20.9,21.26,21.05,0.21,0.9976,500392.75,1055850.06,0.009976247030878849,0.009926812785411434,20.788,20.7835,22.480500000000003,0.2977595922989527
2022-11-18,600900.SH,21.28,21.38,20.96,21.05,21.26,-0.21,-0.9878,316918.46,669815.145,-0.009877704609595472,-0.009926812785411434,20.908,20.719,22.438666666666666,0.2989066167005609
2022-11-21,600900.SH,20.98,21.15,20.71,21.09,21.05,0.04,0.19,244794.5,513349.951,0.0019002375296912621,0.0018984343622928542,21.092000000000002,20.653,22.400166666666667,0.298613835060039
2022-11-22,600900.SH,21.09,21.4,20.93,21.35,21.09,0.26,1.2328,397720.57,842836.851,0.0123281175912755,0.012252745183950347,21.160000000000004,20.629,22.362833333333334,0.290231850604529
2022-11-23,600900.SH,21.3,21.69,21.28,21.36,21.35,0.01,0.0468,425624.01,914509.165,0.0004683840749413193,0.00046827441736039686,21.222,20.5965,22.327499999999997,0.2882694067891349
2022-11-24,600900.SH,21.5,21.68,21.36,21.38,21.36,0.02,0.0936,240667.26,517180.773,0.000936329588014928,0.0009358915049050237,21.246,20.616000000000003,22.29666666666667,0.23414807626935855
2022-11-25,600900.SH,21.34,21.84,21.31,21.81,21.38,0.43,2.0112,328680.81,713311.958,0.020112254443405142,0.01991267461663861,21.398,20.672500000000003,22.274166666666666,0.2356767428310981
2022-11-28,600900.SH,21.55,21.7,21.22,21.5,21.81,-0.31,-1.4214,427665.01,914572.296,-0.01421366345712971,-0.014315645079920529,21.48,20.7345,22.239333333333335,0.22864863466022048
2022-11-29,600900.SH,21.6,21.6,21.25,21.37,21.5,-0.13,-0.6047,633944.94,1355177.08,-0.006046511627906925,-0.00606486580256081,21.484,20.787,22.205666666666666,0.23093090658164003
2022-11-30,600900.SH,21.3,21.45,21.22,21.22,21.37,-0.15,-0.7019,541587.29,1153443.63,-0.007019185774450265,-0.007043936145219277,21.456,20.825,22.171,0.23279177612082697
2022-12-01,600900.SH,21.32,21.43,21.19,21.21,21.22,-0.01,-0.0471,499773.67,1063404.625,-0.0004712535344013613,-0.0004713646092458503,21.422,20.8865,22.1365,0.21300185837753008
2022-12-02,600900.SH,21.16,21.42,21.16,21.37,21.21,0.16,0.7544,369815.89,787190.585,0.007543611504007508,0.007515300754465137,21.334,20.948,22.093000000000004,0.21286557131695508
2022-12-05,600900.SH,21.42,21.65,21.32,21.55,21.37,0.18,0.8423,498753.26,1072855.802,0.008423022929340274,0.00838774721870062,21.344,21.0185,22.05366666666667,0.21336266578571222
2022-12-06,600900.SH,21.45,21.5,21.25,21.27,21.55,-0.28,-1.2993,362753.7,773743.881,-0.012993039443155552,-0.013078187337611073,21.324,21.079500000000003,22.011166666666668,0.21962501863634978
2022-12-07,600900.SH,21.32,21.35,20.82,20.92,21.27,-0.35,-1.6455,622811.75,1311436.759,-0.016455101081335077,-0.01659199001542353,21.264,21.1195,21.962833333333336,0.23024639891170598
2022-12-08,600900.SH,20.87,21.05,20.7,20.9,20.92,-0.02,-0.0956,437711.86,913144.256,-0.0009560229445507717,-0.0009564802259569342,21.202,21.1645,21.915333333333333,0.22861478848074135
2022-12-09,600900.SH,20.89,21.0,20.81,20.92,20.9,0.02,0.0957,447920.04,937350.501,0.000956937799043267,0.0009564802259570362,21.112000000000002,21.188,21.871166666666667,0.21579935844052853
2022-12-12,600900.SH,20.86,21.0,20.59,20.68,20.92,-0.24,-1.1472,345921.79,716020.108,-0.01147227533460815,-0.011538589556493891,20.938,21.2135,21.82166666666667,0.21390004622875097
2022-12-13,600900.SH,20.68,20.75,20.44,20.64,20.68,-0.04,-0.1934,334095.32,687959.142,-0.0019342359767891004,-0.0019361090268663291,20.812,21.195,21.767166666666665,0.15192957130087054
2022-12-14,600900.SH,20.63,20.73,20.46,20.65,20.64,0.01,0.0484,344510.88,710646.709,0.0004844961240308976,0.00048437879367966766,20.758000000000003,21.175,21.714833333333335,0.15167235002945614
2022-12-15,600900.SH,20.56,20.71,20.45,20.52,20.65,-0.13,-0.6295,382255.67,783882.557,-0.006295399515738431,-0.006315299104472909,20.682,21.137999999999998,21.661833333333334,0.14710337538352353
2022-12-16,600900.SH,20.51,20.86,20.47,20.86,20.52,0.34,1.6569,399035.58,826979.528,0.016569200779727122,0.01643342927005763,20.669999999999998,21.1285,21.614166666666666,0.15727597825280248
2022-12-19,600900.SH,20.76,20.9,20.35,20.45,20.86,-0.41,-1.9655,462474.19,950569.221,-0.019654841802492773,-0.0198505670838156,20.624,21.0965,21.564,0.17108742599932183
2022-12-20,600900.SH,20.45,20.6,20.31,20.38,20.45,-0.07,-0.3423,313327.82,640851.445,-0.0034229828850855792,-0.003428854694232002,20.571999999999996,21.048,21.512333333333334,0.1631740770000501
2022-12-21,600900.SH,20.42,20.54,20.3,20.46,20.38,0.08,0.3925,275175.08,562397.207,0.003925417075564264,0.003917732728901653,20.534,21.003,21.463,0.16440092426827568
2022-12-22,600900.SH,20.57,20.68,20.26,20.36,20.46,-0.1,-0.4888,360908.66,738528.913,-0.00488758553274693,-0.004899568841158536,20.502000000000002,20.951999999999998,21.411833333333334,0.1642744243399262
2022-12-23,600900.SH,20.31,20.46,20.23,20.41,20.36,0.05,0.2456,355906.13,724538.45,0.0024557956777997436,0.002452785139431568,20.412,20.881999999999998,21.361666666666665,0.1427403296241596
2022-12-26,600900.SH,20.42,20.5,20.33,20.37,20.41,-0.04,-0.196,292021.35,595661.411,-0.0019598236158745452,-0.0019617465830389486,20.396,20.825499999999998,21.312333333333335,0.13678661978015033
2022-12-27,600900.SH,20.47,20.6,20.4,20.54,20.37,0.17,0.8346,383369.1,786570.161,0.008345606283750584,0.008310974261697692,20.428,20.784,21.270500000000002,0.14151951959863035
2022-12-28,600900.SH,20.48,20.72,20.46,20.67,20.54,0.13,0.6329,503172.28,1038576.445,0.006329113924050667,0.006309169193264756,20.47,20.7565,21.236666666666668,0.14308974222083826
2022-12-29,600900.SH,20.9,21.07,20.53,20.8,20.67,0.13,0.6289,539963.93,1120294.873,0.0062893081761006275,0.006269613013595395,20.558,20.735999999999997,21.209,0.14558304550884676
2022-12-30,600900.SH,20.78,21.05,20.71,21.0,20.8,0.2,0.9615,459205.45,961405.512,0.009615384615384581,0.009569451016150672,20.676,20.7175,21.18566666666667,0.14735835390648952
