date,ts_code,open,high,low,close,pre_close,change,pct_chg,volume,amount,returns,logReturns,ma5,ma20,ma60,volatility
2020-06-02,601899.SH,3.89,3.92,3.84,3.88,3.89,-0.01,-0.2571,1409082.22,546551.406,,,,,,
2020-06-03,601899.SH,3.88,3.98,3.86,3.93,3.88,0.05,1.2887,1813007.23,712210.034,0.012886597938144506,0.012804272245987968,,,,
2020-06-04,601899.SH,3.88,3.9,3.84,3.85,3.93,-0.08,-2.0356,1539069.63,593820.776,-0.020356234096692183,-0.020566277581477083,,,,
2020-06-05,601899.SH,3.87,3.87,3.81,3.82,3.85,-0.03,-0.7792,1229563.77,470868.977,-0.007792207792207906,-0.007822725681209156,,,,
2020-06-08,601899.SH,3.87,4.03,3.87,4.01,3.82,0.19,4.9738,3589205.54,1424201.274,0.04973821989528804,0.04854081869999408,3.8980000000000006,,,
2020-06-09,601899.SH,4.03,4.06,3.99,4.04,4.01,0.03,0.7481,1765349.26,709716.269,0.007481296758104827,0.007453450654580972,3.9300000000000006,,,
2020-06-10,601899.SH,4.1,4.12,3.98,4.01,4.04,-0.03,-0.7426,1341889.4,539774.472,-0.007425742574257432,-0.007453450654580891,3.946,,,
2020-06-11,601899.SH,4.08,4.14,4.03,4.05,4.01,0.04,0.9975,2049450.94,837059.194,0.009975062344139696,0.009925639799969998,3.9859999999999998,,,
2020-06-12,601899.SH,3.93,4.0,3.91,3.97,4.05,-0.08,-1.9753,1566472.13,621241.311,-0.01975308641975304,-0.019950786419348682,4.016,,,
2020-06-15,601899.SH,3.97,4.0,3.91,3.91,3.97,-0.06,-1.5113,1385817.32,545708.188,-0.015113350125944613,-0.01522872070182467,3.996,,,
2020-06-16,601899.SH,3.93,4.02,3.92,4.0,3.91,0.09,2.3018,1535381.89,609292.784,0.023017902813299296,0.022756987122616278,3.9879999999999995,,,
2020-06-17,601899.SH,3.98,4.03,3.94,4.03,4.0,0.03,0.75,1647852.21,657553.385,0.007500000000000062,0.0074720148387010564,3.992,,,
2020-06-18,601899.SH,4.05,4.18,3.99,4.15,4.03,0.12,2.9777,3151643.28,1295909.916,0.02977667493796532,0.029341958284015375,4.0120000000000005,,,
2020-06-19,601899.SH,4.15,4.2,4.11,4.16,4.15,0.01,0.241,2033062.69,844352.899,0.00240963855421672,0.0024067400305648376,4.050000000000001,,,
2020-06-22,601899.SH,4.21,4.34,4.2,4.25,4.16,0.09,2.1635,2833327.0,1210457.695,0.02163461538461542,0.02140390866315358,4.118,,,
2020-06-23,601899.SH,4.28,4.31,4.21,4.24,4.25,-0.01,-0.2353,1453615.38,618116.883,-0.0023529411764705577,-0.0023557136924590365,4.166,,,
2020-06-24,601899.SH,4.33,4.41,4.32,4.38,4.24,0.14,3.3019,2404470.58,1051518.904,0.03301886792452824,0.03248545514448831,4.236,,,
2020-06-29,601899.SH,4.37,4.44,4.3,4.37,4.38,-0.01,-0.2283,1917050.99,836245.747,-0.0022831050228310223,-0.002285715280855951,4.279999999999999,,,
2020-06-30,601899.SH,4.37,4.42,4.31,4.4,4.37,0.03,0.6865,1599635.05,697737.599,0.006864988558352492,0.006841531816716784,4.328,,,
2020-07-01,601899.SH,4.47,4.7,4.47,4.59,4.4,0.19,4.3182,3362315.85,1543257.513,0.04318181818181799,0.04227548314823812,4.396,4.102,,
2020-07-02,601899.SH,4.51,4.65,4.51,4.62,4.59,0.03,0.6536,2720794.11,1252357.766,0.006535947712418277,0.006514681021193672,4.4719999999999995,4.139,,0.3121246364496056
2020-07-03,601899.SH,4.6,4.79,4.58,4.75,4.62,0.13,2.8139,3301255.13,1558853.698,0.02813852813852802,0.02774991295290224,4.545999999999999,4.18,,0.3192907614403189
2020-07-06,601899.SH,4.77,5.13,4.77,5.11,4.75,0.36,7.5789,5256662.14,2642327.77,0.07578947368421063,0.07305478616906332,4.694000000000001,4.243,,0.3764846412878955
2020-07-07,601899.SH,5.2,5.45,5.12,5.13,5.11,0.02,0.3914,4632562.82,2435377.392,0.003913894324853118,0.003906254967064989,4.84,4.3085,,0.36951293409943037
2020-07-08,601899.SH,5.16,5.6,5.14,5.58,5.13,0.45,8.7719,5653147.65,3057825.693,0.08771929824561409,0.08408311721054144,5.037999999999999,4.3870000000000005,,0.4354441182678695
2020-07-09,601899.SH,5.65,6.14,5.65,6.14,5.58,0.56,10.0358,6902307.69,4116056.29,0.10035842293906794,0.09563596576583137,5.3420000000000005,4.492,,0.5242579706868575
2020-07-10,601899.SH,6.0,6.0,5.64,5.66,6.14,-0.48,-7.8176,6233831.6,3614792.12,-0.07817589576547224,-0.08140084994395945,5.524,4.5745,,0.6264787949069298
2020-07-13,601899.SH,5.83,6.07,5.81,6.0,5.66,0.34,6.0071,5761556.93,3431960.881,0.060070671378091856,0.05833557701296342,5.702,4.672,,0.6428755778511973
2020-07-14,601899.SH,5.78,5.95,5.7,5.82,6.0,-0.18,-3.0,4260614.65,2469490.567,-0.029999999999999916,-0.03045920748470846,5.84,4.7645,,0.6523679305725028
2020-07-15,601899.SH,5.85,5.94,5.6,5.65,5.82,-0.17,-2.921,3681586.21,2111417.755,-0.029209621993127155,-0.029644716584996886,5.854,4.8515,,0.6642700897570818
2020-07-16,601899.SH,5.58,5.78,5.4,5.44,5.65,-0.21,-3.7168,3080090.85,1726210.139,-0.03716814159292037,-0.03787648429049833,5.714,4.9235,,0.693623244259372
2020-07-17,601899.SH,5.3,5.44,5.21,5.35,5.34,0.01,0.1873,2431407.16,1299330.891,-0.016544117647058987,-0.016682499959936245,5.652,4.9895000000000005,,0.7028976590637482
2020-07-20,601899.SH,5.46,5.62,5.42,5.61,5.35,0.26,4.8598,3805120.78,2110951.004,0.048598130841121634,0.0474541586266899,5.574,5.0625,,0.7112061965158955
2020-07-21,601899.SH,5.71,5.78,5.6,5.68,5.61,0.07,1.2478,2985650.81,1701371.308,0.012477718360071277,0.01240051319845501,5.546,5.1385,,0.7095269645425463
2020-07-22,601899.SH,6.01,6.08,5.82,5.85,5.68,0.17,2.993,3839732.88,2275999.07,0.029929577464788748,0.029490428510705158,5.586,5.218500000000001,,0.7109128001675489
2020-07-23,601899.SH,5.93,5.95,5.62,5.82,5.85,-0.03,-0.5128,3059066.32,1772895.846,-0.005128205128204999,-0.00514139950041854,5.662000000000001,5.2975,,0.7119845152494857
2020-07-24,601899.SH,5.78,5.87,5.54,5.63,5.82,-0.19,-3.2646,3590668.69,2047695.723,-0.03264604810996574,-0.03319081959174755,5.718,5.359999999999999,,0.7301936156453847
2020-07-27,601899.SH,5.77,6.04,5.69,6.02,5.63,0.39,6.9272,5816874.45,3458036.747,0.06927175843694489,0.06697781716913061,5.8,5.442500000000001,,0.7533314458469317
2020-07-28,601899.SH,6.23,6.3,5.7,5.76,6.02,-0.26,-4.3189,6410761.31,3836954.517,-0.04318936877076407,-0.044149784612929746,5.816,5.5104999999999995,,0.7828139870290827
2020-07-29,601899.SH,5.76,5.79,5.58,5.74,5.76,-0.02,-0.3472,4196922.43,2381905.024,-0.003472222222222099,-0.003478264376324697,5.794,5.568,,0.7777983194696316
2020-07-30,601899.SH,5.77,5.86,5.63,5.65,5.74,-0.09,-1.5679,2941103.03,1681310.716,-0.015679442508710784,-0.015803665173125456,5.76,5.6195,,0.7839787939591302
2020-07-31,601899.SH,5.7,5.85,5.63,5.85,5.65,0.2,3.5398,3499107.52,2013444.109,0.03539823008849541,0.03478611608541539,5.804,5.6745,,0.7864722269201053
2020-08-03,601899.SH,5.8,5.88,5.71,5.84,5.85,-0.01,-0.1709,3001286.01,1741028.418,-0.0017094017094017033,-0.00171086440362943,5.768,5.711,,0.7498595034238129
2020-08-04,601899.SH,5.83,5.95,5.76,5.79,5.84,-0.05,-0.8562,2850446.01,1660603.527,-0.008561643835616417,-0.008598505255231793,5.773999999999999,5.744,,0.7520084789731273
2020-08-05,601899.SH,5.97,6.05,5.82,6.04,5.79,0.25,4.3178,4710203.97,2803206.795,0.04317789291882557,0.04227172036181971,5.8340000000000005,5.767,,0.7037621476358656
2020-08-06,601899.SH,6.09,6.6,6.08,6.57,6.04,0.53,8.7748,7182687.28,4625912.973,0.08774834437086088,0.08410982054979552,6.018000000000001,5.7885,,0.6821661266603631
2020-08-07,601899.SH,6.57,6.98,6.51,6.64,6.57,0.07,1.0654,7282523.15,4919137.309,0.010654490106544845,0.010598130991823284,6.176,5.8375,,0.6087112039468879
2020-08-10,601899.SH,6.37,6.43,6.2,6.33,6.64,-0.31,-4.6687,4085426.46,2572469.569,-0.04668674698795172,-0.047811727332257574,6.274,5.854,,0.607174093665277
2020-08-11,601899.SH,6.2,6.35,6.0,6.03,6.33,-0.3,-4.7393,3980655.52,2455260.278,-0.04739336492890989,-0.04855322541699068,6.322,5.8645,,0.6227883737815688
2020-08-12,601899.SH,5.59,5.76,5.44,5.7,6.03,-0.33,-5.4726,5965464.85,3334005.268,-0.05472636815920395,-0.05628083589858958,6.2540000000000004,5.867,,0.646164020498187
2020-08-13,601899.SH,5.71,5.77,5.6,5.72,5.7,0.02,0.3509,1977101.06,1125242.59,0.0035087719298245723,0.0035026305512020745,6.0840000000000005,5.881,,0.6300456701386435
2020-08-14,601899.SH,5.74,5.92,5.7,5.78,5.72,0.06,1.049,1812521.63,1051840.702,0.010489510489510634,0.010434877292579714,5.912000000000001,5.9025,,0.62607541520901
2020-08-17,601899.SH,5.75,6.16,5.69,6.11,5.78,0.33,5.7093,3170219.93,1886070.32,0.05709342560553643,0.05552309049921794,5.868,5.9275,,0.6346605414465061
2020-08-18,601899.SH,6.27,6.41,6.18,6.36,6.11,0.25,4.0917,3051127.29,1926947.631,0.04091653027823239,0.0401016041685268,5.934,5.9615,,0.6469964968190075
2020-08-19,601899.SH,6.36,6.52,6.28,6.5,6.36,0.14,2.2013,4528177.43,2904487.834,0.022012578616352085,0.021773799549560536,6.093999999999999,5.994,,0.6437882086210567
2020-08-20,601899.SH,6.19,6.55,6.1,6.32,6.5,-0.18,-2.7692,3551960.78,2238850.114,-0.027692307692307683,-0.028082968742825364,6.214,6.019,,0.6538894343253161
2020-08-21,601899.SH,6.33,6.4,6.16,6.2,6.32,-0.12,-1.8987,2088460.31,1305123.836,-0.01898734177215189,-0.01916991610772017,6.298,6.047499999999999,,0.64522029304102
2020-08-24,601899.SH,6.3,6.8,6.26,6.7,6.2,0.5,8.0645,4921344.02,3233027.176,0.08064516129032251,0.07755823434587444,6.4159999999999995,6.0815,,0.6611700945039598
2020-08-25,601899.SH,6.76,6.76,6.34,6.6,6.7,-0.1,-1.4925,3681697.77,2400064.577,-0.014925373134328401,-0.015037877364540559,6.464,6.123500000000001,,0.6404680085171336
2020-08-26,601899.SH,6.53,6.72,6.43,6.53,6.6,-0.07,-1.0606,2641054.93,1732649.925,-0.010606060606060508,-0.010662705744040069,6.470000000000001,6.162999999999999,5.277666666666667,0.6425993773074906
2020-08-27,601899.SH,6.66,6.71,6.42,6.48,6.53,-0.05,-0.7657,1868347.77,1223716.664,-0.007656967840734996,-0.007686432924156294,6.502000000000001,6.2045,5.321,0.6394284917957438
2020-08-28,601899.SH,6.45,6.69,6.29,6.65,6.48,0.17,2.6235,2596369.21,1694238.228,0.026234567901234573,0.02589634430357945,6.5920000000000005,6.2445,5.366333333333333,0.6349631552278895
2020-08-31,601899.SH,6.77,7.32,6.76,7.19,6.65,0.54,8.1203,7462873.93,5352225.219,0.08120300751879705,0.0780743170651926,6.69,6.312,5.422,0.6857496411875076
2020-09-01,601899.SH,7.2,7.49,7.15,7.34,7.19,0.15,2.0862,4448013.57,3253480.597,0.020862308762169546,0.02064767089346876,6.838000000000001,6.3895,5.480666666666666,0.6823793513494013
2020-09-02,601899.SH,7.25,7.31,7.02,7.13,7.34,-0.21,-2.861,3468975.11,2474034.081,-0.028610354223433276,-0.029027608200219678,6.958,6.444,5.532666666666667,0.6875436084153224
2020-09-03,601899.SH,7.01,7.25,6.95,7.06,7.13,-0.07,-0.9818,2701345.71,1923632.824,-0.009817671809256745,-0.009866182921053944,7.074,6.468500000000001,5.583,0.6240029576492712
2020-09-04,601899.SH,6.92,7.19,6.91,7.0,7.06,-0.06,-0.8499,2235352.6,1573107.056,-0.008498583569405027,-0.008534902449837331,7.144,6.4864999999999995,5.632833333333333,0.625129239708288
2020-09-07,601899.SH,7.1,7.43,6.97,7.09,7.0,0.09,1.2857,3507561.84,2530520.46,0.0128571428571429,0.01277519148872287,7.124,6.524500000000001,5.6835,0.5969913760787735
2020-09-08,601899.SH,6.99,7.12,6.71,7.04,7.09,-0.05,-0.7052,3058371.77,2109194.439,-0.007052186177715081,-0.007077170374085087,7.064,6.575,5.734666666666667,0.5651531119207106
2020-09-09,601899.SH,6.84,6.99,6.71,6.73,7.04,-0.31,-4.4034,2330087.78,1585961.864,-0.04403409090909083,-0.04503302651331451,6.984,6.6265,5.781666666666666,0.5504042572084502
2020-09-10,601899.SH,6.9,7.17,6.83,6.98,6.73,0.25,3.7147,3434757.41,2407420.871,0.03714710252600306,0.036473773117644756,6.968000000000001,6.6895,5.831333333333333,0.5589223583987813
2020-09-11,601899.SH,6.9,6.96,6.73,6.91,6.98,-0.07,-1.0029,2142922.88,1466902.455,-0.01002865329512903,-0.010079278994702668,6.95,6.746,5.879333333333333,0.5636909239039933
2020-09-14,601899.SH,7.0,7.24,6.85,7.14,6.91,0.23,3.3285,2864991.84,2031960.307,0.0332850940665701,0.0327431385719144,6.959999999999999,6.797499999999999,5.929166666666666,0.5430153235612603
2020-09-15,601899.SH,7.2,7.28,7.11,7.17,7.14,0.03,0.4202,2373181.49,1704384.19,0.004201680672268893,0.004192878260035958,6.986,6.837999999999999,5.979333333333333,0.529287914339006
2020-09-16,601899.SH,7.05,7.14,6.92,7.04,7.17,-0.13,-1.8131,1686207.65,1184866.871,-0.018131101813110173,-0.01829748444157795,7.048,6.865,6.025833333333334,0.5328796313623818
2020-09-17,601899.SH,6.98,6.99,6.74,6.8,7.04,-0.24,-3.4091,2336310.54,1594086.151,-0.03409090909090917,-0.0346855579878901,7.0120000000000005,6.889,6.0685,0.5384644558898404
2020-09-18,601899.SH,6.86,7.05,6.82,7.03,6.8,0.23,3.3824,2209224.64,1533430.24,0.03382352941176481,0.03326409364051262,7.036,6.930499999999999,6.112666666666667,0.5409277338571017
2020-09-21,601899.SH,7.02,7.11,6.83,6.87,7.03,-0.16,-2.276,1980036.84,1377199.173,-0.022759601706970112,-0.023022599588315547,6.981999999999999,6.939,6.154333333333333,0.47422173449364124
2020-09-22,601899.SH,6.6,6.77,6.51,6.56,6.87,-0.31,-4.5124,2819165.03,1871226.401,-0.0451237263464338,-0.04617350327826033,6.859999999999999,6.937,6.190333333333333,0.49967045209454286
2020-09-23,601899.SH,6.58,6.63,6.38,6.45,6.56,-0.11,-1.6768,2568024.97,1660748.399,-0.01676829268292679,-0.01691047214831651,6.742,6.933,6.221333333333333,0.5019052631887414
2020-09-24,601899.SH,6.28,6.3,6.0,6.02,6.45,-0.43,-6.6667,3943617.53,2413826.183,-0.06666666666666676,-0.06899287148695156,6.586,6.909999999999999,6.244666666666666,0.5545610479645622
2020-09-25,601899.SH,6.13,6.24,6.1,6.2,6.02,0.18,2.99,2207188.04,1363147.84,0.029900332225913706,0.029462032730316282,6.42,6.8875,6.268833333333333,0.5572787315506277
2020-09-28,601899.SH,6.22,6.28,6.09,6.19,6.2,-0.01,-0.1613,1558394.87,966583.391,-0.001612903225806428,-0.0016142053545411135,6.284,6.8375,6.286833333333334,0.4606361549895004
2020-09-29,601899.SH,6.32,6.42,6.16,6.19,6.19,0.0,0.0,2081150.87,1300959.855,0.0,0.0,6.21,6.780000000000001,6.304500000000001,0.4496884592068341
2020-09-30,601899.SH,6.25,6.29,6.07,6.15,6.19,-0.04,-0.6462,1601177.15,988075.369,-0.00646203554119551,-0.006483004878078266,6.15,6.730999999999999,6.313999999999999,0.4431138882559743
2020-10-09,601899.SH,6.25,6.28,6.15,6.22,6.15,0.07,1.1382,2556388.92,1588025.395,0.011382113821138073,0.011317824932661437,6.19,6.689,6.315333333333333,0.44768681778053365
2020-10-12,601899.SH,6.24,6.59,6.24,6.58,6.22,0.36,5.7878,2839801.4,1845566.147,0.05787781350482324,0.056264838586137844,6.266,6.668000000000001,6.330666666666667,0.501415128841154
2020-10-13,601899.SH,6.54,6.6,6.42,6.58,6.58,0.0,0.0,1438547.06,938112.526,0.0,0.0,6.344,6.6425,6.340333333333334,0.4982207691308323
2020-10-14,601899.SH,6.41,6.54,6.37,6.49,6.58,-0.09,-1.3678,1269640.96,820486.584,-0.013677811550151908,-0.013772214621227139,6.404000000000001,6.615,6.3515,0.4994440105968979
2020-10-15,601899.SH,6.51,6.67,6.49,6.56,6.49,0.07,1.0786,1323630.29,871390.723,0.010785824345146189,0.01072807223999886,6.486,6.6065,6.366666666666666,0.47800944862379446
2020-10-16,601899.SH,6.7,6.82,6.56,6.59,6.56,0.03,0.4573,1641056.65,1094957.743,0.004573170731707377,0.004562745558418237,6.56,6.587000000000001,6.385833333333334,0.4572022702112388
2020-10-19,601899.SH,6.6,6.71,6.48,6.68,6.59,0.09,1.3657,1462372.82,970042.975,0.01365705614567525,0.013564639034138492,6.58,6.5755,6.4079999999999995,0.4597352619783343
2020-10-20,601899.SH,6.71,6.82,6.57,6.75,6.68,0.07,1.0479,1816486.07,1221323.954,0.010479041916167775,0.010424517335884207,6.614,6.556,6.4270000000000005,0.44383917207053497
2020-10-21,601899.SH,6.88,7.04,6.88,6.97,6.75,0.22,3.2593,2509752.2,1747918.62,0.032592592592592506,0.032072719887993976,6.709999999999999,6.545999999999999,6.4485,0.46059113557294246
2020-10-22,601899.SH,6.99,7.0,6.86,6.96,6.97,-0.01,-0.1435,1322485.68,915540.071,-0.001434720229555153,-0.0014357504261041534,6.789999999999999,6.542,6.467,0.4561516620211362
2020-10-23,601899.SH,6.87,7.03,6.86,6.91,6.96,-0.05,-0.7184,1230504.31,854363.385,-0.007183908045977017,-0.0072098365667497555,6.854000000000001,6.547499999999999,6.485166666666667,0.43930650691341266
2020-10-26,601899.SH,6.91,7.07,6.77,7.04,6.91,0.13,1.8813,1871010.86,1301961.103,0.01881331403762654,0.018638532390372414,6.926,6.547999999999999,6.508666666666667,0.4275829647708651
2020-10-27,601899.SH,7.0,7.1,6.98,7.07,7.04,0.03,0.4261,1258881.67,885737.458,0.0042613636363637575,0.004252309738530476,6.99,6.558,6.526166666666668,0.4188239659819519
2020-10-28,601899.SH,7.05,7.23,7.0,7.16,7.07,0.09,1.273,1656741.01,1180890.656,0.012729844413012614,0.012649501064072744,7.0280000000000005,6.587999999999999,6.549499999999999,0.3816040468384504
2020-10-29,601899.SH,6.95,7.08,6.88,7.01,7.16,-0.15,-2.095,1508364.85,1056418.009,-0.020949720670391137,-0.021172279926055602,7.037999999999999,6.616,6.570666666666667,0.3849921919426945
2020-10-30,601899.SH,7.04,7.28,6.95,6.99,7.01,-0.02,-0.2853,1966058.79,1391936.745,-0.0028530670470755526,-0.00285714480077978,7.054,6.664499999999999,6.593,0.2813199572049032
2020-11-02,601899.SH,7.07,7.22,7.0,7.19,6.99,0.2,2.8612,2020343.8,1447781.684,0.028612303290414864,0.02821061548723642,7.0840000000000005,6.714,6.615333333333334,0.2800024901068658
2020-11-03,601899.SH,7.26,7.89,7.22,7.65,7.19,0.46,6.3978,4167177.38,3170877.78,0.06397774687065372,0.06201447610548918,7.2,6.787000000000001,6.6455,0.3414887824061854
2020-11-04,601899.SH,7.65,7.73,7.51,7.67,7.65,0.02,0.2614,1987352.71,1518356.031,0.002614379084967311,0.0026109675407203397,7.302,6.861,6.676833333333334,0.3405108457380229
2020-11-05,601899.SH,7.74,7.8,7.51,7.66,7.67,-0.01,-0.1304,2206846.41,1687147.407,-0.0013037809647978849,-0.0013046316266648581,7.432,6.9365,6.703833333333334,0.337483289555691
2020-11-06,601899.SH,7.85,8.03,7.76,7.9,7.66,0.24,3.1332,3183439.76,2518923.528,0.031331592689294974,0.030850775720475815,7.614,7.0205,6.726,0.34493576492736244
2020-11-09,601899.SH,8.02,8.17,7.95,8.13,7.9,0.23,2.9114,2937042.61,2374099.304,0.029113924050633067,0.028698164086743565,7.802000000000001,7.097999999999999,6.750833333333333,0.30755115534429717
2020-11-10,601899.SH,7.75,7.86,7.61,7.7,8.13,-0.43,-5.2891,3895310.53,3017574.704,-0.052890528905289114,-0.054340594700081124,7.812,7.154000000000001,6.773666666666667,0.3807848696491191
2020-11-11,601899.SH,7.68,7.75,7.5,7.53,7.7,-0.17,-2.2078,2231263.01,1695610.304,-0.02207792207792203,-0.022325287047835908,7.784000000000001,7.206,6.798666666666667,0.3882688838655528
2020-11-12,601899.SH,7.47,7.72,7.34,7.67,7.53,0.14,1.8592,2480240.7,1876190.343,0.01859229747675961,0.018421573567362595,7.786000000000001,7.2615,6.831500000000001,0.39006512395192955
2020-11-13,601899.SH,7.7,7.77,7.52,7.64,7.67,-0.03,-0.3911,1555713.12,1189078.819,-0.003911342894393766,-0.003919012200735719,7.734,7.314,6.8635,0.3922486019314222
2020-11-16,601899.SH,7.78,8.3,7.78,8.19,7.64,0.55,7.199,4026423.61,3255892.344,0.07198952879581144,0.06951629468654887,7.7459999999999996,7.389500000000001,6.903666666666667,0.4538029711653803
2020-11-17,601899.SH,8.19,8.41,8.11,8.21,8.19,0.02,0.2442,2899421.55,2389264.147,0.0024420024420026554,0.0024390255993590104,7.847999999999999,7.4625,6.938666666666666,0.4547330751656908
2020-11-18,601899.SH,8.16,8.86,8.15,8.42,8.21,0.21,2.5579,4670882.37,3978854.137,0.025578562728379994,0.025256904789898477,8.026,7.535000000000001,6.973,0.45082157961813196
2020-11-19,601899.SH,8.35,8.43,8.11,8.38,8.42,-0.04,-0.4751,2331696.86,1929711.761,-0.004750593824227933,-0.004761913760243591,8.168,7.606,7.004333333333333,0.4520765439070458
2020-11-20,601899.SH,8.34,8.98,8.3,8.98,8.38,0.6,7.1599,3415948.72,2976508.137,0.07159904534606198,0.0691519678201165,8.436000000000002,7.7095,7.048666666666667,0.4972722940405637
2020-11-23,601899.SH,9.16,9.43,8.82,9.16,8.98,0.18,2.0045,4908665.58,4501613.89,0.020044543429843964,0.019846296371930534,8.63,7.8155,7.098,0.4974611554425003
2020-11-24,601899.SH,8.89,9.16,8.81,9.15,9.16,-0.01,-0.1092,3680289.05,3304259.942,-0.0010917030567685337,-0.0010922993986089273,8.818,7.919499999999999,7.138833333333333,0.49916929375873453
2020-11-25,601899.SH,9.12,9.4,8.6,8.62,9.15,-0.53,-5.7923,5274695.2,4694577.304,-0.057923497267759694,-0.059668794611828356,8.858,7.9925,7.1725,0.5598200965924378
2020-11-26,601899.SH,8.62,8.86,8.58,8.86,8.62,0.24,2.7842,2967231.24,2592404.151,0.0278422273781902,0.027461679941387797,8.953999999999999,8.085,7.211333333333333,0.5508698506979675
2020-11-27,601899.SH,9.0,9.1,8.68,8.95,8.86,0.09,1.0158,2584832.74,2294451.403,0.010158013544018019,0.010106767669774384,8.947999999999999,8.183,7.2525,0.5480370489514869
2020-11-30,601899.SH,8.91,9.47,8.82,9.29,8.95,0.34,3.7989,4303074.15,3983057.663,0.03798882681564253,0.037285020538983214,8.974,8.288,7.296499999999999,0.5525723615577313
2020-12-01,601899.SH,9.13,9.39,9.05,9.39,9.29,0.1,1.0764,2607390.41,2408544.752,0.010764262648008671,0.01070674039442445,9.022,8.375,7.333166666666667,0.519341225405985
2020-12-02,601899.SH,9.55,9.7,9.2,9.35,9.39,-0.04,-0.426,3301628.69,3118879.123,-0.00425985090521841,-0.0042689499195760015,9.168,8.459,7.366666666666666,0.521348592481379
2020-12-03,601899.SH,9.22,9.29,8.77,8.86,9.35,-0.49,-5.2406,3773818.19,3377235.827,-0.05240641711229954,-0.05382957868360613,9.168000000000001,8.519,7.3955,0.5662666993493741
2020-12-04,601899.SH,8.88,9.15,8.75,9.13,8.86,0.27,3.0474,2677968.59,2408571.976,0.030474040632054278,0.03001892998988762,9.203999999999999,8.5805,7.430000000000001,0.5658041863154833
2020-12-07,601899.SH,9.07,9.18,8.71,8.81,9.13,-0.32,-3.5049,2648611.78,2348355.262,-0.03504928806133634,-0.035678254658789044,9.108,8.614500000000001,7.460166666666667,0.5795166013711264
2020-12-08,601899.SH,8.91,9.13,8.8,8.91,8.81,0.1,1.1351,2857068.59,2557945.104,0.011350737797956922,0.011286801534629855,9.012,8.675,7.4905,0.5383079761086876
2020-12-09,601899.SH,8.92,9.05,8.68,8.71,8.91,-0.2,-2.2447,2348364.36,2066947.594,-0.022446689113355678,-0.02270245061830641,8.884,8.733999999999998,7.5183333333333335,0.538581580957245
2020-12-10,601899.SH,8.51,8.6,8.2,8.55,8.71,-0.16,-1.837,2977646.91,2506752.991,-0.018369690011481032,-0.018540507915742552,8.822,8.778,7.548666666666667,0.5447484690055434
2020-12-11,601899.SH,8.81,8.84,8.29,8.43,8.55,-0.12,-1.4035,2854863.38,2443012.61,-0.0140350877192984,-0.014134510934904919,8.682,8.817499999999999,7.5728333333333335,0.5483650464983593
2020-12-14,601899.SH,8.3,8.57,8.2,8.51,8.43,0.08,0.949,1912955.95,1611031.526,0.009489916963226541,0.009445170571518648,8.622,8.833499999999999,7.599500000000001,0.4895733174937279
2020-12-15,601899.SH,8.42,8.45,8.11,8.33,8.51,-0.18,-2.1152,2850117.27,2347146.659,-0.021151586368977626,-0.021378486406531397,8.506,8.839500000000001,7.6193333333333335,0.4966395414319799
2020-12-16,601899.SH,8.43,8.5,8.19,8.38,8.33,0.05,0.6002,1955606.38,1632712.271,0.006002400960384291,0.005984458315240486,8.440000000000001,8.8375,7.6395,0.4886870737368844
2020-12-17,601899.SH,8.41,8.83,8.38,8.83,8.38,0.45,5.3699,3595536.28,3111877.662,0.05369928400954649,0.05230710012187693,8.496,8.86,7.6693333333333324,0.5236105901212259
2020-12-18,601899.SH,8.95,9.33,8.92,9.19,8.83,0.36,4.077,3749245.12,3428916.939,0.040770101925254654,0.039960921751726886,8.648,8.870500000000002,7.709166666666666,0.47974382840876156
2020-12-21,601899.SH,9.33,9.48,9.16,9.39,9.19,0.2,2.1763,2800665.75,2615269.45,0.021762785636561643,0.02152935685257602,8.824000000000002,8.882,7.748500000000001,0.4806582552078957
2020-12-22,601899.SH,9.18,9.23,8.71,8.75,9.39,-0.64,-6.8158,3915256.07,3516910.192,-0.06815761448349311,-0.07059159285064852,8.908,8.862,7.779833333333333,0.5409558331000841
2020-12-23,601899.SH,8.67,8.85,8.52,8.77,8.75,0.02,0.2286,2498466.68,2175904.494,0.0022857142857142243,0.00228310601456855,8.985999999999999,8.8695,7.816666666666666,0.4984714450878503
2020-12-24,601899.SH,8.82,9.07,8.82,8.91,8.77,0.14,1.5964,2009870.38,1799389.702,0.015963511972634015,0.015837435098626305,9.001999999999999,8.872,7.857666666666668,0.4918327884957748
2020-12-25,601899.SH,8.93,9.3,8.71,9.27,8.91,0.36,4.0404,2733569.14,2487214.501,0.04040404040404044,0.03960913809504588,9.018,8.888,7.911833333333334,0.5108631242948791
2020-12-28,601899.SH,9.37,9.65,9.35,9.44,9.27,0.17,1.8339,3210290.1,3055390.719,0.01833872707659112,0.018172600579645502,9.028,8.8955,7.965833333333333,0.49721194486707565
2020-12-29,601899.SH,9.51,9.55,9.1,9.1,9.44,-0.34,-3.6017,2440644.36,2254838.142,-0.03601694915254239,-0.03668156663460498,9.097999999999999,8.881,8.014333333333333,0.5128495498804567
2020-12-30,601899.SH,9.09,9.36,8.99,9.27,9.1,0.17,1.8681,2451022.32,2258500.597,0.018681318681318615,0.01850896605495936,9.198,8.876999999999999,8.065666666666667,0.5174005954920237
2020-12-31,601899.SH,9.32,9.43,9.16,9.29,9.27,0.02,0.2157,2438899.64,2267849.82,0.0021574973031284195,0.002155173247983412,9.274,8.898500000000002,8.118,0.4787999210720081
2021-01-04,601899.SH,9.42,10.17,9.38,10.04,9.29,0.75,8.0732,4451683.34,4361922.843,0.08073196986006459,0.077638561437836,9.427999999999999,8.943999999999999,8.181666666666667,0.545856065025563
2021-01-05,601899.SH,10.09,10.25,9.85,10.21,10.04,0.17,1.6932,3627381.82,3659225.117,0.01693227091633487,0.016790517912991253,9.581999999999999,9.014,8.242166666666666,0.5256804579680654
2021-01-06,601899.SH,10.45,10.79,10.31,10.5,10.21,0.29,2.8404,3827860.05,4029757.962,0.028403525954945996,0.02800762498690337,9.862,9.0935,8.307500000000001,0.5306185499927865
2021-01-07,601899.SH,10.43,11.32,10.38,11.18,10.5,0.68,6.4762,4479541.21,4908866.978,0.0647619047619048,0.06275121056347545,10.244,9.217,8.385666666666667,0.5524163127244875
2021-01-08,601899.SH,11.4,11.52,10.9,11.35,11.18,0.17,1.5206,3894305.78,4344575.344,0.015205724508050134,0.015091276200458624,10.656,9.357,8.4655,0.5397321827590245
2021-01-11,601899.SH,10.9,11.12,10.5,10.67,11.35,-0.68,-5.9912,4716888.1,5095583.004,-0.05991189427312771,-0.061781678613749634,10.782,9.469,8.5335,0.5940828432245083
2021-01-12,601899.SH,10.3,10.9,10.23,10.9,10.67,0.23,2.1556,3303862.49,3497531.108,0.021555763823805085,0.02132672392143604,10.92,9.5885,8.603833333333334,0.5948106700667146
2021-01-13,601899.SH,10.92,11.56,10.51,10.68,10.9,-0.22,-2.0183,4465501.41,4931502.129,-0.020183486238532167,-0.020389955703049294,10.956,9.706,8.669333333333332,0.5940803141271378
2021-01-14,601899.SH,10.62,10.72,10.31,10.43,10.68,-0.25,-2.3408,2489240.15,2614963.25,-0.023408239700374533,-0.023686564519367705,10.806000000000001,9.808499999999999,8.727,0.6078005945261863
2021-01-15,601899.SH,10.59,10.88,10.24,10.56,10.43,0.13,1.2464,2659115.95,2800597.213,0.012464046021092967,0.012387009265434302,10.648,9.895,8.786999999999999,0.5872861146110785
2021-01-18,601899.SH,10.3,10.71,9.93,10.69,10.56,0.13,1.2311,2976872.79,3080365.298,0.012310606060605966,0.01223544675883835,10.652,9.969999999999999,8.85,0.5758533783084505
2021-01-19,601899.SH,10.55,10.74,10.14,10.28,10.69,-0.41,-3.8354,2415155.75,2515421.37,-0.03835360149672595,-0.039108465009934854,10.528,10.0145,8.904,0.5962697103137609
2021-01-20,601899.SH,10.28,10.66,10.28,10.56,10.28,0.28,2.7237,2075436.82,2181268.565,0.027237354085603238,0.026873018251096486,10.504,10.105,8.962166666666667,0.5334317869913482
2021-01-21,601899.SH,10.7,11.15,10.62,10.97,10.56,0.41,3.8826,3274004.97,3571286.803,0.03882575757575757,0.03809099600902346,10.612,10.215,9.025666666666666,0.5421409042848889
2021-01-22,601899.SH,10.87,10.99,10.66,10.83,10.97,-0.14,-1.2762,2090613.46,2266390.398,-0.012762078395624488,-0.012844213274239692,10.666,10.311,9.089333333333334,0.548766839939595
2021-01-25,601899.SH,10.84,11.34,10.72,11.05,10.83,0.22,2.0314,3021294.87,3350992.978,0.02031394275161591,0.02011036695086261,10.738,10.4,9.157,0.5387246432741093
2021-01-26,601899.SH,11.0,11.0,10.51,10.74,11.05,-0.31,-2.8054,2688774.6,2893638.774,-0.028054298642533948,-0.028455338883043205,10.83,10.465,9.216166666666664,0.5534428753640509
2021-01-27,601899.SH,10.79,10.92,10.15,10.42,10.74,-0.32,-2.9795,2645933.33,2751539.537,-0.029795158286778478,-0.030248052755497853,10.802000000000001,10.530999999999999,9.262333333333334,0.547430222711182
2021-01-28,601899.SH,10.0,10.21,9.6,9.68,10.42,-0.74,-7.1017,3518937.79,3475714.738,-0.07101727447216888,-0.07366513503673518,10.544,10.5515,9.295833333333333,0.6116448325282556
2021-01-29,601899.SH,9.9,10.0,9.31,9.6,9.68,-0.08,-0.8264,2771399.66,2676524.826,-0.008264462809917328,-0.008298802814695066,10.297999999999998,10.567,9.328166666666668,0.6129234474574206
2021-02-01,601899.SH,9.94,10.48,9.82,10.44,9.6,0.84,8.75,3552252.41,3610966.764,0.08749999999999991,0.08388148398070203,10.176,10.587,9.370499999999998,0.6247594460312189
2021-02-02,601899.SH,10.48,10.89,10.33,10.8,10.44,0.36,3.4483,2807999.53,2988213.539,0.034482758620689724,0.033901551675681416,10.187999999999999,10.616499999999998,9.415,0.6331167510168018
2021-02-03,601899.SH,10.59,10.76,10.25,10.49,10.8,-0.31,-2.8704,2814689.16,2949954.724,-0.028703703703703787,-0.029123711721968287,10.202,10.616,9.461500000000001,0.6358480263851024
2021-02-04,601899.SH,10.5,10.56,10.03,10.15,10.49,-0.34,-3.2412,1866061.41,1910565.322,-0.0324118207816968,-0.03294871692040941,10.296,10.5645,9.505166666666666,0.5984793454897752
2021-02-05,601899.SH,9.99,10.34,9.73,9.8,10.15,-0.35,-3.4483,2633404.22,2621783.115,-0.03448275862068961,-0.03509131981127006,10.336,10.487,9.540666666666665,0.6031387503667273
2021-02-08,601899.SH,10.1,10.65,10.06,10.59,9.8,0.79,8.0612,3024479.65,3151110.631,0.08061224489795915,0.07752777393678882,10.366,10.483,9.589833333333333,0.6434181809931296
2021-02-09,601899.SH,10.98,11.35,10.78,11.34,10.59,0.75,7.0822,3470999.78,3868479.613,0.07082152974504252,0.06842613868629095,10.474,10.504999999999999,9.642333333333333,0.6871859855611628
2021-02-10,601899.SH,11.47,12.28,11.43,12.08,11.34,0.74,6.5256,4267623.33,5065308.198,0.06525573192239853,0.06321489420706282,10.792,10.575,9.706833333333334,0.7155313550239124
2021-02-18,601899.SH,13.29,13.29,13.29,13.29,12.08,1.21,10.0166,817537.72,1086507.63,0.1001655629139071,0.0954606802184849,11.42,10.718,9.788,0.777364130611511
2021-02-19,601899.SH,13.67,14.11,12.89,13.64,13.29,0.35,2.6336,10088024.28,13756431.472,0.0263355906696765,0.02599477969016213,12.187999999999999,10.872,9.875666666666666,0.7787228170028714
2021-02-22,601899.SH,14.46,15.0,14.32,14.63,13.64,0.99,7.2581,10318890.97,15225407.084,0.07258064516129026,0.07006756261671684,12.996,11.068999999999999,9.969833333333334,0.8059009031442531
2021-02-23,601899.SH,14.1,14.54,13.77,13.85,14.63,-0.78,-5.3315,7172831.82,10155195.094,-0.05331510594668498,-0.05478898239868553,13.498,11.2475,10.048,0.8211399333882697
2021-02-24,601899.SH,13.95,14.27,12.55,13.1,13.85,-0.75,-5.4152,7639291.57,10206863.198,-0.054151624548736454,-0.05567300242624164,13.702000000000002,11.374500000000001,10.113833333333334,0.8567666886420203
2021-02-25,601899.SH,13.65,13.74,12.88,12.98,13.1,-0.12,-0.916,5468066.8,7290211.659,-0.009160305343511421,-0.009202518931161894,13.64,11.475,10.186499999999999,0.8539126675470221
2021-02-26,601899.SH,12.19,12.56,11.98,12.19,12.98,-0.79,-6.0863,6361448.99,7798379.241,-0.06086286594761181,-0.06279376778276388,13.35,11.543,10.241999999999999,0.8871887288888745
2021-03-01,601899.SH,12.22,12.4,11.76,12.32,12.19,0.13,1.0664,5318990.42,6448600.368,0.010664479081214262,0.010608014612193713,12.888,11.6065,10.298166666666669,0.8859851029781718
2021-03-02,601899.SH,12.1,12.1,11.55,11.75,12.32,-0.57,-4.6266,4957000.45,5849304.562,-0.04626623376623373,-0.04737071751520572,12.468,11.657,10.339166666666666,0.8977971814585727
2021-03-03,601899.SH,11.96,12.35,11.8,12.32,11.75,0.57,4.8511,5221989.87,6320032.303,0.04851063829787239,0.047370717515205794,12.312000000000001,11.752,10.388,0.8994161066790928
2021-03-04,601899.SH,11.93,12.03,11.2,11.45,12.32,-0.87,-7.0617,6036985.24,7008365.502,-0.07061688311688319,-0.07323422810512514,12.006,11.8405,10.423,0.8989392540105687
2021-03-05,601899.SH,10.78,11.13,10.6,11.0,11.45,-0.45,-3.9301,5329567.69,5798586.694,-0.0393013100436681,-0.04009445720187809,11.768,11.9105,10.458666666666668,0.9138995610794598
2021-03-08,601899.SH,11.33,11.4,10.59,10.67,11.0,-0.33,-3.0,4181964.96,4602169.063,-0.030000000000000027,-0.030459207484708574,11.437999999999999,11.922,10.484333333333332,0.8732556477236904
2021-03-09,601899.SH,10.7,11.07,10.01,10.71,10.67,0.04,0.3749,5052060.86,5344246.0,0.0037488284910967007,0.0037418191459955698,11.23,11.9175,10.516,0.8651064957192629
2021-03-10,601899.SH,10.79,10.8,10.35,10.49,10.71,-0.22,-2.0542,2964777.78,3119352.16,-0.020541549953314697,-0.020755462051451633,10.864,11.9175,10.542333333333335,0.861872215779719
2021-03-11,601899.SH,10.65,11.54,10.54,11.54,10.49,1.05,10.0095,5729979.2,6359017.076,0.100095328884652,0.09539683867174766,10.882000000000001,11.986999999999998,10.5895,0.9193928681691144
2021-03-12,601899.SH,11.71,11.77,11.06,11.35,11.54,-0.19,-1.6464,4608701.9,5259841.299,-0.016464471403812797,-0.01660151715254179,10.952,12.064499999999999,10.636166666666668,0.9105310213010032
2021-03-15,601899.SH,11.3,11.64,10.97,11.25,11.35,-0.1,-0.8811,4182744.07,4730861.426,-0.008810572687224627,-0.0088496152769825,11.068000000000001,12.0975,10.683166666666667,0.8716245552371071
2021-03-16,601899.SH,11.28,11.3,10.75,11.11,11.25,-0.14,-1.2444,3053934.54,3362527.959,-0.01244444444444448,-0.012522524998890549,11.148,12.086,10.7265,0.8369325097587343
2021-03-17,601899.SH,10.8,11.11,10.66,11.09,11.11,-0.02,-0.18,2444710.19,2672406.853,-0.0018001800180017513,-0.001801802289262911,11.267999999999999,12.0365,10.772499999999999,0.8009498384600686
2021-03-18,601899.SH,11.4,11.57,11.15,11.18,11.09,0.09,0.8115,3025834.7,3428045.77,0.008115419296663706,0.00808266636467748,11.196,11.931000000000001,10.819166666666666,0.704399847164975
2021-03-19,601899.SH,10.82,11.03,10.69,10.83,11.18,-0.35,-3.1306,3606422.31,3899339.14,-0.03130590339892658,-0.031806406714053784,11.091999999999999,11.7905,10.8525,0.6971558679882952
2021-03-22,601899.SH,10.75,10.84,10.41,10.66,10.83,-0.17,-1.5697,3112958.86,3300885.479,-0.01569713758079405,-0.015821642275200724,10.974,11.592,10.877,0.6241103867951088
2021-03-23,601899.SH,10.78,10.84,10.0,10.13,10.66,-0.53,-4.9719,4379617.17,4499471.589,-0.04971857410881797,-0.05099710047710643,10.778,11.405999999999999,10.889333333333333,0.6213046763732065
2021-03-24,601899.SH,9.9,10.03,9.3,9.36,10.13,-0.77,-7.6012,5733232.38,5474910.242,-0.07601184600197441,-0.07905602777109143,10.432,11.219,10.8995,0.6440957317558168
2021-03-25,601899.SH,9.45,9.79,9.41,9.56,9.36,0.2,2.1368,3972658.45,3817736.537,0.021367521367521514,0.021142436573809383,10.108,11.048,10.912666666666667,0.6573083295511174
2021-03-26,601899.SH,9.6,10.02,9.52,9.91,9.56,0.35,3.6611,4088981.74,3995802.973,0.03661087866108792,0.03595662127858676,9.924000000000001,10.934000000000001,10.929333333333334,0.6569230153432185
2021-03-29,601899.SH,9.92,10.0,9.65,9.93,9.91,0.02,0.2018,2950060.09,2907970.635,0.0020181634712410634,0.0020161297151844956,9.778,10.8145,10.940333333333335,0.654115068716346
2021-03-30,601899.SH,9.81,10.16,9.68,9.93,9.93,0.0,0.0,2960793.12,2938037.287,0.0,0.0,9.738,10.723500000000001,10.9485,0.6404980763549235
2021-03-31,601899.SH,9.81,9.83,9.45,9.62,9.93,-0.31,-3.1219,3417478.4,3274537.358,-0.03121852970795569,-0.031716213379466104,9.79,10.5885,10.957166666666666,0.6096204696512351
2021-04-01,601899.SH,9.72,9.82,9.61,9.74,9.62,0.12,1.2474,2308156.65,2240304.735,0.012474012474012586,0.01239685297682872,9.826,10.503,10.965,0.573190348243836
2021-04-02,601899.SH,9.85,10.14,9.82,10.13,9.74,0.39,4.0041,3953497.29,3962425.756,0.04004106776180705,0.03926020060614834,9.870000000000001,10.4595,10.979000000000001,0.5837966088883505
2021-04-06,601899.SH,10.35,10.44,10.13,10.15,10.13,0.02,0.1974,3060848.79,3141800.03,0.001974333662388972,0.001972387227204354,9.914,10.433499999999999,10.980833333333331,0.5755036876044385
2021-04-07,601899.SH,10.25,10.29,9.9,10.24,10.15,0.09,0.8867,2530684.08,2555155.701,0.008866995073891548,0.00882791412356531,9.976,10.41,10.981333333333334,0.5764534186875906
2021-04-08,601899.SH,10.2,10.68,10.07,10.53,10.24,0.29,2.832,4099222.88,4297622.177,0.0283203125,0.027926706534522408,10.158000000000001,10.412,10.981833333333334,0.5812566745309994
2021-04-09,601899.SH,10.59,10.62,10.25,10.29,10.53,-0.24,-2.2792,2277268.36,2361921.477,-0.02279202279202286,-0.023055776299925963,10.268,10.3495,10.967,0.4522445241468884
2021-04-12,601899.SH,10.17,10.17,9.6,9.68,10.29,-0.61,-5.9281,3825769.74,3746359.621,-0.05928085519922255,-0.06111064855747259,10.178,10.266000000000002,10.939166666666667,0.4901807474078036
2021-04-13,601899.SH,9.59,9.83,9.51,9.7,9.68,0.02,0.2066,2154622.08,2092158.73,0.0020661157024792765,0.0020639842208514275,10.088,10.188500000000001,10.923,0.4913038037235381
2021-04-14,601899.SH,9.72,9.97,9.72,9.93,9.7,0.23,2.3711,2223545.97,2196393.986,0.023711340206185705,0.023434592547744222,10.026,10.1295,10.906833333333333,0.5025464973107973
2021-04-15,601899.SH,10.1,10.24,9.8,10.21,9.93,0.28,2.8197,2835966.84,2851263.081,0.02819738167170205,0.027807154119493097,9.962,10.0855,10.899000000000001,0.5162627116625563
2021-04-16,601899.SH,10.57,10.69,10.2,10.23,10.21,0.02,0.1959,4119577.71,4305401.933,0.0019588638589618235,0.001956947786960947,9.95,10.038,10.895666666666667,0.5148683131253382
2021-04-19,601899.SH,10.24,10.65,9.98,10.65,10.23,0.42,4.1056,3998966.57,4173023.438,0.04105571847507328,0.04023531219189897,10.144000000000002,10.029,10.897166666666667,0.527731350793711
2021-04-20,601899.SH,10.5,10.86,10.46,10.74,10.65,0.09,0.8451,3751637.53,4012678.442,0.008450704225352101,0.008415196925284498,10.352,10.033,10.898,0.5253444429024081
2021-04-21,601899.SH,10.5,10.66,10.35,10.55,10.74,-0.19,-1.7691,2409943.49,2536689.651,-0.017690875232774572,-0.017849229158643024,10.476,10.054,10.9025,0.49588634836629186
2021-04-22,601899.SH,10.66,10.83,10.52,10.6,10.55,0.05,0.4739,2588947.72,2766959.349,0.004739336492890933,0.004728141195945896,10.554,10.116,10.903166666666666,0.39984641094153744
2021-04-23,601899.SH,10.56,10.82,10.41,10.78,10.6,0.18,1.6981,2855180.3,3056599.836,0.016981132075471583,0.016838564362829524,10.664000000000001,10.177,10.9,0.3979883653446581
2021-04-26,601899.SH,11.03,11.4,10.93,11.15,10.78,0.37,3.4323,4862268.06,5443923.867,0.03432282003710574,0.033746932425276654,10.764,10.239,10.905333333333335,0.3957555941125334
2021-04-27,601899.SH,11.32,11.54,11.01,11.29,11.15,0.14,1.2556,4908818.15,5550831.104,0.01255605381165914,0.012477880255442832,10.873999999999999,10.306999999999999,10.909333333333334,0.3960429141930615
2021-04-28,601899.SH,11.02,11.23,10.85,11.09,11.29,-0.2,-1.7715,2991605.4,3308172.913,-0.017714791851195733,-0.017873576799294966,10.982,10.364999999999998,10.915166666666668,0.4049316886675898
2021-04-29,601899.SH,11.31,11.48,11.16,11.36,11.09,0.27,2.4346,3528537.29,3995319.718,0.024346257889990897,0.02405461193072954,11.133999999999999,10.452000000000002,10.930833333333334,0.3850112907484469
2021-04-30,601899.SH,11.2,11.41,10.85,11.03,11.36,-0.33,-2.9049,3699750.95,4087299.495,-0.029049295774647876,-0.02947958002759418,11.184000000000001,10.516499999999999,10.953333333333335,0.4070915284284545
2021-05-06,601899.SH,11.56,11.97,11.41,11.54,11.03,0.51,4.6238,4983832.83,5803831.804,0.04623753399818664,0.04520042781454228,11.261999999999999,10.587,10.985666666666667,0.4143811216387142
2021-05-07,601899.SH,11.97,12.09,11.84,11.92,11.54,0.38,3.2929,5015632.8,5992351.539,0.032928942807625816,0.03239840055725036,11.388,10.6755,11.010333333333334,0.4239939386791839
2021-05-10,601899.SH,12.35,12.5,12.13,12.35,11.92,0.43,3.6074,5777916.0,7112689.364,0.036073825503355694,0.03543840143678249,11.64,10.780999999999999,11.036166666666666,0.4352320270839763
2021-05-11,601899.SH,11.9,11.9,11.31,11.58,12.35,-0.77,-6.2348,5339787.19,6190222.553,-0.06234817813765181,-0.064376590929137,11.684000000000001,10.833499999999999,11.054333333333334,0.498392951353093
2021-05-12,601899.SH,11.5,11.78,11.41,11.75,11.58,0.17,1.468,2670460.39,3109739.688,0.014680483592400595,0.014573768445318689,11.828,10.9065,11.081,0.488084782281123
2021-05-13,601899.SH,11.26,11.41,11.0,11.08,11.75,-0.67,-5.7021,4016873.66,4482547.609,-0.05702127659574463,-0.05871155927103016,11.736,10.976499999999998,11.102333333333336,0.48405750100692785
2021-05-14,601899.SH,11.01,11.12,10.7,11.06,11.08,-0.02,-0.1805,3599662.91,3923947.722,-0.0018050541516244634,-0.0018066852249489244,11.564,11.0445,11.110166666666666,0.4847990823477086
2021-05-17,601899.SH,11.12,11.5,11.0,11.45,11.06,0.39,3.5262,3829053.76,4320022.451,0.035262206148281905,0.03465473390605973,11.383999999999999,11.1205,11.112,0.49175430967456
2021-05-18,601899.SH,11.74,11.88,11.59,11.73,11.45,0.28,2.4454,2937176.78,3452682.329,0.024454148471615866,0.02415993266513558,11.414,11.196499999999999,11.106166666666667,0.4898514598190668
2021-05-19,601899.SH,11.57,11.57,11.32,11.42,11.73,-0.31,-2.6428,2606922.58,2972228.881,-0.026427962489343648,-0.026783458437520023,11.347999999999999,11.256,11.075,0.504202940815979
2021-05-20,601899.SH,10.9,11.1,10.6,10.93,11.42,-0.49,-4.2907,4404490.26,4757953.612,-0.04290718038528896,-0.04385490203941696,11.318000000000001,11.27,11.029833333333332,0.5147564472605132
2021-05-21,601899.SH,10.8,11.03,10.67,10.82,10.93,-0.11,-1.0064,2736405.03,2962046.118,-0.010064043915827936,-0.010115028770111669,11.27,11.274000000000001,10.966333333333333,0.5157797699709159
2021-05-24,601899.SH,10.56,10.76,10.49,10.62,10.82,-0.2,-1.8484,2610637.89,2769535.488,-0.01848428835489846,-0.018657257604542815,11.104000000000001,11.2775,10.9125,0.5161661585767507
2021-05-25,601899.SH,10.69,11.01,10.55,10.93,10.62,0.31,2.919,3091889.27,3349195.352,0.029190207156308823,0.028772286374654392,10.943999999999999,11.294,10.876333333333331,0.5258238329245751
2021-05-26,601899.SH,10.93,11.19,10.88,11.06,10.93,0.13,1.1894,2646249.58,2921685.347,0.011893870082342328,0.011823693905741697,10.872,11.308,10.844333333333335,0.5242168637636839
2021-05-27,601899.SH,11.19,11.24,10.96,11.14,11.06,0.08,0.7233,2357826.74,2619503.633,0.00723327305605781,0.007207238404949167,10.914000000000001,11.307500000000001,10.826833333333333,0.510572007737488
2021-05-28,601899.SH,11.44,11.51,11.19,11.19,11.14,0.05,0.4488,2844792.19,3228782.022,0.004488330341112956,0.004478287824695752,10.988,11.3025,10.807999999999998,0.5088354130136887
2021-05-31,601899.SH,11.29,11.38,11.09,11.23,11.19,0.04,0.3575,2742092.33,3077621.769,0.0035746201966042612,0.0035682464265180975,11.11,11.3095,10.799333333333333,0.5045720130662823
2021-06-01,601899.SH,11.15,11.44,11.07,11.44,11.23,0.21,1.87,2992100.52,3371369.884,0.018699910952804988,0.018527217201300027,11.212,11.3135,10.784666666666668,0.5015125028356372
2021-06-02,601899.SH,11.3,11.4,11.15,11.18,11.44,-0.26,-2.2727,2410513.36,2711209.481,-0.022727272727272707,-0.02298951822469872,11.235999999999999,11.321000000000002,10.780166666666666,0.4969985364519651
2021-06-03,601899.SH,11.14,11.27,11.0,11.0,11.18,-0.18,-1.61,2647300.27,2946459.114,-0.01610017889087656,-0.016231194928582552,11.207999999999998,11.294,10.780166666666666,0.47054130706032465
2021-06-04,601899.SH,10.51,10.97,10.39,10.84,11.0,-0.16,-1.4545,4028980.84,4289951.088,-0.014545454545454528,-0.014652276786870375,11.138,11.24,10.783,0.45371567452058215
2021-06-07,601899.SH,10.87,11.32,10.85,11.17,10.84,0.33,3.0443,3323563.03,3695016.909,0.030442804428044257,0.029988617069609168,11.126000000000001,11.181000000000001,10.790666666666665,0.447459739627641
2021-06-08,601899.SH,11.29,11.35,10.99,11.06,11.17,-0.11,-0.9848,2614843.16,2907604.384,-0.009847806624888045,-0.009896616986920551,11.05,11.155,10.800166666666666,0.3931444250887439
2021-06-09,601899.SH,11.2,11.2,10.91,11.08,11.06,0.02,0.1808,2073771.9,2297180.997,0.001808318264014508,0.0018066852249490513,11.030000000000001,11.121500000000001,10.792499999999999,0.38852865317062324
2021-06-10,601899.SH,11.1,11.24,11.05,11.07,11.08,-0.01,-0.0903,2160829.02,2404639.032,-0.0009025270758122872,-0.0009029345985922534,11.044,11.121,10.787833333333333,0.33119296612974386
2021-06-11,601899.SH,11.12,11.27,10.81,11.0,11.07,-0.07,-0.6323,4185144.73,4630407.469,-0.006323396567299078,-0.006343473922175038,11.076,11.118,10.783666666666667,0.33193636719069286
2021-06-15,601899.SH,10.88,10.9,10.4,10.47,11.0,-0.53,-4.8182,4608053.6,4871405.687,-0.048181818181818103,-0.04938124791592498,10.936,11.068999999999999,10.773,0.3460070161731769
2021-06-16,601899.SH,10.27,10.39,9.9,9.94,10.47,-0.53,-5.0621,4167369.37,4188211.882,-0.05062082139446045,-0.05194700421396291,10.712,10.9795,10.753833333333334,0.36551556250662537
2021-06-17,601899.SH,9.78,10.07,9.73,9.87,9.94,-0.07,-0.7042,2518477.9,2496062.964,-0.007042253521126751,-0.007067167223092443,10.469999999999999,10.902,10.732,0.35896439220415605
2021-06-18,601899.SH,9.53,9.84,9.38,9.77,9.87,-0.1,-1.0132,3989624.85,3841538.873,-0.010131712259371817,-0.010183387390698826,10.209999999999999,10.844,10.714333333333334,0.3334526532353269
2021-06-21,601899.SH,9.64,9.85,9.57,9.76,9.77,-0.01,-0.1024,2435463.6,2368894.152,-0.0010235414534288667,-0.0010240656296902568,9.962,10.791,10.699333333333332,0.33331317821523754
2021-06-22,601899.SH,9.86,9.89,9.71,9.78,9.76,0.02,0.2049,2271731.33,2227761.262,0.002049180327868827,0.002047083621724823,9.824,10.749,10.6935,0.33019298721923057
2021-06-23,601899.SH,9.83,9.84,9.69,9.78,9.78,0.0,0.0,2357807.23,2305475.53,0.0,0.0,9.792,10.691500000000001,10.7005,0.3068205806485119
2021-06-24,601899.SH,9.83,9.87,9.62,9.73,9.78,-0.05,-0.5112,2074157.19,2021424.296,-0.005112474437627745,-0.0051255878488122054,9.764,10.625,10.703333333333335,0.29999703711702763
2021-06-25,601899.SH,9.75,10.17,9.75,10.15,9.73,0.42,4.3165,3718211.59,3740231.217,0.043165467625899234,0.0422598092898826,9.84,10.5755,10.707333333333334,0.3450837575791042
2021-06-28,601899.SH,10.15,10.15,9.92,9.97,10.15,-0.18,-1.7734,2393324.7,2387798.338,-0.017733990147783207,-0.017893121514049332,9.882000000000001,10.5145,10.708,0.34649079670203015
2021-06-29,601899.SH,9.93,9.93,9.57,9.65,9.97,-0.32,-3.2096,2876443.24,2789464.365,-0.032096288866599876,-0.032622668622852485,9.856,10.435500000000001,10.703333333333335,0.3570371941132008
2021-06-30,601899.SH,9.64,9.75,9.52,9.69,9.65,0.04,0.4145,1413390.8,1365157.035,0.004145077720207224,0.0041365105517802755,9.838,10.348,10.7045,0.3465577243015732
2021-07-01,601899.SH,9.74,9.79,9.61,9.79,9.69,0.1,1.032,1594861.11,1552823.715,0.01031991744066052,0.010267030639744195,9.85,10.2785,10.705333333333334,0.34783161669630636
2021-07-02,601899.SH,9.88,10.09,9.79,9.84,9.79,0.05,0.5107,3023689.34,3000272.961,0.005107252298263587,0.0050942545217430935,9.788,10.2205,10.7005,0.3481225526391708
2021-07-05,601899.SH,9.85,10.08,9.84,10.03,9.84,0.19,1.9309,2982471.4,2972403.627,0.019308943089430874,0.01912489090968209,9.8,10.18,10.698500000000001,0.35686305496586773
2021-07-06,601899.SH,10.11,10.15,9.9,10.04,10.03,0.01,0.0997,2452102.81,2449466.648,0.0009970089730806375,0.0009965122897388542,9.878,10.1235,10.695166666666667,0.3341549578015108
2021-07-07,601899.SH,9.83,10.07,9.76,9.99,10.04,-0.05,-0.498,2448611.97,2428009.62,-0.004980079681274785,-0.004992521603120871,9.937999999999999,10.07,10.686166666666667,0.3336851584159065
2021-07-08,601899.SH,10.07,10.09,9.68,9.73,9.99,-0.26,-2.6026,3071225.95,3018272.389,-0.026026026026025995,-0.026370696462548426,9.926,10.0025,10.676833333333333,0.3408553625998485
2021-07-09,601899.SH,9.63,10.23,9.55,10.14,9.61,0.53,5.5151,5249899.88,5251637.905,0.04213771839671132,0.04127410196512352,9.986,9.956,10.684500000000002,0.3816193123069998
2021-07-12,601899.SH,10.48,10.7,10.28,10.38,10.14,0.24,2.3669,5157509.25,5402078.978,0.02366863905325456,0.023392879574705594,10.056000000000001,9.925,10.695833333333333,0.39395438519478787
2021-07-13,601899.SH,10.3,10.5,10.03,10.15,10.38,-0.23,-2.2158,2878403.04,2929502.128,-0.022157996146435543,-0.022407172249946334,10.078,9.909,10.6995,0.36368822905552145
2021-07-14,601899.SH,10.03,10.03,9.78,9.82,10.15,-0.33,-3.2512,3030916.5,2985594.542,-0.03251231527093601,-0.03305258312142187,10.044,9.903,10.693000000000001,0.3357233471254236
2021-07-15,601899.SH,9.84,10.04,9.65,10.03,9.82,0.21,2.1385,2998066.69,2956474.075,0.021384928716904117,0.021159479607469486,10.104,9.911,10.689666666666666,0.34333723912902836
2021-07-16,601899.SH,10.0,10.2,9.88,10.0,10.03,-0.03,-0.2991,2715065.95,2723085.433,-0.0029910269192422456,-0.002995508979798451,10.075999999999999,9.9225,10.678833333333333,0.3411884720459682
2021-07-19,601899.SH,9.92,10.05,9.85,9.97,10.0,-0.03,-0.3,2553947.47,2543088.629,-0.0029999999999998916,-0.0030045090202986133,9.994000000000002,9.933,10.666,0.3414453679876364
2021-07-20,601899.SH,9.77,9.78,9.62,9.72,9.97,-0.25,-2.5075,2745884.1,2662218.197,-0.025075225677031132,-0.025394965501399296,9.908,9.93,10.652166666666666,0.35398362490136487
2021-07-21,601899.SH,9.75,9.84,9.65,9.82,9.72,0.1,1.0288,2934607.91,2855218.716,0.010288065843621297,0.01023550389402671,9.908,9.931999999999999,10.639166666666666,0.3558902033627758
2021-07-22,601899.SH,9.77,10.1,9.7,10.03,9.82,0.21,2.1385,3741774.16,3721218.657,0.021384928716904117,0.021159479607469486,9.908000000000001,9.947,10.626666666666667,0.36276771724801166
2021-07-23,601899.SH,10.03,10.38,10.0,10.13,10.03,0.1,0.997,4382450.56,4475502.58,0.009970089730807707,0.009920716286747979,9.934000000000001,9.946,10.609666666666666,0.33019855918420143
2021-07-26,601899.SH,10.35,10.45,9.95,10.18,10.13,0.05,0.4936,4658781.76,4768601.8,0.004935834155972207,0.004923692861784521,9.975999999999999,9.9565,10.591166666666668,0.32369411362786993
2021-07-27,601899.SH,10.52,11.13,10.47,10.64,10.18,0.46,4.5187,9276306.11,10055251.099,0.045186640471512884,0.04419547279112175,10.16,10.006,10.583666666666666,0.3342033470176043
2021-07-28,601899.SH,10.51,10.6,9.91,10.02,10.64,-0.62,-5.8271,5513003.78,5580639.8,-0.05827067669172936,-0.06003738825677963,10.2,10.022499999999999,10.561333333333332,0.4029475195184412
2021-07-29,601899.SH,10.18,10.3,9.92,10.24,10.02,0.22,2.1956,3929590.31,3977584.187,0.021956087824351433,0.021718523954643118,10.242,10.045,10.548166666666667,0.40822273964318406
2021-07-30,601899.SH,10.24,10.4,10.09,10.25,10.24,0.01,0.0977,2914208.36,2975393.472,0.0009765625,0.0009760859730554589,10.266,10.0655,10.526666666666667,0.4081449550736869
2021-08-02,601899.SH,10.38,11.0,10.16,10.81,10.25,0.56,5.4634,5836193.21,6142871.808,0.05463414634146346,0.05319392606669977,10.392000000000001,10.1045,10.508166666666666,0.44518341103819387
2021-08-03,601899.SH,10.76,10.77,10.33,10.41,10.81,-0.4,-3.7003,4103424.36,4302764.779,-0.03700277520814066,-0.037704749024239446,10.346,10.123000000000001,10.475833333333334,0.46854650567379735
2021-08-04,601899.SH,10.42,10.59,10.22,10.53,10.41,0.12,1.1527,3574102.81,3741821.977,0.011527377521613813,0.011461443519006598,10.448,10.15,10.458333333333334,0.46884340655928414
2021-08-05,601899.SH,10.33,10.42,10.16,10.28,10.53,-0.25,-2.3742,3426798.55,3516739.867,-0.023741690408357052,-0.02402806611886506,10.456,10.1775,10.433833333333332,0.46703102857523104
2021-08-06,601899.SH,10.23,10.76,10.23,10.68,10.28,0.4,3.8911,5001370.5,5287101.616,0.03891050583657596,0.03817257350502981,10.541999999999998,10.2045,10.427166666666668,0.46358699896907557
2021-08-09,601899.SH,10.3,10.92,10.21,10.69,10.68,0.01,0.0936,4094762.07,4315411.803,0.000936329588014928,0.0009358915049050237,10.517999999999999,10.22,10.421,0.45712465282610976
2021-08-10,601899.SH,10.56,10.68,10.4,10.55,10.69,-0.14,-1.3096,2942652.39,3092572.705,-0.013096351730589206,-0.013182865114878223,10.546,10.239999999999998,10.405999999999999,0.45190999347331123
2021-08-11,601899.SH,10.65,10.82,10.48,10.59,10.55,0.04,0.3791,3370276.16,3585872.945,0.0037914691943126133,0.003784299691239406,10.558,10.2785,10.387,0.4327646158141643
2021-08-12,601899.SH,10.62,11.15,10.51,11.01,10.59,0.42,3.966,6640560.35,7270785.681,0.03966005665722383,0.03889379112127354,10.704,10.3275,10.380166666666666,0.44705202966265245
2021-08-13,601899.SH,10.9,11.34,10.78,11.29,11.01,0.28,2.5431,5079575.51,5629514.682,0.025431425976385036,0.02511342742698199,10.826,10.392,10.386166666666668,0.45163316292611605
2021-08-16,601899.SH,11.44,11.84,11.15,11.17,11.29,-0.12,-1.0629,5390132.08,6196314.545,-0.010628875110717417,-0.010685765080461276,10.922,10.452,10.392,0.4545572179698719
2021-08-17,601899.SH,11.07,11.44,10.78,10.95,11.17,-0.22,-1.9696,4482479.02,4984103.033,-0.0196956132497762,-0.01989215681859953,11.001999999999999,10.5135,10.3975,0.4500441969285822
2021-08-18,601899.SH,10.79,10.98,10.6,10.91,10.95,-0.04,-0.3653,3599155.6,3882209.141,-0.0036529680365295913,-0.003659656417530287,11.065999999999999,10.568000000000001,10.397166666666667,0.45114869516451406
2021-08-19,601899.SH,10.62,10.65,10.11,10.34,10.91,-0.57,-5.2246,5911930.39,6139845.36,-0.05224564619615035,-0.05365993076469641,10.931999999999999,10.5835,10.385166666666667,0.491053633251468
2021-08-20,601899.SH,10.13,10.14,9.9,10.04,10.34,-0.3,-2.9014,4143105.93,4130780.289,-0.029013539651837617,-0.029442754816700032,10.681999999999999,10.579,10.366833333333334,0.5020147033105061
2021-08-23,601899.SH,10.13,10.25,10.02,10.14,10.04,0.1,0.996,2965106.71,3003175.788,0.009960159362550014,0.009910883899454178,10.475999999999999,10.577,10.349333333333334,0.5029817890947916
2021-08-24,601899.SH,10.25,10.43,10.21,10.32,10.14,0.18,1.7751,3048599.4,3155299.754,0.017751479289940697,0.017595761890379442,10.35,10.561,10.334166666666668,0.4793687485990369
2021-08-25,601899.SH,10.32,10.62,10.13,10.52,10.32,0.2,1.938,3457525.79,3596037.348,0.019379844961240345,0.01919444725614716,10.272,10.586,10.318833333333334,0.4335769240915743
2021-08-26,601899.SH,10.43,10.67,10.37,10.39,10.52,-0.13,-1.2357,2958800.05,3102328.423,-0.012357414448669113,-0.012434402198427688,10.282,10.5935,10.305666666666667,0.4305588750552067
2021-08-27,601899.SH,10.31,10.5,10.28,10.45,10.39,0.06,0.5775,2787065.1,2891161.547,0.005774783445620768,0.005758173299683965,10.364,10.6035,10.2965,0.4308808987244101
2021-08-30,601899.SH,10.66,11.02,10.53,10.89,10.45,0.44,4.2105,5364109.39,5806055.587,0.04210526315789487,0.04124295853404922,10.514,10.6075,10.297333333333334,0.4122089606344751
2021-08-31,601899.SH,10.8,11.11,10.65,11.11,10.89,0.22,2.0202,4827964.88,5295000.177,0.02020202020202011,0.020000666706669435,10.672,10.6425,10.296333333333333,0.39236787805355383
2021-09-01,601899.SH,11.12,11.24,10.57,10.69,11.11,-0.42,-3.7804,4762007.79,5160104.186,-0.03780378037803778,-0.03853687861458474,10.706,10.6505,10.290166666666666,0.417344424859752
2021-09-02,601899.SH,10.59,11.04,10.55,10.9,10.69,0.21,1.9645,3718418.26,4030435.661,0.019644527595884087,0.01945406419814424,10.808,10.6815,10.287166666666668,0.41148945523999314
2021-09-03,601899.SH,11.02,11.42,10.94,11.07,10.9,0.17,1.5596,4780810.33,5339696.18,0.015596330275229331,0.015475957485447467,10.932,10.700999999999999,10.287166666666668,0.392581351191897
2021-09-06,601899.SH,11.22,11.28,10.76,10.95,11.07,-0.12,-1.084,3825719.96,4171886.231,-0.01084010840108407,-0.010899290458035742,10.943999999999999,10.714,10.286333333333333,0.3952555968871401
2021-09-07,601899.SH,10.96,11.09,10.82,10.98,10.95,0.03,0.274,3550526.65,3899936.563,0.00273972602739736,0.0027359798188748455,10.918000000000001,10.7355,10.294833333333333,0.3914793448837294
2021-09-08,601899.SH,10.91,11.04,10.68,10.85,10.98,-0.13,-1.184,4234737.34,4593585.371,-0.011839708561020124,-0.011910356094916103,10.95,10.7485,10.31,0.3946037239853121
2021-09-09,601899.SH,10.77,11.57,10.73,11.43,10.85,0.58,5.3456,7913568.44,8926994.879,0.05345622119815663,0.052076397820250676,11.056000000000001,10.769499999999999,10.336,0.41481603678040696
2021-09-10,601899.SH,11.42,12.45,11.38,11.97,11.43,0.54,4.7244,9202066.31,11055875.82,0.047244094488189115,0.046162041763162624,11.236,10.8035,10.372666666666667,0.4376188946573633
2021-09-13,601899.SH,12.28,12.68,12.13,12.39,11.97,0.42,3.5088,7205411.25,8918540.79,0.0350877192982455,0.03448617607116919,11.524000000000001,10.8645,10.416500000000001,0.44829284209454423
2021-09-14,601899.SH,12.1,12.22,11.67,11.72,12.39,-0.67,-5.4076,5723381.77,6827189.281,-0.05407586763518968,-0.05559291149218453,11.672,10.903,10.448833333333333,0.4887798339814373
2021-09-15,601899.SH,11.6,11.67,11.31,11.52,11.72,-0.2,-1.7065,3567478.52,4099964.556,-0.017064846416382395,-0.017212128881121523,11.806000000000001,10.933499999999999,10.477833333333333,0.49380514509634493
2021-09-16,601899.SH,11.7,11.83,11.1,11.11,11.52,-0.41,-3.559,3905040.94,4448110.308,-0.03559027777777779,-0.036239051616206566,11.741999999999999,10.972,10.500833333333333,0.4720690437613969
2021-09-17,601899.SH,10.82,11.07,10.59,10.81,11.11,-0.3,-2.7003,3748194.42,4042139.007,-0.027002700270026936,-0.02737397200042165,11.51,11.0105,10.511833333333334,0.4702533691922982
2021-09-22,601899.SH,10.5,10.73,10.43,10.71,10.81,-0.1,-0.9251,2761474.24,2914656.697,-0.009250693802035137,-0.009293747191459494,11.174,11.039,10.524166666666666,0.47202903903816695
2021-09-23,601899.SH,10.79,10.85,10.52,10.58,10.71,-0.13,-1.2138,2734841.67,2909217.672,-0.012138188608776912,-0.012212458029504146,10.946000000000002,11.052,10.539666666666667,0.47169629561915166
2021-09-24,601899.SH,10.52,10.63,10.31,10.34,10.58,-0.24,-2.2684,2907511.57,3030210.107,-0.022684310018903586,-0.022945557349870246,10.71,11.043000000000001,10.550500000000001,0.4743664781145048
2021-09-27,601899.SH,10.33,10.37,10.01,10.13,10.34,-0.21,-2.0309,2913271.84,2958240.238,-0.02030947775628622,-0.020518550819691013,10.514,11.03,10.556166666666666,0.4778432762900835
2021-09-28,601899.SH,10.14,10.36,10.09,10.22,10.13,0.09,0.8885,1921618.7,1963186.344,0.008884501480750151,0.008845266514966268,10.396,11.0185,10.5625,0.47854099417994883
2021-09-29,601899.SH,10.1,10.15,9.91,10.02,10.22,-0.2,-1.9569,2246565.25,2250109.485,-0.019569471624266255,-0.01976348911883975,10.258000000000001,10.975,10.562333333333333,0.45489443413867137
2021-09-30,601899.SH,10.0,10.1,9.98,10.09,10.02,0.07,0.6986,1234597.69,1241545.888,0.00698602794411185,0.006961738708798922,10.16,10.924000000000001,10.563166666666666,0.44802598849131486
2021-10-08,601899.SH,10.26,10.3,10.06,10.26,10.09,0.17,1.6848,1519314.25,1549243.831,0.01684836471754214,0.016708005377105907,10.144,10.9025,10.567666666666666,0.4358600597922944
2021-10-11,601899.SH,10.73,11.2,10.62,11.04,10.26,0.78,7.6023,5557333.53,6096616.463,0.07602339181286544,0.07327220110632572,10.325999999999999,10.9095,10.5895,0.5117970153409734
2021-10-12,601899.SH,10.98,10.98,10.53,10.82,11.04,-0.22,-1.9928,3160279.63,3385255.642,-0.019927536231883924,-0.02012876743061365,10.446,10.897,10.600833333333332,0.5140040295587053
2021-10-13,601899.SH,10.71,10.78,10.56,10.71,10.82,-0.11,-1.0166,1468954.61,1569183.323,-0.010166358595193992,-0.010218388958677969,10.584,10.885,10.606333333333334,0.5138324280075187
2021-10-14,601899.SH,11.0,11.34,11.0,11.13,10.71,0.42,3.9216,3848599.88,4295788.245,0.03921568627450989,0.03846628082779614,10.792,10.8925,10.622666666666667,0.5329505988520221
2021-10-15,601899.SH,11.2,11.95,11.2,11.46,11.13,0.33,2.965,5149372.12,5955272.594,0.029649595687331498,0.029218545999140005,11.032,10.923,10.65,0.5397847544616062
2021-10-18,601899.SH,11.7,11.8,11.18,11.56,11.46,0.1,0.8726,5290883.71,6067538.618,0.008726003490401313,0.008688151957637823,11.136000000000001,10.9295,10.6755,0.5069941039784941
2021-10-19,601899.SH,11.4,11.88,11.27,11.8,11.56,0.24,2.0761,4101103.18,4778513.014,0.02076124567474058,0.02054866822738776,11.332,10.921000000000001,10.7055,0.4831406674516083
2021-10-20,601899.SH,11.38,11.46,11.16,11.32,11.8,-0.48,-4.0678,4286706.46,4855264.74,-0.04067796610169494,-0.04152845869658223,11.454,10.867500000000001,10.728,0.48443082602811227
2021-10-21,601899.SH,11.43,11.58,11.25,11.34,11.32,0.02,0.1767,2840466.59,3241488.056,0.0017667844522968323,0.0017652255245691492,11.496,10.8485,10.755,0.44708909113530415
2021-10-22,601899.SH,11.1,11.24,10.9,11.12,11.34,-0.22,-1.94,3056976.08,3394327.525,-0.01940035273368612,-0.01959100947716975,11.428,10.8285,10.776666666666667,0.448258339718379
2021-10-25,601899.SH,11.12,11.27,10.88,11.16,11.12,0.04,0.3597,1943669.75,2158677.635,0.003597122302158251,0.00359066813072854,11.347999999999999,10.831,10.7955,0.42980990796303903
2021-10-26,601899.SH,11.26,11.47,11.11,11.31,11.16,0.15,1.3441,2249687.26,2534819.432,0.013440860215053752,0.013351333174864196,11.25,10.856,10.815166666666668,0.4192484979842245
2021-10-27,601899.SH,11.2,11.26,10.84,10.89,11.31,-0.42,-3.7135,2761862.45,3037153.315,-0.037135278514588865,-0.03784235318315999,11.164,10.865,10.827,0.4408217173332804
2021-10-28,601899.SH,10.7,10.82,10.37,10.51,10.89,-0.38,-3.4894,2865332.83,3022389.846,-0.03489439853076226,-0.03551775205600944,10.998,10.8615,10.824833333333334,0.4570522694400294
2021-10-29,601899.SH,10.59,10.64,10.37,10.46,10.51,-0.05,-0.4757,2088857.75,2186745.475,-0.004757373929590747,-0.004768726252082796,10.866,10.8675,10.832166666666666,0.4495908507109039
2021-11-01,601899.SH,10.37,10.56,10.28,10.48,10.46,0.02,0.1912,2102253.43,2191801.786,0.0019120458891013214,0.0019102202561192452,10.73,10.885,10.836166666666665,0.44251604106420134
2021-11-02,601899.SH,10.47,10.52,10.05,10.23,10.48,-0.25,-2.3855,3157973.74,3242283.766,-0.02385496183206104,-0.02414409892936096,10.514000000000001,10.8855,10.835833333333333,0.4510020516922897
2021-11-03,601899.SH,10.23,10.26,10.08,10.2,10.23,-0.03,-0.2933,2316268.22,2351302.285,-0.0029325513196482023,-0.002936859673309825,10.376000000000001,10.894499999999999,10.825666666666669,0.4450455321738738
2021-11-04,601899.SH,10.21,10.26,10.12,10.26,10.2,0.06,0.5882,1882139.34,1919555.805,0.00588235294117645,0.005865119452398058,10.326,10.903000000000002,10.823166666666667,0.4448743725146419
2021-11-05,601899.SH,10.17,10.25,10.15,10.18,10.26,-0.08,-0.7797,1508680.38,1536473.007,-0.007797270955165692,-0.007827828620246792,10.27,10.899,10.817333333333332,0.44197149694037247
2021-11-08,601899.SH,10.3,10.64,10.3,10.51,10.18,0.33,3.2417,2912389.74,3056813.877,0.03241650294695475,0.031902173766483015,10.276,10.8725,10.821166666666667,0.36239069664426155
2021-11-09,601899.SH,10.6,10.65,10.41,10.56,10.51,0.05,0.4757,1650745.76,1734037.572,0.004757373929590969,0.004746093389255759,10.341999999999999,10.8595,10.819166666666666,0.3569349140310067
2021-11-10,601899.SH,10.54,10.58,10.35,10.55,10.56,-0.01,-0.0947,1688848.83,1764772.531,-0.0009469696969697239,-0.0009474183560399392,10.412,10.8515,10.816833333333333,0.35528239493172814
2021-11-11,601899.SH,10.5,10.73,10.5,10.69,10.55,0.14,1.327,2000248.33,2121113.366,0.013270142180094702,0.013182865114878272,10.498000000000001,10.8295,10.819166666666668,0.3276648922124618
2021-11-12,601899.SH,10.76,10.95,10.73,10.74,10.69,0.05,0.4677,1789490.92,1932810.519,0.00467726847521055,0.004666364043764844,10.610000000000001,10.7935,10.821666666666667,0.307216056066741
2021-11-15,601899.SH,10.75,10.9,10.5,10.56,10.74,-0.18,-1.676,1609096.99,1711734.276,-0.016759776536312776,-0.01690181080260314,10.620000000000001,10.743500000000001,10.814166666666667,0.30756824010632994
2021-11-16,601899.SH,10.57,10.61,10.32,10.36,10.56,-0.2,-1.8939,1630758.27,1699260.78,-0.018939393939394034,-0.019121041446778512,10.580000000000002,10.671499999999998,10.798666666666666,0.2966980822122082
2021-11-17,601899.SH,10.31,10.44,10.28,10.42,10.36,0.06,0.5792,1034528.01,1074398.999,0.005791505791505891,0.005774799493883958,10.553999999999998,10.6265,10.786166666666666,0.26997227241717126
2021-11-18,601899.SH,10.32,10.44,10.32,10.36,10.42,-0.06,-0.5758,1352041.81,1402017.902,-0.0057581573896353655,-0.005774799493883908,10.488,10.577499999999999,10.776333333333332,0.2691622785946436
2021-11-19,601899.SH,10.36,10.45,10.24,10.43,10.36,0.07,0.6757,1658842.55,1715728.744,0.006756756756756799,0.0067340321813441194,10.425999999999998,10.543000000000001,10.768333333333334,0.2657845577193018
2021-11-22,601899.SH,10.44,10.56,10.37,10.54,10.43,0.11,1.0547,1557004.46,1633281.047,0.010546500479386323,0.010491274100535127,10.421999999999999,10.511999999999999,10.771666666666667,0.2692170144777224
2021-11-23,601899.SH,10.5,10.68,10.46,10.58,10.54,0.04,0.3795,1637681.65,1732241.84,0.00379506641366234,0.0037878833169371563,10.466,10.4755,10.780666666666667,0.2636589590194223
2021-11-24,601899.SH,10.6,10.62,10.36,10.44,10.58,-0.14,-1.3233,1551711.33,1620450.535,-0.013232514177693777,-0.013320843975660678,10.47,10.453,10.785666666666666,0.23494102579798598
2021-11-25,601899.SH,10.48,10.57,10.34,10.53,10.44,0.09,0.8621,1473531.24,1543611.126,0.008620689655172376,0.008583743691391435,10.504,10.454,10.789166666666665,0.20270731471415507
2021-11-26,601899.SH,10.44,10.46,10.33,10.36,10.53,-0.17,-1.6144,1369332.19,1421666.885,-0.01614434947768284,-0.016276089314547163,10.49,10.449,10.786499999999998,0.21026902009891352
2021-11-29,601899.SH,10.2,10.44,10.08,10.25,10.36,-0.11,-1.0618,1965920.99,2012578.664,-0.010617760617760541,-0.010674531246919737,10.431999999999999,10.4375,10.784166666666666,0.21312850281471865
2021-11-30,601899.SH,10.27,10.32,10.13,10.15,10.25,-0.1,-0.9756,1647715.99,1679330.428,-0.009756097560975618,-0.009804000096620856,10.346,10.433499999999999,10.779166666666667,0.19846811619909924
2021-12-01,601899.SH,10.09,10.17,10.0,10.14,10.15,-0.01,-0.0985,1733965.55,1747896.489,-0.0009852216748768017,-0.0009857073247591882,10.286,10.4305,10.766666666666667,0.19824819091073814
2021-12-02,601899.SH,10.09,10.14,10.01,10.04,10.14,-0.1,-0.9862,1715980.87,1723933.862,-0.009861932938856177,-0.009910883899454132,10.188,10.4195,10.748833333333334,0.19969127089307873
2021-12-03,601899.SH,10.05,10.12,9.97,10.12,10.04,0.08,0.7968,1807956.11,1814986.967,0.007968127490039834,0.007936549595736342,10.139999999999999,10.416500000000001,10.739333333333333,0.200422569603026
2021-12-06,601899.SH,10.12,10.26,10.06,10.17,10.12,0.05,0.4941,1657100.38,1687485.544,0.004940711462450675,0.00492854620114918,10.124,10.3995,10.727166666666667,0.1609179715425734
2021-12-07,601899.SH,10.26,10.28,10.16,10.25,10.17,0.08,0.7866,1548532.58,1583273.593,0.007866273352999054,0.007835495523948638,10.144,10.383999999999999,10.7135,0.16291148068056285
2021-12-08,601899.SH,10.34,10.34,10.25,10.3,10.25,0.05,0.4878,1496968.72,1540960.254,0.004878048780487809,0.004866189651172906,10.175999999999998,10.371500000000001,10.702666666666667,0.16444945075072212
2021-12-09,601899.SH,10.34,10.39,10.28,10.36,10.3,0.06,0.5825,1794963.38,1856700.651,0.005825242718446422,0.005808341595746734,10.239999999999998,10.355,10.692333333333332,0.15778078238908466
2021-12-10,601899.SH,10.31,10.32,10.16,10.26,10.36,-0.1,-0.9653,1522686.22,1558863.155,-0.009652509652509633,-0.009699397088713506,10.268,10.331,10.682500000000001,0.1585137781469
2021-12-13,601899.SH,10.28,10.49,10.25,10.38,10.26,0.12,1.1696,2254592.38,2337278.146,0.011695906432748648,0.011628037995119214,10.309999999999999,10.322,10.665000000000001,0.15609681966503866
2021-12-14,601899.SH,10.3,10.32,10.1,10.14,10.38,-0.24,-2.3121,2017460.51,2054070.177,-0.023121387283236983,-0.023392879574705462,10.288,10.311,10.634500000000001,0.16308701709030973
2021-12-15,601899.SH,10.11,10.12,10.03,10.05,10.14,-0.09,-0.8876,1532636.43,1541102.578,-0.008875739644970349,-0.00891536365795228,10.238000000000001,10.2925,10.5955,0.163269632378206
2021-12-16,601899.SH,10.05,10.14,10.0,10.11,10.05,0.06,0.597,1549271.65,1559941.265,0.005970149253731183,0.0059523985272951305,10.188,10.28,10.568666666666667,0.16475714731167887
2021-12-17,601899.SH,10.18,10.33,10.16,10.17,10.11,0.06,0.5935,1840076.2,1882848.129,0.005934718100890191,0.0059171770280885185,10.170000000000002,10.267,10.546166666666666,0.1642577281935903
2021-12-20,601899.SH,10.02,10.12,9.92,9.96,10.17,-0.21,-2.0649,2346610.98,2346452.601,-0.020648967551622377,-0.020865138463961676,10.086000000000002,10.238000000000001,10.527,0.1717952759046893
2021-12-21,601899.SH,9.94,10.01,9.92,9.99,9.96,0.03,0.3012,814911.32,812875.088,0.003012048192771122,0.0030075210639553224,10.056000000000001,10.208499999999999,10.513333333333332,0.1714204777848696
2021-12-22,601899.SH,9.99,10.04,9.94,9.97,9.99,-0.02,-0.2002,1000506.58,997061.441,-0.002002002002001957,-0.002004008686715143,10.040000000000001,10.184999999999999,10.501000000000001,0.16694013283198522
2021-12-23,601899.SH,10.0,10.08,9.96,10.03,9.97,0.06,0.6018,1086666.98,1088696.074,0.006018054162487241,0.006000018000096981,10.024,10.16,10.491833333333334,0.164936415172851
2021-12-24,601899.SH,10.03,10.03,9.63,9.69,10.03,-0.34,-3.3898,2297535.78,2242390.542,-0.03389830508474578,-0.03448617607116932,9.928,10.1265,10.480999999999998,0.1940589536953129
2021-12-27,601899.SH,9.76,9.76,9.54,9.58,9.69,-0.11,-1.1352,1309903.45,1261772.2,-0.011351909184726505,-0.01141683391990567,9.852,10.093,10.471833333333333,0.19444497362196667
2021-12-28,601899.SH,9.62,9.74,9.56,9.71,9.58,0.13,1.357,1279473.16,1234969.57,0.013569937369519947,0.01347869032046448,9.796000000000001,10.071000000000002,10.463333333333335,0.20167103922174637
2021-12-29,601899.SH,9.7,9.72,9.58,9.62,9.71,-0.09,-0.9269,1050925.86,1011289.594,-0.009268795056642798,-0.009312017625618584,9.726,10.044999999999998,10.456666666666667,0.20318203589031583
2021-12-30,601899.SH,9.65,9.74,9.59,9.64,9.62,0.02,0.2079,905550.18,874786.652,0.0020790020790022457,0.0020768439448392907,9.648,10.025,10.449166666666667,0.20189975678869873
2021-12-31,601899.SH,9.67,9.73,9.62,9.7,9.64,0.06,0.6224,805446.73,780543.449,0.006224066390041472,0.00620477688688287,9.65,10.004,10.439833333333333,0.2008552921024253
2022-01-04,601899.SH,9.7,9.86,9.62,9.82,9.7,0.12,1.2371,1519378.44,1476678.476,0.012371134020618735,0.012295236857037558,9.697999999999999,9.986500000000001,10.4195,0.205947744219509
2022-01-05,601899.SH,9.8,9.86,9.72,9.77,9.82,-0.05,-0.5092,1178566.07,1154269.047,-0.005091649694501044,-0.005104656311683173,9.709999999999999,9.9625,10.402,0.20310754690327862
2022-01-06,601899.SH,9.71,9.81,9.65,9.67,9.77,-0.1,-1.0235,1122243.49,1087737.432,-0.010235414534288556,-0.010288156589488331,9.72,9.931000000000001,10.384666666666668,0.2030919512955889
2022-01-07,601899.SH,9.65,9.66,9.3,9.37,9.67,-0.3,-3.1024,2885983.92,2723652.167,-0.031023784901758056,-0.03151521321487218,9.666,9.881499999999999,10.355333333333332,0.22284112943856887
2022-01-10,601899.SH,9.37,9.43,9.31,9.4,9.37,0.03,0.3202,1302563.64,1221940.933,0.0032017075773747017,0.0031965930256274942,9.605999999999998,9.8385,10.321,0.22388530154221134
2022-01-11,601899.SH,9.42,9.49,9.38,9.43,9.4,0.03,0.3191,1070299.77,1010333.226,0.0031914893617019935,0.003186407369407781,9.527999999999999,9.791,10.2855,0.2177927847974373
2022-01-12,601899.SH,9.49,10.09,9.49,10.01,9.43,0.58,6.1506,4381828.79,4321974.972,0.06150583244962893,0.05968849668176317,9.575999999999999,9.7845,10.255666666666665,0.3103427641281454
2022-01-13,601899.SH,10.23,10.46,10.05,10.06,10.01,0.05,0.4995,3890683.25,3989473.621,0.004995004995005159,0.004982571344464093,9.654,9.785,10.234666666666667,0.30926127147117966
2022-01-14,601899.SH,10.0,10.01,9.78,9.82,10.06,-0.24,-2.3857,1953088.62,1923461.415,-0.02385685884691846,-0.0241460423052186,9.744,9.770500000000002,10.209333333333332,0.3198572073651194
2022-01-17,601899.SH,9.85,9.86,9.58,9.68,9.82,-0.14,-1.4257,1977774.88,1917765.149,-0.014256619144602856,-0.014359221077888876,9.8,9.745999999999999,10.185333333333334,0.3218540417935459
2022-01-18,601899.SH,9.75,10.09,9.67,9.94,9.68,0.26,2.686,2477051.99,2462070.699,0.026859504132231482,0.026505119379997093,9.902000000000001,9.745,10.165,0.3299567351022713
2022-01-19,601899.SH,9.95,10.01,9.83,9.89,9.94,-0.05,-0.503,1592931.83,1576770.289,-0.005030181086518981,-0.005042875033861787,9.878,9.74,10.141333333333332,0.33025082335269407
2022-01-20,601899.SH,10.08,10.21,10.05,10.12,9.89,0.23,2.3256,2789289.61,2827346.306,0.02325581395348819,0.022989518224698562,9.89,9.7475,10.128499999999999,0.34053417574918876
2022-01-21,601899.SH,10.13,10.35,9.97,10.27,10.12,0.15,1.4822,2934297.45,3007898.729,0.014822134387351804,0.014713360081147401,9.98,9.7595,10.1245,0.3436869990407644
2022-01-24,601899.SH,10.13,10.3,10.11,10.29,10.27,0.02,0.1947,1791004.03,1831281.748,0.0019474196689386325,0.0019455259054913527,10.102,9.7895,10.121666666666668,0.31740222346693214
2022-01-25,601899.SH,10.19,10.45,10.1,10.11,10.29,-0.18,-1.7493,2286601.24,2350208.683,-0.017492711370262315,-0.017647516813578113,10.136,9.815999999999999,10.1155,0.321852391581635
2022-01-26,601899.SH,10.2,10.27,9.98,10.18,10.11,0.07,0.6924,1406939.69,1427162.039,0.006923837784371889,0.006899978089996616,10.193999999999999,9.8395,10.114666666666666,0.31978490497635204
2022-01-27,601899.SH,10.2,10.2,9.9,9.91,10.18,-0.27,-2.6523,1777452.72,1780717.923,-0.026522593320235766,-0.026880662780480073,10.152,9.854000000000001,10.109833333333333,0.3338043053030938
2022-01-28,601899.SH,9.88,9.99,9.61,9.76,9.91,-0.15,-1.5136,1480190.3,1447213.004,-0.015136226034308864,-0.015251947916895589,10.05,9.86,10.101499999999998,0.33909201425733115
2022-02-07,601899.SH,10.03,10.28,10.02,10.25,9.76,0.49,5.0205,2426358.17,2469767.347,0.050204918032786816,0.048985305159416,10.042,9.8875,10.102666666666666,0.3816355939833203
2022-02-08,601899.SH,10.28,10.35,10.13,10.35,10.25,0.1,0.9756,1904748.75,1952559.159,0.009756097560975618,0.009708814126960903,10.09,9.913999999999998,10.1,0.38089898288239327
2022-02-09,601899.SH,10.41,10.89,10.37,10.78,10.35,0.43,4.1546,3938407.66,4228453.407,0.04154589371980677,0.04070604576947302,10.209999999999999,9.9645,10.103666666666665,0.40323944929402605
2022-02-10,601899.SH,11.02,11.41,11.02,11.21,10.78,0.43,3.9889,5263393.73,5924627.598,0.0398886827458258,0.03911367160321764,10.469999999999999,10.0415,10.114666666666666,0.41676372547299567
2022-02-11,601899.SH,11.27,11.62,11.05,11.06,11.21,-0.15,-1.3381,3535303.43,3994054.356,-0.01338090990187335,-0.013471240989879825,10.73,10.126,10.120833333333334,0.3993407457223212
2022-02-14,601899.SH,11.06,11.24,10.97,11.06,11.06,0.0,0.0,2360921.75,2617562.427,0.0,0.0,10.892,10.209,10.126166666666666,0.4000780677037027
2022-02-15,601899.SH,11.13,11.15,10.76,10.9,11.06,-0.16,-1.4467,2147869.08,2341801.551,-0.01446654611211573,-0.014572206859090723,11.001999999999999,10.2825,10.131833333333333,0.40799446515478116
2022-02-16,601899.SH,10.83,11.03,10.77,10.93,10.9,0.03,0.2752,1626926.41,1776274.261,0.0027522935779815683,0.0027485129533490935,11.032,10.328500000000002,10.141333333333334,0.35483414869339536
2022-02-17,601899.SH,10.94,11.32,10.92,11.27,10.93,0.34,3.1107,2778045.98,3114061.25,0.031107044830741115,0.030633025863237774,11.044,10.389,10.1555,0.3670749596939455
2022-02-18,601899.SH,11.34,11.34,11.08,11.23,11.27,-0.04,-0.3549,1839773.29,2058938.302,-0.003549245785270605,-0.0035555593013330954,11.078,10.4595,10.17,0.3519742050409042
2022-02-21,601899.SH,11.14,11.38,11.04,11.12,11.23,-0.11,-0.9795,1543112.23,1722703.572,-0.009795191451469343,-0.009843479927915559,11.09,10.5315,10.1815,0.34874859211266146
2022-02-22,601899.SH,11.17,11.26,10.96,11.2,11.12,0.08,0.7194,1910846.83,2125847.412,0.007194244604316502,0.007168489478612497,11.15,10.5945,10.192499999999999,0.34093236787455256
2022-02-23,601899.SH,11.11,11.14,10.83,10.92,11.2,-0.28,-2.5,2607323.59,2840347.948,-0.02499999999999991,-0.025317807984289783,11.148,10.645999999999999,10.198166666666667,0.3566640599865107
2022-02-24,601899.SH,10.88,11.29,10.84,11.0,10.92,0.08,0.7326,4373597.98,4846879.68,0.0073260073260073,0.007299302481611535,11.094,10.69,10.207500000000001,0.35039709584188855
2022-02-25,601899.SH,10.89,11.17,10.65,10.95,11.0,-0.05,-0.4545,2842964.26,3114026.825,-0.00454545454545463,-0.004555816535860802,11.038,10.724,10.2145,0.3495043118736207
2022-02-28,601899.SH,11.0,11.28,10.85,11.22,10.95,0.27,2.4658,3057385.63,3391277.085,0.024657534246575574,0.024358443832040656,11.057999999999998,10.7705,10.228833333333334,0.35742667745251305
2022-03-01,601899.SH,11.23,11.26,10.97,11.15,11.22,-0.07,-0.6239,2025661.46,2248499.095,-0.0062388591800356386,-0.00625840218842248,11.048,10.8225,10.243833333333333,0.35037461006731535
2022-03-02,601899.SH,11.36,11.52,11.31,11.4,11.15,0.25,2.2422,3200603.19,3654721.662,0.022421524663677195,0.022173857494322075,11.144,10.8835,10.264666666666667,0.35570149908719456
2022-03-03,601899.SH,11.52,12.09,11.52,11.87,11.4,0.47,4.1228,4552314.53,5417605.279,0.04122807017543839,0.040400853221126694,11.318,10.9815,10.293499999999998,0.35506434369169687
2022-03-04,601899.SH,11.81,11.97,11.52,11.58,11.87,-0.29,-2.4431,2952381.75,3456283.178,-0.024431339511373107,-0.02473473647672738,11.443999999999999,11.072500000000002,10.319166666666666,0.36494392281906457
2022-03-07,601899.SH,12.01,12.17,11.73,11.83,11.58,0.25,2.1589,4178084.95,4982781.52,0.021588946459412783,0.021359205845446226,11.566,11.1515,10.347666666666667,0.3348103866842055
2022-03-08,601899.SH,11.44,11.79,11.1,11.41,11.83,-0.42,-3.5503,4111586.32,4705712.433,-0.035502958579881616,-0.03614851411631109,11.617999999999999,11.2045,10.368333333333334,0.36753572944996354
2022-03-09,601899.SH,11.48,11.6,10.82,11.27,11.41,-0.14,-1.227,3078342.81,3473775.821,-0.012269938650306789,-0.012345835822299379,11.592,11.229000000000001,10.385333333333334,0.3458369419542081
2022-03-10,601899.SH,11.01,11.14,10.77,10.98,11.27,-0.29,-2.5732,2897227.21,3178442.562,-0.02573203194321194,-0.02606889197030023,11.414,11.2175,10.396666666666667,0.32968130949621255
2022-03-11,601899.SH,10.89,10.98,10.65,10.98,10.98,0.0,0.0,1981854.86,2144011.523,0.0,0.0,11.294,11.2135,10.407000000000002,0.3263304077998482
2022-03-14,601899.SH,10.75,10.85,10.44,10.45,10.98,-0.53,-4.827,2166905.17,2298407.681,-0.04826958105646639,-0.04947345767056466,11.017999999999999,11.183,10.410166666666665,0.3682940278892272
2022-03-15,601899.SH,10.07,10.14,9.52,9.55,10.45,-0.9,-8.6124,3782241.64,3709245.32,-0.08612440191387549,-0.09006082391818102,10.646,11.1155,10.396333333333333,0.47216610799968095
2022-03-16,601899.SH,9.7,10.15,9.32,10.12,9.55,0.57,5.9686,2937559.04,2866381.934,0.05968586387434538,0.05797250936668045,10.416,11.075,10.395999999999999,0.5265370779611546
2022-03-17,601899.SH,10.3,10.49,10.15,10.3,10.12,0.18,1.7787,2131020.23,2199430.17,0.017786561264822254,0.01763023137627072,10.280000000000001,11.0265,10.400166666666667,0.5170252080461262
2022-03-18,601899.SH,10.36,10.69,10.24,10.63,10.3,0.33,3.2039,1969446.13,2064937.224,0.03203883495145621,0.031536297118266374,10.209999999999999,10.9965,10.408833333333332,0.5326146329069855
2022-03-21,601899.SH,10.82,11.06,10.55,11.0,10.63,0.37,3.4807,2350342.14,2559192.678,0.03480714957666975,0.034215080444513934,10.32,10.9905,10.422666666666666,0.5475008646473815
2022-03-22,601899.SH,10.94,11.39,10.9,11.3,11.0,0.3,2.7273,2544176.29,2869808.347,0.027272727272727337,0.026907452919924402,10.67,10.9955,10.445,0.5555646026373529
2022-03-23,601899.SH,11.4,11.4,11.18,11.34,11.3,0.04,0.354,1709243.68,1931372.437,0.003539823008849474,0.0035335725813110445,10.914,11.0165,10.4675,0.5469964234171925
2022-03-24,601899.SH,11.43,11.83,11.42,11.71,11.34,0.37,3.2628,2674065.95,3114656.699,0.032627865961199376,0.03210687931002004,11.196,11.052000000000001,10.4965,0.557257578940085
2022-03-25,601899.SH,11.65,11.81,11.48,11.52,11.71,-0.19,-1.6225,2016758.7,2343224.245,-0.016225448334756698,-0.016358522341880875,11.374,11.080499999999999,10.521333333333333,0.5610864161283226
2022-03-28,601899.SH,11.44,11.69,11.25,11.56,11.52,0.04,0.3472,1922005.09,2210364.586,0.003472222222222321,0.003466207976486329,11.486,11.0975,10.552500000000002,0.5553220597614067
2022-03-29,601899.SH,11.5,11.73,11.47,11.59,11.56,0.03,0.2595,1393730.74,1618640.238,0.0025951557093424338,0.002591794107428803,11.544,11.1195,10.586,0.5544507392158005
2022-03-30,601899.SH,11.58,11.58,11.35,11.46,11.59,-0.13,-1.1217,1796861.51,2059265.367,-0.011216566005176842,-0.0112799460650668,11.568000000000001,11.1225,10.615166666666665,0.5512890624246644
2022-03-31,601899.SH,11.53,11.69,11.25,11.34,11.46,-0.12,-1.0471,1483665.67,1693618.739,-0.010471204188481797,-0.010526412986987617,11.494,11.096,10.643833333333333,0.5312382865696742
2022-04-01,601899.SH,11.37,11.59,11.2,11.45,11.34,0.11,0.97,1318666.67,1506877.086,0.00970017636684295,0.00965343170064256,11.48,11.0895,10.674,0.525689583756913
2022-04-06,601899.SH,11.52,11.78,11.4,11.6,11.45,0.15,1.31,1375547.4,1586775.596,0.013100436681222849,0.013015368112070446,11.488000000000001,11.078,10.705666666666668,0.5219084449096941
2022-04-07,601899.SH,11.45,11.68,11.38,11.53,11.6,-0.07,-0.6034,1237283.39,1428194.911,-0.0060344827586207295,-0.006052763831351344,11.475999999999999,11.084,10.734166666666665,0.505902010940616
2022-04-08,601899.SH,11.6,12.05,11.59,11.95,11.53,0.42,3.6427,3239897.93,3864415.489,0.03642671292280997,0.035778944096551926,11.574,11.118,10.7705,0.5183207440588619
2022-04-11,601899.SH,12.0,12.02,11.48,11.68,11.95,-0.27,-2.2594,2457562.29,2874313.776,-0.02259414225941414,-0.02285330097743859,11.642,11.153,10.803999999999998,0.5160925567262126
2022-04-12,601899.SH,11.7,11.79,11.43,11.68,11.68,0.0,0.0,1705593.05,1986767.928,0.0,0.0,11.687999999999999,11.187999999999999,10.8425,0.5160925567262126
2022-04-13,601899.SH,11.78,12.74,11.73,12.53,11.68,0.85,7.2774,4158214.35,5133714.614,0.07277397260273966,0.07024779150789587,11.873999999999999,11.292,10.894666666666666,0.5332889998087468
2022-04-14,601899.SH,12.61,12.91,12.42,12.74,12.53,0.21,1.676,2582894.03,3273347.108,0.016759776536312998,0.0166208812360405,12.116,11.4515,10.949833333333334,0.39543206212368226
2022-04-15,601899.SH,12.43,12.86,12.08,12.13,12.74,-0.61,-4.7881,3518681.36,4390283.215,-0.04788069073783352,-0.049064927188058445,12.152,11.552000000000001,10.985166666666666,0.41723766849106686
2022-04-18,601899.SH,12.1,12.2,11.88,12.02,12.13,-0.11,-0.9068,1673353.76,2014499.599,-0.00906842539159125,-0.009109793848897398,12.22,11.638,11.017833333333332,0.4209715472987445
2022-04-19,601899.SH,12.2,12.36,11.91,12.0,12.02,-0.02,-0.1664,2256733.88,2732121.827,-0.0016638935108153063,-0.0016652793190612089,12.284,11.7065,11.054166666666667,0.41244478857685724
2022-04-20,601899.SH,11.82,12.0,11.4,11.44,12.0,-0.56,-4.6667,2324007.06,2697329.315,-0.046666666666666745,-0.04779066383634855,12.065999999999999,11.7285,11.083499999999999,0.4385740878081394
2022-04-21,601899.SH,11.36,11.48,10.91,11.01,11.44,-0.43,-3.7587,1889691.62,2105839.856,-0.037587412587412605,-0.038312035217063264,11.72,11.714,11.101333333333335,0.4499180794788706
2022-04-22,601899.SH,10.9,11.45,10.71,11.33,11.01,0.32,2.9064,1936330.12,2163813.295,0.02906448683015439,0.028650124305326336,11.559999999999999,11.7135,11.125333333333334,0.4622286813391545
2022-04-25,601899.SH,10.88,11.1,10.53,10.62,11.33,-0.71,-6.2665,2497792.05,2705158.283,-0.0626654898499559,-0.06471505922612221,11.28,11.658999999999999,11.133666666666667,0.4964841128617052
2022-04-26,601899.SH,10.62,10.66,10.09,10.24,10.62,-0.38,-3.5782,2343085.68,2417806.295,-0.03578154425612046,-0.03643739620243098,10.928,11.595,11.133166666666666,0.5073903699604552
2022-04-27,601899.SH,10.18,11.0,10.16,10.89,10.24,0.65,6.3477,2924730.2,3125612.225,0.0634765625,0.061543317333507375,10.818000000000001,11.561499999999999,11.143166666666666,0.5629498459846112
2022-04-28,601899.SH,10.9,10.91,10.58,10.8,10.89,-0.09,-0.8264,1583134.38,1701755.884,-0.008264462809917328,-0.008298802814695066,10.776,11.522,11.154666666666666,0.562995002665216
2022-04-29,601899.SH,10.83,11.08,10.68,11.07,10.8,0.27,2.5,2298764.83,2505304.426,0.02499999999999991,0.024692612590371414,10.724,11.5025,11.1695,0.5705513572888132
2022-05-05,601899.SH,10.92,10.94,10.59,10.84,11.07,-0.23,-2.0777,2470282.34,2657300.896,-0.020776874435411097,-0.020995750709045437,10.768,11.4775,11.185,0.5739544702552485
2022-05-06,601899.SH,10.39,10.42,10.0,10.07,10.84,-0.77,-7.1033,3384540.88,3441823.913,-0.0710332103321033,-0.07368228928102921,10.734,11.4085,11.190166666666668,0.6223150308428576
2022-05-09,601899.SH,9.97,9.99,9.66,9.8,10.07,-0.27,-2.6812,2974195.69,2914075.655,-0.026812313803376342,-0.027178321053944667,10.516000000000002,11.3185,11.182666666666668,0.6224743808256213
2022-05-10,601899.SH,9.5,9.65,9.26,9.63,9.8,-0.17,-1.7347,4628873.2,4363358.62,-0.01734693877551019,-0.017499159866492035,10.282,11.2235,11.170666666666667,0.6233755642788934
2022-05-11,601899.SH,9.51,9.96,9.36,9.8,9.63,0.17,1.7653,4102623.44,3980280.715,0.017653167185877505,0.017499159866492087,10.028,11.116,11.154333333333335,0.6089319942701068
2022-05-12,601899.SH,9.6,9.74,9.4,9.53,9.8,-0.27,-2.7551,3255540.42,3102432.853,-0.027551020408163374,-0.0279376680104156,9.766,11.008500000000002,11.126333333333333,0.6106330983641368
2022-05-13,601899.SH,9.49,9.57,9.33,9.53,9.53,0.0,0.0,2548052.21,2407824.478,0.0,0.0,9.658000000000001,10.901,11.100833333333332,0.6106330983641368
2022-05-16,601899.SH,9.58,9.7,9.5,9.7,9.53,0.17,1.7838,2364988.68,2272664.4,0.01783840503672618,0.017681167843226445,9.638,10.7595,11.078166666666668,0.5395594931020075
2022-05-17,601899.SH,9.78,9.98,9.7,9.97,9.7,0.27,2.7835,3095362.67,3051618.199,0.027835051546391876,0.027454698464409944,9.706,10.620999999999999,11.062666666666667,0.5487875561486606
2022-05-18,601899.SH,10.0,10.02,9.72,9.79,9.97,-0.18,-1.8054,2346618.22,2299470.935,-0.0180541624874625,-0.01821912743132806,9.703999999999999,10.504,11.043666666666667,0.5326174250306197
2022-05-19,601899.SH,9.54,9.76,9.49,9.72,9.79,-0.07,-0.715,1707737.58,1643521.787,-0.007150153217568844,-0.007175838070071202,9.742,10.389,11.017833333333332,0.5327111859550516
2022-05-20,601899.SH,9.84,10.07,9.79,10.02,9.72,0.3,3.0864,3037676.11,3019357.094,0.030864197530864113,0.030397477184370948,9.84,10.290000000000001,10.997666666666667,0.5516582045388694
2022-05-23,601899.SH,10.1,10.1,9.9,10.01,10.02,-0.01,-0.0998,2088174.22,2084720.614,-0.0009980039920159944,-0.0009985023295895493,9.902000000000001,10.2185,10.979166666666666,0.5331473464143399
2022-05-24,601899.SH,10.01,10.15,9.7,9.71,10.01,-0.3,-2.997,2497695.82,2479398.276,-0.029970029970029843,-0.030428311023895545,9.85,10.1535,10.954333333333333,0.5278425407371679
2022-05-25,601899.SH,9.79,9.93,9.71,9.9,9.71,0.19,1.9567,1875394.49,1846276.082,0.019567456230690006,0.019378474837310696,9.872,10.082,10.937333333333333,0.5205648911650718
2022-05-26,601899.SH,9.95,9.95,9.67,9.86,9.9,-0.04,-0.404,1916656.41,1883151.816,-0.0040404040404041774,-0.0040485885260003315,9.9,10.044,10.918333333333331,0.47591597426987053
2022-05-27,601899.SH,9.96,10.05,9.84,9.93,9.86,0.07,0.7099,2010108.76,2001030.771,0.007099391480730244,0.007074309442537196,9.882000000000001,10.0285,10.901333333333334,0.4611851787809964
2022-05-30,601899.SH,9.99,10.25,9.96,10.11,9.93,0.18,1.8127,2655276.15,2685567.615,0.01812688821752273,0.017964554975298894,9.902000000000001,9.989500000000001,10.882833333333334,0.4011009027394547
2022-05-31,601899.SH,10.08,10.09,9.95,10.06,10.11,-0.05,-0.4946,1765270.91,1768943.484,-0.004945598417408381,-0.004957868360786774,9.972,9.9525,10.864666666666666,0.40073997157824315
2022-06-01,601899.SH,10.05,10.05,9.75,9.86,10.06,-0.2,-1.9881,2499209.59,2463645.753,-0.01988071570576555,-0.020080996057049244,9.963999999999999,9.892,10.839,0.39033120618108547
2022-06-02,601899.SH,9.8,9.87,9.73,9.87,9.86,0.01,0.1014,1444212.19,1415939.292,0.0010141987829614951,0.001013684830846201,9.966,9.8435,10.805666666666667,0.3866506012361297
2022-06-06,601899.SH,9.96,10.42,9.96,10.4,9.87,0.53,5.3698,4335294.09,4432067.127,0.05369807497467094,0.05230595270193698,10.059999999999999,9.860000000000001,10.786,0.35358965392105146
2022-06-07,601899.SH,10.43,10.47,10.24,10.3,10.4,-0.1,-0.9615,2199496.51,2271053.068,-0.009615384615384581,-0.009661910911736859,10.097999999999999,9.885,10.7605,0.3401149405645586
2022-06-08,601899.SH,10.36,10.4,10.13,10.34,10.3,0.04,0.3883,2364589.6,2428922.945,0.003883495145631022,0.0038759738446929397,10.154,9.9205,10.742666666666667,0.33175831973062525
2022-06-09,601899.SH,10.29,10.39,10.16,10.28,10.34,-0.06,-0.5803,1799587.73,1846670.09,-0.005802707930367523,-0.0058196090532640415,10.238,9.9445,10.726166666666668,0.32917619295114875
2022-06-10,601899.SH,9.97,10.19,9.81,10.19,10.08,0.11,1.0913,2296790.22,2310513.744,-0.008754863813229541,-0.008793412792385573,10.302,9.9775,10.713,0.31269382458823736
2022-06-13,601899.SH,10.01,10.18,10.0,10.12,10.19,-0.07,-0.6869,2153131.76,2169588.378,-0.006869479882237517,-0.006893183375313989,10.245999999999999,10.007,10.698666666666666,0.31466857401480125
2022-06-14,601899.SH,9.9,10.01,9.66,10.01,10.12,-0.11,-1.087,3179683.67,3128768.224,-0.010869565217391242,-0.010929070532190206,10.187999999999999,10.022499999999999,10.691333333333334,0.31344426009766196
2022-06-15,601899.SH,9.96,10.14,9.88,9.98,10.01,-0.03,-0.2997,3153373.58,3157966.822,-0.0029970029970028955,-0.0030015030037565085,10.116,10.023,10.6985,0.29815557919992547
2022-06-16,601899.SH,10.06,10.08,9.87,9.9,9.98,-0.08,-0.8016,2292917.36,2279252.465,-0.008016032064128265,-0.008048333182828372,10.04,10.028500000000001,10.694833333333332,0.29206452606005034
2022-06-17,601899.SH,9.8,9.92,9.75,9.88,9.9,-0.02,-0.202,2586040.68,2542694.43,-0.002020202020201922,-0.002022245380767698,9.978,10.0365,10.687833333333334,0.29079665816874767
2022-06-20,601899.SH,9.8,9.8,9.5,9.59,9.88,-0.29,-2.9352,4794552.1,4598757.986,-0.029352226720647856,-0.02979162286442968,9.872,10.015,10.6705,0.2872382476815752
2022-06-21,601899.SH,9.58,9.58,9.35,9.43,9.59,-0.16,-1.6684,3176651.63,3000754.546,-0.016684045881126153,-0.016824792249980704,9.756,9.986,10.644333333333332,0.29184531810977715
2022-06-22,601899.SH,9.45,9.49,9.21,9.25,9.43,-0.18,-1.9088,3431572.87,3208317.441,-0.019088016967126142,-0.01927254512103225,9.61,9.963,10.610166666666665,0.28076512293174494
2022-06-23,601899.SH,9.2,9.3,9.16,9.3,9.25,0.05,0.5405,2609653.42,2408480.087,0.005405405405405572,0.005390848634876593,9.49,9.933,10.576166666666667,0.27046217479371887
2022-06-24,601899.SH,9.15,9.25,9.11,9.2,9.3,-0.1,-1.0753,3539978.9,3244752.969,-0.010752688172043112,-0.01081091610421573,9.354,9.9,10.534333333333333,0.27185532301623294
2022-06-27,601899.SH,9.2,9.45,9.14,9.29,9.2,0.09,0.9783,4518057.47,4193503.714,0.009782608695652062,0.009735068770752413,9.294,9.868,10.497166666666667,0.2733819974525019
2022-06-28,601899.SH,9.29,9.37,9.19,9.36,9.29,0.07,0.7535,3230939.94,2992813.021,0.00753498385360607,0.0075067376637535715,9.280000000000001,9.830499999999999,10.4605,0.2648827691149315
2022-06-29,601899.SH,9.29,9.33,9.16,9.2,9.36,-0.16,-1.7094,2928234.13,2699892.436,-0.017094017094017144,-0.017241806434506103,9.27,9.7875,10.420666666666667,0.26910690243877183
2022-06-30,601899.SH,9.3,9.38,9.26,9.33,9.2,0.13,1.413,2726171.93,2541356.556,0.01413043478260878,0.014031530804257916,9.276,9.761,10.385166666666667,0.27010826874016014
2022-07-01,601899.SH,9.33,9.54,9.23,9.47,9.33,0.14,1.5005,3205595.25,3014432.917,0.015005359056806,0.014893892338734416,9.329999999999998,9.741,10.354000000000001,0.2770829795493485
2022-07-04,601899.SH,9.4,9.41,9.29,9.36,9.47,-0.11,-1.1616,2614843.38,2444003.448,-0.011615628299894487,-0.011683616708486281,9.344,9.689,10.319166666666668,0.18481991467437336
2022-07-05,601899.SH,9.36,9.43,9.3,9.35,9.36,-0.01,-0.1068,2579589.04,2412338.376,-0.0010683760683760646,-0.0010689471889050444,9.342,9.6415,10.281666666666666,0.18459524286056042
2022-07-06,601899.SH,9.17,9.18,8.97,9.04,9.35,-0.31,-3.3155,5085601.6,4602822.385,-0.03315508021390379,-0.033717168896510545,9.309999999999999,9.5765,10.240166666666669,0.20704224558625292
2022-07-07,601899.SH,8.99,9.15,8.89,9.04,9.04,0.0,0.0,2351149.55,2123322.09,0.0,0.0,9.251999999999999,9.5145,10.191666666666666,0.20836419515514326
2022-07-08,601899.SH,9.17,9.17,9.05,9.07,9.04,0.03,0.3319,1796423.61,1633880.54,0.0033185840707965486,0.0033130897229601943,9.171999999999999,9.4585,10.148166666666668,0.2108880578927051
2022-07-11,601899.SH,9.15,9.15,9.0,9.05,9.07,-0.02,-0.2205,1994783.83,1803916.658,-0.0022050716648290836,-0.002207506415210458,9.110000000000001,9.405,10.104333333333333,0.21120064779805636
2022-07-12,601899.SH,9.0,9.04,8.92,8.92,9.05,-0.13,-1.4365,1852813.18,1660716.715,-0.01436464088397793,-0.014468811119916774,9.024000000000001,9.3505,10.044166666666666,0.21274081067006057
2022-07-13,601899.SH,8.85,8.85,8.7,8.75,8.92,-0.17,-1.9058,2677672.24,2340864.173,-0.01905829596412556,-0.019242246222394947,8.966,9.289,9.977666666666666,0.21765498384553708
2022-07-14,601899.SH,8.71,8.76,8.58,8.62,8.75,-0.13,-1.4857,3157754.9,2727699.056,-0.014857142857142902,-0.014968615693921378,8.882000000000001,9.224999999999998,9.919166666666666,0.21964715955779135
2022-07-15,601899.SH,8.52,8.62,8.36,8.37,8.62,-0.25,-2.9002,3237541.01,2745245.734,-0.029002320185614883,-0.02943120017421781,8.742,9.1495,9.858333333333333,0.23236199545484915
2022-07-18,601899.SH,8.44,8.87,8.4,8.87,8.37,0.5,5.9737,4284265.81,3726491.163,0.05973715651135003,0.058020911820104146,8.706,9.113499999999998,9.806166666666666,0.3223446696733358
2022-07-19,601899.SH,8.87,8.87,8.68,8.74,8.87,-0.13,-1.4656,2200734.38,1924439.108,-0.01465614430665152,-0.014764606654043914,8.67,9.079,9.761166666666666,0.32134022048613003
2022-07-20,601899.SH,8.78,8.84,8.73,8.79,8.74,0.05,0.5721,1633514.05,1435042.516,0.005720823798626817,0.005704522029641353,8.677999999999999,9.056000000000001,9.724166666666665,0.3175251134243326
2022-07-21,601899.SH,8.71,8.78,8.65,8.67,8.79,-0.12,-1.3652,1551758.07,1349429.662,-0.013651877133105672,-0.013745920904635014,8.687999999999999,9.0245,9.679833333333335,0.31854803792501557
2022-07-22,601899.SH,8.72,8.79,8.58,8.67,8.67,0.0,0.0,1535634.69,1334206.106,0.0,0.0,8.748,8.998000000000001,9.647333333333334,0.31750201313493837
2022-07-25,601899.SH,8.67,8.78,8.67,8.71,8.67,0.04,0.4614,1298781.62,1132469.243,0.0046136101499423265,0.00460300007196094,8.716,8.969,9.621833333333335,0.31531311618359353
2022-07-26,601899.SH,8.74,8.92,8.71,8.91,8.71,0.2,2.2962,2219522.73,1961061.012,0.02296211251435132,0.022702450618306513,8.75,8.9465,9.588833333333334,0.32671999168872773
2022-07-27,601899.SH,8.88,8.89,8.76,8.81,8.91,-0.1,-1.1223,1272749.86,1121337.242,-0.011223344556677839,-0.01128680153462975,8.754000000000001,8.927000000000001,9.555666666666667,0.32383709364753405
2022-07-28,601899.SH,8.94,9.15,8.92,8.97,8.81,0.16,1.8161,2540463.26,2292741.283,0.018161180476730987,0.01799823612261661,8.814,8.909,9.520666666666667,0.32679731481437974
2022-07-29,601899.SH,9.06,9.07,8.9,8.93,8.97,-0.04,-0.4459,1782303.01,1598540.209,-0.004459308807134965,-0.004469281182297143,8.866000000000001,8.882,9.488833333333334,0.32079636532765554
2022-08-01,601899.SH,8.94,8.95,8.78,8.84,8.93,-0.09,-1.0078,1492920.11,1320113.51,-0.01007838745800671,-0.010129518238855603,8.892000000000001,8.855999999999998,9.468333333333332,0.32027826398542847
2022-08-02,601899.SH,8.73,8.73,8.51,8.6,8.84,-0.24,-2.7149,2015349.63,1732095.559,-0.02714932126696834,-0.027524673390090033,8.83,8.8185,9.448333333333332,0.3317309869722472
2022-08-03,601899.SH,8.56,8.7,8.47,8.49,8.6,-0.11,-1.2791,1571313.79,1349486.969,-0.012790697674418539,-0.012873202936206033,8.766,8.791,9.429333333333334,0.31544223325963067
2022-08-04,601899.SH,8.54,8.62,8.47,8.55,8.49,0.06,0.7067,1338395.73,1142769.901,0.007067137809187329,0.007042282625412951,8.681999999999999,8.7665,9.4085,0.31731051985802056
2022-08-05,601899.SH,8.64,8.85,8.62,8.82,8.55,0.27,3.1579,2523222.05,2211241.248,0.03157894736842093,0.031090587070030967,8.66,8.754,9.396666666666667,0.33938563470522926
2022-08-08,601899.SH,8.8,8.81,8.69,8.72,8.82,-0.1,-1.1338,1898774.19,1658915.408,-0.0113378684807256,-0.011402632097811649,8.636,8.7375,9.383166666666666,0.3412934361721172
2022-08-09,601899.SH,8.73,8.83,8.68,8.79,8.72,0.07,0.8028,1756224.93,1541435.749,0.008027522935779574,0.007995473776197129,8.674000000000001,8.730999999999998,9.367999999999999,0.3394707870249501
2022-08-10,601899.SH,8.8,8.98,8.8,8.84,8.79,0.05,0.5688,2228111.35,1979075.743,0.005688282138794243,0.0056721649524665955,8.744,8.735499999999998,9.349166666666667,0.33284718425996684
2022-08-11,601899.SH,8.88,9.03,8.86,9.03,8.84,0.19,2.1493,2781147.9,2499603.733,0.02149321266968318,0.02126549077934191,8.84,8.756,9.3365,0.33528869721830296
2022-08-12,601899.SH,9.06,9.2,8.96,9.19,9.03,0.16,1.7719,3098727.81,2829691.553,0.017718715393133966,0.017563568938701597,8.913999999999998,8.797,9.327666666666667,0.3175485398410526
2022-08-15,601899.SH,9.2,9.32,9.01,9.04,9.19,-0.15,-1.6322,3018555.01,2746398.444,-0.016322089227421177,-0.016456761963510622,8.977999999999998,8.8055,9.311333333333332,0.251061677624034
2022-08-16,601899.SH,9.0,9.05,8.9,9.03,9.04,-0.01,-0.1106,1810312.89,1626300.936,-0.0011061946902655162,-0.0011068069751911064,9.026,8.819999999999999,9.294999999999998,0.24432266007086978
2022-08-17,601899.SH,9.04,9.05,8.9,9.02,9.03,-0.01,-0.1107,1488299.74,1335608.81,-0.001107419712070845,-0.001108033354361733,9.062000000000001,8.8315,9.2835,0.24405125548781492
2022-08-18,601899.SH,8.95,8.96,8.87,8.89,9.02,-0.13,-1.4412,1461353.36,1300705.725,-0.014412416851441123,-0.01451728454871896,9.034,8.842500000000001,9.266666666666667,0.244687657409943
2022-08-19,601899.SH,8.9,8.94,8.84,8.84,8.89,-0.05,-0.5624,1309137.31,1162745.914,-0.0056242969628796935,-0.005640172876261197,8.964,8.850999999999999,9.249666666666666,0.2459155249592768
2022-08-22,601899.SH,8.89,9.12,8.81,9.05,8.84,0.21,2.3756,2216486.99,1991513.76,0.023755656108597423,0.02347788106228282,8.966,8.867999999999999,9.235000000000001,0.25861755985109997
2022-08-23,601899.SH,9.0,9.05,8.93,9.0,9.05,-0.05,-0.5525,1346529.97,1209587.047,-0.005524861878453136,-0.005540180375615468,8.959999999999999,8.872499999999999,9.2165,0.24758779536123332
2022-08-24,601899.SH,9.04,9.15,8.86,8.88,9.0,-0.12,-1.3333,1875311.29,1683780.46,-0.013333333333333197,-0.013423020332140548,8.932,8.876,9.196833333333334,0.24903525753928946
2022-08-25,601899.SH,8.9,9.15,8.87,9.13,8.88,0.25,2.8153,3130892.12,2833849.667,0.028153153153153143,0.027764137602798392,8.98,8.884,9.184666666666667,0.2606806428382699
2022-08-26,601899.SH,9.18,9.25,9.12,9.15,9.13,0.02,0.2191,2495394.1,2292597.166,0.0021905805038333614,0.0021881846805526933,9.042,8.895,9.172666666666666,0.25989707803009604
2022-08-29,601899.SH,9.0,9.04,8.91,9.02,9.15,-0.13,-1.4208,1462731.41,1312418.178,-0.014207650273224126,-0.014309545212897741,9.036,8.904,9.149666666666667,0.26270231684170114
2022-08-30,601899.SH,8.99,9.02,8.86,8.9,9.02,-0.12,-1.3304,1409103.96,1255657.539,-0.013303769401330268,-0.013393057336438025,9.016000000000002,8.919,9.126333333333331,0.24706040999905057
2022-08-31,601899.SH,8.82,8.91,8.76,8.8,8.9,-0.1,-1.1236,1856119.9,1636196.523,-0.011235955056179692,-0.011299555253933282,9.0,8.9345,9.100666666666667,0.24589899748722996
2022-09-01,601899.SH,8.75,8.75,8.65,8.65,8.8,-0.15,-1.7045,1553012.12,1350126.563,-0.017045454545454586,-0.017192400540372875,8.904,8.939499999999999,9.0735,0.2539531634603735
2022-09-02,601899.SH,8.62,8.65,8.5,8.52,8.65,-0.13,-1.5029,1566369.62,1337387.726,-0.015028901734104094,-0.015142980102563638,8.778,8.9245,9.045666666666667,0.2317091745938736
2022-09-05,601899.SH,8.52,8.6,8.46,8.59,8.52,0.07,0.8216,1221012.0,1041474.67,0.008215962441314506,0.008182395154939593,8.692,8.918000000000001,9.020166666666666,0.2312367583925731
2022-09-06,601899.SH,8.62,8.85,8.61,8.84,8.59,0.25,2.9104,1841903.65,1615313.308,0.029103608847497187,0.028688140653388157,8.68,8.9205,9.000666666666667,0.25282204312546136
2022-09-07,601899.SH,8.8,9.01,8.76,8.94,8.84,0.1,1.1312,1922969.3,1718685.72,0.011312217194570096,0.011248712535870667,8.707999999999998,8.925500000000001,8.983333333333333,0.25515862893753566
2022-09-08,601899.SH,9.0,9.11,8.9,9.06,8.94,0.12,1.3423,2997282.12,2706525.435,0.013422818791946511,0.013333530869465388,8.79,8.927000000000001,8.969333333333335,0.24793528218791427
2022-09-09,601899.SH,9.15,9.28,9.13,9.19,9.06,0.13,1.4349,3149438.45,2900753.761,0.014348785871964642,0.014246816312707683,8.924000000000001,8.927000000000001,8.957833333333333,0.24506368097685347
2022-09-13,601899.SH,9.22,9.38,9.21,9.29,9.19,0.1,1.0881,2964549.08,2763159.611,0.01088139281828071,0.010822616458151439,9.063999999999998,8.939499999999999,8.952833333333333,0.2398358379310718
2022-09-14,601899.SH,9.04,9.14,9.0,9.0,9.29,-0.29,-3.1216,2289103.43,2071126.085,-0.031216361679224924,-0.031713975489527715,9.096,8.937999999999999,8.945666666666666,0.2664666185373649
2022-09-15,601899.SH,9.05,9.08,8.9,8.95,9.0,-0.05,-0.5556,1677908.49,1504989.789,-0.005555555555555647,-0.005571045049455472,9.098,8.9345,8.940666666666667,0.26717140018454993
2022-09-16,601899.SH,8.9,8.92,8.6,8.68,8.95,-0.27,-3.0168,2639633.27,2296926.01,-0.03016759776536304,-0.03063200361450511,9.022,8.924,8.930333333333332,0.28359279796592757
2022-09-19,601899.SH,8.72,8.75,8.57,8.62,8.68,-0.06,-0.6912,1288440.15,1112612.021,-0.00691244239631339,-0.0069364439966570985,8.908,8.913,8.920666666666667,0.2839054860413091
2022-09-20,601899.SH,8.69,8.78,8.64,8.7,8.62,0.08,0.9281,1093191.4,951318.825,0.009280742459396807,0.00923794098493636,8.790000000000001,8.8955,8.910833333333333,0.2714696125596865
2022-09-21,601899.SH,8.65,8.74,8.57,8.71,8.7,0.01,0.1149,1023117.98,885932.15,0.0011494252873565092,0.0011487652038735803,8.732000000000001,8.881,8.9,0.271298871584416
2022-09-22,601899.SH,8.61,8.75,8.59,8.65,8.71,-0.06,-0.6889,986766.66,855080.781,-0.006888633754305484,-0.006912469920623563,8.672,8.8695,8.890833333333335,0.2685200349052314
2022-09-23,601899.SH,8.65,8.69,8.5,8.53,8.65,-0.12,-1.3873,1397004.34,1196553.872,-0.0138728323699423,-0.013969959440200309,8.642,8.8395,8.8775,0.24831804694936824
2022-09-26,601899.SH,8.37,8.37,7.68,7.82,8.53,-0.71,-8.3236,5241568.43,4173459.493,-0.08323563892145358,-0.08690480694636792,8.482000000000001,8.773,8.85,0.37579716285497144
2022-09-27,601899.SH,7.71,7.88,7.61,7.85,7.82,0.03,0.3836,2480762.88,1915560.658,0.0038363171355497716,0.0038289772370972515,8.312000000000001,8.7145,8.824833333333332,0.3770122029366423
2022-09-28,601899.SH,7.78,7.78,7.46,7.48,7.85,-0.37,-4.7134,2340171.5,1776402.158,-0.04713375796178332,-0.04828073980793106,8.065999999999999,8.6435,8.793666666666667,0.4031543703832176
2022-09-29,601899.SH,7.65,7.82,7.65,7.7,7.48,0.22,2.9412,2344631.11,1810164.271,0.02941176470588225,0.028987536873252187,7.876,8.5885,8.771333333333333,0.4245303072643997
2022-09-30,601899.SH,7.78,7.92,7.73,7.84,7.7,0.14,1.8182,1988575.12,1560820.484,0.018181818181818077,0.018018505502678212,7.7379999999999995,8.548,8.751333333333333,0.43107470145718074
2022-10-10,601899.SH,7.9,7.92,7.76,7.77,7.84,-0.07,-0.8929,1624692.24,1273717.134,-0.008928571428571508,-0.008968669982760488,7.728,8.510499999999999,8.729666666666667,0.4296481460807093
2022-10-11,601899.SH,7.81,7.89,7.69,7.88,7.77,0.11,1.4157,1397935.07,1091160.14,0.014157014157014203,0.01405773949023173,7.734,8.475,8.710166666666668,0.43244072908705083
2022-10-12,601899.SH,7.85,8.0,7.73,7.99,7.88,0.11,1.3959,1752113.17,1381748.033,0.013959390862944288,0.013862855908395665,7.836,8.4325,8.694666666666668,0.42026177553042376
2022-10-13,601899.SH,8.0,8.0,7.81,7.84,7.99,-0.15,-1.8773,1412757.14,1111742.25,-0.018773466833541974,-0.018951925415866867,7.864,8.3775,8.679499999999999,0.4186254778750984
2022-10-14,601899.SH,7.89,8.01,7.83,7.96,7.84,0.12,1.5306,1727548.24,1369600.345,0.015306122448979664,0.015190165493975238,7.888,8.3225,8.6685,0.4198480897163092
2022-10-17,601899.SH,7.88,8.06,7.83,8.05,7.96,0.09,1.1307,1460747.07,1163808.127,0.011306532663316604,0.011243091574180377,7.944,8.2655,8.663166666666665,0.41801689991369606
2022-10-18,601899.SH,8.06,8.13,7.98,8.0,8.05,-0.05,-0.6211,1018323.05,817813.804,-0.006211180124223725,-0.0062305497506361975,7.968000000000001,8.200999999999999,8.648666666666667,0.4130944336145364
2022-10-19,601899.SH,8.0,8.07,7.91,7.92,8.0,-0.08,-1.0,1068457.57,853614.143,-0.010000000000000009,-0.01005033585350145,7.954000000000001,8.147,8.635,0.40342885695138225
2022-10-20,601899.SH,7.85,7.92,7.76,7.85,7.92,-0.07,-0.8838,1071251.51,839114.788,-0.008838383838383868,-0.008877674032017453,7.956,8.092,8.619333333333334,0.4035432829257322
2022-10-21,601899.SH,7.93,8.02,7.88,7.93,7.85,0.08,1.0191,1363865.0,1085643.735,0.010191082802547768,0.01013950385243955,7.95,8.0545,8.607000000000001,0.3971541473211284
2022-10-24,601899.SH,8.02,8.18,7.93,7.94,7.93,0.01,0.1261,2650773.69,2136077.72,0.0012610340479193294,0.0012602396122877732,7.928,8.0205,8.594833333333334,0.3974735682336615
2022-10-25,601899.SH,7.91,8.0,7.74,7.9,7.94,-0.04,-0.5038,1684840.44,1323691.773,-0.005037783375314908,-0.0050505157860685915,7.9079999999999995,7.980500000000001,8.581333333333333,0.39446572612981745
2022-10-26,601899.SH,7.9,7.99,7.86,7.94,7.9,0.04,0.5063,1463937.08,1160710.322,0.005063291139240533,0.0050505157860685716,7.912000000000001,7.942,8.565166666666666,0.39545363233127284
2022-10-27,601899.SH,8.1,8.37,8.07,8.23,7.94,0.29,3.6524,3429770.68,2834782.717,0.03652392947103267,0.03587273942993401,7.9879999999999995,7.920999999999999,8.5555,0.4209077382326285
2022-10-28,601899.SH,8.16,8.29,8.07,8.1,8.23,-0.13,-1.5796,1732118.06,1412906.073,-0.015795868772782606,-0.015921953010585466,8.022,7.899499999999999,8.540999999999999,0.42167326111579867
2022-10-31,601899.SH,7.99,8.03,7.8,7.92,8.1,-0.18,-2.2222,1713050.82,1354289.749,-0.022222222222222143,-0.022472855852058514,8.018,7.9045000000000005,8.524166666666668,0.3059766950897559
2022-11-01,601899.SH,7.95,8.2,7.88,8.2,7.92,0.28,3.5354,2189227.97,1770733.297,0.03535353535353525,0.03474294844387284,8.078,7.922,8.5135,0.32964448011675573
2022-11-02,601899.SH,8.22,8.33,8.13,8.26,8.2,0.06,0.7317,1735093.92,1427937.948,0.007317073170731714,0.007290433262679274,8.142,7.961,8.507833333333332,0.27293565167820727
2022-11-03,601899.SH,8.12,8.2,8.06,8.14,8.26,-0.12,-1.4528,1422635.56,1155433.093,-0.014527845036319542,-0.014634407518437696,8.124,7.983,8.502,0.26551262099197187
2022-11-04,601899.SH,8.14,8.44,8.11,8.36,8.14,0.22,2.7027,2931364.08,2437913.505,0.027027027027026973,0.026668247082161273,8.176,8.009,8.498833333333334,0.27397989535366
2022-11-07,601899.SH,8.77,9.2,8.77,9.09,8.36,0.73,8.7321,7426995.94,6724140.753,0.08732057416267947,0.08371648109277725,8.41,8.075,8.503333333333334,0.4005303467863887
2022-11-08,601899.SH,8.92,9.19,8.86,9.06,9.09,-0.03,-0.33,3636577.32,3287347.462,-0.0033003300330032292,-0.003305788134499433,8.581999999999999,8.133999999999999,8.508999999999999,0.4018601664079808
2022-11-09,601899.SH,9.35,9.53,9.28,9.29,9.06,0.23,2.5386,5361016.97,5033796.065,0.02538631346578346,0.02506943277085899,8.788,8.199000000000002,8.517333333333333,0.40639459005490597
2022-11-10,601899.SH,9.18,9.27,9.03,9.15,9.29,-0.14,-1.507,2139627.17,1962404.19,-0.015069967707211918,-0.015184673538317062,8.989999999999998,8.2645,8.522499999999999,0.40337596908902734
2022-11-11,601899.SH,9.9,10.05,9.75,9.92,9.15,0.77,8.4153,8208130.76,8124031.232,0.08415300546448079,0.0807990420093514,9.302,8.3625,8.537333333333333,0.48547040922459994
2022-11-14,601899.SH,10.04,10.07,9.76,9.97,9.92,0.05,0.504,4592543.63,4560365.86,0.00504032258064524,0.005027662676965616,9.478,8.458499999999999,8.550333333333333,0.4860119212082009
2022-11-15,601899.SH,9.85,10.02,9.72,9.92,9.97,-0.05,-0.5015,2963188.68,2939302.033,-0.005015045135406293,-0.005027662676965612,9.65,8.5545,8.565,0.48546241445553684
2022-11-16,601899.SH,9.93,10.03,9.83,9.99,9.92,0.07,0.7056,2496772.41,2485077.111,0.007056451612903247,0.007031671363680747,9.790000000000001,8.658,8.581,0.4793003014983355
2022-11-17,601899.SH,9.89,10.01,9.62,9.77,9.99,-0.22,-2.2022,3475114.55,3402574.37,-0.02202202202202208,-0.02226812660577084,9.914,8.754000000000001,8.5935,0.4891208502751403
2022-11-18,601899.SH,9.72,9.78,9.6,9.64,9.77,-0.13,-1.3306,2221528.82,2146534.024,-0.013306038894575156,-0.013395357432237052,9.858,8.8395,8.606,0.49696202584212074
2022-11-21,601899.SH,9.45,9.45,9.19,9.42,9.64,-0.22,-2.2822,2756485.74,2570803.938,-0.022821576763485507,-0.023086020034182586,9.748000000000001,8.9135,8.615666666666666,0.5099292339100009
2022-11-22,601899.SH,9.4,9.69,9.4,9.53,9.42,0.11,1.1677,1793313.03,1709668.114,0.011677282377919207,0.011609629077838942,9.67,8.995000000000001,8.623666666666669,0.5072465751764829
2022-11-23,601899.SH,9.59,9.75,9.53,9.55,9.53,0.02,0.2099,1556100.9,1500526.682,0.0020986358866736943,0.0020964368265281672,9.581999999999999,9.0755,8.632833333333334,0.5077298097823651
2022-11-24,601899.SH,9.7,9.8,9.65,9.74,9.55,0.19,1.9895,1719610.26,1676111.049,0.019895287958115127,0.019699963161804796,9.576,9.151,8.647166666666667,0.49946063152523396
2022-11-25,601899.SH,9.66,9.9,9.65,9.79,9.74,0.05,0.5133,1733000.51,1702461.843,0.005133470225872516,0.0051203388879751096,9.606,9.2355,8.658166666666666,0.49118508994843224
2022-11-28,601899.SH,9.6,9.62,9.41,9.58,9.79,-0.21,-2.145,1631938.3,1556102.205,-0.021450459652706755,-0.021683864559649747,9.638,9.3185,8.665333333333333,0.4905216499102185
2022-11-29,601899.SH,9.6,9.91,9.56,9.87,9.58,0.29,3.0271,2081507.33,2037945.872,0.030271398747390377,0.02982226146262102,9.706,9.402000000000001,8.679499999999999,0.487358839005397
2022-11-30,601899.SH,9.83,9.89,9.74,9.83,9.87,-0.04,-0.4053,1470981.32,1440760.816,-0.00405268490374866,-0.0040609192863149575,9.762,9.4805,8.694999999999999,0.4897746067363067
2022-12-01,601899.SH,10.2,10.4,10.14,10.3,9.83,0.47,4.7813,4328237.98,4452176.977,0.047812817904374416,0.04670496107651495,9.873999999999999,9.5885,8.72,0.49965103134579353
2022-12-02,601899.SH,10.32,10.39,10.07,10.11,10.3,-0.19,-1.8447,2270358.25,2314858.444,-0.018446601941747742,-0.018618862203210212,9.937999999999999,9.675999999999998,8.744333333333335,0.5078697139190306
2022-12-05,601899.SH,10.23,10.56,10.14,10.45,10.11,0.34,3.363,2880481.96,2987498.58,0.03363006923837775,0.033076945378439866,10.112,9.744000000000002,8.776499999999999,0.42913652014717535
2022-12-06,601899.SH,10.28,10.49,10.26,10.41,10.45,-0.04,-0.3828,1724104.59,1790673.374,-0.00382775119617218,-0.003835095783942426,10.219999999999999,9.8115,8.806833333333335,0.4293139074878995
2022-12-07,601899.SH,10.35,10.4,10.18,10.27,10.41,-0.14,-1.3449,1630430.69,1673195.622,-0.01344860710854956,-0.013539858686410743,10.308,9.860499999999998,8.830666666666668,0.42975449625605744
2022-12-08,601899.SH,10.27,10.43,10.23,10.32,10.27,0.05,0.4869,948303.04,978948.853,0.004868549172346803,0.004856736112949974,10.312000000000001,9.919,8.853666666666665,0.42295368028227476
2022-12-09,601899.SH,10.36,10.65,10.34,10.61,10.32,0.29,2.8101,2345094.93,2467591.513,0.028100775193798277,0.027713192572474926,10.412,9.9535,8.8795,0.32064524287848234
2022-12-12,601899.SH,10.46,10.55,10.3,10.33,10.61,-0.28,-2.639,1665520.27,1725703.648,-0.026390197926484338,-0.026744669494344474,10.388,9.9715,8.8985,0.33767764651864857
2022-12-13,601899.SH,10.25,10.43,10.23,10.34,10.33,0.01,0.0968,1066405.64,1102630.965,0.0009680542110357404,0.0009675859487358161,10.374,9.992500000000001,8.916,0.3366983234702169
2022-12-14,601899.SH,10.51,10.61,10.42,10.47,10.34,0.13,1.2573,1302564.1,1369480.468,0.012572533849129597,0.012494155802162418,10.414,10.0165,8.940499999999998,0.3383001118854253
2022-12-15,601899.SH,10.4,10.55,10.18,10.26,10.47,-0.21,-2.0057,1452973.24,1492625.711,-0.02005730659025795,-0.020261185139822082,10.402,10.041,8.962333333333333,0.33647333641396077
2022-12-16,601899.SH,10.12,10.37,10.1,10.3,10.26,0.04,0.3899,1183041.67,1214876.713,0.003898635477582957,0.0038910554929667217,10.34,10.074000000000002,8.989333333333333,0.331144618806288
2022-12-19,601899.SH,10.38,10.44,9.97,10.06,10.3,-0.24,-2.3301,1393210.31,1411591.503,-0.023300970873786464,-0.023576730563996996,10.286,10.105999999999998,9.013333333333332,0.33165441209563395
2022-12-20,601899.SH,10.0,10.08,9.79,9.9,10.06,-0.16,-1.5905,1338980.26,1329192.817,-0.015904572564612307,-0.016032407531048887,10.198000000000002,10.1245,9.033333333333333,0.3370394922222045
2022-12-21,601899.SH,10.05,10.15,9.94,9.97,9.9,0.07,0.7071,790630.0,790609.469,0.007070707070707005,0.007045826833202654,10.098,10.1455,9.054333333333334,0.33749738240848864
2022-12-22,601899.SH,10.15,10.17,9.98,10.01,9.97,0.04,0.4012,881205.31,885366.768,0.004012036108324901,0.004004009353382181,10.048,10.159,9.077,0.3312071212967001
2022-12-23,601899.SH,9.86,9.98,9.77,9.9,10.01,-0.11,-1.0989,901104.3,891005.89,-0.01098901098901095,-0.011049836186584935,9.968,10.1645,9.099833333333331,0.33384221121029706
2022-12-26,601899.SH,9.95,9.96,9.74,9.78,9.9,-0.12,-1.2121,1127720.86,1105195.654,-0.0121212121212122,-0.012195273093818355,9.912,10.174499999999998,9.1325,0.3271836271965991
2022-12-27,601899.SH,9.88,10.07,9.85,10.05,9.78,0.27,2.7607,1151477.51,1153000.342,0.027607361963190247,0.027233150458358852,9.941999999999998,10.1835,9.169166666666666,0.3241705013147045
2022-12-28,601899.SH,10.0,10.01,9.88,10.0,10.05,-0.05,-0.4975,821677.68,818747.278,-0.004975124378109541,-0.004987541511039162,9.947999999999999,10.192,9.211166666666665,0.3243814406581505
2022-12-29,601899.SH,9.88,9.94,9.77,9.84,10.0,-0.16,-1.6,1336670.18,1316567.546,-0.016000000000000014,-0.016129381929883644,9.914,10.169,9.246833333333335,0.27817611556122734
2022-12-30,601899.SH,9.88,10.09,9.85,10.0,9.84,0.16,1.626,1329164.79,1330907.367,0.016260162601626105,0.016129381929883717,9.934000000000001,10.1635,9.282833333333334,0.27846678016625365
2023-01-03,601899.SH,9.96,10.59,9.88,10.53,10.0,0.53,5.3,2377423.69,2435849.225,0.052999999999999936,0.051643233151838386,10.084,10.1675,9.328833333333334,0.3158432331973258
2023-01-04,601899.SH,10.43,10.51,10.25,10.3,10.53,-0.23,-2.1842,1359563.69,1408808.665,-0.021842355175688333,-0.022084430910293867,10.134,10.161999999999999,9.369166666666667,0.3254937059093522
2023-01-05,601899.SH,10.43,10.5,10.33,10.39,10.3,0.09,0.8738,1623550.7,1689022.686,0.008737864077669855,0.00869990987554589,10.212,10.168000000000001,9.409166666666668,0.32315602021632733
2023-01-06,601899.SH,10.44,10.5,10.39,10.43,10.39,0.04,0.385,1054528.49,1103010.331,0.0038498556304138454,0.003842463901545039,10.33,10.1735,9.452333333333334,0.32300509865138843
2023-01-09,601899.SH,10.69,11.46,10.67,11.44,10.43,1.01,9.6836,3896776.61,4360584.308,0.09683604985618399,0.09242971693897067,10.618,10.215,9.510333333333334,0.4623589515812237
2023-01-10,601899.SH,11.44,11.52,11.28,11.41,11.44,-0.03,-0.2622,1872177.59,2133339.104,-0.002622377622377603,-0.00262582207766755,10.794,10.269,9.566333333333334,0.4490340368318766
2023-01-11,601899.SH,11.56,11.69,11.44,11.49,11.41,0.08,0.7011,1516482.73,1750771.199,0.007011393514460895,0.006986927986679939,11.032,10.326500000000001,9.624500000000001,0.448764171098209
2023-01-12,601899.SH,11.7,11.85,11.38,11.42,11.49,-0.07,-0.6092,1526780.23,1759625.009,-0.006092254134029584,-0.006110887632800149,11.238,10.373999999999999,9.682833333333333,0.44983605494885687
2023-01-13,601899.SH,11.59,11.77,11.45,11.55,11.42,0.13,1.1384,1413329.48,1633981.182,0.011383537653240072,0.011319232739938529,11.462,10.438500000000001,9.7445,0.44061806320517205
2023-01-16,601899.SH,11.65,11.77,11.4,11.51,11.55,-0.04,-0.3463,1921915.22,2219123.89,-0.0034632034632035014,-0.0034692142340113094,11.476,10.499,9.804166666666667,0.4419211919142012
2023-01-17,601899.SH,11.45,11.45,11.11,11.29,11.51,-0.22,-1.9114,1876828.89,2112958.787,-0.019113814074717683,-0.019298844572220673,11.452,10.560500000000001,9.860000000000001,0.43848529790489466
2023-01-18,601899.SH,11.39,11.52,11.33,11.39,11.29,0.1,0.8857,1313283.87,1499809.705,0.008857395925597977,0.008818399297520225,11.431999999999999,10.635000000000002,9.918166666666668,0.4307207435311986
2023-01-19,601899.SH,11.4,11.64,11.33,11.58,11.39,0.19,1.6681,1226011.26,1413433.218,0.01668129938542573,0.016543694685758333,11.463999999999999,10.7155,9.978833333333334,0.43198119126096834
2023-01-20,601899.SH,11.68,12.11,11.67,11.91,11.58,0.33,2.8497,2151675.23,2564227.695,0.02849740932642497,0.02809891122235965,11.536,10.8105,10.040166666666666,0.4377996306295236
2023-01-30,601899.SH,12.0,12.0,11.48,11.53,11.91,-0.38,-3.1906,3088073.06,3612459.462,-0.031905961376994196,-0.03242604908624115,11.540000000000001,10.892,10.097333333333333,0.45641411606878607
2023-01-31,601899.SH,11.53,11.93,11.45,11.79,11.53,0.26,2.255,2160488.32,2545545.791,0.02254986990459673,0.02229938026831193,11.64,10.992500000000001,10.161833333333334,0.4526894683594653
2023-02-01,601899.SH,11.87,12.32,11.85,12.27,11.79,0.48,4.0712,2588353.12,3145383.531,0.040712468193384366,0.03990554417354065,11.815999999999999,11.1035,10.229666666666668,0.4618387336225247
2023-02-02,601899.SH,12.26,12.27,11.99,12.07,12.27,-0.2,-1.63,1569913.18,1895266.868,-0.016299918500407462,-0.0164342236133799,11.914,11.206999999999999,10.293166666666666,0.468545818259204
2023-02-03,601899.SH,11.88,11.89,11.7,11.85,12.07,-0.22,-1.8227,1710950.72,2016425.554,-0.01822700911350461,-0.018395167528299998,11.902,11.307500000000001,10.354999999999999,0.47023914850686427
2023-02-06,601899.SH,11.5,11.51,11.21,11.39,11.85,-0.46,-3.8819,2572880.12,2919434.102,-0.03881856540084383,-0.03959209012204937,11.873999999999999,11.376999999999999,10.405499999999998,0.4998235908941504
2023-02-07,601899.SH,11.45,11.69,11.39,11.56,11.39,0.17,1.4925,1481976.86,1710761.767,0.014925373134328401,0.014815085785140682,11.828,11.4285,10.446666666666667,0.47076208931048474
2023-02-08,601899.SH,11.59,11.62,11.36,11.37,11.56,-0.19,-1.6436,1209708.51,1382747.239,-0.016435986159169635,-0.01657255548178683,11.648,11.482000000000001,10.485166666666666,0.4670373170641403
2023-02-09,601899.SH,11.3,11.42,11.24,11.4,11.37,0.03,0.2639,1133200.39,1285946.14,0.0026385224274407815,0.0026350476380052534,11.514,11.5325,10.520333333333333,0.46695286756765136
2023-02-10,601899.SH,11.3,11.34,11.13,11.19,11.4,-0.21,-1.8421,1312927.1,1469071.698,-0.018421052631579005,-0.01859283307661597,11.382,11.5705,10.554333333333334,0.4743442203716932
2023-02-13,601899.SH,11.02,11.36,11.02,11.3,11.19,0.11,0.983,1366356.04,1532458.257,0.009830205540661385,0.009782203394461099,11.364,11.5635,10.577333333333334,0.32553555612782825
2023-02-14,601899.SH,11.32,11.68,11.28,11.57,11.3,0.27,2.3894,1835538.3,2118339.622,0.023893805309734395,0.023612815487290207,11.366,11.5715,10.604000000000001,0.33657151722307094
2023-02-15,601899.SH,11.58,11.91,11.46,11.57,11.57,0.0,0.0,1688578.77,1963625.906,0.0,0.0,11.406,11.5755,10.631499999999999,0.33580508319448155
2023-02-16,601899.SH,11.55,11.57,11.18,11.27,11.57,-0.3,-2.5929,1332989.84,1518834.193,-0.025929127052722656,-0.026271213153900373,11.38,11.568000000000001,10.652833333333332,0.34817147553597577
2023-02-17,601899.SH,11.35,11.69,11.32,11.36,11.27,0.09,0.7986,1568397.95,1802517.625,0.007985803016858917,0.007954085241320357,11.414000000000001,11.558499999999999,10.679333333333334,0.34684851135502537
2023-02-20,601899.SH,11.41,11.7,11.38,11.69,11.36,0.33,2.9049,1689101.96,1960868.88,0.029049295774647987,0.02863536219097185,11.492,11.567499999999999,10.7135,0.3621538052208611
2023-02-21,601899.SH,11.75,12.24,11.72,12.13,11.69,0.44,3.7639,2633880.56,3178377.269,0.03763900769888795,0.036947947471981726,11.604,11.6095,10.758666666666667,0.3760623839639212
2023-02-22,601899.SH,12.03,12.18,11.9,11.95,12.13,-0.18,-1.4839,1443425.4,1735658.671,-0.01483924154987648,-0.014950444578439233,11.68,11.6375,10.799,0.38125796342713025
2023-02-23,601899.SH,11.95,12.05,11.83,11.95,11.95,0.0,0.0,830653.13,990484.716,0.0,0.0,11.815999999999999,11.656,10.839,0.3777124137308996
2023-02-24,601899.SH,11.79,11.81,11.56,11.63,11.95,-0.32,-2.6778,1625733.87,1893125.538,-0.026778242677824138,-0.02714331184694648,11.87,11.642,10.8705,0.376936723058081
2023-02-27,601899.SH,11.4,11.55,11.26,11.41,11.63,-0.22,-1.8917,1356994.73,1547282.422,-0.018916595012897774,-0.019097802656588884,11.814,11.636,10.8975,0.36541923450749864
2023-02-28,601899.SH,11.49,11.58,11.3,11.41,11.41,0.0,0.0,1060190.06,1212800.782,0.0,0.0,11.669999999999998,11.616999999999999,10.927999999999999,0.3553688082899738
2023-03-01,601899.SH,11.55,12.05,11.52,11.98,11.41,0.57,4.9956,1923709.83,2282005.159,0.04995617879053471,0.04874842881331911,11.676,11.602500000000001,10.963166666666666,0.3710654236937659
2023-03-02,601899.SH,12.06,12.25,11.93,12.1,11.98,0.12,1.0017,1621665.52,1965528.682,0.01001669449081799,0.009966859915392074,11.706,11.604000000000001,11.001000000000001,0.3683633138717187
2023-03-03,601899.SH,12.1,12.14,11.9,11.98,12.1,-0.12,-0.9917,993560.63,1189308.862,-0.009917355371900749,-0.009966859915392036,11.776,11.610499999999998,11.029,0.3639511857586393
2023-03-06,601899.SH,12.04,12.09,11.66,11.93,11.98,-0.05,-0.4174,1280290.28,1516326.777,-0.004173622704507607,-0.0041823565774786395,11.879999999999999,11.6375,11.059333333333333,0.3334364978856796
2023-03-07,601899.SH,11.95,12.19,11.81,11.98,11.93,0.05,0.4191,1965363.73,2371518.722,0.00419111483654655,0.0041823565774785736,11.994,11.6585,11.084833333333334,0.3303046698538615
2023-03-08,601899.SH,11.7,11.75,11.42,11.66,11.98,-0.32,-2.6711,1578514.19,1833163.668,-0.026711185308848084,-0.027074411764956976,11.93,11.673,11.105666666666666,0.33978460870027155
2023-03-09,601899.SH,11.7,11.75,11.51,11.56,11.66,-0.1,-0.8576,964417.97,1117176.939,-0.00857632933104624,-0.008613317678114836,11.822,11.681000000000001,11.127166666666666,0.34160268642905856
2023-03-10,601899.SH,11.46,11.59,11.41,11.44,11.56,-0.12,-1.0381,931614.52,1069969.724,-0.01038062283737029,-0.010434877292579619,11.714,11.6935,11.145833333333334,0.33672380757186354
2023-03-13,601899.SH,11.68,12.2,11.67,12.16,11.44,0.72,6.2937,2500559.4,3002805.892,0.06293706293706292,0.06103589058636909,11.76,11.736500000000001,11.171666666666669,0.40113838293631054
2023-03-14,601899.SH,12.34,12.59,12.0,12.03,12.16,-0.13,-1.0691,2157491.55,2645455.945,-0.010690789473684292,-0.010748346551433523,11.77,11.7595,11.2,0.3971231447105165
2023-03-15,601899.SH,12.02,12.03,11.81,11.82,12.03,-0.21,-1.7456,1364791.27,1623018.25,-0.0174563591022443,-0.01761051800863528,11.802,11.772,11.224666666666668,0.403218297505021
2023-03-16,601899.SH,11.6,11.71,11.36,11.39,11.82,-0.43,-3.6379,2319266.2,2675243.677,-0.03637901861252113,-0.037057234518861344,11.767999999999999,11.778,11.24,0.41415967536882237
2023-03-17,601899.SH,11.49,11.69,11.32,11.46,11.39,0.07,0.6146,1718725.37,1977050.844,0.006145741878841093,0.006126933827502738,11.772,11.783,11.26,0.4137903954475963
2023-03-20,601899.SH,11.73,11.9,11.67,11.8,11.46,0.34,2.9668,1658066.56,1954092.651,0.029668411867364686,0.029236820185025512,11.700000000000001,11.7885,11.285,0.41435731150383526
2023-03-21,601899.SH,11.8,11.89,11.62,11.82,11.8,0.02,0.1695,1116094.59,1315342.749,0.0016949152542371504,0.0016934805063329261,11.658000000000001,11.773,11.314333333333334,0.3909393568046018
2023-03-22,601899.SH,11.71,11.9,11.65,11.74,11.82,-0.08,-0.6768,1192780.38,1401494.421,-0.006768189509306244,-0.006791197578001733,11.642000000000001,11.7625,11.345,0.38819285420702554
2023-03-23,601899.SH,11.82,12.18,11.74,12.14,11.74,0.4,3.4072,2010913.45,2415200.025,0.03407155025553665,0.03350397123140184,11.792000000000002,11.772,11.381166666666667,0.4072704030404559
2023-03-24,601899.SH,12.2,12.2,11.97,12.01,12.14,-0.13,-1.0708,1172514.88,1414079.551,-0.010708401976935789,-0.01076614953946007,11.902000000000001,11.791,11.4145,0.39653582683511507
2023-03-27,601899.SH,12.0,12.07,11.73,11.99,12.01,-0.02,-0.1665,1239538.44,1477826.632,-0.0016652789342214147,-0.001666667052469229,11.940000000000001,11.82,11.449333333333334,0.3891843855889572
2023-03-28,601899.SH,11.99,12.14,11.88,12.01,11.99,0.02,0.1668,1078765.53,1295667.989,0.0016680567139282232,0.0016666670524692463,11.978,11.850000000000001,11.4865,0.38907235954104263
2023-03-29,601899.SH,12.12,12.34,11.99,12.01,12.01,0.0,0.0,1097239.03,1329468.456,0.0,0.0,12.032,11.8515,11.519166666666667,0.34697848432399847
2023-03-30,601899.SH,12.04,12.25,11.93,12.25,12.01,0.24,1.9983,1507178.4,1823963.765,0.019983347210657865,0.019786300898843895,12.053999999999998,11.859,11.556666666666667,0.3524227436471676
2023-03-31,601899.SH,12.29,12.45,12.25,12.39,12.25,0.14,1.1429,1586910.34,1961371.289,0.011428571428571566,0.011363758650315223,12.129999999999999,11.8795,11.599166666666665,0.3519205469143547
2023-04-03,601899.SH,12.39,12.45,12.07,12.12,12.39,-0.27,-2.1792,1686775.06,2056156.606,-0.021791767554479535,-0.022032714999882803,12.155999999999999,11.889,11.6345,0.36139188142793294
2023-04-04,601899.SH,12.2,12.43,12.09,12.35,12.12,0.23,1.8977,1559546.33,1911436.455,0.018976897689769068,0.018799082432817898,12.224,11.9075,11.664833333333332,0.36687508969175303
2023-04-06,601899.SH,12.43,13.14,12.41,13.13,12.35,0.78,6.3158,2942722.2,3804302.884,0.0631578947368423,0.0612436252407188,12.448,11.981,11.712,0.4104374406790993
2023-04-07,601899.SH,12.96,13.07,12.79,12.89,13.13,-0.24,-1.8279,1381682.35,1783722.64,-0.018278750952018252,-0.018447871363608773,12.576,12.0475,11.753666666666666,0.4164912077984207
2023-04-10,601899.SH,12.79,13.12,12.66,12.98,12.89,0.09,0.6982,1168734.07,1511031.41,0.006982156710628296,0.006957894324847819,12.693999999999999,12.1245,11.796166666666666,0.4120922060272801
2023-04-11,601899.SH,12.98,13.44,12.84,13.43,12.98,0.45,3.4669,2253745.58,2979279.873,0.034668721109399,0.034081299259202204,12.956,12.187999999999999,11.829333333333333,0.3710533710605206
2023-04-12,601899.SH,13.38,13.75,13.32,13.55,13.43,0.12,0.8935,1854367.62,2509011.953,0.008935219657483229,0.008895536790563683,13.196000000000002,12.264,11.865,0.36639134465498013
2023-04-13,601899.SH,13.5,13.78,13.24,13.4,13.55,-0.15,-1.107,1583872.17,2131877.522,-0.011070110701107083,-0.011131840368844294,13.25,12.343,11.896833333333332,0.3615884372158594
2023-04-14,601899.SH,13.74,13.99,13.69,13.94,13.4,0.54,4.0299,2105780.14,2921463.22,0.040298507462686484,0.03950769837551206,13.459999999999999,12.470500000000001,11.938833333333333,0.3428399413284832
2023-04-17,601899.SH,13.58,14.02,13.48,13.91,13.94,-0.03,-0.2152,1633557.09,2251982.342,-0.002152080344332785,-0.002154399397026214,13.646,12.593,11.978166666666665,0.3454512419142055
2023-04-18,601899.SH,13.87,14.05,13.75,13.86,13.91,-0.05,-0.3595,1234738.48,1712913.194,-0.0035945363048167644,-0.003601012173594454,13.732,12.696,12.017333333333333,0.34041663398456484
2023-04-19,601899.SH,13.9,14.1,13.83,13.9,13.86,0.04,0.2886,1154890.75,1611809.154,0.0028860028860029363,0.00288184637488895,13.801999999999998,12.8,12.060833333333333,0.34013663338538397
2023-04-20,601899.SH,13.8,13.82,13.32,13.59,13.9,-0.31,-2.2302,2056810.07,2783818.748,-0.022302158273381334,-0.02255461197359377,13.84,12.892500000000002,12.0975,0.3535017970649506
2023-04-21,601899.SH,13.62,13.66,13.29,13.29,13.59,-0.3,-2.2075,1294834.0,1741387.714,-0.02207505518763797,-0.022322355437898383,13.709999999999999,12.95,12.126,0.3538655841686328
2023-04-24,601899.SH,13.25,13.43,12.58,12.69,13.29,-0.6,-4.5147,2447298.96,3148770.164,-0.04514672686230248,-0.04619759099885766,13.466,12.984,12.139000000000001,0.3928127773533656
2023-04-25,601899.SH,12.83,13.08,12.67,12.88,12.69,0.19,1.4972,1815957.37,2332637.151,0.01497241922773851,0.014861438949911394,13.27,13.0285,12.1615,0.39460195846997326
2023-04-26,601899.SH,12.66,12.81,12.47,12.57,12.88,-0.31,-2.4068,1692608.72,2133008.37,-0.02406832298136652,-0.024362698074051562,13.004,13.0565,12.174499999999998,0.40689643556398664
2023-04-27,601899.SH,12.49,13.03,12.42,12.82,12.57,0.25,1.9889,1779556.8,2271307.178,0.01988862370723954,0.019693428890368004,12.85,13.097,12.183666666666666,0.41131745749682574
2023-04-28,601899.SH,12.55,12.98,12.55,12.83,12.82,0.01,0.078,1453621.16,1862171.128,0.0007800312012480326,0.0007797271350210612,12.758000000000001,13.126,12.196333333333335,0.4067865327307054
2023-05-04,601899.SH,13.25,13.38,12.84,12.93,12.83,0.1,0.7794,2114892.21,2759858.587,0.0077942322681214815,0.007764014156220944,12.806000000000001,13.153,12.214333333333334,0.4059470088180287
2023-05-05,601899.SH,13.03,13.14,12.45,12.58,12.93,-0.35,-2.7069,1870675.29,2369427.897,-0.02706883217324052,-0.02744194151147164,12.746,13.175999999999998,12.234166666666669,0.4105316902810168
2023-05-08,601899.SH,12.49,12.74,12.31,12.66,12.58,0.08,0.6359,1475035.1,1855566.188,0.006359300476947549,0.006339165443735676,12.764,13.191500000000001,12.2525,0.40610352905585756
2023-05-09,601899.SH,12.67,12.67,12.19,12.25,12.66,-0.41,-3.2385,1714660.59,2122541.129,-0.03238546603475512,-0.03292147972529412,12.65,13.147499999999999,12.267166666666666,0.3518458326384432
2023-05-10,601899.SH,12.32,12.42,12.04,12.08,12.25,-0.17,-1.3878,1243353.55,1515467.086,-0.013877551020408108,-0.013974744484067046,12.5,13.107,12.278500000000001,0.3496891732449841
2023-05-11,601899.SH,12.04,12.09,11.6,11.68,12.08,-0.4,-3.3113,1869316.76,2195055.674,-0.03311258278145701,-0.03367321510658795,12.25,13.042000000000002,12.286666666666667,0.36319706666964313
2023-05-12,601899.SH,11.4,11.41,10.91,10.98,11.68,-0.7,-5.9932,3385699.8,3753418.798,-0.05993150684931503,-0.061802541318696384,11.93,12.9195,12.281333333333333,0.38091158425502225
2023-05-15,601899.SH,10.98,11.2,10.66,11.11,10.98,0.13,1.184,2357757.0,2585029.803,0.011839708561020013,0.01177016757015403,11.62,12.7975,12.273666666666667,0.3829347736152078
2023-05-16,601899.SH,11.05,11.42,11.0,11.25,11.11,0.14,1.2601,2064956.33,2324659.917,0.012601260126012592,0.012522524998890503,11.419999999999998,12.69,12.268333333333334,0.39086452770289626
2023-05-17,601899.SH,11.04,11.2,10.93,11.0,11.25,-0.25,-2.2222,1307229.31,1444290.354,-0.022222222222222254,-0.02247285585205863,11.203999999999999,12.543,12.263833333333334,0.3481928576522181
2023-05-18,601899.SH,11.17,11.27,11.01,11.1,11.0,0.1,0.9091,1384686.81,1543914.207,0.009090909090909038,0.009049835519917856,11.088,12.4025,12.2595,0.35444464217235516
2023-05-19,601899.SH,10.86,11.03,10.7,10.89,11.1,-0.21,-1.8919,2052899.52,2228604.261,-0.018918918918918837,-0.019100171373419263,11.07,12.254000000000001,12.246166666666669,0.3543844235369304
2023-05-22,601899.SH,10.9,11.0,10.81,10.9,10.89,0.01,0.0918,997254.36,1087424.849,0.0009182736455464191,0.0009178522902289597,11.028,12.104000000000001,12.225666666666667,0.3533743423284098
2023-05-23,601899.SH,10.88,10.94,10.67,10.67,10.9,-0.23,-2.1101,1269218.65,1361389.537,-0.02110091743119269,-0.021326723921436048,10.912,11.958,12.204333333333333,0.3529282347421901
2023-05-24,601899.SH,10.62,10.83,10.51,10.69,10.67,0.02,0.1874,1284977.7,1376146.041,0.0018744142455482393,0.0018726597232918325,10.85,11.828,12.183333333333334,0.35390261995355093
2023-05-25,601899.SH,10.62,10.62,10.38,10.52,10.69,-0.17,-1.5903,1482541.67,1553157.377,-0.015902712815715647,-0.01603051772739008,10.734,11.7195,12.164833333333332,0.3304731520056597
2023-05-26,601899.SH,10.45,10.87,10.39,10.8,10.52,0.28,2.6616,1280833.99,1367316.402,0.026615969581749166,0.02626792682061032,10.716,11.615499999999999,12.154666666666666,0.3440392275432023
2023-05-29,601899.SH,10.82,10.88,10.71,10.8,10.8,0.0,0.0,1157874.93,1249777.588,0.0,0.0,10.696000000000002,11.527,12.1445,0.34021882206252446
2023-05-30,601899.SH,10.79,10.87,10.61,10.71,10.8,-0.09,-0.8333,1187884.86,1273962.446,-0.008333333333333304,-0.00836824967051658,10.704,11.4215,12.123333333333333,0.3246567989006642
2023-05-31,601899.SH,10.75,10.87,10.61,10.69,10.71,-0.02,-0.1867,1241794.54,1332813.547,-0.0018674136321196189,-0.0018691594227036473,10.704,11.314499999999999,12.099833333333333,0.32376095401546057
2023-06-01,601899.SH,10.73,11.23,10.68,11.05,10.69,0.36,3.3676,2204978.1,2431831.429,0.033676333021515514,0.03312170292680804,10.809999999999999,11.220500000000001,12.084333333333332,0.35314363974704555
2023-06-02,601899.SH,11.17,11.62,11.17,11.59,11.05,0.54,4.8869,2675839.4,3071508.967,0.04886877828054281,0.047712229387898354,10.968,11.171,12.078666666666667,0.39765058984571805
2023-06-05,601899.SH,11.41,11.41,11.14,11.28,11.59,-0.31,-2.6747,1675790.66,1884615.625,-0.026747195858498718,-0.027111411281747516,11.064,11.102,12.067,0.40376071040422923
2023-06-06,601899.SH,11.38,11.65,11.34,11.39,11.28,0.11,0.9752,1687978.74,1940115.545,0.009751773049645474,0.009704531389178017,11.2,11.059000000000001,12.0625,0.39405939177541455
2023-06-07,601899.SH,11.46,11.6,11.36,11.4,11.39,0.01,0.0878,1103958.19,1267421.318,0.0008779631255486642,0.0008775779413589422,11.342,11.025,12.059833333333334,0.3923024261124157
2023-06-08,601899.SH,11.28,11.57,11.16,11.52,11.4,0.12,1.0526,1179549.64,1346032.614,0.010526315789473717,0.010471299867295437,11.435999999999998,11.017,12.061166666666669,0.37759310874838414
2023-06-09,601899.SH,11.69,11.88,11.52,11.71,11.52,0.19,1.6493,1508151.29,1754620.086,0.01649305555555558,0.016358522341880816,11.459999999999999,11.0535,12.053666666666665,0.30906691244321133
2023-06-12,601899.SH,11.59,11.62,11.38,11.55,11.71,-0.16,-1.3664,1365457.9,1572107.109,-0.013663535439795038,-0.013757740641823418,11.514,11.075500000000002,12.045666666666667,0.31306467432549945
2023-06-13,601899.SH,11.49,11.62,11.42,11.6,11.55,0.05,0.4329,885813.36,1021045.511,0.0043290043290042934,0.00431966114451638,11.556000000000001,11.093,12.042000000000002,0.31076245760082716
2023-06-14,601899.SH,11.7,12.0,11.7,11.88,11.6,0.28,2.4138,1966903.02,2340740.619,0.024137931034482918,0.023851215822180062,11.652000000000001,11.137,12.050166666666668,0.30695105593313476
2023-06-15,601899.SH,11.68,11.84,11.42,11.8,11.68,0.12,1.0274,1454843.76,1697224.236,-0.006734006734006703,-0.0067567824628797625,11.708000000000002,11.172,12.055833333333334,0.30862671873388997
2023-06-16,601899.SH,11.85,12.28,11.84,12.03,11.8,0.23,1.9492,1804541.6,2181097.716,0.019491525423728673,0.019303998514968296,11.772,11.229000000000001,12.059666666666665,0.3020968022496598
2023-06-19,601899.SH,12.03,12.08,11.71,11.81,12.03,-0.22,-1.8288,1482346.76,1748223.931,-0.018287614297589294,-0.018456899777316505,11.824000000000002,11.2745,12.059500000000002,0.31316369292997537
2023-06-20,601899.SH,11.79,11.86,11.59,11.76,11.81,-0.05,-0.4234,926572.07,1089373.378,-0.0042337002540220325,-0.004242687738790093,11.856,11.329,12.059833333333334,0.30055919319048086
2023-06-21,601899.SH,11.6,11.85,11.54,11.57,11.76,-0.19,-1.6156,841144.0,983109.005,-0.016156462585034004,-0.016288401264895645,11.794,11.373000000000001,12.050333333333333,0.3097548739934568
2023-06-26,601899.SH,11.52,11.65,11.43,11.49,11.57,-0.08,-0.6914,791801.44,912614.624,-0.00691443388072599,-0.006938449344920867,11.732,11.4215,12.041666666666666,0.3036228157972216
2023-06-27,601899.SH,11.45,11.73,11.28,11.69,11.49,0.2,1.7406,1022671.26,1183301.063,0.0174064403829417,0.017256683623312744,11.664,11.466000000000001,12.036666666666667,0.29643723645977305
2023-06-28,601899.SH,11.59,11.73,11.52,11.66,11.69,-0.03,-0.2566,730422.83,848689.369,-0.0025662959794695572,-0.0025695945616306497,11.634,11.509,12.030833333333334,0.2970509001604143
2023-06-29,601899.SH,11.61,11.66,11.33,11.35,11.66,-0.31,-2.6587,948292.76,1082828.354,-0.026586620926243643,-0.026946436994934715,11.552,11.541,12.019833333333334,0.3137042853632594
2023-06-30,601899.SH,11.39,11.52,11.25,11.37,11.35,0.02,0.1762,663133.67,756138.025,0.0017621145374449032,0.001760563835032959,11.511999999999999,11.575,12.005166666666668,0.31320770369867534
2023-07-03,601899.SH,11.5,12.03,11.49,11.93,11.37,0.56,4.9252,1715185.91,2037155.959,0.049252418645558516,0.0480779283473801,11.599999999999998,11.619,11.9975,0.3372217841510808
2023-07-04,601899.SH,11.97,12.0,11.74,11.8,11.93,-0.13,-1.0897,1074271.3,1267639.365,-0.010896898575020852,-0.010956704638205564,11.622,11.6295,11.992166666666668,0.29609369341317354
2023-07-05,601899.SH,11.78,11.9,11.73,11.8,11.8,0.0,0.0,712075.28,840514.44,0.0,0.0,11.65,11.6555,11.983,0.27740738666585063
2023-07-06,601899.SH,11.71,11.75,11.52,11.61,11.8,-0.19,-1.6102,768335.55,891638.839,-0.016101694915254372,-0.01623273576181908,11.702,11.6665,11.957666666666666,0.28343344376091023
2023-07-07,601899.SH,11.51,11.72,11.28,11.55,11.61,-0.06,-0.5168,1255829.84,1442386.664,-0.0051679586563306845,-0.005181358741997518,11.738000000000001,11.674,11.935333333333334,0.28430930862130677
2023-07-10,601899.SH,11.58,11.76,11.48,11.54,11.55,-0.01,-0.0866,805897.68,935831.992,-0.0008658008658010141,-0.0008661758878491927,11.66,11.675,11.911333333333335,0.28200915698622575
2023-07-11,601899.SH,11.71,11.95,11.68,11.84,11.54,0.3,2.5997,1216865.78,1437145.246,0.025996533795493937,0.025664368375906122,11.668,11.6815,11.884833333333331,0.29114551249314646
2023-07-12,601899.SH,11.83,12.05,11.77,11.95,11.84,0.11,0.9291,1876531.41,2243047.027,0.00929054054054057,0.00924764892166008,11.698,11.7015,11.858166666666667,0.2874937039889258
2023-07-13,601899.SH,12.38,12.76,12.38,12.52,11.95,0.57,4.7699,2897775.76,3643040.704,0.04769874476987446,0.04659608729443278,11.879999999999999,11.747499999999999,11.8435,0.3304473185091014
2023-07-14,601899.SH,12.75,12.8,12.56,12.58,12.52,0.06,0.4792,1271871.84,1608069.17,0.004792332268370725,0.004780885600342116,12.085999999999999,11.7825,11.820833333333333,0.321854534674563
2023-07-17,601899.SH,12.48,12.5,12.3,12.34,12.58,-0.24,-1.9078,863627.87,1069695.816,-0.019077901430842648,-0.01926223279505275,12.245999999999999,11.8095,11.794666666666668,0.3297223296599379
2023-07-18,601899.SH,12.34,12.53,12.26,12.4,12.34,0.06,0.4862,680989.77,845908.312,0.004862236628849326,0.00485045413374948,12.358,11.828,11.770333333333333,0.3237237517191883
2023-07-19,601899.SH,12.56,12.66,12.45,12.59,12.4,0.19,1.5323,1038868.41,1304436.929,0.015322580645161343,0.01520637544526467,12.486,11.867,11.7485,0.31812161911366543
2023-07-20,601899.SH,12.54,12.8,12.52,12.61,12.59,0.02,0.1589,986633.15,1251621.301,0.001588562351072298,0.00158730192057241,12.504000000000001,11.9095,11.732166666666666,0.3169399553727742
2023-07-21,601899.SH,12.55,12.68,12.49,12.53,12.61,-0.08,-0.6344,705158.47,887056.62,-0.006344171292624878,-0.006364381068851234,12.494,11.9575,11.719500000000002,0.31064523795297017
2023-07-24,601899.SH,12.41,12.62,12.38,12.43,12.53,-0.1,-0.7981,573199.82,715170.937,-0.007980845969672745,-0.008012863385357148,12.512,12.004499999999998,11.715166666666667,0.3111726547380813
2023-07-25,601899.SH,12.64,13.1,12.64,12.94,12.43,0.51,4.103,1755673.57,2270880.546,0.04102976669348357,0.04021038355013482,12.620000000000001,12.067,11.716166666666668,0.3349422345343377
2023-07-26,601899.SH,12.96,13.08,12.88,13.07,12.94,0.13,1.0046,894495.27,1161974.129,0.01004636785162294,0.009996238563376137,12.716,12.1375,11.7245,0.3340041386915389
2023-07-27,601899.SH,13.07,13.1,12.83,12.88,13.07,-0.19,-1.4537,760669.81,986230.626,-0.014537107880642663,-0.014643806959922994,12.77,12.214,11.7255,0.32092769065349264
2023-07-28,601899.SH,12.66,12.84,12.55,12.79,12.88,-0.09,-0.6988,1450645.77,1840514.413,-0.006987577639751663,-0.007012105085456345,12.822,12.285,11.724833333333331,0.3241398230297079
2023-07-31,601899.SH,12.99,13.18,12.95,13.01,12.79,0.22,1.7201,1167130.79,1524225.381,0.01720093823299451,0.01705467693366257,12.937999999999999,12.339,11.726166666666668,0.28516426568313913
2023-08-01,601899.SH,13.27,13.44,13.0,13.05,13.01,0.04,0.3075,1201423.46,1584776.007,0.003074558032282848,0.0030698412442884985,12.959999999999999,12.4015,11.734,0.2794179101231732
2023-08-02,601899.SH,12.82,12.96,12.77,12.86,13.05,-0.19,-1.4559,839367.98,1078483.438,-0.014559386973180155,-0.014666414959229167,12.918000000000001,12.4545,11.737333333333334,0.2876637814087295
2023-08-03,601899.SH,12.75,12.8,12.6,12.74,12.86,-0.12,-0.9331,1098466.21,1394928.275,-0.009331259720062102,-0.009375068665455934,12.89,12.511,11.7455,0.28219589586225896
2023-08-04,601899.SH,12.86,12.99,12.78,12.85,12.74,0.11,0.8634,781052.81,1007042.2,0.008634222919937207,0.008597161197211519,12.901999999999997,12.576,11.758333333333333,0.2799721606258807
2023-08-07,601899.SH,12.78,12.88,12.73,12.85,12.85,0.0,0.0,446230.88,572241.706,0.0,0.0,12.87,12.6415,11.777833333333332,0.27972812521462836
2023-08-08,601899.SH,12.85,13.13,12.74,13.03,12.85,0.18,1.4008,1119020.27,1455326.074,0.014007782101167265,0.013910579795524895,12.866,12.701,11.812000000000001,0.2712047277168601
2023-08-09,601899.SH,12.9,12.98,12.74,12.87,13.03,-0.16,-1.2279,840074.85,1079691.46,-0.012279355333844943,-0.012355369528718425,12.868,12.747,11.841333333333333,0.27735004164661287
2023-08-10,601899.SH,12.8,12.88,12.69,12.73,12.87,-0.14,-1.0878,703303.22,897239.23,-0.010878010878010769,-0.010937609038720033,12.866,12.7575,11.865999999999998,0.2281135524803216
2023-08-11,601899.SH,12.75,12.83,12.44,12.5,12.73,-0.23,-1.8068,931824.22,1172097.978,-0.01806755695208173,-0.018232768261059747,12.796,12.753499999999999,11.890999999999998,0.23722913875973417
2023-08-14,601899.SH,12.39,12.42,12.15,12.32,12.5,-0.18,-1.44,1310244.79,1612319.538,-0.014399999999999968,-0.014504686202881688,12.69,12.7525,11.911333333333335,0.23283597026812944
2023-08-15,601899.SH,12.34,12.43,12.16,12.32,12.32,0.0,0.0,680079.84,835672.641,0.0,0.0,12.548,12.7485,11.935166666666666,0.2321334594532318
2023-08-16,601899.SH,12.18,12.25,12.08,12.19,12.32,-0.13,-1.0552,745737.38,907904.341,-0.010551948051948146,-0.010608014612193656,12.412,12.7285,11.956666666666667,0.22727013513419259
2023-08-17,601899.SH,12.06,12.34,11.84,12.29,12.19,0.1,0.8203,1017968.75,1234023.155,0.008203445447087843,0.008169980084763362,12.324,12.7125,11.983666666666666,0.22966918186949603
2023-08-18,601899.SH,12.29,12.43,12.05,12.08,12.29,-0.21,-1.7087,768212.25,939366.605,-0.01708706265256299,-0.017234731071274493,12.24,12.69,12.006833333333333,0.23594917700832788
2023-08-21,601899.SH,12.08,12.18,11.98,11.98,12.08,-0.1,-0.8278,754799.62,910248.452,-0.008278145695364225,-0.008312599819365586,12.172,12.6675,12.031166666666667,0.23605609005930733
2023-08-22,601899.SH,12.08,12.48,12.08,12.41,11.98,0.43,3.5893,1657776.33,2045267.562,0.035893155258764686,0.035264006529212626,12.190000000000001,12.641,12.058,0.22411511644371435
2023-08-23,601899.SH,12.45,12.49,12.12,12.17,12.41,-0.24,-1.9339,1269756.44,1557000.098,-0.019339242546333568,-0.019528692217080004,12.186,12.596,12.080833333333333,0.22742434470497566
2023-08-24,601899.SH,12.45,12.65,12.35,12.49,12.17,0.32,2.6294,1388726.28,1736015.214,0.02629416598192269,0.025954417138050433,12.226,12.5765,12.1105,0.2464452928137147
2023-08-25,601899.SH,12.4,12.45,12.15,12.3,12.49,-0.19,-1.5212,1271457.99,1563198.558,-0.015212169735788539,-0.015329061759114403,12.27,12.552000000000001,12.137333333333334,0.2506026821506331
2023-08-28,601899.SH,12.92,12.97,12.06,12.14,12.3,-0.16,-1.3008,2038521.09,2505833.265,-0.013008130081300862,-0.013093476747019658,12.302000000000001,12.5085,12.1555,0.24299610793369883
2023-08-29,601899.SH,12.11,12.37,12.04,12.08,12.14,-0.06,-0.4942,1409822.72,1719289.961,-0.0049423393739703725,-0.004954593124683341,12.236,12.46,12.163666666666668,0.24185099447474318
2023-08-30,601899.SH,12.25,12.54,12.22,12.45,12.08,0.37,3.0629,1594705.6,1978837.053,0.0306291390728477,0.03016943040404775,12.292,12.439499999999999,12.183166666666667,0.2669423257773251
2023-08-31,601899.SH,12.49,12.6,12.34,12.36,12.45,-0.09,-0.7229,829699.87,1031632.503,-0.0072289156626506035,-0.00725517088117191,12.266,12.4205,12.199333333333334,0.2662261570269515
2023-09-01,601899.SH,12.39,12.9,12.37,12.8,12.36,0.44,3.5599,1434851.85,1825917.256,0.035598705501618255,0.0349797188960269,12.366000000000001,12.418,12.222666666666665,0.2952979270539077
2023-09-04,601899.SH,12.95,13.5,12.95,13.2,12.8,0.4,3.125,1886986.52,2493402.696,0.031249999999999778,0.030771658666753472,12.578,12.4355,12.250666666666666,0.3154874771941048
2023-09-05,601899.SH,13.1,13.21,12.97,13.15,13.2,-0.05,-0.3788,804278.55,1051883.313,-0.0037878787878786735,-0.003795070968551498,12.791999999999998,12.4415,12.274666666666667,0.3124619827689897
2023-09-06,601899.SH,13.02,13.18,12.93,13.06,13.15,-0.09,-0.6844,724664.69,946999.081,-0.006844106463878341,-0.006867634775488569,12.914000000000001,12.450999999999999,12.299833333333334,0.3100677132846788
2023-09-07,601899.SH,12.94,13.11,12.9,13.01,13.06,-0.05,-0.3828,722477.16,941296.012,-0.003828483920367609,-0.003835831323871171,13.044,12.465,12.323333333333332,0.3075116535359071
2023-09-08,601899.SH,13.01,13.1,12.81,12.88,13.01,-0.13,-0.9992,554923.69,716285.758,-0.009992313604919256,-0.010042571848206314,13.059999999999999,12.484,12.34,0.30206618129608553
2023-09-11,601899.SH,12.88,13.15,12.82,13.0,12.88,0.12,0.9317,877870.35,1141585.554,0.009316770186335255,0.009273636785329033,13.020000000000001,12.518,12.360000000000001,0.2970225023782858
2023-09-12,601899.SH,13.01,13.09,12.8,12.84,13.0,-0.16,-1.2308,844100.56,1088460.259,-0.012307692307692353,-0.012384059199721666,12.957999999999998,12.544,12.373500000000002,0.3017662162072879
2023-09-13,601899.SH,12.78,12.98,12.76,12.84,12.84,0.0,0.0,870543.05,1118569.961,0.0,0.0,12.914000000000001,12.5765,12.390666666666666,0.2981368476222229
2023-09-14,601899.SH,12.9,13.1,12.84,12.98,12.84,0.14,1.0903,1522185.42,1978039.447,0.010903426791277315,0.010844413014128876,12.907999999999998,12.611,12.411,0.29894286016418753
2023-09-15,601899.SH,13.19,13.42,13.06,13.15,12.98,0.17,1.3097,1732313.99,2293010.436,0.013097072419106404,0.013012047347829707,12.962,12.6645,12.437333333333333,0.29127682938988864
2023-09-18,601899.SH,13.08,13.08,12.89,13.07,13.15,-0.08,-0.6084,1057427.34,1373023.886,-0.006083650190114032,-0.006102230987642941,12.975999999999999,12.719,12.463666666666667,0.29011072341486094
2023-09-19,601899.SH,13.0,13.25,12.98,13.17,13.07,0.1,0.7651,1081541.12,1423466.929,0.007651109410864443,0.007621988119058962,13.041999999999998,12.757,12.488333333333333,0.26591541271437535
2023-09-20,601899.SH,13.1,13.28,13.04,13.25,13.17,0.08,0.6074,903140.21,1192683.79,0.006074411541381997,0.006056036677041609,13.124,12.811000000000002,12.514833333333334,0.25242069471408946
2023-09-21,601899.SH,13.1,13.2,12.98,13.09,13.25,-0.16,-1.2075,961661.85,1258503.964,-0.012075471698113183,-0.012148972510422629,13.146,12.841,12.543833333333334,0.24486910934630968
2023-09-22,601899.SH,12.95,12.98,12.68,12.93,13.09,-0.16,-1.2223,1862316.4,2383603.518,-0.012223071046600475,-0.012298387138042467,13.102,12.872499999999999,12.569833333333332,0.2422234466339552
2023-09-25,601899.SH,12.88,12.99,12.74,12.76,12.93,-0.17,-1.3148,1156554.15,1484110.322,-0.013147718484145421,-0.013234914867122312,13.040000000000001,12.9035,12.583666666666666,0.24234329705726324
2023-09-26,601899.SH,12.69,12.75,12.49,12.65,12.76,-0.11,-0.8621,1289150.86,1627524.477,-0.008620689655172376,-0.008658062743114541,12.935999999999998,12.931999999999999,12.597833333333334,0.24420682221144036
2023-09-27,601899.SH,12.65,12.68,12.38,12.41,12.65,-0.24,-1.8972,1336134.84,1666206.857,-0.018972332015810278,-0.019154615957013402,12.767999999999999,12.930000000000001,12.608,0.23134290524765241
2023-09-28,601899.SH,12.41,12.52,12.06,12.13,12.41,-0.28,-2.2562,1499856.84,1827180.75,-0.02256244963738918,-0.02282087626055706,12.576,12.9185,12.616666666666667,0.24371601102236226
2023-10-09,601899.SH,11.91,12.25,11.74,12.2,12.13,0.07,0.5771,1221166.83,1471766.812,0.00577081615828523,0.005754228783252099,12.430000000000001,12.888499999999999,12.627500000000001,0.20441695278288993
2023-10-10,601899.SH,12.28,12.42,12.2,12.22,12.2,0.02,0.1639,683983.56,839634.89,0.0016393442622952836,0.0016380020042385914,12.322,12.839500000000001,12.638833333333332,0.16268560881437177
2023-10-11,601899.SH,12.3,12.31,11.99,12.13,12.22,-0.09,-0.7365,851687.23,1030641.326,-0.0073649754500818565,-0.0073922307874905255,12.218,12.7885,12.643666666666666,0.1631769457910829
2023-10-12,601899.SH,12.27,12.36,12.18,12.29,12.13,0.16,1.319,703145.06,862664.147,0.013190436933223193,0.013104200621984472,12.193999999999999,12.75,12.649333333333335,0.17366990304091884
2023-10-13,601899.SH,12.13,12.15,12.0,12.02,12.29,-0.27,-2.1969,664495.66,800676.293,-0.021969080553295384,-0.022213994470881956,12.172,12.700500000000002,12.641,0.18632633987965852
2023-10-16,601899.SH,12.25,12.28,12.1,12.14,12.02,0.12,0.9983,948154.22,1156057.633,0.009983361064891838,0.009933856524290675,12.16,12.663499999999999,12.633666666666667,0.19107189301681174
2023-10-17,601899.SH,12.12,12.14,11.98,12.06,12.14,-0.08,-0.659,800517.98,964979.088,-0.00658978583196046,-0.006611594332312818,12.128,12.616499999999998,12.628999999999998,0.18587105832879408
2023-10-18,601899.SH,12.09,12.13,11.96,11.98,12.06,-0.08,-0.6633,735847.41,886160.394,-0.0066334991708125735,-0.006655598611736063,12.098,12.5735,12.621999999999998,0.18345347404372503
2023-10-19,601899.SH,11.95,11.98,11.75,11.77,11.98,-0.21,-1.7529,986187.47,1167806.409,-0.017529215358931594,-0.017684671415117984,11.994000000000002,12.52,12.608333333333333,0.18959808750541113
2023-10-20,601899.SH,11.82,11.93,11.59,11.65,11.77,-0.12,-1.0195,795520.87,932493.226,-0.010195412064570863,-0.010247741260475698,11.92,12.4535,12.592333333333334,0.18183110304061695
2023-10-23,601899.SH,11.58,11.66,11.33,11.45,11.65,-0.2,-1.7167,858001.04,985685.575,-0.017167381974249052,-0.017316450011461045,11.782,12.368500000000001,12.574333333333332,0.17266034890191662
2023-10-24,601899.SH,11.54,11.83,11.53,11.75,11.45,0.3,2.6201,1196944.33,1396287.628,0.026200873362445476,0.025863510589919373,11.719999999999999,12.3025,12.562999999999999,0.2087900075551997
2023-10-25,601899.SH,12.04,12.31,12.04,12.08,11.75,0.33,2.8085,1294168.2,1575510.361,0.028085106382978786,0.02769795191650098,11.74,12.248000000000001,12.548666666666666,0.23629394383902225
2023-10-26,601899.SH,12.0,12.11,11.88,12.08,12.08,0.0,0.0,740259.68,887984.382,0.0,0.0,11.802,12.1895,12.532166666666667,0.23375918116604807
2023-10-27,601899.SH,11.98,12.16,11.95,12.01,12.08,-0.07,-0.5795,928362.22,1118062.157,-0.005794701986755024,-0.0058115564147767735,11.873999999999999,12.1355,12.517666666666667,0.23212021197301091
2023-10-30,601899.SH,12.2,12.68,12.19,12.42,12.01,0.41,3.4138,1801595.01,2233732.784,0.03413821815154039,0.03356844041344054,12.068000000000001,12.11,12.511500000000002,0.2666251897185596
2023-10-31,601899.SH,12.4,12.46,12.28,12.44,12.42,0.02,0.161,751696.04,929308.103,0.0016103059581320522,0.0016090108057006858,12.206,12.094,12.501999999999999,0.2634787067629302
2023-11-01,601899.SH,12.32,12.35,12.14,12.2,12.44,-0.24,-1.9293,938720.97,1145423.054,-0.019292604501607746,-0.01948113557182254,12.23,12.0715,12.487833333333333,0.27013698545965203
2023-11-02,601899.SH,12.35,12.48,12.2,12.21,12.2,0.01,0.082,913838.18,1128790.483,0.0008196721311477528,0.0008193363834026493,12.256,12.0615,12.477,0.2623494188256259
2023-11-03,601899.SH,12.22,12.3,12.1,12.17,12.21,-0.04,-0.3276,815859.21,992620.604,-0.003276003276003303,-0.003281381123177534,12.288,12.063500000000001,12.4675,0.24964081416011794
2023-11-06,601899.SH,12.18,12.2,11.87,11.93,12.17,-0.24,-1.9721,1443133.03,1725547.5,-0.019720624486442073,-0.019917670889611064,12.190000000000001,12.05,12.452166666666667,0.25844959099669473
2023-11-07,601899.SH,11.88,12.03,11.72,12.01,11.93,0.08,0.6706,916700.61,1090796.54,0.0067057837384745245,0.006683399982067517,12.104000000000001,12.0395,12.438166666666667,0.25975648091385856
2023-11-08,601899.SH,11.88,11.95,11.72,11.82,12.01,-0.19,-1.582,1133215.87,1340004.024,-0.01582014987510405,-0.015946624113940003,12.028,12.024,12.418,0.2643105909872051
2023-11-09,601899.SH,11.7,11.9,11.7,11.88,11.82,0.06,0.5076,776422.69,918449.508,0.005076142131979822,0.005063301956546855,11.962,12.003499999999999,12.4015,0.2600005471515075
2023-11-10,601899.SH,11.83,11.86,11.72,11.78,11.88,-0.1,-0.8418,437717.53,515193.193,-0.008417508417508546,-0.008453135711058352,11.883999999999999,11.991499999999998,12.385666666666667,0.2501614102624048
2023-11-13,601899.SH,11.79,11.93,11.73,11.9,11.78,0.12,1.0187,553280.36,654865.236,0.01018675721561979,0.010135221894043148,11.878,11.9795,12.375666666666667,0.25027968903041653
2023-11-14,601899.SH,11.95,11.98,11.81,11.86,11.9,-0.04,-0.3361,495332.64,587725.506,-0.003361344537815225,-0.003367006547904407,11.847999999999999,11.9695,12.368,0.2495642845773598
2023-11-15,601899.SH,12.23,12.23,11.93,12.0,11.86,0.14,1.1804,1008192.08,1214529.081,0.01180438448566612,0.011735256218420932,11.884,11.9705,12.362666666666668,0.2523354741407386
2023-11-16,601899.SH,11.97,12.03,11.85,11.97,12.0,-0.03,-0.25,724280.5,864811.238,-0.0024999999999999467,-0.002503130218118477,11.902000000000001,11.980500000000001,12.359,0.24382391600052983
2023-11-17,601899.SH,11.98,12.02,11.87,11.97,11.97,0.0,0.0,562504.53,670740.302,0.0,0.0,11.940000000000001,11.996500000000001,12.353666666666667,0.24030082109998188
2023-11-20,601899.SH,11.96,11.97,11.77,11.86,11.97,-0.11,-0.919,677975.83,804255.27,-0.009189640768588192,-0.00923212600030244,11.931999999999999,12.017,12.35,0.23367426354292473
2023-11-21,601899.SH,11.96,12.21,11.91,12.14,11.86,0.28,2.3609,1466985.06,1779892.323,0.02360876897133224,0.02333439206177284,11.988,12.0365,12.352666666666666,0.2302495499008487
2023-11-22,601899.SH,12.14,12.14,11.92,11.95,12.14,-0.19,-1.5651,627340.2,753600.457,-0.01565074135090616,-0.015774507253832597,11.978,12.03,12.345,0.21574098080661488
2023-11-23,601899.SH,11.94,12.0,11.82,11.99,11.95,0.04,0.3347,559549.63,665698.869,0.0033472803347280866,0.0033416906619032558,11.982,12.0255,12.342000000000002,0.21616111147489056
2023-11-24,601899.SH,11.97,11.99,11.84,11.85,11.99,-0.14,-1.1676,517709.83,615768.319,-0.011676396997498006,-0.011745101458282777,11.958,12.0175,12.331333333333333,0.21913679272078065
2023-11-27,601899.SH,11.86,12.03,11.73,11.87,11.85,0.02,0.1688,577754.99,685011.611,0.0016877637130801038,0.001686341040436412,11.959999999999999,11.99,12.324166666666665,0.17721082303015484
2023-11-28,601899.SH,11.86,11.9,11.71,11.89,11.87,0.02,0.1685,626408.31,739510.57,0.0016849199663018233,0.0016835020811140162,11.91,11.9625,12.319999999999999,0.1772323141853197
2023-11-29,601899.SH,12.09,12.2,12.08,12.15,11.89,0.26,2.1867,1696534.92,2061141.702,0.021867115222876432,0.021631459083867065,11.95,11.959999999999999,12.321166666666667,0.1846465927520702
2023-11-30,601899.SH,12.14,12.27,12.07,12.18,12.15,0.03,0.2469,1167475.13,1421931.9,0.0024691358024691024,0.0024660924951934683,11.988,11.958499999999999,12.316666666666666,0.1848531504033112
2023-12-01,601899.SH,12.15,12.2,11.96,12.04,12.18,-0.14,-1.1494,1017536.75,1228288.083,-0.011494252873563315,-0.011560822401076084,12.026,11.952,12.311333333333332,0.18900543469658543
2023-12-04,601899.SH,12.45,12.69,12.38,12.4,12.04,0.36,2.99,2291194.85,2865128.223,0.029900332225913706,0.029462032730316282,12.132000000000001,11.9755,12.304666666666668,0.20348939560103196
2023-12-05,601899.SH,12.12,12.16,11.92,11.95,12.4,-0.45,-3.629,1584840.6,1905395.189,-0.03629032258064524,-0.03696519423347159,12.144,11.9725,12.283833333333332,0.24361251516632773
2023-12-06,601899.SH,11.84,12.08,11.75,12.0,11.95,0.05,0.4184,1104640.22,1321048.903,0.004184100418409997,0.004175371410480592,12.113999999999999,11.9815,12.264666666666667,0.2367864955256592
2023-12-07,601899.SH,11.9,11.92,11.75,11.8,12.0,-0.2,-1.6667,1088833.01,1285326.253,-0.016666666666666607,-0.016807118316381174,12.038,11.977500000000001,12.243666666666666,0.2441185278550255
2023-12-08,601899.SH,11.81,11.83,11.65,11.67,11.8,-0.13,-1.1017,1182811.21,1383385.684,-0.011016949152542477,-0.011078085173154565,11.964000000000002,11.972,12.221333333333332,0.24544627937742367
2023-12-11,601899.SH,11.59,11.73,11.38,11.67,11.67,0.0,0.0,1112132.14,1285375.457,0.0,0.0,11.818,11.9605,12.201166666666666,0.24228647732786773
2023-12-12,601899.SH,11.57,11.63,11.46,11.62,11.67,-0.05,-0.4284,893007.08,1030115.693,-0.004284490145672781,-0.0042936948746995635,11.752,11.9485,12.178166666666666,0.242434761473024
2023-12-13,601899.SH,11.54,11.61,11.44,11.44,11.62,-0.18,-1.5491,856443.43,987071.611,-0.015490533562822706,-0.015611765472113315,11.64,11.9205,12.154833333333332,0.2428076667875004
2023-12-14,601899.SH,11.8,11.83,11.46,11.48,11.44,0.04,0.3497,1355315.61,1572792.098,0.0034965034965035446,0.0034904049397685676,11.575999999999999,11.895999999999999,12.132166666666668,0.24366560898272857
2023-12-15,601899.SH,11.6,11.97,11.6,11.7,11.48,0.22,1.9164,2047532.92,2415721.668,0.019163763066202044,0.01898245091229003,11.581999999999999,11.8825,12.110833333333334,0.25496002402206275
2023-12-18,601899.SH,11.64,11.85,11.58,11.78,11.7,0.08,0.6838,737333.59,867805.169,0.006837606837606813,0.006814336419730188,11.604,11.878499999999999,12.088,0.25449338068302935
2023-12-19,601899.SH,11.76,11.84,11.65,11.8,11.78,0.02,0.1698,599463.18,704972.69,0.0016977928692700761,0.0016963532481785555,11.639999999999999,11.8615,12.066833333333333,0.23868088491219855
2023-12-20,601899.SH,11.92,12.12,11.86,12.02,11.8,0.22,1.8644,1655928.23,1992734.597,0.018644067796609987,0.018472397635442266,11.756,11.865,12.047666666666666,0.2423704067807955
2023-12-21,601899.SH,11.94,12.09,11.89,12.07,12.02,0.05,0.416,1087028.3,1304679.471,0.004159733777038266,0.004151106002378609,11.874,11.869,12.028,0.2425184191401489
2023-12-22,601899.SH,12.15,12.18,11.99,12.14,12.07,0.07,0.58,1272062.98,1540207.671,0.0057995028997515075,0.005782750521912127,11.962,11.883500000000002,12.012166666666667,0.23884053762598387
2023-12-25,601899.SH,12.03,12.24,12.01,12.22,12.09,0.13,1.0753,859684.31,1045070.555,0.006589785831960571,0.006568168112097169,12.05,11.901,12.000333333333336,0.23957405996022868
2023-12-26,601899.SH,12.2,12.28,12.15,12.18,12.22,-0.04,-0.3273,746216.67,910846.708,-0.00327332242225864,-0.003278691461698347,12.126000000000001,11.9155,11.990666666666668,0.24018617174353382
2023-12-27,601899.SH,12.23,12.42,12.19,12.4,12.18,0.22,1.8062,1255647.16,1548586.309,0.01806239737274229,0.017901210329240302,12.202,11.928,11.9865,0.2362150124160636
2023-12-28,601899.SH,12.49,12.67,12.31,12.35,12.4,-0.05,-0.4032,1857184.01,2312289.057,-0.0040322580645162365,-0.004040409537005086,12.258,11.936499999999999,11.9855,0.2368505890698234
2023-12-29,601899.SH,12.27,12.48,12.27,12.46,12.35,0.11,0.8907,1214615.41,1506071.319,0.00890688259109318,0.008867450285320943,12.322000000000001,11.9575,11.991000000000001,0.23385789534211213
2024-01-02,601899.SH,12.41,12.66,12.39,12.49,12.46,0.03,0.2408,1133169.38,1418264.969,0.0024077046548955927,0.0024048107781791494,12.376,11.962,11.995833333333334,0.20912757982535382
2024-01-03,601899.SH,12.43,12.59,12.39,12.53,12.49,0.04,0.3203,760491.48,951970.406,0.0032025620496396456,0.0031974447704905596,12.446,11.991000000000001,12.001000000000001,0.15780591927900964
2024-01-04,601899.SH,12.43,12.52,12.39,12.51,12.53,-0.02,-0.1596,998225.17,1242764.335,-0.0015961691939345712,-0.0015974444291571755,12.468,12.0165,12.007333333333333,0.15828175660781832
2024-01-05,601899.SH,12.46,12.68,12.37,12.47,12.51,-0.04,-0.3197,1097526.52,1377692.738,-0.003197442046362853,-0.003202564786874632,12.492,12.05,12.010333333333334,0.14360718916590617
2024-01-08,601899.SH,12.46,12.53,12.27,12.3,12.47,-0.17,-1.3633,915815.62,1131732.817,-0.013632718524458687,-0.013726497313573257,12.459999999999999,12.0815,12.014999999999999,0.1472012825534336
2024-01-09,601899.SH,12.31,12.45,12.28,12.43,12.3,0.13,1.0569,941797.82,1166609.534,0.010569105691056846,0.01051364314424787,12.448,12.119499999999999,12.019833333333333,0.14941985530361457
2024-01-10,601899.SH,12.33,12.44,12.28,12.28,12.43,-0.15,-1.2068,632627.95,780721.482,-0.012067578439259874,-0.012140982803623359,12.398,12.1525,12.023500000000002,0.15695570715074533
2024-01-11,601899.SH,12.31,12.32,12.09,12.14,12.28,-0.14,-1.1401,967801.56,1179075.752,-0.01140065146579794,-0.011466137087644093,12.324000000000002,12.1875,12.026166666666667,0.15119584338676054
2024-01-12,601899.SH,12.07,12.26,12.05,12.2,12.14,0.06,0.4942,764338.77,930414.485,0.0049423393739702615,0.004930166107858586,12.27,12.2235,12.033333333333333,0.15134370852357495
2024-01-15,601899.SH,12.17,12.26,12.05,12.12,12.2,-0.08,-0.6557,496325.51,603042.874,-0.006557377049180357,-0.006578971098042511,12.234,12.244499999999999,12.041166666666665,0.142384309532787
2024-01-16,601899.SH,12.06,12.27,12.06,12.19,12.12,0.07,0.5776,804364.59,978561.026,0.005775577557755707,0.005758962852011695,12.186,12.265,12.053500000000001,0.14193545163843907
2024-01-17,601899.SH,12.09,12.13,11.7,11.7,12.19,-0.49,-4.0197,1407350.55,1671092.719,-0.040196882690730074,-0.041027101689469686,12.069999999999999,12.26,12.052666666666669,0.20571521966351952
2024-01-18,601899.SH,11.66,11.94,11.4,11.84,11.7,0.14,1.1966,1663791.21,1935251.85,0.011965811965811923,0.011894787652149146,12.01,12.251,12.048666666666666,0.1987884366773787
2024-01-19,601899.SH,11.78,11.97,11.65,11.92,11.84,0.08,0.6757,1237950.36,1468955.722,0.006756756756756799,0.0067340321813441194,11.953999999999999,12.243500000000001,12.046,0.19983777722440466
2024-01-22,601899.SH,11.88,11.94,11.55,11.68,11.92,-0.24,-2.0134,1453549.76,1710510.98,-0.020134228187919434,-0.020339684237122672,11.866,12.220500000000001,12.0405,0.20986235796381114
2024-01-23,601899.SH,11.61,11.68,11.21,11.54,11.68,-0.14,-1.1986,1694917.44,1940940.579,-0.011986301369863117,-0.0120587163201276,11.736,12.186499999999999,12.025833333333333,0.21031780903082833
2024-01-24,601899.SH,11.62,11.75,11.43,11.72,11.54,0.18,1.5598,1059407.54,1229718.058,0.015597920277296451,0.015477523068913143,11.74,12.1635,12.013833333333334,0.22016115133483652
2024-01-25,601899.SH,11.82,12.05,11.79,12.05,11.72,0.33,2.8157,1274822.89,1522375.802,0.028156996587030747,0.027767875787797474,11.782,12.146,12.011333333333335,0.2346949437193894
2024-01-26,601899.SH,12.1,12.28,11.98,12.22,12.05,0.17,1.4108,1245210.21,1516091.358,0.014107883817427336,0.014009293806785212,11.842,12.139500000000002,12.0115,0.2406775931197697
2024-01-29,601899.SH,12.23,12.35,12.2,12.24,12.22,0.02,0.1637,847536.28,1040554.942,0.0016366612111291534,0.0016353233407306164,11.953999999999999,12.128499999999999,12.012666666666666,0.23831318872148455
2024-01-30,601899.SH,12.18,12.3,12.06,12.18,12.24,-0.06,-0.4902,1063556.76,1296846.927,-0.004901960784313819,-0.004914014802429152,12.081999999999999,12.113,12.016833333333333,0.23842783602413126
2024-01-31,601899.SH,12.12,12.23,12.03,12.04,12.18,-0.14,-1.1494,1098979.2,1333498.982,-0.011494252873563315,-0.011560822401076084,12.146,12.0885,12.017333333333333,0.24056873516653124
2024-02-01,601899.SH,12.0,12.27,11.9,12.13,12.04,0.09,0.7475,1084095.21,1313469.936,0.007475083056478482,0.00744728307528386,12.162,12.0695,12.0225,0.24285616634169113
2024-02-02,601899.SH,12.2,12.34,11.88,12.03,12.13,-0.1,-0.8244,1390102.79,1693724.843,-0.008244023083264773,-0.008278192969371394,12.123999999999999,12.0475,12.025,0.24400146573614884
2024-02-05,601899.SH,12.07,12.28,11.96,12.16,12.03,0.13,1.0806,1710759.63,2074493.835,0.010806317539484578,0.010748346551433396,12.107999999999999,12.0405,12.031333333333334,0.2435459411228794
2024-02-06,601899.SH,12.13,12.38,12.04,12.19,12.16,0.03,0.2467,2020937.71,2464896.61,0.002467105263157743,0.002464066955159057,12.110000000000001,12.028500000000001,12.036166666666666,0.2403569500483809
2024-02-07,601899.SH,12.19,12.3,12.04,12.25,12.19,0.06,0.4922,2158069.89,2628884.527,0.004922067268252617,0.004909993497555785,12.152000000000001,12.027000000000001,12.042666666666666,0.2374018018846598
2024-02-08,601899.SH,12.24,12.52,12.22,12.5,12.25,0.25,2.0408,1911092.71,2365281.337,0.020408163265306145,0.02020270731751947,12.226,12.045,12.050999999999998,0.24392958645203983
2024-02-19,601899.SH,12.51,12.86,12.4,12.85,12.5,0.35,2.8,1886546.42,2393625.732,0.028000000000000025,0.02761516703297339,12.39,12.0775,12.065666666666667,0.26126610031452224
2024-02-20,601899.SH,12.8,13.18,12.72,13.1,12.85,0.25,1.9455,1370783.28,1790347.206,0.01945525291828787,0.019268418865876987,12.578,12.1265,12.0845,0.26528987553366284
2024-02-21,601899.SH,13.06,13.29,13.01,13.05,13.1,-0.05,-0.3817,1539870.34,2029310.533,-0.003816793893129722,-0.0038240964384033942,12.75,12.169500000000001,12.104333333333333,0.26663382224755655
2024-02-22,601899.SH,13.09,13.28,13.02,13.26,13.05,0.21,1.6092,1127399.91,1484391.737,0.016091954022988464,0.01596385098901399,12.951999999999998,12.247499999999999,12.123,0.2137690491734551
2024-02-23,601899.SH,13.25,13.68,13.2,13.5,13.26,0.24,1.81,1377260.96,1857150.077,0.018099547511312153,0.01793770068666725,13.151999999999997,12.3305,12.148833333333332,0.21698565765888064
2024-02-26,601899.SH,13.51,13.61,13.09,13.15,13.5,-0.35,-2.5926,1460045.15,1940973.998,-0.025925925925925908,-0.026267926820610188,13.212,12.392,12.168166666666666,0.24589942911115945
2024-02-27,601899.SH,13.06,13.27,13.0,13.16,13.15,0.01,0.076,1364913.93,1791457.395,0.0007604562737641984,0.000760167273397525,13.224,12.466,12.190000000000001,0.22807163325890928
2024-02-28,601899.SH,13.16,13.17,12.97,13.01,13.16,-0.15,-1.1398,1093358.06,1429626.558,-0.011398176291793294,-0.011463633372757217,13.216,12.5395,12.209000000000001,0.22746245168203988
2024-02-29,601899.SH,13.02,13.2,12.96,13.11,13.01,0.1,0.7686,1081241.01,1410959.457,0.00768639508070712,0.00765700525119454,13.186000000000002,12.609,12.229333333333335,0.22480370248344148
2024-03-01,601899.SH,13.06,13.36,13.0,13.25,13.11,0.14,1.0679,1178466.65,1552005.622,0.01067887109077037,0.010622254656622707,13.136000000000001,12.669,12.247666666666667,0.2097161340971053
2024-03-04,601899.SH,13.46,13.62,13.36,13.46,13.25,0.21,1.5849,1314001.1,1769842.794,0.01584905660377367,0.015724771784350614,13.198000000000002,12.730999999999998,12.269,0.21082475457709057
2024-03-05,601899.SH,13.6,13.97,13.59,13.85,13.46,0.39,2.8975,1960876.5,2710355.633,0.028974739970282215,0.02856290841676566,13.335999999999999,12.8115,12.299166666666668,0.22688607332036456
2024-03-06,601899.SH,13.85,14.36,13.84,14.2,13.85,0.35,2.5271,2017876.89,2854602.325,0.025270758122743597,0.024956731973867458,13.574000000000002,12.9125,12.329166666666667,0.2323505179493246
2024-03-07,601899.SH,14.38,14.96,14.27,14.73,14.2,0.53,3.7324,2374935.63,3490560.849,0.03732394366197189,0.036644265867323916,13.898,13.047,12.375499999999999,0.2429517605917525
2024-03-08,601899.SH,14.9,14.93,14.53,14.89,14.73,0.16,1.0862,1692349.65,2495033.636,0.010862186014935604,0.010803616221378811,14.225999999999999,13.184999999999999,12.423666666666668,0.24273712043601448
2024-03-11,601899.SH,15.0,15.05,14.62,14.86,14.89,-0.03,-0.2015,1536663.34,2272630.522,-0.002014775016789816,-0.002016807406304535,14.506,13.326500000000001,12.474666666666666,0.23733366384169904
2024-03-12,601899.SH,14.75,14.82,14.28,14.36,14.86,-0.5,-3.3647,2042754.42,2953248.652,-0.03364737550471064,-0.03422647566953499,14.607999999999999,13.436499999999999,12.519499999999999,0.2848345041618853
2024-03-13,601899.SH,14.25,14.76,14.18,14.69,14.36,0.33,2.2981,1454519.86,2110554.047,0.022980501392757757,0.022720426565707906,14.706,13.561499999999999,12.569833333333333,0.2883551768647926
2024-03-14,601899.SH,15.25,15.78,15.25,15.39,14.69,0.7,4.7651,2719174.72,4216534.925,0.0476514635806673,0.04655095766500209,14.838,13.7185,12.632666666666667,0.31769977361044993
2024-03-15,601899.SH,15.32,16.12,15.3,15.96,15.39,0.57,3.7037,2233163.08,3509902.917,0.03703703703703698,0.03636764417087479,15.051999999999998,13.891499999999999,12.708,0.3290503605040307
2024-03-18,601899.SH,15.97,16.16,15.58,15.78,15.96,-0.18,-1.1278,2303296.95,3633999.462,-0.011278195488721887,-0.011342276603934607,15.235999999999999,14.038000000000002,12.779666666666666,0.3340050472892267
2024-03-19,601899.SH,15.7,15.93,15.5,15.53,15.78,-0.25,-1.5843,1618999.47,2543787.075,-0.01584283903675543,-0.015969678257132525,15.469999999999999,14.1595,12.8435,0.34482366062525455
2024-03-20,601899.SH,15.35,15.61,15.2,15.51,15.53,-0.02,-0.1288,1771100.5,2723258.799,-0.0012878300064391723,-0.0012886599721482696,15.634,14.282499999999999,12.905666666666665,0.3437146495443706
2024-03-21,601899.SH,15.91,16.13,15.6,15.62,15.51,0.11,0.7092,1996237.01,3151230.65,0.007092198581560183,0.007067167223092353,15.680000000000001,14.4005,12.969333333333333,0.3426978797222941
2024-03-22,601899.SH,15.39,15.52,15.17,15.39,15.62,-0.23,-1.4725,1771121.21,2717488.083,-0.01472471190781044,-0.014834196560751989,15.565999999999999,14.495,13.0255,0.35015708442654137
2024-03-25,601899.SH,15.38,15.86,15.31,15.74,15.39,0.35,2.2742,1645275.64,2580594.446,0.02274204028589999,0.022487295138469365,15.557999999999998,14.624500000000001,13.086666666666666,0.33196734392101485
2024-03-26,601899.SH,15.77,15.82,15.33,15.53,15.74,-0.21,-1.3342,1327978.74,2057986.264,-0.013341804320203376,-0.013431605828661541,15.557999999999998,14.743,13.143166666666666,0.3404094404632585
2024-03-27,601899.SH,15.46,15.89,15.44,15.72,15.53,0.19,1.2234,1561421.61,2459520.729,0.012234385061171915,0.012160149840464774,15.6,14.878499999999999,13.2015,0.332298913999156
2024-03-28,601899.SH,15.65,16.18,15.53,16.1,15.72,0.38,2.4173,1888688.82,3013540.981,0.024173027989822016,0.023885484989356956,15.696000000000002,15.028,13.266833333333333,0.33609726750014185
2024-03-29,601899.SH,16.4,16.87,16.3,16.82,16.1,0.72,4.472,2095644.74,3491214.365,0.044720496894409933,0.04374938255438468,15.982,15.2065,13.3405,0.3573389148494302
2024-04-01,601899.SH,17.24,17.39,16.69,16.87,16.82,0.05,0.2973,2076140.91,3527137.25,0.0029726516052319685,0.0029682420130750383,16.208000000000002,15.377,13.415833333333333,0.35853457526746174
2024-04-02,601899.SH,16.95,17.15,16.76,16.95,16.87,0.08,0.4742,1337638.81,2265617.998,0.004742145820983978,0.004730937268582317,16.492,15.532,13.490666666666666,0.35323392641711476
2024-04-03,601899.SH,17.19,17.65,16.98,17.51,16.95,0.56,3.3038,2380869.48,4121388.638,0.03303834808259598,0.032504312471301325,16.85,15.6975,13.574333333333332,0.35861111954712005
2024-04-08,601899.SH,17.65,18.17,17.23,17.3,17.51,-0.21,-1.1993,3127119.08,5555680.584,-0.011993146773272456,-0.012065644794027261,17.09,15.825999999999999,13.653833333333333,0.35286202513835324
2024-04-09,601899.SH,17.22,17.4,16.93,17.01,17.3,-0.29,-1.6763,2015836.11,3447848.187,-0.01676300578034673,-0.016905095095962774,17.128,15.931999999999999,13.728833333333334,0.3636674321952272
2024-04-10,601899.SH,17.14,18.15,17.14,17.99,17.01,0.98,5.7613,2642698.6,4685400.744,0.05761316872427957,0.05601464155467109,17.352,16.0885,13.820833333333333,0.4036258294572875
2024-04-11,601899.SH,17.52,18.52,17.49,17.99,17.99,0.0,0.0,2565765.82,4620626.247,0.0,0.0,17.56,16.270000000000003,13.915666666666668,0.3718948014940515
2024-04-12,601899.SH,18.48,18.58,17.98,18.39,17.99,0.4,2.2235,2337819.29,4289461.428,0.022234574763757786,0.021990990653788126,17.735999999999997,16.455000000000002,14.015000000000002,0.3716010496878344
2024-04-15,601899.SH,17.8,18.56,17.78,18.46,18.39,0.07,0.3806,2385956.23,4327726.049,0.0038064165307232223,0.0037991904584763793,17.968,16.6085,14.117999999999999,0.3468758782407918
2024-04-16,601899.SH,18.46,18.63,17.89,17.94,18.46,-0.52,-2.8169,2082205.27,3791491.593,-0.028169014084507005,-0.028573372444056,18.154,16.7075,14.214666666666666,0.35499498696039056
2024-04-17,601899.SH,17.91,18.15,17.58,18.08,17.94,0.14,0.7804,2154279.58,3853775.926,0.007803790412485911,0.007773498333380226,18.172,16.822499999999998,14.312666666666667,0.3490182844632725
2024-04-18,601899.SH,17.91,18.54,17.86,18.47,18.08,0.39,2.1571,2005973.7,3665579.379,0.02157079646017701,0.021341439247118173,18.268,16.9695,14.4185,0.34165561977658937
2024-04-19,601899.SH,18.56,19.33,18.4,18.63,18.47,0.16,0.8663,2653118.52,4990039.164,0.008662696264212233,0.008625390402348491,18.316,17.1255,14.525833333333333,0.33953042492828694
2024-04-22,601899.SH,18.87,19.0,17.75,17.8,18.63,-0.83,-4.4552,2677303.71,4889599.625,-0.044551798174986446,-0.04557472731545748,18.183999999999997,17.2345,14.6275,0.3899696708325408
2024-04-23,601899.SH,17.41,17.65,17.0,17.04,17.8,-0.76,-4.2697,3201000.41,5522404.56,-0.04269662921348327,-0.043634935896869925,18.003999999999998,17.317,14.714166666666667,0.42182307550504167
2024-04-24,601899.SH,17.04,17.59,17.04,17.54,17.04,0.5,2.9343,2113742.81,3671334.96,0.02934272300469476,0.028920465542867233,17.895999999999997,17.407,14.807833333333331,0.4260435768624443
2024-04-25,601899.SH,17.33,17.56,17.09,17.4,17.54,-0.14,-0.7982,1429509.69,2475547.327,-0.007981755986317007,-0.008013780723553656,17.682,17.5005,14.903166666666667,0.42327032635324113
2024-04-26,601899.SH,17.58,18.37,17.41,18.27,17.4,0.87,5.0,2661284.45,4799432.002,0.050000000000000044,0.04879016416943205,17.61,17.628,15.015333333333334,0.4509277675812594
2024-04-29,601899.SH,18.13,18.13,17.39,17.66,18.27,-0.61,-3.3388,2252987.35,4005052.725,-0.03338806787082649,-0.03395817521410139,17.582,17.706,15.114333333333333,0.46933598992871967
2024-04-30,601899.SH,17.92,18.06,17.55,17.61,17.66,-0.05,-0.2831,1694667.08,3018725.384,-0.0028312570781426905,-0.0028352726676991783,17.695999999999998,17.7455,15.206999999999999,0.4457863517929424
2024-05-06,601899.SH,17.32,17.56,16.82,17.52,17.61,-0.09,-0.5111,2606348.02,4487638.406,-0.005110732538330498,-0.005123836999869395,17.692,17.778,15.295333333333334,0.4466363280017666
2024-05-07,601899.SH,17.62,17.9,17.39,17.45,17.52,-0.07,-0.3995,1523940.77,2684017.066,-0.003995433789954372,-0.0040034368598092455,17.701999999999998,17.803,15.382166666666668,0.44707063960432747
2024-05-08,601899.SH,17.3,17.68,17.01,17.45,17.45,0.0,0.0,1324039.84,2300504.674,0.0,0.0,17.538,17.8,15.469999999999999,0.43159535695900053
2024-05-09,601899.SH,17.28,17.91,17.28,17.71,17.45,0.26,1.49,1465867.63,2587027.544,0.01489971346704877,0.01478980314630606,17.548000000000002,17.8205,15.5645,0.4320936521471494
2024-05-10,601899.SH,18.1,18.28,17.78,18.24,17.71,0.53,2.9927,2061408.07,3722450.388,0.029926595143986212,0.02948753285144293,17.674,17.881999999999998,15.666333333333334,0.43763624417623
2024-05-13,601899.SH,18.0,18.34,17.83,18.18,18.24,-0.06,-0.3289,1408589.71,2546450.263,-0.003289473684210509,-0.003294895896852538,17.806,17.8915,15.768833333333333,0.3891219487364515
2024-05-14,601899.SH,18.35,18.72,18.25,18.49,18.18,0.31,1.7052,1474298.01,2726855.288,0.017051705170517018,0.01690795664970067,18.014000000000003,17.9165,15.874333333333334,0.393334904721351
2024-05-15,601899.SH,18.54,18.85,18.26,18.3,18.49,-0.19,-1.0276,1386875.53,2566910.429,-0.01027582477014588,-0.010328985551658077,18.184,17.912,15.976166666666666,0.38767273509072686
2024-05-16,601899.SH,18.63,18.89,18.21,18.27,18.3,-0.03,-0.1639,1939111.49,3594190.888,-0.0016393442622951726,-0.0016406894574599999,18.296,17.9025,16.0765,0.38745264632385246
2024-05-17,601899.SH,18.37,18.78,18.0,18.78,18.27,0.51,2.7915,1830950.9,3375111.655,0.02791461412151075,0.027532103390201578,18.404,17.9445,16.181166666666666,0.3849570277586805
2024-05-20,601899.SH,19.43,19.79,19.09,19.47,18.78,0.69,3.6741,2652361.9,5155591.278,0.036741214057507854,0.03608234560399134,18.662,18.014,16.2915,0.40343504249126766
2024-05-21,601899.SH,19.41,19.58,18.56,18.65,19.47,-0.82,-4.2116,2283748.46,4309331.269,-0.042116076014381165,-0.04302867329428384,18.694,18.023,16.384,0.4291986491761153
2024-05-22,601899.SH,18.65,18.78,18.33,18.43,18.65,-0.22,-1.1796,1424754.52,2637331.817,-0.011796246648793529,-0.011866374408092597,18.72,18.012999999999998,16.473666666666666,0.430390915657984
2024-05-23,601899.SH,17.56,18.01,17.36,17.84,18.43,-0.59,-3.2013,2082536.03,3694875.283,-0.03201302224633751,-0.03253664452986861,18.634,18.015,16.55,0.41528567307044817
2024-05-24,601899.SH,17.6,18.03,17.59,17.82,17.84,-0.02,-0.1121,1257127.78,2245716.303,-0.0011210762331838042,-0.0011217051092000155,18.442,18.054,16.622,0.382977434633435
2024-05-27,601899.SH,17.77,18.36,17.76,18.2,17.82,0.38,2.1324,1467113.97,2662784.806,0.021324354657688005,0.021100172040086428,18.188,18.087,16.706166666666668,0.3765313001528657
2024-05-28,601899.SH,18.38,18.48,18.01,18.05,18.2,-0.15,-0.8242,1328072.55,2420542.086,-0.008241758241758212,-0.00827590930385971,18.068,18.1195,16.787666666666667,0.3766248903962483
2024-05-29,601899.SH,18.08,18.58,17.97,18.45,18.05,0.4,2.2161,1584145.98,2914016.096,0.02216066481994461,0.021918685707646275,18.072,18.1285,16.878333333333334,0.34094015388117044
2024-05-30,601899.SH,18.3,18.37,17.55,17.64,18.45,-0.81,-4.3902,2092498.86,3729795.969,-0.04390243902439017,-0.04489531990789088,18.032,18.127499999999998,16.953833333333332,0.35657167477677243
2024-05-31,601899.SH,17.63,17.72,17.2,17.41,17.64,-0.23,-1.3039,1970347.47,3434982.967,-0.0130385487528345,-0.013124296798547604,17.95,18.1175,17.023166666666665,0.35954504357613587
2024-06-03,601899.SH,17.29,17.63,17.17,17.33,17.41,-0.08,-0.4595,1348331.99,2343666.557,-0.004595060310166654,-0.004605650052583046,17.776,18.107999999999997,17.087666666666667,0.35945867618455324
2024-06-04,601899.SH,17.45,17.7,17.18,17.42,17.33,0.09,0.5193,1520604.94,2652422.196,0.005193306405078202,0.0051798676968423255,17.65,18.1065,17.147166666666667,0.35968558999802963
2024-06-05,601899.SH,17.0,17.2,16.75,17.05,17.42,-0.37,-2.124,1854607.19,3155725.051,-0.021239954075775058,-0.02146876769483103,17.37,18.0865,17.194666666666663,0.3676244131558783
2024-06-06,601899.SH,17.35,17.79,17.33,17.59,17.05,0.54,3.1672,1864393.19,3276766.583,0.03167155425219925,0.031180355019940847,17.360000000000003,18.0805,17.24233333333333,0.38173616252180603
2024-06-07,601899.SH,17.82,17.88,17.31,17.76,17.59,0.17,0.9665,1737726.56,3063217.623,0.009664582148948275,0.009618178814557213,17.43,18.0565,17.290166666666664,0.3671185723230509
2024-06-11,601899.SH,17.11,17.22,16.78,17.0,17.56,-0.56,-3.1891,1727394.32,2932617.275,-0.04279279279279291,-0.04373539350780805,17.363999999999997,17.9975,17.325833333333332,0.3959249218944232
2024-06-12,601899.SH,16.89,17.27,16.86,17.21,17.0,0.21,1.2353,1319006.25,2255787.02,0.012352941176470678,0.012277266167232058,17.322000000000003,17.933500000000002,17.37333333333333,0.3931016717168529
2024-06-13,601899.SH,17.14,17.22,16.51,16.81,17.21,-0.4,-2.3242,1749091.51,2935447.404,-0.023242300987797893,-0.023516662802923912,17.274,17.859,17.408666666666665,0.3988120220891329
2024-06-14,601899.SH,16.6,17.17,16.55,17.09,16.81,0.28,1.6657,1630139.37,2764928.686,0.016656751933373126,0.016519549706975414,17.174,17.8,17.437,0.4054421812698027
2024-06-17,601899.SH,16.99,17.17,16.76,17.04,17.09,-0.05,-0.2926,1063816.8,1811063.472,-0.0029256875365711865,-0.0029299757263299415,17.03,17.713,17.455,0.38866407357755905
2024-06-18,601899.SH,16.61,17.08,16.38,16.92,17.04,-0.12,-0.7042,2398533.61,4016852.351,-0.00704225352112664,-0.007067167223092331,17.014000000000003,17.5855,17.474,0.3567107921633857
2024-06-19,601899.SH,16.92,17.5,16.88,17.32,16.92,0.4,2.3641,1720495.21,2971053.455,0.02364066193853409,0.023365548956211693,17.035999999999998,17.519000000000002,17.503833333333333,0.3464673383753261
2024-06-20,601899.SH,17.41,17.86,17.37,17.56,17.32,0.24,1.3857,1288207.1,2269494.994,0.013856812933025209,0.01376168507268131,17.186,17.4755,17.538,0.35023091826183234
2024-06-21,601899.SH,17.78,17.87,17.24,17.32,17.56,-0.24,-1.3667,1452327.53,2537688.937,-0.013667425968109215,-0.013761685072681377,17.232,17.4495,17.56633333333333,0.33523901723671484
2024-06-24,601899.SH,17.0,17.58,16.93,17.47,17.32,0.15,0.8661,1320341.35,2291742.45,0.008660508083140783,0.008623221011676006,17.318,17.432,17.601,0.3370874409213164
2024-06-25,601899.SH,17.45,17.52,17.2,17.35,17.47,-0.12,-0.6869,955705.39,1658445.654,-0.006868918145391922,-0.006892617753096819,17.404,17.3895,17.627833333333335,0.3272852809420104
2024-06-26,601899.SH,17.22,17.34,16.97,17.26,17.35,-0.09,-0.5187,1079234.22,1849478.444,-0.005187319884726205,-0.005200820737586292,17.392000000000003,17.35,17.65666666666667,0.3267146594354144
2024-06-27,601899.SH,17.14,17.17,16.89,16.9,17.26,-0.36,-2.0857,1007141.32,1710178.992,-0.020857473928157733,-0.021078063726254245,17.259999999999998,17.2725,17.676333333333332,0.3200823168326944
2024-06-28,601899.SH,16.98,17.63,16.82,17.57,16.9,0.67,3.9645,1295243.71,2248803.981,0.03964497041420123,0.038879280269978084,17.31,17.269,17.700833333333335,0.3199636658022278
2024-07-01,601899.SH,17.78,18.1,17.74,18.04,17.57,0.47,2.675,1490496.25,2674413.716,0.026750142287990775,0.02639861243547166,17.424,17.3005,17.721166666666665,0.3294979687234804
2024-07-02,601899.SH,18.08,18.08,17.64,17.84,18.04,-0.2,-1.1086,957198.94,1705179.4,-0.011086474501108556,-0.011148387482614187,17.522,17.326,17.737333333333332,0.3320130512567214
2024-07-03,601899.SH,17.84,18.03,17.71,17.89,17.84,0.05,0.2803,1039344.61,1853176.366,0.002802690582959677,0.002798770368764509,17.648,17.3495,17.753,0.33178389895869553
2024-07-04,601899.SH,18.23,18.59,18.17,18.17,17.89,0.28,1.5651,1762920.83,3241891.072,0.015651201788708935,0.015529984887452181,17.902,17.4055,17.764,0.32393966084891906
2024-07-05,601899.SH,18.17,18.66,18.11,18.64,18.17,0.47,2.5867,1887476.09,3484687.196,0.02586681342872854,0.025537926849365178,18.116,17.458000000000002,17.786333333333335,0.31781410568585217
2024-07-08,601899.SH,18.69,18.88,18.44,18.45,18.64,-0.19,-1.0193,1491976.88,2778400.677,-0.010193133047210368,-0.010245438770909,18.198,17.4925,17.810333333333336,0.3201768482720229
2024-07-09,601899.SH,18.6,18.86,18.55,18.82,18.45,0.37,2.0054,1649306.63,3089185.866,0.020054200542005463,0.019855763670697423,18.394,17.5835,17.824166666666667,0.2782761468607089
2024-07-10,601899.SH,18.73,18.98,18.28,18.38,18.82,-0.44,-2.3379,1508429.64,2806437.585,-0.023379383634431483,-0.023657017229692615,18.492,17.642,17.83066666666667,0.29459542380861614
2024-07-11,601899.SH,18.5,18.96,18.3,18.87,18.38,0.49,2.6659,1558077.57,2925447.887,0.026659412404787863,0.026310242452917906,18.631999999999998,17.744999999999997,17.838666666666665,0.28778641656444076
2024-07-12,601899.SH,18.97,19.0,18.36,18.48,18.87,-0.39,-2.0668,1390550.7,2586146.821,-0.020667726550079535,-0.02088429316692079,18.6,17.814500000000002,17.839,0.29962564674774356
2024-07-15,601899.SH,18.5,18.95,18.43,18.82,18.48,0.34,1.8398,1269889.58,2392322.767,0.018398268398268414,0.01823106794369549,18.674,17.9035,17.853666666666665,0.3025541144116239
2024-07-16,601899.SH,18.78,19.24,18.78,19.21,18.82,0.39,2.0723,1345954.8,2569268.514,0.020722635494155206,0.020510842623231756,18.752000000000002,18.018,17.8725,0.3037618919548718
2024-07-17,601899.SH,19.5,19.54,18.37,18.47,19.21,-0.74,-3.8522,2171674.11,4075167.475,-0.038521603331598264,-0.03928318256931683,18.77,18.075499999999998,17.8725,0.3358000672163638
2024-07-18,601899.SH,18.24,18.49,17.97,18.45,18.47,-0.02,-0.1083,1491777.02,2719754.56,-0.0010828370330264736,-0.0010834237246123441,18.686,18.12,17.869500000000002,0.33383018663923364
2024-07-19,601899.SH,17.8,18.05,17.11,17.94,18.45,-0.51,-2.7642,2386171.58,4220560.796,-0.027642276422764067,-0.028031513855885967,18.578,18.151,17.871833333333335,0.34635988119442995
2024-07-22,601899.SH,17.75,17.84,17.21,17.6,17.94,-0.34,-1.8952,1929751.22,3373542.743,-0.018952062430323324,-0.019133954586543985,18.333999999999996,18.157500000000002,17.881166666666665,0.3531053881002062
2024-07-23,601899.SH,17.58,17.72,16.5,16.52,17.6,-1.08,-6.1364,2354732.41,3978851.947,-0.06136363636363651,-0.06332713395127425,17.796,18.116,17.864166666666666,0.41581966518735974
2024-07-24,601899.SH,16.45,16.75,16.4,16.53,16.52,0.01,0.0605,1368095.53,2262423.375,0.000605326876513379,0.0006051437401008658,17.408,18.0795,17.849666666666668,0.41576115845997924
2024-07-25,601899.SH,16.08,16.24,15.38,15.43,16.53,-1.1,-6.6546,2882151.6,4506442.225,-0.06654567453115556,-0.06886324545786343,16.804,18.006,17.802333333333333,0.4714015555037034
2024-07-26,601899.SH,15.55,16.09,15.51,15.85,15.43,0.42,2.722,1753896.1,2781765.969,0.02721970187945555,0.026855833948220095,16.386000000000003,17.92,17.772166666666667,0.4579758867393985
2024-07-29,601899.SH,16.0,16.28,15.76,16.11,15.85,0.26,1.6404,1439936.3,2311428.227,0.016403785488958933,0.016270696865593334,16.088,17.823500000000003,17.74716666666667,0.44994391372197184
2024-07-30,601899.SH,15.97,16.01,15.73,15.91,16.11,-0.2,-1.2415,1253230.95,1987811.94,-0.012414649286157653,-0.012492354839187498,15.966,17.726999999999997,17.720333333333333,0.4501969472428336
2024-07-31,601899.SH,15.99,16.66,15.97,16.58,15.91,0.67,4.2112,1901637.76,3120989.658,0.042111879321181434,0.04124930735745321,15.975999999999999,17.661499999999997,17.705833333333334,0.4802245572314639
2024-08-01,601899.SH,16.88,17.08,16.48,16.63,16.58,0.05,0.3016,1496889.88,2507529.786,0.003015681544028981,0.003011143497687422,16.216,17.5845,17.692166666666665,0.4756652411161009
2024-08-02,601899.SH,16.31,16.31,15.7,15.96,16.63,-0.67,-4.0289,2143936.94,3415283.681,-0.04028863499699331,-0.04112270118317352,16.238,17.450499999999998,17.663,0.4785557878701416
2024-08-05,601899.SH,15.57,16.03,15.46,15.63,15.96,-0.33,-2.0677,1791190.79,2821695.201,-0.020676691729323293,-0.02089344758827745,16.142000000000003,17.3095,17.619500000000002,0.4808398211379721
2024-08-06,601899.SH,15.7,15.78,15.16,15.35,15.63,-0.28,-1.7914,1753033.08,2685324.518,-0.01791426743442104,-0.018076670400179136,16.029999999999998,17.136000000000003,17.572333333333333,0.4704254217399179
2024-08-07,601899.SH,15.25,15.66,15.2,15.48,15.35,0.13,0.8469,1166018.47,1809204.279,0.00846905537459297,0.008433394128375033,15.809999999999999,16.991,17.522166666666667,0.4717384002151745
2024-08-08,601899.SH,15.34,15.35,15.03,15.21,15.48,-0.27,-1.7442,1171024.12,1775561.766,-0.0174418604651162,-0.01759576189037949,15.526,16.808,17.470666666666666,0.4542608060942985
2024-08-09,601899.SH,15.38,15.66,15.31,15.34,15.11,0.23,1.5222,1401626.0,2169838.975,0.008547008547008517,0.00851068966790861,15.402000000000001,16.651,17.421833333333332,0.4572683442818177
2024-08-12,601899.SH,15.3,15.49,15.24,15.36,15.34,0.02,0.1304,636356.02,974895.621,0.0013037809647979959,0.0013029317804160619,15.347999999999999,16.478,17.364833333333333,0.44767459696608897
2024-08-13,601899.SH,15.66,15.73,15.3,15.54,15.36,0.18,1.1719,1412878.59,2191712.922,0.01171875,0.011650617219975274,15.386000000000001,16.2945,17.299333333333333,0.4406388185764043
2024-08-14,601899.SH,15.55,15.62,15.35,15.4,15.54,-0.14,-0.9009,665068.34,1028773.395,-0.009009009009008917,-0.009049835519917815,15.37,16.141,17.245166666666666,0.427719139621231
2024-08-15,601899.SH,15.28,15.63,15.21,15.58,15.4,0.18,1.1688,914645.0,1417686.97,0.011688311688311748,0.01162053102301879,15.443999999999999,15.997499999999999,17.19766666666667,0.4331029382516464
2024-08-16,601899.SH,15.78,16.18,15.78,15.87,15.58,0.29,1.8614,1508291.35,2405009.021,0.018613607188703307,0.018442494095715342,15.55,15.894,17.164833333333334,0.4364718378318876
2024-08-19,601899.SH,16.06,16.49,16.0,16.22,15.87,0.35,2.2054,1364560.88,2220435.252,0.022054190296156184,0.021814514148949075,15.721999999999998,15.825,17.138166666666667,0.4442176655668502
2024-08-20,601899.SH,16.32,16.32,15.89,16.05,16.22,-0.17,-1.0481,890529.73,1428671.394,-0.01048088779284817,-0.010536199111241824,15.824000000000002,15.801499999999999,17.102333333333334,0.39001852028776207
2024-08-21,601899.SH,16.06,16.25,15.93,16.16,16.05,0.11,0.6854,822392.56,1328595.785,0.006853582554517068,0.0068302035169243835,15.975999999999999,15.783000000000001,17.070833333333333,0.3910210520640982
2024-08-22,601899.SH,16.16,16.2,15.95,16.17,16.16,0.01,0.0619,746207.92,1201182.295,0.0006188118811882859,0.000618620496066324,16.094,15.820000000000002,17.032833333333333,0.30441993387462374
2024-08-23,601899.SH,15.97,16.09,15.9,16.06,16.17,-0.11,-0.6803,750786.34,1202326.602,-0.006802721088435604,-0.006825965070400094,16.131999999999998,15.8305,17.0065,0.29148711393372795
2024-08-26,601899.SH,16.31,16.38,15.95,16.21,16.06,0.15,0.934,1461883.49,2360957.697,0.009339975093399788,0.009296627228969156,16.13,15.8355,16.9865,0.28752933852755397
2024-08-27,601899.SH,16.15,16.25,15.85,16.07,16.21,-0.14,-0.8637,899167.27,1444490.876,-0.00863664404688469,-0.008674155998163567,16.134,15.8435,16.965500000000002,0.28559093231080285
2024-08-28,601899.SH,16.1,16.24,15.63,15.82,16.07,-0.25,-1.5557,1302750.45,2066444.455,-0.01555693839452399,-0.015679217409913435,16.066,15.8055,16.93883333333333,0.24504362323348777
2024-08-29,601899.SH,15.75,15.99,15.61,15.93,15.82,0.11,0.6953,807699.01,1280880.646,0.006953223767383054,0.006929161582449337,16.018,15.770500000000002,16.920166666666667,0.246555379873217
2024-08-30,601899.SH,15.89,16.17,15.66,16.0,15.93,0.07,0.4394,1442522.53,2299150.0,0.00439422473320783,0.004384598317824126,16.006,15.772499999999999,16.893666666666668,0.20149966949034992
2024-09-02,601899.SH,15.86,15.87,15.31,15.61,16.0,-0.39,-2.4375,1299693.81,2022749.647,-0.024375000000000036,-0.02467698771244058,15.886000000000001,15.7715,16.857833333333335,0.20693642200469692
2024-09-03,601899.SH,15.5,15.69,15.37,15.49,15.61,-0.12,-0.7687,687860.9,1068102.841,-0.0076873798846892605,-0.007717080098563391,15.77,15.7785,16.832666666666665,0.19818204082865293
2024-09-04,601899.SH,15.05,15.1,14.56,14.68,15.49,-0.81,-5.2292,2364363.06,3496281.168,-0.05229180116204002,-0.05370863124240773,15.542000000000002,15.738500000000002,16.7905,0.27017599971055495
2024-09-05,601899.SH,14.75,14.97,14.53,14.68,14.68,0.0,0.0,1088422.14,1602794.385,0.0,0.0,15.291999999999998,15.711999999999998,16.755,0.2644232417846307
2024-09-06,601899.SH,14.84,15.01,14.7,14.76,14.68,0.08,0.545,981026.19,1456232.567,0.005449591280654031,0.005434795985956995,15.044,15.683000000000002,16.716166666666666,0.26306600778666145
2024-09-09,601899.SH,14.47,14.47,13.94,14.15,14.76,-0.61,-4.1328,2328686.95,3290633.023,-0.041327913279132766,-0.04220619508307978,14.751999999999999,15.622499999999999,16.668,0.2976611157742044
2024-09-10,601899.SH,14.27,14.35,14.07,14.22,14.15,0.07,0.4947,1095015.02,1553971.993,0.004946996466431042,0.004934800285848134,14.498000000000001,15.5565,16.623,0.293887725771592
2024-09-11,601899.SH,14.15,14.25,13.96,14.2,14.22,-0.02,-0.1406,1407423.26,1982554.983,-0.0014064697609001975,-0.0014074597678798285,14.402000000000001,15.496500000000001,16.571,0.29349804106641086
2024-09-12,601899.SH,14.24,14.39,14.07,14.2,14.2,0.0,0.0,1271389.13,1809433.188,0.0,0.0,14.306000000000001,15.4275,16.515,0.2881574617743004
2024-09-13,601899.SH,14.59,14.91,14.52,14.68,14.2,0.48,3.3803,2228886.77,3285178.181,0.033802816901408406,0.03324405857915443,14.289999999999997,15.368,16.471,0.30861176409230895
2024-09-18,601899.SH,14.98,15.22,14.85,15.04,14.68,0.36,2.4523,1687917.02,2542627.079,0.02452316076294281,0.02422729533532427,14.468,15.308999999999997,16.4305,0.3114566394884694
2024-09-19,601899.SH,15.11,15.46,14.77,15.4,15.04,0.36,2.3936,1829002.19,2781048.854,0.02393617021276606,0.02365419089788981,14.703999999999999,15.276500000000002,16.398000000000003,0.3250137719528596
2024-09-20,601899.SH,15.49,15.88,15.31,15.88,15.4,0.48,3.1169,1927330.14,3031915.812,0.03116883116883118,0.030692946399406198,15.039999999999997,15.2625,16.375,0.3445371000072487
2024-09-23,601899.SH,15.88,16.0,15.68,15.82,15.88,-0.06,-0.3778,1367371.76,2166292.149,-0.0037783375314861534,-0.003785493479481856,15.363999999999999,15.245,16.357,0.3446762600753363
2024-09-24,601899.SH,16.1,16.64,16.02,16.51,15.82,0.69,4.3616,2512265.83,4106644.355,0.04361567635903918,0.042691295592528815,15.73,15.267499999999998,16.339333333333332,0.3780120919032703
2024-09-25,601899.SH,16.92,17.32,16.9,16.92,16.51,0.41,2.4833,2837248.46,4841338.02,0.024833434282253153,0.024530096246040554,16.106,15.303,16.320666666666668,0.3861045905649474
2024-09-26,601899.SH,17.1,17.39,16.7,17.37,16.92,0.45,2.6596,2245649.36,3833086.687,0.02659574468085113,0.02624822607493641,16.5,15.368,16.312833333333334,0.39290759274613124
2024-09-27,601899.SH,17.85,18.05,17.27,17.51,17.37,0.14,0.806,1740927.96,3061022.314,0.008059873344847368,0.008027566044746847,16.826,15.4525,16.306500000000003,0.3860484337939688
2024-09-30,601899.SH,17.88,18.74,17.12,18.14,17.51,0.63,3.5979,6719726.17,11989845.281,0.03597944031981726,0.03534729838923007,17.29,15.562999999999999,16.306,0.4010831376183004
2024-10-08,601899.SH,19.64,19.87,17.51,17.96,18.14,-0.18,-0.9923,7066172.44,13098607.115,-0.009922822491730932,-0.00997238181293695,17.580000000000002,15.661000000000001,16.294666666666664,0.4054286658568553
2024-10-09,601899.SH,17.7,17.77,16.9,16.93,17.96,-1.03,-5.735,3957164.32,6837072.588,-0.05734966592427626,-0.059059866729009695,17.582,15.727,16.269333333333332,0.45247591356649874
2024-10-10,601899.SH,17.0,17.98,16.85,17.35,16.93,0.42,2.4808,3017847.59,5253048.164,0.024808033077377445,0.02450531024782426,17.578,15.819999999999999,16.244833333333336,0.4555994656726935
2024-10-11,601899.SH,17.6,17.79,17.08,17.24,17.35,-0.11,-0.634,2045173.23,3576578.456,-0.00634005763688783,-0.006360241157321384,17.524,15.947999999999999,16.225833333333334,0.4037608093057546
2024-10-14,601899.SH,17.36,17.77,17.08,17.67,17.24,0.43,2.4942,2098953.42,3685655.113,0.024941995359629043,0.024636021096058256,17.43,16.097500000000004,16.205833333333334,0.4065920599280783
2024-10-15,601899.SH,17.5,17.51,17.13,17.13,17.67,-0.54,-3.056,1673262.64,2896694.036,-0.03056027164685926,-0.031036973995576672,17.264000000000003,16.216,16.183333333333334,0.43086631706405626
2024-10-16,601899.SH,17.08,17.54,17.02,17.45,17.13,0.32,1.8681,1390672.15,2416131.415,0.018680677174547577,0.01850833631240763,17.368000000000002,16.381,16.1605,0.39086405617694053
2024-10-17,601899.SH,17.48,17.61,17.12,17.14,17.45,-0.31,-1.7765,1324173.66,2300457.654,-0.017765042979942636,-0.01792473547880238,17.326,16.526999999999997,16.126,0.40350541006489166
2024-10-18,601899.SH,17.35,17.88,17.31,17.63,17.14,0.49,2.8588,2199172.88,3856826.864,0.028588098016335994,0.02818708324014507,17.404,16.6985,16.112000000000002,0.40659898219256035
2024-10-21,601899.SH,18.08,18.58,17.9,18.22,17.63,0.59,3.3466,2717425.65,4961500.152,0.03346568349404433,0.03291789542203349,17.514,16.8995,16.108166666666666,0.41170345874181286
2024-10-22,601899.SH,18.13,18.3,17.88,18.05,18.22,-0.17,-0.933,1701243.84,3067127.996,-0.00933040614709102,-0.009374207052922245,17.698,17.068,16.11,0.4110771787258502
2024-10-23,601899.SH,18.1,18.17,17.68,17.85,18.05,-0.2,-1.108,1588838.27,2839459.534,-0.011080332409972304,-0.011142176553241848,17.778,17.2085,16.114166666666666,0.4146183899553311
2024-10-24,601899.SH,17.6,17.6,17.32,17.49,17.85,-0.36,-2.0168,1531407.04,2674306.647,-0.020168067226890907,-0.020374219195137534,17.848000000000003,17.313,16.130333333333333,0.4229167121447404
2024-10-25,601899.SH,17.42,17.44,17.14,17.23,17.49,-0.26,-1.4866,1512537.47,2610995.383,-0.014865637507146867,-0.014977238490672373,17.768,17.3805,16.142,0.4191749455366524
2024-10-28,601899.SH,17.2,17.23,16.96,17.2,17.23,-0.03,-0.1741,1228177.88,2100442.302,-0.0017411491584445882,-0.00174266672043091,17.564,17.4495,16.171499999999998,0.4187085791228466
2024-10-29,601899.SH,17.27,17.52,17.18,17.22,17.2,0.02,0.1163,1570671.99,2720298.492,0.0011627906976743319,0.0011621151801772967,17.398,17.485,16.194333333333333,0.3924300798983412
2024-10-30,601899.SH,17.35,17.55,17.0,17.13,17.22,-0.09,-0.5226,1583135.0,2724881.176,-0.005226480836236891,-0.005240186663556159,17.253999999999998,17.4955,16.211333333333336,0.3840552791445782
2024-10-31,601899.SH,17.06,17.08,16.66,16.82,17.13,-0.31,-1.8097,1837666.61,3091011.649,-0.01809690601284286,-0.01826265779122644,17.119999999999997,17.468,16.226499999999998,0.3770928205564184
2024-11-01,601899.SH,16.72,17.5,16.64,17.25,16.82,0.43,2.5565,2514288.08,4333954.461,0.02556480380499404,0.025243488932566754,17.124000000000002,17.455000000000002,16.237666666666666,0.38784500328675897
2024-11-04,601899.SH,17.36,17.42,16.97,17.35,17.25,0.1,0.5797,1508560.16,2591393.809,0.005797101449275477,0.005780362915499549,17.154000000000003,17.4155,16.249666666666666,0.3643150102475295
2024-11-05,601899.SH,17.26,17.72,17.15,17.7,17.35,0.35,2.0173,1855230.57,3243783.398,0.020172910662824117,0.01997213318691517,17.25,17.402499999999996,16.278666666666666,0.37120136228191947
2024-11-06,601899.SH,17.65,17.7,17.16,17.31,17.7,-0.39,-2.2034,1933285.45,3379872.879,-0.02203389830508473,-0.02228027039166556,17.286,17.421499999999998,16.306666666666665,0.31657192300948084
2024-11-07,601899.SH,16.72,17.1,16.5,17.09,17.31,-0.22,-1.2709,2808754.43,4722689.573,-0.012709416522241446,-0.01279087206061833,17.34,17.4085,16.335666666666665,0.307500466312274
2024-11-08,601899.SH,17.35,17.59,17.02,17.09,17.09,0.0,0.0,2259977.7,3902730.429,0.0,0.0,17.308,17.401,16.3625,0.30674715846407175
2024-11-11,601899.SH,16.8,16.81,16.08,16.51,17.09,-0.58,-3.3938,3427065.02,5620690.507,-0.03393797542422461,-0.03452723919546279,17.14,17.342999999999996,16.38416666666667,0.31370950979544937
2024-11-12,601899.SH,16.1,16.45,15.8,15.98,16.51,-0.53,-3.2102,2856313.63,4602711.828,-0.03210175651120539,-0.0326283175939081,16.796,17.2855,16.394833333333334,0.3155347599825975
2024-11-13,601899.SH,15.93,16.17,15.9,16.0,15.98,0.02,0.1252,1439938.51,2308724.718,0.0012515644555695093,0.0012507819016526766,16.534,17.213,16.4055,0.30534582960284684
2024-11-14,601899.SH,15.9,15.94,15.58,15.61,16.0,-0.39,-2.4375,1947269.21,3066365.949,-0.024375000000000036,-0.02467698771244058,16.238,17.1365,16.40666666666667,0.3101182779287879
2024-11-15,601899.SH,15.6,16.1,15.52,15.62,15.61,0.01,0.0641,1863567.48,2954520.861,0.0006406149903908087,0.0006404098841992446,15.943999999999999,17.036,16.410333333333334,0.2854777082851927
2024-11-18,601899.SH,15.76,15.99,15.59,15.71,15.62,0.09,0.5762,1760793.71,2781021.688,0.005761843790012877,0.005745307855989955,15.784,16.9105,16.4125,0.24950600065471615
2024-11-19,601899.SH,16.0,16.43,16.0,16.21,15.71,0.5,3.1827,2600998.89,4215053.447,0.031826861871419476,0.031330883480054944,15.830000000000002,16.8185,16.418166666666668,0.28520620115314455
2024-11-20,601899.SH,16.29,16.3,15.94,16.03,16.21,-0.18,-1.1104,1460525.92,2347972.312,-0.011104256631708775,-0.011166369126123102,15.836000000000002,16.7275,16.415,0.28521274718289924
2024-11-21,601899.SH,16.04,16.23,15.97,16.16,16.03,0.13,0.811,1353773.78,2177155.617,0.008109794135994886,0.008077086471487612,15.946000000000002,16.661,16.416833333333333,0.2831976548121161
2024-11-22,601899.SH,16.18,16.2,15.76,15.76,16.16,-0.4,-2.4752,1252431.44,1995032.918,-0.024752475247524774,-0.025063968663216276,15.973999999999998,16.5875,16.410166666666665,0.29040644253644526
2024-11-25,601899.SH,15.88,16.04,15.47,15.55,15.76,-0.21,-1.3325,1197932.19,1883870.367,-0.013324873096446588,-0.013414445804489812,15.942000000000002,16.505000000000003,16.399833333333333,0.29196497538034777
2024-11-26,601899.SH,15.4,15.68,15.37,15.54,15.55,-0.01,-0.0643,914522.06,1421300.26,-0.0006430868167203174,-0.0006432936857418188,15.808000000000002,16.421,16.391166666666667,0.2915402337830831
2024-11-27,601899.SH,15.55,15.68,15.33,15.68,15.54,0.14,0.9009,1101829.33,1711331.758,0.009009009009009139,0.008968669982760536,15.738,16.348499999999998,16.382333333333335,0.2957162399456479
2024-11-28,601899.SH,15.65,15.72,15.46,15.53,15.68,-0.15,-0.9566,871587.37,1357463.153,-0.00956632653061229,-0.009612377761666133,15.612,16.284,16.37333333333333,0.29194355755246726
2024-11-29,601899.SH,15.6,15.94,15.43,15.7,15.53,0.17,1.0947,1412604.43,2220567.458,0.010946555054732743,0.01088707519366664,15.6,16.2065,16.371333333333332,0.27663838824789416
2024-12-02,601899.SH,15.72,15.77,15.5,15.56,15.7,-0.14,-0.8917,1683597.03,2628279.645,-0.008917197452229186,-0.008957193604016716,15.602,16.117,16.365166666666667,0.27425818185805295
2024-12-03,601899.SH,15.59,15.63,15.28,15.61,15.56,0.05,0.3213,1495720.7,2315346.608,0.0032133676092545027,0.003208215777095156,15.616,16.0125,16.358666666666668,0.2595914530165275
2024-12-04,601899.SH,15.68,15.94,15.64,15.8,15.61,0.19,1.2172,1808365.98,2853814.255,0.0121716848174247,0.012098205505580396,15.64,15.937000000000001,16.361833333333333,0.2602008171261716
2024-12-05,601899.SH,15.73,15.75,15.42,15.48,15.8,-0.32,-2.0253,1412370.64,2192389.551,-0.020253164556962022,-0.02046107187134006,15.63,15.8565,16.361666666666668,0.2647249020274946
2024-12-06,601899.SH,15.42,15.74,15.41,15.69,15.48,0.21,1.3566,1378732.76,2155290.558,0.013565891472868241,0.01347469858336019,15.628,15.7865,16.3785,0.2722612643912121
2024-12-09,601899.SH,15.74,16.05,15.67,15.88,15.69,0.19,1.211,1386204.72,2208532.969,0.012109623964308591,0.012036889074048552,15.692000000000002,15.755,16.398500000000002,0.2538227045430871
2024-12-10,601899.SH,16.38,16.55,16.0,16.06,15.88,0.18,1.1335,1917172.69,3111739.802,0.011335012594458238,0.011271252699625752,15.782,15.759,16.420166666666667,0.23088890903632844
2024-12-11,601899.SH,16.16,16.38,16.06,16.12,16.06,0.06,0.3736,1468594.89,2374455.019,0.0037359900373601374,0.0037290285598668544,15.846,15.765,16.453,0.2311857645718142
2024-12-12,601899.SH,16.12,16.28,16.09,16.24,16.12,0.12,0.7444,1005044.77,1628318.303,0.007444168734491052,0.007416597655049399,15.998000000000001,15.7965,16.486666666666668,0.21267286809900407
2024-12-13,601899.SH,16.0,16.0,15.57,15.57,16.24,-0.67,-4.1256,1998111.68,3143512.082,-0.04125615763546786,-0.042131348887624806,15.974,15.794,16.5095,0.2625462701600346
2024-12-16,601899.SH,15.57,15.64,15.31,15.35,15.57,-0.22,-1.413,1283534.68,1977871.986,-0.014129736673089366,-0.014230511812700894,15.868,15.776,16.528666666666666,0.2661959876671991
2024-12-17,601899.SH,15.35,15.59,15.27,15.45,15.35,0.1,0.6515,1196822.2,1851932.604,0.006514657980456029,0.0064935293105483115,15.746,15.738,16.5415,0.23848663841809992
2024-12-18,601899.SH,15.4,15.63,15.4,15.49,15.45,0.04,0.2589,753476.59,1169485.235,0.0025889967637540146,0.0025856510850227636,15.62,15.711000000000002,16.549,0.23672066203841677
2024-12-19,601899.SH,15.21,15.41,15.05,15.32,15.49,-0.17,-1.0975,925546.81,1414586.144,-0.010974822466107148,-0.011035490116332005,15.436000000000002,15.669,16.547666666666665,0.2360251228749826
2024-12-20,601899.SH,15.28,15.33,15.02,15.02,15.32,-0.3,-1.9582,1400626.67,2117319.776,-0.019582245430809442,-0.0197765179764566,15.325999999999999,15.632,16.533333333333335,0.23021928812221806
2024-12-23,601899.SH,15.16,15.59,15.09,15.51,15.02,0.49,3.2623,1884409.0,2903979.102,0.03262316910785623,0.03210233085245881,15.357999999999999,15.629999999999999,16.528166666666667,0.2572267969099392
2024-12-24,601899.SH,15.49,15.66,15.29,15.63,15.51,0.12,0.7737,1167419.37,1811782.586,0.007736943907156846,0.007707167244937959,15.394,15.6345,16.5135,0.25866624144337214
2024-12-25,601899.SH,15.63,15.67,15.34,15.52,15.63,-0.11,-0.7038,878541.07,1359933.126,-0.007037747920665471,-0.007062629678312634,15.4,15.626499999999998,16.490166666666667,0.2578660411700456
2024-12-26,601899.SH,15.53,15.73,15.46,15.62,15.52,0.1,0.6443,875092.55,1366286.291,0.006443298969072142,0.006422629656467192,15.459999999999999,15.631,16.461,0.2565656840337988
2024-12-27,601899.SH,15.64,15.69,15.27,15.3,15.62,-0.32,-2.0487,1236416.0,1903734.256,-0.020486555697823206,-0.02069931601315003,15.516,15.610999999999999,16.424166666666665,0.2636154310539747
2024-12-30,601899.SH,15.26,15.72,15.23,15.54,15.3,0.24,1.5686,1524840.72,2365457.326,0.015686274509803866,0.015564516541111548,15.522,15.61,16.380833333333335,0.26843274114763754
2024-12-31,601899.SH,15.43,15.46,15.12,15.12,15.54,-0.42,-2.7027,1422364.89,2172211.223,-0.027027027027026973,-0.027398974188114388,15.419999999999998,15.585500000000001,16.3335,0.28470871229197736
2025-01-02,601899.SH,15.2,15.48,15.0,15.18,15.12,0.06,0.3968,1990530.77,3037419.314,0.003968253968253954,0.003960401216096914,15.351999999999999,15.5545,16.304333333333332,0.28097166874542795
2025-01-03,601899.SH,15.3,15.92,15.27,15.57,15.18,0.39,2.5692,3124884.66,4898067.955,0.025691699604743157,0.025367213878423167,15.342000000000002,15.559000000000001,16.27466666666667,0.28829445004917853
2025-01-06,601899.SH,15.68,15.86,15.33,15.49,15.57,-0.08,-0.5138,2252831.87,3516450.288,-0.005138086062941527,-0.005151331417129671,15.379999999999999,15.549000000000001,16.2455,0.2846278133711025
2025-01-07,601899.SH,15.55,16.05,15.4,16.02,15.49,0.53,3.4216,2298933.14,3655875.985,0.034215622982569416,0.03364328721143592,15.475999999999999,15.556000000000001,16.218,0.30750164518485895
2025-01-08,601899.SH,16.02,16.17,15.74,15.85,16.02,-0.17,-1.0612,1768436.69,2815392.4,-0.01061173533083648,-0.010668441316923568,15.622,15.545499999999999,16.196666666666665,0.30722442773087644
2025-01-09,601899.SH,15.91,16.03,15.72,15.92,15.85,0.07,0.4416,1342998.26,2132733.325,0.00441640378548902,0.004406680092947396,15.77,15.535499999999999,16.171166666666668,0.30735772595526484
2025-01-10,601899.SH,16.09,16.34,15.87,16.15,15.92,0.23,1.4447,1955517.11,3158715.409,0.014447236180904488,0.014343869252428558,15.886,15.531,16.154666666666667,0.310728796132758
2025-01-13,601899.SH,16.14,16.66,16.03,16.4,16.15,0.25,1.548,2377232.03,3905138.856,0.015479876160990669,0.015361285161487149,16.067999999999998,15.5725,16.134166666666665,0.2741622027839211
2025-01-14,601899.SH,16.29,16.48,16.05,16.41,16.4,0.01,0.061,1800898.19,2933492.77,0.0006097560975610872,0.0006095702718469018,16.145999999999997,15.625499999999999,16.104,0.2670318590242729
2025-01-15,601899.SH,16.35,16.4,15.53,15.78,16.41,-0.63,-3.8391,3279464.07,5211318.615,-0.038391224862888484,-0.039147589684271344,16.131999999999998,15.642,16.066166666666668,0.30511867121680264
2025-01-16,601899.SH,16.03,16.3,16.03,16.17,15.78,0.39,2.4715,2207643.01,3573654.017,0.024714828897338448,0.02441435817128734,16.182,15.676000000000002,16.038166666666665,0.316325272135855
2025-01-17,601899.SH,16.31,16.41,16.12,16.27,16.17,0.1,0.6184,1682691.57,2741904.814,0.006184291898577499,0.00616524764193084,16.206,15.723499999999998,16.017833333333332,0.3125882996733576
2025-01-20,601899.SH,16.25,16.39,16.07,16.29,16.27,0.02,0.1229,1446115.27,2346499.184,0.0012292562999385304,0.0012285013830073243,16.184,15.787,16.002166666666664,0.30098723749019424
2025-01-21,601899.SH,16.3,16.39,16.14,16.25,16.29,-0.04,-0.2455,1091088.76,1775020.124,-0.0024554941682013443,-0.0024585138382072634,16.151999999999997,15.824000000000002,15.986333333333333,0.2822851456635168
2025-01-22,601899.SH,16.36,16.39,16.05,16.2,16.25,-0.05,-0.3077,1283152.2,2077766.555,-0.003076923076923088,-0.003081666537408112,16.236,15.852500000000001,15.969333333333333,0.2822259148075965
2025-01-23,601899.SH,16.19,16.36,15.86,15.88,16.2,-0.32,-1.9753,1808042.5,2905923.917,-0.01975308641975304,-0.019950786419348682,16.177999999999997,15.870499999999998,15.9485,0.2910632111903238
2025-01-24,601899.SH,16.01,16.12,15.81,16.02,15.88,0.14,0.8816,1376563.29,2200932.99,0.00881612090680095,0.008777485821223441,16.127999999999997,15.8905,15.935166666666667,0.2917396160717713
2025-01-27,601899.SH,16.0,16.31,15.94,16.24,16.02,0.22,1.3733,1547942.84,2507171.803,0.013732833957553092,0.013639393093318764,16.118000000000002,15.9375,15.918333333333333,0.2828000448435951
2025-02-05,601899.SH,16.59,16.73,16.31,16.47,16.24,0.23,1.4163,2061405.9,3391610.271,0.01416256157635476,0.01406320945601714,16.162,15.984,15.903666666666668,0.2819537086096028
2025-02-06,601899.SH,16.58,16.58,16.11,16.31,16.47,-0.16,-0.9715,2001626.92,3258744.766,-0.00971463266545236,-0.009762127556626476,16.183999999999997,16.0435,15.8805,0.2635469938874459
2025-02-07,601899.SH,16.35,16.66,16.16,16.62,16.31,0.31,1.9007,2165528.08,3565663.121,0.019006744328632807,0.018828372794379697,16.332,16.115499999999997,15.869,0.26892989978572374
2025-02-10,601899.SH,16.81,17.06,16.74,16.87,16.62,0.25,1.5042,2212064.59,3733076.553,0.01504211793020449,0.01493010713057472,16.502,16.1805,15.865333333333332,0.26041532238157533
2025-02-11,601899.SH,17.04,17.58,16.92,17.28,16.87,0.41,2.4303,2925261.86,5070661.925,0.02430349733254289,0.024012866818032545,16.71,16.27,15.868500000000001,0.2673712566371829
2025-02-12,601899.SH,17.03,17.12,16.87,16.98,17.28,-0.3,-1.7361,1582010.06,2685571.782,-0.01736111111111116,-0.017513582492708357,16.812,16.318,15.876333333333331,0.25667039632376915
2025-02-13,601899.SH,17.08,17.2,16.98,17.01,16.98,0.03,0.1767,1272921.94,2173308.264,0.0017667844522968323,0.0017652255245691492,16.951999999999998,16.376,15.893499999999998,0.2516506156888391
2025-02-14,601899.SH,17.15,17.34,17.01,17.16,17.01,0.15,0.8818,1155269.68,1979857.333,0.008818342151675429,0.008779687652045773,17.060000000000002,16.438,15.912833333333333,0.2523108023661223
2025-02-17,601899.SH,16.71,16.71,16.41,16.5,17.16,-0.66,-3.8462,2385439.86,3938646.125,-0.038461538461538436,-0.03922071315328127,16.986,16.455499999999997,15.927666666666665,0.28999805614290436
2025-02-18,601899.SH,16.41,16.59,16.31,16.41,16.5,-0.09,-0.5455,1449983.47,2385640.2,-0.00545454545454549,-0.005469475804535433,16.812,16.456,15.940833333333332,0.2858481269566459
2025-02-19,601899.SH,16.51,16.61,16.29,16.35,16.41,-0.06,-0.3656,1566817.07,2572213.147,-0.003656307129798808,-0.0036630077587370352,16.686,16.453000000000003,15.951500000000001,0.2861651643450789
2025-02-20,601899.SH,16.38,16.48,16.12,16.44,16.35,0.09,0.5505,1300818.57,2124966.943,0.005504587155963359,0.005489492284771515,16.572000000000003,16.486,15.955333333333332,0.24798804466644192
2025-02-21,601899.SH,16.48,16.56,16.13,16.19,16.44,-0.25,-1.5207,2061610.74,3357537.473,-0.015206812652068136,-0.015323621938490104,16.378,16.487000000000002,15.958,0.24021248338059742
2025-02-24,601899.SH,15.99,16.22,15.8,16.08,16.19,-0.11,-0.6794,1735860.45,2779918.368,-0.006794317479926093,-0.006817503938723666,16.294,16.4775,15.956666666666669,0.24032129798589047
2025-02-25,601899.SH,16.06,16.13,15.75,15.78,16.08,-0.3,-1.8657,1558632.8,2486448.005,-0.018656716417910335,-0.01883294833309201,16.168,16.451999999999998,15.957,0.24866976690192474
2025-02-26,601899.SH,15.83,16.09,15.68,15.86,15.78,0.08,0.507,1575441.07,2498948.794,0.005069708491761693,0.0050569007889737115,16.07,16.432499999999997,15.962166666666667,0.2497074932680727
2025-02-27,601899.SH,15.87,15.87,15.61,15.75,15.86,-0.11,-0.6936,1363071.72,2143446.762,-0.0069356872635560896,-0.006959850935059831,15.931999999999999,16.41,15.965666666666667,0.2504880222010206
2025-02-28,601899.SH,15.61,15.67,15.35,15.35,15.75,-0.4,-2.5397,1793745.61,2776454.07,-0.025396825396825418,-0.02572489123843593,15.764,16.3835,15.960166666666664,0.25672915664617124
2025-03-03,601899.SH,15.48,15.86,15.45,15.64,15.35,0.29,1.8893,1461700.42,2290750.53,0.01889250814332244,0.018716261083958827,15.675999999999998,16.3645,15.962,0.2645098984834012
2025-03-04,601899.SH,15.69,16.06,15.6,15.93,15.64,0.29,1.8542,1529355.15,2423804.478,0.018542199488490896,0.018372388804791986,15.706,16.349,15.965833333333334,0.2685982164033175
2025-03-05,601899.SH,15.93,16.09,15.81,16.01,15.93,0.08,0.5022,1237581.72,1976188.829,0.005021971123666091,0.005009403086666213,15.736,16.326,15.973333333333333,0.26374874963735867
2025-03-06,601899.SH,16.25,16.49,16.19,16.3,16.01,0.29,1.8114,1782082.36,2906467.183,0.018113678950655743,0.017951580804093235,15.846,16.3255,15.984833333333334,0.27036515488493273
2025-03-07,601899.SH,16.33,16.75,16.2,16.43,16.3,0.13,0.7975,1932340.59,3190133.931,0.00797546012269934,0.007943824236460017,16.062,16.316000000000003,15.995333333333333,0.26286962210262754
2025-03-10,601899.SH,16.5,16.69,16.31,16.65,16.43,0.22,1.339,1631583.3,2696257.981,0.013390139987827121,0.013301284377276098,16.264000000000003,16.305,16.014833333333332,0.261641403245593
2025-03-11,601899.SH,16.28,16.48,16.1,16.48,16.65,-0.17,-1.021,1800005.51,2928916.87,-0.010210210210210069,-0.01026269194512705,16.374000000000002,16.265,16.028,0.2464409192407617
2025-03-12,601899.SH,16.55,16.72,16.28,16.69,16.48,0.21,1.2743,1623982.13,2687231.259,0.01274271844660202,0.012662213192418144,16.51,16.2505,16.0415,0.24512531506100907
2025-03-13,601899.SH,16.88,17.08,16.74,16.96,16.69,0.27,1.6177,2097682.13,3559737.981,0.016177351707609366,0.016047892690013325,16.642,16.247999999999998,16.0565,0.2523168866957588
2025-03-14,601899.SH,17.39,17.63,17.18,17.48,16.96,0.52,3.066,2989815.73,5219104.86,0.030660377358490587,0.03019973986363241,16.852,16.264000000000003,16.079166666666666,0.2734947651419705
2025-03-17,601899.SH,17.49,17.7,17.11,17.21,17.48,-0.27,-1.5446,2367762.68,4111730.675,-0.015446224256292829,-0.015566760003941272,16.964,16.299500000000002,16.095333333333333,0.23946130813890504
2025-03-18,601899.SH,17.4,17.95,17.36,17.76,17.21,0.55,3.1958,2552059.82,4520896.346,0.03195816385822203,0.03145812734057602,17.220000000000002,16.366999999999997,16.131833333333333,0.2595477096852953
2025-03-19,601899.SH,17.78,18.05,17.69,18.05,17.76,0.29,1.6329,1892852.23,3390128.165,0.0163288288288288,0.016196947214865892,17.492,16.452,16.176833333333335,0.2613281404987221
2025-03-20,601899.SH,18.3,18.43,18.01,18.17,18.05,0.12,0.6648,2325789.91,4235118.472,0.006648199445983494,0.006626197629190003,17.734,16.5385,16.222166666666666,0.26138392752181044
2025-03-21,601899.SH,18.0,18.06,17.4,17.57,18.17,-0.6,-3.3021,2514753.87,4440714.113,-0.033021463951568575,-0.03357898020907405,17.752000000000002,16.607499999999998,16.256833333333333,0.2862465841085997
2025-03-24,601899.SH,17.66,18.35,17.48,18.05,17.57,0.48,2.7319,2696251.62,4868638.361,0.027319294251565207,0.026952782579884142,17.92,16.706,16.302333333333333,0.2942845690350649
2025-03-25,601899.SH,18.05,18.42,17.93,18.4,18.05,0.35,1.9391,2266251.3,4130000.623,0.01939058171745134,0.019204979836049827,18.048000000000002,16.837,16.358666666666668,0.2828425917318377
2025-03-26,601899.SH,18.7,18.96,18.1,18.2,18.4,-0.2,-1.087,3229223.97,5979045.487,-0.010869565217391242,-0.010929070532190206,18.077999999999996,16.954,16.403499999999998,0.29048458850818476
2025-03-27,601899.SH,17.9,18.13,17.6,17.86,18.2,-0.34,-1.8681,2255313.63,4013993.131,-0.018681318681318726,-0.018858018634396723,18.016000000000002,17.0595,16.440666666666665,0.30080138437537957
2025-03-28,601899.SH,18.05,18.34,17.81,18.16,17.86,0.3,1.6797,1863644.33,3365891.159,0.016797312430011146,0.016657797724794195,18.134,17.2,16.484666666666666,0.277919260482947
2025-03-31,601899.SH,18.07,18.31,17.98,18.12,18.16,-0.04,-0.2203,1606775.54,2912951.502,-0.0022026431718060735,-0.00220507255831387,18.148000000000003,17.324,16.526333333333334,0.2776313781539088
2025-04-01,601899.SH,18.2,18.33,17.8,17.93,18.12,-0.19,-1.0486,1534226.53,2760335.772,-0.010485651214128144,-0.01054101299779187,18.054,17.424,16.57016666666667,0.28145705197812787
2025-04-02,601899.SH,17.76,17.85,17.44,17.5,17.93,-0.43,-2.3982,1580990.14,2787581.793,-0.023982152816508617,-0.02427440668757311,17.913999999999998,17.4985,16.602833333333333,0.30105144711918685
2025-04-03,601899.SH,17.35,17.48,16.87,17.11,17.5,-0.39,-2.2286,2164268.25,3702083.025,-0.022285714285714353,-0.02253779302536633,17.764000000000003,17.538999999999998,16.636,0.3110417678213124
2025-04-07,601899.SH,15.4,15.85,15.4,15.41,17.11,-1.7,-9.9357,4880359.41,7566671.764,-0.0993571011104617,-0.1046464385720777,17.214,17.488,16.639833333333332,0.476053344410256
2025-04-08,601899.SH,15.54,15.95,15.21,15.95,15.41,0.54,3.5042,3733607.4,5849553.136,0.0350421804023362,0.034442179898829244,16.779999999999998,17.453,16.646166666666666,0.4917393428136895
2025-04-09,601899.SH,15.54,15.92,15.19,15.92,15.95,-0.03,-0.1881,4467126.74,6914703.375,-0.0018808777429466517,-0.0018826488146165652,16.378,17.425,16.653333333333332,0.490709346511572
2025-04-10,601899.SH,16.55,16.85,16.37,16.75,15.92,0.83,5.2136,3591394.9,5968607.761,0.05213567839195976,0.05082207785483845,16.228,17.428,16.665499999999998,0.5243832749906547
2025-04-11,601899.SH,17.15,17.31,16.98,17.15,16.75,0.4,2.3881,2718367.55,4652651.213,0.023880597014925398,0.023599915340873506,16.236,17.4375,16.687166666666666,0.5280962217039391
2025-04-14,601899.SH,17.39,18.0,17.11,17.63,17.15,0.48,2.7988,3336006.34,5893332.636,0.02798833819241975,0.02760382279782986,16.68,17.445,16.715666666666667,0.5261940495589402
2025-04-15,601899.SH,17.64,17.7,17.28,17.65,17.63,0.02,0.1134,1905537.69,3344171.353,0.0011344299489506326,0.001133786969526895,17.02,17.467000000000002,16.740666666666666,0.5226151725009188
2025-04-16,601899.SH,17.9,17.98,17.42,17.74,17.65,0.09,0.5099,2074564.82,3650843.291,0.005099150141643083,0.005086193502127681,17.383999999999997,17.466,16.762999999999998,0.5106118333816452
2025-04-17,601899.SH,18.13,18.3,17.66,17.82,17.74,0.08,0.451,3105316.84,5565604.082,0.004509582863585271,0.004499445161229971,17.598,17.454500000000003,16.7865,0.5074507061691947
2025-04-18,601899.SH,17.65,17.77,17.35,17.62,17.82,-0.2,-1.1223,1399176.52,2455099.399,-0.011223344556677839,-0.01128680153462975,17.692,17.427,16.817166666666665,0.5082440380798581
2025-04-21,601899.SH,17.77,18.63,17.76,18.6,17.62,0.98,5.5619,3174611.27,5795921.288,0.055618615209988675,0.054126960211122135,17.886,17.4785,16.857666666666667,0.5311313774931038
2025-04-22,601899.SH,18.71,18.76,18.41,18.5,18.6,-0.1,-0.5376,2533603.32,4706807.753,-0.005376344086021612,-0.005390848634876534,18.056,17.500999999999998,16.894833333333334,0.524235289435351
2025-04-23,601899.SH,18.05,18.28,17.73,17.79,18.5,-0.71,-3.8378,2931500.84,5268423.261,-0.03837837837837843,-0.039134230406535415,18.066,17.4705,16.919833333333333,0.5383854810418897
2025-04-24,601899.SH,17.89,18.05,17.63,17.67,17.79,-0.12,-0.6745,1145852.59,2039355.686,-0.006745362563237656,-0.0067682153461386275,18.036,17.444000000000003,16.9435,0.5375939730282836
2025-04-25,601899.SH,17.8,17.97,17.58,17.65,17.67,-0.02,-0.1132,1215259.02,2157484.304,-0.0011318619128467544,-0.0011325029522993772,18.041999999999998,17.433500000000002,16.967666666666666,0.5334973439295149
2025-04-28,601899.SH,17.5,17.74,17.37,17.66,17.65,0.01,0.0567,968787.53,1703950.167,0.0005665722379604166,0.0005664117965082575,17.854000000000003,17.408499999999997,16.997333333333334,0.5298005455162847
2025-04-29,601899.SH,17.67,17.77,17.55,17.63,17.66,-0.03,-0.1699,740562.69,1306248.214,-0.001698754246885703,-0.0017001987660351817,17.68,17.384,17.024166666666666,0.52978654853701
2025-04-30,601899.SH,17.55,17.58,17.36,17.46,17.63,-0.17,-0.9643,849944.45,1485278.902,-0.009642654566080489,-0.009689445998322657,17.613999999999997,17.3605,17.044500000000003,0.5295911557563606
2025-05-06,601899.SH,17.75,17.84,17.6,17.76,17.46,0.3,1.7182,1413637.82,2507104.911,0.01718213058419238,0.0170361871525678,17.631999999999998,17.3735,17.066,0.5258223479590791
2025-05-07,601899.SH,18.09,18.12,17.8,18.05,17.76,0.29,1.6329,1724079.11,3099054.919,0.0163288288288288,0.016196947214865892,17.712,17.4205,17.095000000000002,0.520717526845984
2025-05-08,601899.SH,17.9,18.06,17.76,17.76,18.05,-0.29,-1.6066,1122952.57,2009443.545,-0.016066481994459814,-0.0161969472148659,17.732000000000003,17.538,17.114,0.36326631630848927
2025-05-09,601899.SH,17.68,17.78,17.58,17.65,17.76,-0.11,-0.6194,1064868.63,1879773.997,-0.006193693693693825,-0.006212954184718364,17.736,17.623,17.127000000000002,0.35087808549637356
2025-05-12,601899.SH,17.5,17.77,17.41,17.71,17.65,0.06,0.3399,1222139.82,2152353.54,0.0033994334277622773,0.0033936684154366346,17.786,17.7125,17.134166666666665,0.34994312556635554
2025-05-13,601899.SH,17.6,17.84,17.4,17.76,17.71,0.05,0.2823,1163468.91,2052948.977,0.0028232636928289256,0.0028192857692818487,17.786,17.762999999999998,17.14716666666667,0.3036238267735748
2025-05-14,601899.SH,17.76,17.91,17.74,17.9,17.76,0.14,0.7883,1043413.28,1861378.084,0.007882882882882747,0.007851975282685171,17.756,17.8005,17.162,0.2942706497618161
2025-05-15,601899.SH,17.71,17.78,17.36,17.49,17.9,-0.41,-2.2905,1393812.93,2441491.0,-0.022905027932960897,-0.023171423816198616,17.701999999999998,17.7935,17.1675,0.29078594042827705
2025-05-16,601899.SH,17.59,17.64,17.36,17.42,17.49,-0.07,-0.4002,957099.75,1671055.557,-0.004002287021154793,-0.004010317606153811,17.656,17.782,17.182833333333335,0.2910352758140149
2025-05-19,601899.SH,17.43,17.56,17.28,17.42,17.42,0.0,0.0,757588.0,1317585.529,0.0,0.0,17.598000000000003,17.766,17.199666666666666,0.2902965915964586
2025-05-20,601899.SH,17.42,17.69,17.41,17.46,17.42,0.04,0.2296,1027962.44,1803452.365,0.0022962112514350874,0.0022935789870993646,17.538,17.747999999999998,17.218166666666665,0.28987045325938304
2025-05-21,601899.SH,17.69,18.51,17.68,18.49,17.46,1.03,5.8992,2604614.93,4740421.663,0.058991981672393834,0.057317494987577135,17.656,17.7915,17.252333333333336,0.35615892705843377
2025-05-22,601899.SH,18.38,18.68,18.36,18.58,18.49,0.09,0.4867,1335361.15,2474875.038,0.004867495943753353,0.0048556879866589525,17.874,17.7905,17.292166666666667,0.2966324194987535
2025-05-23,601899.SH,18.54,18.7,18.44,18.59,18.58,0.01,0.0538,1206872.1,2242456.153,0.0005382131324005446,0.0005380683476603034,18.107999999999997,17.795,17.334,0.29592367446815265
2025-05-26,601899.SH,18.5,18.87,18.48,18.56,18.59,-0.03,-0.1614,1126613.79,2101696.214,-0.0016137708445401744,-0.0016150743752982317,18.336000000000002,17.8335,17.380333333333333,0.25841464953905696
2025-05-27,601899.SH,18.53,18.65,17.68,17.88,18.56,-0.68,-3.6638,1726856.16,3109952.084,-0.03663793103448276,-0.037325957612686436,18.419999999999998,17.844,17.414,0.2918303730069988
2025-05-28,601899.SH,17.8,18.1,17.7,17.98,17.88,0.1,0.5593,991961.19,1781588.539,0.005592841163311046,0.005577259298106215,18.318,17.8605,17.45116666666667,0.2922314278579632
2025-05-29,601899.SH,17.83,18.05,17.78,17.82,17.98,-0.16,-0.8899,904479.63,1620696.748,-0.008898776418242549,-0.00893860700081102,18.166,17.868499999999997,17.49233333333333,0.2943779211580388
2025-05-30,601899.SH,17.94,18.07,17.66,17.73,17.82,-0.09,-0.5051,933559.37,1661300.677,-0.005050505050505083,-0.005063301956546762,17.994,17.8735,17.52716666666667,0.29496673948434354
