date,ts_code,close,open,high,low,pre_close,change,pct_chg,volume,amount,returns,logReturns,ma5,ma20,ma60,volatility
2023-01-03,000300.SH,3887.8992,3864.8356,3893.9904,3831.245,3871.6338,16.2654,0.4201,115051875.0,207540165.953,,,,,,
2023-01-04,000300.SH,3892.9477,3886.2504,3905.9032,3873.6549,3887.8992,5.0485,0.1299,110660743.0,198997711.686,0.0012985161755223462,0.0012976738325117976,,,,
2023-01-05,000300.SH,3968.5782,3913.4928,3974.875,3912.26,3892.9477,75.6305,1.9428,116502395.0,256312608.292,0.019427566417087982,0.019241260364231842,,,,
2023-01-06,000300.SH,3980.8888,3969.5493,4000.4143,3966.4696,3968.5782,12.3106,0.3102,110953038.0,235744305.582,0.003102017745297392,0.0030972164148969136,,,,
2023-01-09,000300.SH,4013.1196,3998.5278,4023.0898,3990.7073,3980.8888,32.2308,0.8096,117054425.0,233212426.458,0.008096382898211019,0.008063783032646063,3948.6866999999997,,,
2023-01-10,000300.SH,4017.4737,4014.7125,4030.4574,4002.2297,4013.1196,4.3541,0.1085,101751141.0,214871166.24,0.0010849664186434183,0.001084378267956015,3974.6016000000004,,,
2023-01-11,000300.SH,4010.0309,4019.8844,4043.3991,4008.0153,4017.4737,-7.4428,-0.1853,99997889.0,203000262.961,-0.0018526070251561055,-0.0018543252239770138,3998.01824,,,
2023-01-12,000300.SH,4017.8692,4021.7547,4030.2876,4003.5079,4010.0309,7.8383,0.1955,90552627.0,183686268.107,0.0019546732171065173,0.0019527653292073786,4007.87644,,,
2023-01-13,000300.SH,4074.3772,4032.2906,4074.3772,4027.8864,4017.8692,56.508,1.4064,95871896.0,212173997.498,0.014064171128318481,0.013966188302980416,4026.5741199999998,,,
2023-01-16,000300.SH,4137.9643,4077.8793,4177.1035,4076.6394,4074.3772,63.5871,1.5607,151395455.0,319007749.371,0.015606581540854814,0.015486051273287112,4051.54306,,,
2023-01-17,000300.SH,4137.2422,4138.8433,4148.5838,4118.157,4137.9643,-0.7221,-0.0175,95479040.0,204381576.523,-0.00017450609711644471,-0.0001745213250770172,4075.4967600000004,,,
2023-01-18,000300.SH,4130.3143,4140.1019,4151.4577,4125.7687,4137.2422,-6.9279,-0.1675,84200645.0,172126171.819,-0.0016745212547623067,-0.0016759248325780656,4099.55344,,,
2023-01-19,000300.SH,4156.0077,4125.5772,4156.0077,4105.9797,4130.3143,25.6934,0.6221,94608398.0,192699589.774,0.00622068882263993,0.0062014202060171756,4127.181140000001,,,
2023-01-20,000300.SH,4181.5267,4166.8444,4189.831,4161.6698,4156.0077,25.519,0.614,123553809.0,222342455.101,0.006140267738194982,0.006121493109215215,4148.61104,,,
2023-01-30,000300.SH,4201.345,4267.6248,4268.1522,4197.8596,4181.5267,19.8183,0.4739,164607064.0,330193322.092,0.004739489048342094,0.004728293031784344,4161.28718,,,
2023-01-31,000300.SH,4156.8578,4200.5813,4212.7347,4153.0484,4201.345,-44.4872,-1.0589,124550835.0,249365321.627,-0.010588799539195337,-0.010645259794948916,4165.210300000001,,,
2023-02-01,000300.SH,4195.9332,4170.1322,4195.9332,4137.7659,4156.8578,39.0754,0.94,141008954.0,265553944.709,0.00940022533366447,0.009356318159253127,4178.3340800000005,,,
2023-02-02,000300.SH,4181.1493,4207.4123,4207.4123,4170.5565,4195.9332,-14.7839,-0.3523,133823736.0,262497434.837,-0.0035233878365843463,-0.0035296095862316335,4183.3624,,,
2023-02-03,000300.SH,4141.6319,4162.0258,4162.0258,4103.1654,4181.1493,-39.5174,-0.9451,117041221.0,226914770.044,-0.009451324782877246,-0.009496271984206292,4175.38344,,,
2023-02-06,000300.SH,4086.8779,4103.8307,4105.9445,4065.2224,4141.6319,-54.754,-1.322,110192717.0,226345113.969,-0.013220392666958292,-0.0133085599913791,4152.490019999999,4078.5017399999997,,
2023-02-07,000300.SH,4094.2335,4098.3117,4107.3438,4077.9623,4086.8779,7.3556,0.18,91360072.0,183537351.577,0.001799809091433735,0.0017981913758129378,4139.965160000001,4088.8184549999996,,0.1337352720467495
2023-02-08,000300.SH,4076.1411,4099.8573,4111.4745,4072.6474,4094.2335,-18.0924,-0.4419,84786099.0,170591751.817,-0.0044189956435068956,-0.004428788264437137,4116.00674,4097.978125,,0.1360066771712257
2023-02-09,000300.SH,4130.8565,4067.5631,4130.8565,4064.7489,4076.1411,54.7154,1.3423,102289961.0,211722604.859,0.013423333161847628,0.013334038426391324,4105.94818,4106.09204,,0.12739692904591562
2023-02-10,000300.SH,4106.3097,4124.0986,4125.2893,4092.3472,4130.8565,-24.5468,-0.5942,96716733.0,195348320.573,-0.005942302764571972,-0.0059600285016594545,4098.88374,4112.363085,,0.13040322085025585
2023-02-13,000300.SH,4143.574,4098.8795,4146.45,4092.2729,4106.3097,37.2643,0.9075,128892577.0,251990181.554,0.009074887848814717,0.009033958487298481,4110.22296,4118.885805,,0.13109574955911546
2023-02-14,000300.SH,4145.2902,4151.247,4152.0487,4125.2583,4143.574,1.7162,0.0414,102499890.0,204915435.75,0.00041418350438560125,0.00041409775407470783,4120.434299999999,4125.27663,,0.13115455884634852
2023-02-15,000300.SH,4123.6893,4146.8547,4153.7159,4115.9671,4145.2902,-21.6009,-0.5211,121664508.0,219855528.966,-0.005210950007794479,-0.00522457435893855,4129.943939999999,4130.9595500000005,,0.13285767825264944
2023-02-16,000300.SH,4093.4876,4125.4087,4167.9003,4068.8591,4123.6893,-30.2017,-0.7324,159310585.0,281315625.589,-0.007323951394689221,-0.007350903203160604,4122.47016,4134.74047,,0.1364082254641129
2023-02-17,000300.SH,4034.507,4086.2237,4104.6398,4032.9285,4093.4876,-58.9806,-1.4408,116142589.0,225737746.955,-0.014408398354498475,-0.014513207296915924,4108.10962,4132.7469599999995,,0.1375880778136046
2023-02-20,000300.SH,4133.4896,4039.9623,4134.8623,4035.4762,4034.507,98.9826,2.4534,161794481.0,280122962.15,0.024534001304248543,0.02423787633960909,4106.09274,4132.523225,,0.15407292539298667
2023-02-21,000300.SH,4144.3536,4130.0632,4151.7994,4116.2716,4133.4896,10.864,0.2628,145776173.0,249674201.048,0.0026282877305414676,0.00262483982241926,4105.90542,4132.878795,,0.15435408036865636
2023-02-22,000300.SH,4106.9506,4118.9669,4134.8759,4101.8596,4144.3536,-37.403,-0.9025,104290295.0,191586158.991,-0.009025050372149734,-0.009066022844646674,4102.55768,4131.71061,,0.15766398468171705
2023-02-23,000300.SH,4103.6463,4106.2136,4132.3896,4088.2073,4106.9506,-3.3043,-0.0805,103564906.0,197193582.43,-0.0008045628793293957,-0.0008048867137512138,4104.58942,4129.09254,,0.15580883531640552
2023-02-24,000300.SH,4061.0457,4100.9897,4102.6094,4048.2374,4103.6463,-42.6006,-1.0381,100989425.0,191210465.053,-0.010381157849788436,-0.010435417917162276,4109.8971599999995,4123.06849,,0.15737502222779778
2023-02-27,000300.SH,4043.8444,4040.4571,4067.0296,4034.5237,4061.0457,-17.2013,-0.4236,93787630.0,187959491.145,-0.004235682449966083,-0.00424467836441928,4091.9681200000005,4115.19346,,0.1559384567173579
2023-02-28,000300.SH,4069.4587,4058.1298,4074.2639,4026.4476,4043.8444,25.6143,0.6334,110323591.0,198799712.379,0.00633414579453162,0.006314169404260476,4076.98914,4110.823504999999,,0.1549458969929458
2023-03-01,000300.SH,4126.9415,4068.7331,4135.4812,4061.2167,4069.4587,57.4828,1.4125,156015794.0,255374791.016,0.014125416729256823,0.014026582657949621,4080.98732,4107.37392,,0.1599851700906256
2023-03-02,000300.SH,4117.7377,4119.9919,4137.2525,4113.8264,4126.9415,-9.2038,-0.223,148217637.0,235953764.97,-0.002230174573591648,-0.0022326651164919576,4083.8055999999997,4104.20334,,0.15975680879490015
2023-03-03,000300.SH,4130.5513,4126.0183,4135.2116,4100.3827,4117.7377,12.8136,0.3112,160331741.0,226914545.628,0.00311180578597825,0.0031069741391894392,4097.70672,4103.64931,,0.15684332136939522
2023-03-06,000300.SH,4109.0102,4131.1525,4132.8367,4088.4484,4130.5513,-21.5411,-0.5215,162971807.0,283079861.972,-0.005215066569927429,-0.00522871249319971,4110.739879999999,4104.755925,,0.1503947109576035
2023-03-07,000300.SH,4048.8519,4103.6419,4124.9609,4046.5679,4109.0102,-60.1583,-1.4641,195912068.0,272491994.009,-0.014640581812135567,-0.014748812805500063,4106.61852,4102.486845,,0.15929704716319534
2023-03-08,000300.SH,4034.1077,4030.7387,4037.287,4011.5231,4048.8519,-14.7442,-0.3642,117936493.0,191659655.191,-0.003641575529102492,-0.00364822220642755,4088.0517600000007,4100.385175,,0.159067731831234
2023-03-09,000300.SH,4019.8505,4035.8433,4043.8493,4000.8901,4034.1077,-14.2572,-0.3534,116539629.0,201737990.687,-0.0035341644448412257,-0.003540424357395067,4068.47432,4094.8348749999996,,0.1505853863759408
2023-03-10,000300.SH,3967.1352,3991.7959,4004.3612,3966.428,4019.8505,-52.7153,-1.3114,123855409.0,218286956.131,-0.013113746394299963,-0.01320049076358043,4035.7911,4087.87615,,0.15557492817419818
2023-03-13,000300.SH,4008.686,3962.6426,4008.686,3962.6426,3967.1352,41.5508,1.0474,143561370.0,242865516.758,0.010473754461405749,0.010419284700296166,4015.7262600000004,4081.1317499999996,,0.15693051502870276
2023-03-14,000300.SH,3984.6956,3999.8803,4001.9415,3946.9405,4008.686,-23.9904,-0.5985,150544174.0,267224848.811,-0.005984604431477081,-0.006002583945988547,4002.8950000000004,4073.10202,,0.15748012417300744
2023-03-15,000300.SH,3986.902,4011.8444,4018.7495,3986.902,3984.6956,2.2064,0.0554,142026007.0,232101093.979,0.0005537185826691715,0.0005535653371021109,3993.45386,4066.262655,,0.15721499880639936
2023-03-16,000300.SH,3939.1505,3958.1962,3981.321,3936.4758,3986.902,-47.7515,-1.1977,152515644.0,246264286.428,-0.01197709399428426,-0.012049397286707548,3977.3138599999997,4058.5458,,0.16028437328275247
2023-03-17,000300.SH,3958.8194,3971.1585,4004.2153,3945.2501,3939.1505,19.6689,0.4993,177433818.0,305541015.556,0.004993183174900162,0.004980758577487929,3975.6506999999997,4054.7614200000003,,0.1548607842024749
2023-03-20,000300.SH,3939.077,3962.6625,3979.5485,3935.0161,3958.8194,-19.7424,-0.4987,205264970.0,319760032.638,-0.004986941308815385,-0.004999417596918964,3961.7288999999996,4045.04079,,0.12265618940329999
2023-03-21,000300.SH,3982.3782,3948.1573,3982.7047,3948.1573,3939.077,43.3012,1.0993,145090679.0,251631985.017,0.010992727484128828,0.010932746623865211,3961.2654200000006,4036.94202,,0.13052493770036205
2023-03-22,000300.SH,3999.4427,3993.7849,4016.4495,3986.7093,3982.3782,17.0645,0.4285,149228970.0,265180992.104,0.004285002363662915,0.00427584788303179,3963.77356,4031.5666250000004,,0.1295154695126274
2023-03-23,000300.SH,4039.0895,3985.9928,4039.0895,3983.9986,3999.4427,39.6468,0.9913,158887421.0,296479529.467,0.009913081140029867,0.00986426887274393,3983.7613600000004,4028.338785,,0.1355015738103343
2023-03-24,000300.SH,4027.0457,4035.1564,4037.8417,4017.0028,4039.0895,-12.0438,-0.2982,159442330.0,295785588.943,-0.0029818106283606705,-0.002986265082769179,3997.40662,4026.638785,,0.13100267972308177
2023-03-27,000300.SH,4012.4771,4023.3028,4023.3028,3987.0297,4027.0457,-14.5686,-0.3618,168482279.0,315474696.948,-0.003617689265358992,-0.0036242489284966603,4012.08664,4025.07042,,0.13078011207160262
2023-03-28,000300.SH,3999.5147,4015.6973,4023.7834,3994.5999,4012.4771,-12.9624,-0.3231,131895117.0,248736920.972,-0.003230523110025918,-0.003235752515321773,4015.51394,4021.5732200000007,,0.1286797087490087
2023-03-29,000300.SH,4006.144,4013.5926,4017.7572,3992.6662,3999.5147,6.6293,0.1658,133743510.0,263866922.733,0.0016575260993538787,0.0016561539190427233,4016.8542,4015.5333450000007,,0.11648695993764951
2023-03-30,000300.SH,4038.5257,4009.5573,4040.5023,3983.8958,4006.144,32.3817,0.8083,149901037.0,280004715.991,0.00808300949741203,0.008050516950421808,4016.7414400000002,4011.5727450000004,,0.12123656986100835
2023-03-31,000300.SH,4050.9257,4045.4538,4063.5675,4039.9587,4038.5257,12.4,0.307,138842546.0,279863685.781,0.003070427408695009,0.0030657232731370397,4021.5174400000005,4007.591465,,0.1212183023569576
2023-04-03,000300.SH,4090.5676,4059.6227,4094.9376,4059.0607,4050.9257,39.6419,0.9786,182124313.0,382895558.426,0.009785886717201375,0.00973831503009619,4037.13554,4006.669335,4063.309,0.12581780236307102
2023-04-04,000300.SH,4103.1052,4089.2932,4103.1583,4080.0682,4090.5676,12.5376,0.3065,197146631.0,394443175.146,0.0030650025194547403,0.0030603149750138407,4057.85364,4009.382,4066.8957666666665,0.11399783218687283
2023-04-06,000300.SH,4096.64,4084.132,4098.8332,4078.4048,4103.1052,-6.4652,-0.1576,150703374.0,328981851.588,-0.0015756846790083712,-0.0015769273756824943,4075.9528400000004,4012.5086149999997,4070.2906383333334,0.11318964083052298
2023-04-07,000300.SH,4123.2799,4096.9009,4131.3126,4092.1848,4096.64,26.6399,0.6503,128676738.0,286567771.883,0.006502865763162058,0.006481813349653767,4092.9036800000003,4017.680085000001,4072.869,0.11370579871296356
2023-04-10,000300.SH,4104.8118,4132.0096,4132.2952,4099.0519,4123.2799,-18.4681,-0.4479,152453002.0,340822557.208,-0.0044789828602225246,-0.004489043556316856,4103.6809,4024.563915,4074.9343833333332,0.10280106974809701
2023-04-11,000300.SH,4100.1479,4108.5062,4116.1247,4083.4946,4104.8118,-4.6639,-0.1136,153901333.0,324192951.999,-0.0011362031262920347,-0.0011368490944111537,4105.596960000001,4029.13701,4076.384855,0.09784037622464745
2023-04-12,000300.SH,4097.2876,4102.3968,4108.2451,4090.2784,4100.1479,-2.8603,-0.0698,165965278.0,325425226.403,-0.0006976089813736097,-0.00069785242374403,4104.43344,4034.7666099999997,4077.7150866666666,0.09447126490664484
2023-04-13,000300.SH,4068.9786,4081.3871,4088.8809,4059.5744,4097.2876,-28.309,-0.6909,156444295.0,300291020.753,-0.0069092050067462996,-0.006933184078369438,4098.90116,4038.8704399999997,4078.697548333333,0.09897620651585902
2023-04-14,000300.SH,4091.9988,4078.9703,4098.2151,4075.2049,4068.9786,23.0202,0.5657,150695682.0,306201501.439,0.005657488589396742,0.005641545105945867,4092.6449399999997,4046.512855,4079.933041666666,0.08732973273872226
2023-04-17,000300.SH,4149.3836,4090.0719,4149.3836,4089.509,4091.9988,57.3848,1.4024,188773095.0,341831272.793,0.014023660026488916,0.013926238256229347,4101.5593,4056.041065,4081.183148333333,0.09690342504889744
2023-04-18,000300.SH,4162.032,4139.3088,4169.6678,4138.4618,4149.3836,12.6484,0.3048,170184130.0,331545662.316,0.0030482599873389304,0.0030436234626958596,4113.93612,4067.1888150000004,4081.584276666667,0.09292718228122547
2023-04-19,000300.SH,4124.5589,4159.3938,4159.3938,4118.6261,4162.032,-37.4731,-0.9004,162554592.0,312219504.523,-0.009003558838567405,-0.00904433581759568,4119.39038,4074.29785,4081.3728883333333,0.0965067055138049
2023-04-20,000300.SH,4113.0192,4122.9461,4125.8231,4094.0022,4124.5589,-11.5397,-0.2798,162706677.0,332172409.512,-0.002797802208619249,-0.0028017233726872733,4128.1985,4079.9766750000003,4081.0846366666665,0.09733287935560853
2023-04-21,000300.SH,4032.5672,4114.2642,4114.2642,4031.9123,4113.0192,-80.452,-1.956,180802435.0,347852011.603,-0.019560326876178924,-0.01975416188434926,4116.31218,4079.6505599999996,4079.0272950000003,0.11738039309445966
2023-04-24,000300.SH,3982.6429,4031.303,4033.6367,3967.907,4032.5672,-49.9243,-1.238,170099217.0,328375614.674,-0.01238027725861579,-0.012457551336495796,4082.96404,4077.4304199999997,4075.712565,0.12498344667556896
2023-04-25,000300.SH,3962.6658,3985.1055,3991.6868,3925.436,3982.6429,-19.9771,-0.5016,172555409.0,331110619.768,-0.005016040981228764,-0.005028663542673135,4043.0908000000004,4074.9398549999996,4071.7345783333335,0.12553975042010906
2023-04-26,000300.SH,3959.2323,3950.2553,3975.6562,3934.6625,3962.6658,-3.4335,-0.0866,162702006.0,322062811.334,-0.0008664621679678186,-0.0008668377632871743,4010.0254800000002,4072.925735,4068.4408200000003,0.12516129436451487
2023-04-27,000300.SH,3988.4185,3948.0313,3999.1302,3942.8152,3959.2323,29.1862,0.7372,153828195.0,304804002.557,0.007371681626258786,0.007344643577210908,3985.1053400000005,4072.03946,4064.9822416666666,0.12806330674389074
2023-04-28,000300.SH,4029.0858,3993.2561,4030.4469,3993.2561,3988.4185,40.6673,1.0196,179508488.0,328936294.025,0.010196347248915716,0.01014471517605962,3984.4090600000004,4071.567465,4062.44785,0.13007805603709086
2023-05-04,000300.SH,4030.2471,4013.4713,4035.7832,4001.1259,4029.0858,1.1613,0.0288,227582846.0,345492506.049,0.00028822915610282607,0.00028818762605953345,3993.9299,4070.533535,4060.591436666667,0.1295567652321746
2023-05-05,000300.SH,4016.8774,4031.0946,4047.6015,3998.392,4030.2471,-13.3697,-0.3317,206626924.0,307694489.937,-0.0033173400211615744,-0.0033228545927530486,4004.7722200000003,4066.8490250000004,4059.424761666667,0.12437451330412248
2023-05-08,000300.SH,4062.6624,4028.1056,4070.7724,4018.9608,4016.8774,45.785,1.1398,255583085.0,359539954.17,0.01139815718547954,0.011333687618858015,4025.45824,4064.826885,4058.898576666667,0.13120922732333012
2023-05-09,000300.SH,4027.8754,4065.439,4092.8501,4026.3886,4062.6624,-34.787,-0.8563,279306048.0,396422120.421,-0.00856261155246374,-0.008599481329350357,4033.34962,4061.388655,4058.094148333333,0.13430281529342536
2023-05-10,000300.SH,3996.8695,4017.9358,4019.0587,3984.6287,4027.8754,-31.0059,-0.7698,207552709.0,309484851.741,-0.007697829977560855,-0.0077276112030614744,4026.9063599999995,4055.068135,4055.861031666667,0.13350172961386847
2023-05-11,000300.SH,3990.6637,4005.7823,4018.0579,3988.4816,3996.8695,-6.2058,-0.1553,144804619.0,241052071.432,-0.0015526651545665349,-0.001553871788268113,4018.98968,4049.3607299999994,4053.9335983333335,0.13304539596156326
2023-05-12,000300.SH,3937.7622,3987.769,3999.3831,3937.5274,3990.6637,-52.9015,-1.3256,144421728.0,228992923.388,-0.013256316236319288,-0.013344965509902268,4003.1666400000004,4041.2414450000006,4050.503401666667,0.1395527890098597
2023-05-15,000300.SH,3998.8872,3938.83,3998.8872,3923.0317,3937.7622,61.125,1.5523,176257362.0,279531163.508,0.015522775854773574,0.015403530004197431,3990.4116000000004,4036.3214250000005,4048.0633516666667,0.15278271787321523
2023-05-16,000300.SH,3978.2054,4002.5237,4005.015,3966.9921,3998.8872,-20.6818,-0.5172,136833271.0,234840652.671,-0.005171888819469617,-0.0051853093293719,3980.4775999999997,4031.782765,4045.63862,0.15203990259105413
2023-05-17,000300.SH,3960.165,3971.7017,3982.6044,3945.7137,3978.2054,-18.0404,-0.4535,118448185.0,205195685.976,-0.004534808584795491,-0.004545122020695687,3973.1367,4025.191075,4043.416576666666,0.1503411034274865
2023-05-18,000300.SH,3956.0701,3965.5162,3982.7178,3939.5526,3960.165,-4.0949,-0.1034,136533947.0,229134184.413,-0.0010340225722917928,-0.001034557542444401,3966.21798,4015.5254,4042.109295,0.13864139078156687
2023-05-19,000300.SH,3944.5403,3946.2215,3967.2816,3928.316,3956.0701,-11.5298,-0.2914,120212479.0,207094944.781,-0.0029144579617028654,-0.002918713264252902,3967.5735999999997,4004.6508149999995,4038.96014,0.1371720085087207
2023-05-22,000300.SH,3969.3277,3941.0015,3985.4031,3935.8015,3944.5403,24.7874,0.6284,109116605.0,202185550.246,0.006283976867976104,0.006264315012112265,3961.6616999999997,3996.8892550000005,4036.0430416666663,0.13849958856527497
2023-05-23,000300.SH,3913.1882,3968.2346,3971.939,3913.1882,3969.3277,-56.1395,-1.4143,118685077.0,189955815.34,-0.014143327092897784,-0.014244297108787168,3948.65826,3986.8977050000003,4032.813668333333,0.14519026013203337
2023-05-24,000300.SH,3859.0935,3903.7818,3903.7818,3859.0935,3913.1882,-54.0947,-1.3824,137258265.0,211768410.52,-0.0138236898496219,-0.013920126824799891,3928.4439599999996,3978.22402,4028.7377883333334,0.13744363717277214
2023-05-25,000300.SH,3850.4996,3851.4053,3861.3815,3817.8365,3859.0935,-8.5939,-0.2227,124150770.0,213313620.055,-0.002226921944233795,-0.002229405222302582,3907.3298600000003,3971.616855,4025.228686666667,0.13204998673419416
2023-05-26,000300.SH,3850.9511,3848.4174,3859.6291,3815.5701,3850.4996,0.4515,0.0117,100326439.0,191537814.873,0.00011725751120716943,0.00011725063708255876,3888.6120199999996,3966.0311199999996,4022.0137983333334,0.13157227160686644
2023-05-29,000300.SH,3833.9416,3862.0838,3866.7238,3819.1822,3850.9511,-17.0095,-0.4417,131859967.0,230095604.813,-0.004416960786648327,-0.004426744377731629,3861.5348,3959.766585,4018.088513333333,0.1319856339789767
2023-05-30,000300.SH,3837.7531,3827.7924,3844.0052,3789.2736,3833.9416,3.8115,0.0994,137619629.0,244566265.535,0.0009941465983727138,0.0009936527619133092,3846.44778,3952.233315,4013.2687066666667,0.12813809202627818
2023-05-31,000300.SH,3798.5434,3827.1634,3827.1634,3781.4034,3837.7531,-39.2097,-1.0217,126387368.0,235606123.948,-0.01021683755528724,-0.01026938767722393,3834.33776,3940.7061949999998,4007.948801666667,0.12297871943559276
2023-06-01,000300.SH,3806.8679,3788.5902,3832.2051,3786.7344,3798.5434,8.3245,0.2191,134561881.0,241829546.409,0.0021914979304962223,0.002189100101492375,3825.61142,3929.537235,4002.5540783333336,0.12381857923286013
2023-06-02,000300.SH,3861.8337,3821.6198,3865.2843,3821.6198,3806.8679,54.9658,1.4439,125015110.0,232696547.131,0.01443858874115378,0.01433534492873864,3827.7879399999997,3921.78505,3998.43447,0.13808814414142886
2023-06-05,000300.SH,3844.2492,3860.5557,3860.5557,3832.4578,3861.8337,-17.5845,-0.4553,116163989.0,211144360.144,-0.004553406844007846,-0.004563805178188675,3829.8494600000004,3910.86439,3995.024425,0.12897551704906443
2023-06-06,000300.SH,3808.1629,3840.4587,3867.8452,3802.8449,3844.2492,-36.0863,-0.9387,125781258.0,222091722.592,-0.009387086560361468,-0.009431422935137213,3823.93142,3899.878765,3991.258678333333,0.12950234093759597
2023-06-07,000300.SH,3789.3418,3815.4823,3823.1124,3780.1021,3808.1629,-18.8211,-0.4942,98862432.0,189879792.18,-0.004942304332621772,-0.004954557909288927,3822.0911,3889.5023799999994,3987.4168666666665,0.12847671666093421
2023-06-08,000300.SH,3820.1867,3791.0826,3834.3888,3777.7752,3789.3418,30.8449,0.814,118700934.0,199119300.65,0.008139909680356716,0.008106959303515378,3824.75486,3880.9785300000003,3984.9677250000004,0.13404222535748492
2023-06-09,000300.SH,3836.7026,3822.4088,3836.7026,3811.2189,3820.1867,16.5159,0.4323,134319863.0,247296087.071,0.004323322731844437,0.00431400402099796,3819.7286400000003,3875.92555,3982.101335,0.12915338092775833
2023-06-12,000300.SH,3844.4324,3827.3253,3859.7156,3813.8577,3836.7026,7.7298,0.2015,126758543.0,240791270.474,0.002014698767634604,0.002012671983855088,3819.7652800000005,3868.2028099999998,3979.7636150000003,0.11385664224025846
2023-06-13,000300.SH,3864.9074,3838.1287,3867.3034,3833.4598,3844.4324,20.475,0.5326,110924946.0,225435215.315,0.005325883737739678,0.005311751374952578,3831.1141800000005,3862.5379100000005,3977.7303716666665,0.1159861550261177
2023-06-14,000300.SH,3864.0247,3872.7155,3891.6656,3862.0609,3864.9074,-0.8827,-0.0228,124955759.0,243932581.184,-0.0002283883955408461,-0.00022841448014214406,3846.0507599999996,3857.7308949999997,3976.478275,0.11545752670947207
2023-06-15,000300.SH,3925.4994,3871.7746,3925.4994,3871.7746,3864.0247,61.4747,1.5909,128369938.0,282635910.894,0.015909499750351053,0.01578427014000531,3867.1133,3856.20236,3975.9229416666667,0.13047448096389253
2023-06-16,000300.SH,3963.3509,3932.2114,3968.0128,3928.5419,3925.4994,37.8515,0.9642,139760076.0,280374762.838,0.00964246740172725,0.009596275511414851,3892.4429600000003,3857.1428900000005,3976.3275066666665,0.13475172886094935
2023-06-19,000300.SH,3930.9079,3957.0327,3957.0327,3922.4742,3963.3509,-32.443,-0.8186,134905848.0,268213068.58,-0.00818575009343725,-0.0082194373084361,3909.7380599999997,3855.2218999999996,3975.469668333333,0.13597280798663314
2023-06-20,000300.SH,3924.2377,3926.094,3937.4945,3918.473,3930.9079,-6.6702,-0.1697,122520318.0,266274081.287,-0.0016968599035352971,-0.001698301200985408,3921.60412,3855.7743749999995,3974.2162516666667,0.12617450630155846
2023-06-21,000300.SH,3864.0323,3909.1044,3920.1276,3864.0323,3924.2377,-60.2054,-1.5342,118346575.0,243630705.592,-0.01534193507187398,-0.01546084028279967,3921.60564,3856.0213150000004,3971.2986316666666,0.12850160503866706
2023-06-26,000300.SH,3809.6962,3833.4436,3841.2862,3801.0537,3864.0323,-54.3361,-1.4062,133990419.0,247713845.78,-0.014062020133734365,-0.014161827101988902,3898.4449999999997,3853.981145,3967.6761400000005,0.13786406162814022
2023-06-27,000300.SH,3845.4334,3811.6872,3851.8957,3806.3242,3809.6962,35.7372,0.9381,116992681.0,210097713.688,0.00938059050482809,0.009336865994181069,3874.8615,3853.70526,3964.8920783333333,0.14226230518688074
2023-06-28,000300.SH,3840.7986,3836.6086,3846.8516,3808.1607,3845.4334,-4.6348,-0.1205,107021541.0,206187959.877,-0.0012052737670609215,-0.0012060006936434353,3856.8396399999997,3854.0481099999997,3962.2468099999996,0.14140399612176074
2023-06-29,000300.SH,3821.8435,3836.7305,3840.7132,3817.3759,3840.7986,-18.9551,-0.4935,98289274.0,204110031.408,-0.004935197591459217,-0.004947415895498865,3836.3608,3853.25263,3959.175135,0.14248399110041174
2023-06-30,000300.SH,3842.4516,3816.3345,3860.0311,3813.552,3821.8435,20.6081,0.5392,101268429.0,208146272.909,0.005392188350988203,0.005377702553482227,3832.0446600000005,3855.44804,3955.9072333333334,0.1386053549901622
2023-07-03,000300.SH,3892.8821,3853.2919,3897.3273,3853.2919,3842.4516,50.4305,1.3125,133158051.0,256876520.212,0.013124563494827157,0.013039182657447542,3848.6818399999997,3859.74875,3953.2731733333335,0.14551943836843906
2023-07-04,000300.SH,3899.0133,3888.0328,3899.9755,3878.3978,3892.8821,6.1312,0.1575,109494527.0,216335611.422,0.0015749770587709655,0.0015737380831380055,3859.3978199999997,3861.6077300000006,3950.0806016666666,0.13685426863009184
2023-07-05,000300.SH,3868.8054,3895.1945,3899.5188,3864.1301,3899.0133,-30.2079,-0.7748,97636384.0,188400265.051,-0.007747575521222183,-0.007777743906701456,3864.9991800000003,3862.83554,3946.175605,0.13887780913161366
2023-07-06,000300.SH,3842.7547,3857.0304,3876.8901,3836.4573,3868.8054,-26.0507,-0.6734,100121842.0,184742420.862,-0.0067335255477053435,-0.0067562980144157386,3869.18142,3864.56513,3941.944183333333,0.136711538568003
2023-07-07,000300.SH,3825.6988,3831.5955,3844.8438,3819.0772,3842.7547,-17.0559,-0.4438,100906920.0,173918560.673,-0.004438456610306063,-0.004448335801926922,3865.8308600000005,3866.3829800000008,3936.9844983333332,0.13645758821884535
2023-07-10,000300.SH,3844.3269,3841.5591,3865.4566,3831.92,3825.6988,18.6281,0.4869,92033441.0,185360813.111,0.0048692019350817795,0.004857385712863811,3856.11982,3867.5899900000004,3932.6430833333334,0.13451291030533807
2023-07-11,000300.SH,3869.4861,3853.7955,3870.6549,3844.5244,3844.3269,25.1592,0.6545,86510716.0,177585694.368,0.0065445006770885605,0.006523178411029411,3850.2143800000003,3869.2291649999997,3928.79872,0.13560990180110555
2023-07-12,000300.SH,3843.4369,3864.6013,3874.0403,3838.5632,3869.4861,-26.0492,-0.6732,111522024.0,214046519.056,-0.006731953372309585,-0.006754715182223218,3845.1406799999995,3869.1793900000002,3924.567875,0.13781625753530216
2023-07-13,000300.SH,3898.4229,3855.662,3901.1023,3855.662,3843.4369,54.986,1.4306,120300232.0,235278706.835,0.014306466173543697,0.014205094390380651,3856.2743200000004,3870.855165,3921.72528,0.1458520500375067
2023-07-14,000300.SH,3899.1027,3904.6033,3908.4871,3893.7862,3898.4229,0.6798,0.0174,122364846.0,220230466.523,0.00017437820817223226,0.000174363006059742,3870.9551,3872.6090649999996,3918.510345,0.14583340810541512
2023-07-17,000300.SH,3867.1749,3881.6225,3881.6225,3852.2626,3899.1027,-31.9278,-0.8188,98340144.0,174623552.807,-0.00818849936935484,-0.008222209278820985,3875.5247000000004,3869.6928399999997,3913.806866666667,0.13685407219879994
2023-07-18,000300.SH,3854.9393,3871.0444,3871.0444,3844.5129,3867.1749,-12.2356,-0.3164,91438615.0,167104315.117,-0.0031639634400812966,-0.0031689793553156373,3872.6153400000003,3864.27226,3908.688655,0.13144468635088272
2023-07-19,000300.SH,3850.8663,3848.4826,3860.0092,3830.4073,3854.9393,-4.073,-0.1057,79585700.0,151311481.03,-0.0010565665716188999,-0.00105712513155086,3874.1012199999996,3860.2701800000004,3904.1271116666667,0.12894182788919822
2023-07-20,000300.SH,3823.6946,3857.7725,3875.6241,3818.7134,3850.8663,-27.1717,-0.7056,92042076.0,174320872.14,-0.007055996724685154,-0.007081007991962629,3859.15556,3855.2430250000007,3899.305035,0.13071877436291837
2023-07-21,000300.SH,3821.91,3816.9835,3849.5109,3808.803,3823.6946,-1.7846,-0.0467,79507563.0,157144211.209,-0.0004667213746620824,-0.0004668303229831912,3843.71702,3853.13691,3895.7940816666664,0.11966940492958754
2023-07-24,000300.SH,3805.221,3803.3492,3828.7853,3798.8048,3821.91,-16.689,-0.4367,75483545.0,151448369.566,-0.004366664835121714,-0.004376226561401382,3831.32624,3852.9131499999994,3892.8370500000005,0.10964781638783137
2023-07-25,000300.SH,3915.1153,3866.6445,3915.8148,3866.6445,3805.221,109.8943,2.888,163066320.0,299853562.168,0.028879873205787554,0.028470708740506268,3843.3614399999997,3856.397245,3892.0445416666666,0.14725558931117685
2023-07-26,000300.SH,3907.0128,3908.174,3912.9834,3893.3987,3915.1153,-8.1025,-0.207,107881717.0,192912604.8,-0.002069543137082075,-0.002071687600697664,3854.5907399999996,3859.7079550000003,3891.174216666667,0.1474543142806315
2023-07-27,000300.SH,3902.3458,3914.2298,3935.3578,3894.6923,3907.0128,-4.667,-0.1195,110667109.0,196845425.513,-0.0011945187382031985,-0.001195232744363619,3870.3209799999995,3863.7330699999998,3889.7396716666667,0.1460839343696089
2023-07-28,000300.SH,3992.7376,3889.7929,4000.919,3886.5535,3902.3458,90.3918,2.3163,179735481.0,310092467.4,0.023163452095916304,0.022899251426328447,3904.4865,3871.24737,3889.133868333333,0.1653825352296163
2023-07-31,000300.SH,4014.6301,4018.8895,4064.3621,4002.0784,3992.7376,21.8925,0.5483,199606830.0,366544120.0,0.005483080080193492,0.005468102719712426,3946.36832,3877.33477,3888.873585,0.1607057201176672
2023-08-01,000300.SH,3998.001,4009.1831,4031.7008,3983.0273,4014.6301,-16.6291,-0.4142,142286859.0,255620773.6,-0.0041421250739887006,-0.004150727436979688,3962.94546,3882.284155,3888.558978333333,0.16198859245847785
2023-08-02,000300.SH,3969.895,3985.6951,4008.3343,3958.5127,3998.001,-28.106,-0.703,125855690.0,204875690.924,-0.007030013249121336,-0.00705484021662513,3975.5218999999997,3887.338635,3887.012855,0.1614760537773395
2023-08-03,000300.SH,4004.9839,3962.1296,4004.9996,3962.1296,3969.895,35.0889,0.8839,129006640.0,224809824.82,0.008838747624307475,0.008799914550596713,3996.0495199999996,3895.450095,3886.6313299999997,0.160609318602726
2023-08-04,000300.SH,4020.5792,4033.7239,4058.2431,4011.6202,4004.9839,15.5953,0.3894,178267189.0,316529733.838,0.0038939732067337918,0.0038864113172395994,4001.61784,3905.194115,3887.0264916666665,0.15881138959751148
2023-08-07,000300.SH,3990.1531,4002.9677,4002.9677,3977.0173,4020.5792,-30.4261,-0.7568,121310662.0,227090572.751,-0.007567591256503525,-0.00759637076150556,3996.7224400000005,3912.485425,3887.0179816666664,0.16247977227275878
2023-08-08,000300.SH,3979.7322,3980.0423,4002.2904,3963.4632,3990.1531,-10.4209,-0.2612,109871699.0,202611335.314,-0.0026116541743724797,-0.002615070492593251,3993.0686800000003,3917.99773,3887.7174816666666,0.16226825761157693
2023-08-09,000300.SH,3967.5652,3967.3566,3982.1091,3961.8434,3979.7322,-12.167,-0.3057,94640269.0,174394242.765,-0.003057240886710888,-0.0030619237945844866,3992.6027200000003,3924.2041449999997,3887.1954483333334,0.16032193829173064
2023-08-10,000300.SH,3975.7166,3962.8569,3976.4637,3945.3869,3967.5652,8.1514,0.2055,97176849.0,175646730.198,0.002054509400374771,0.0020524017821905416,3986.7492599999996,3928.0688299999993,3887.153968333333,0.15322342299190048
2023-08-11,000300.SH,3884.2538,3977.9834,3977.9834,3884.2538,3975.7166,-91.4628,-2.3005,126082931.0,203546314.647,-0.023005362102520133,-0.023274115288622166,3959.4841800000004,3927.3263850000003,3885.888781666667,0.17541649408400103
2023-08-14,000300.SH,3855.9061,3840.8872,3859.4718,3814.0711,3884.2538,-28.3477,-0.7298,115966336.0,197623765.246,-0.007298107039246493,-0.007324868507294283,3932.6347800000003,3926.762945,3884.219381666667,0.17490190833525518
2023-08-15,000300.SH,3846.5357,3858.3662,3865.284,3811.6839,3855.9061,-9.3704,-0.243,103097111.0,177437071.693,-0.0024301421655470445,-0.002433099753563938,3905.99548,3926.342765,3882.585971666667,0.17475010518915043
2023-08-16,000300.SH,3818.3338,3830.8274,3852.4198,3817.6324,3846.5357,-28.2019,-0.7332,94616946.0,169323869.028,-0.007331766087599334,-0.007358775583763774,3876.1492,3924.7161399999995,3880.069406666667,0.17663802905705236
2023-08-17,000300.SH,3831.1008,3801.1969,3836.1507,3782.4967,3818.3338,12.767,0.3344,98415493.0,174093848.243,0.0033436050038371246,0.003338027585623975,3847.22604,3925.08645,3878.701283333334,0.17526578731564812
2023-08-18,000300.SH,3784.0038,3832.4554,3844.195,3784.0038,3831.1008,-47.097,-1.2293,95549638.0,168445686.988,-0.012293333550503327,-0.012369521622880495,3827.17604,3923.19114,3877.449788333333,0.18076300467120612
2023-08-21,000300.SH,3729.555,3773.225,3782.1112,3729.555,3784.0038,-54.4488,-1.4389,98708369.0,173379942.907,-0.014389203308939669,-0.014493731827957879,3801.90582,3919.40784,3875.4340450000004,0.18704460359678998
2023-08-22,000300.SH,3758.2271,3748.0675,3770.0556,3704.6785,3729.555,28.6721,0.7688,120318327.0,203463879.672,0.007687807258506707,0.007658406656251673,3784.2441,3911.5634299999997,3873.888645,0.15453884462464515
2023-08-23,000300.SH,3696.6339,3751.7736,3756.1659,3695.0309,3758.2271,-61.5932,-1.6389,97081638.0,160476231.587,-0.016388897839622385,-0.016524681432167936,3759.90412,3901.044485,3871.600183333334,0.1627669182342585
2023-08-24,000300.SH,3723.4293,3711.5403,3748.8567,3701.5717,3696.6339,26.7954,0.7249,119614521.0,196257391.084,0.007248594457784918,0.007222449662964919,3738.36982,3892.0986600000006,3869.694786666667,0.16652785650532217
2023-08-25,000300.SH,3709.1517,3703.5136,3734.2185,3695.8442,3723.4293,-14.2776,-0.3835,105182610.0,175601437.173,-0.0038345296364294956,-0.0038419002932303134,3723.3994,3877.919365,3868.2049249999995,0.1366958384512193
2023-08-28,000300.SH,3752.6194,3911.5485,3911.5485,3740.5279,3709.1517,43.4677,1.1719,197990379.0,335047670.967,0.011719040771505762,0.011650904623430016,3728.01228,3864.81883,3867.300783333333,0.1438231183636435
2023-08-29,000300.SH,3790.1067,3743.0534,3810.3772,3742.0758,3752.6194,37.4873,0.999,152486146.0,262134936.751,0.009989635506334471,0.009940068925598318,3734.3882,3854.4241150000003,3866.105333333333,0.1513170145001979
2023-08-30,000300.SH,3788.5097,3803.1191,3813.7032,3780.2411,3790.1067,-1.597,-0.0421,129671661.0,226727480.839,-0.0004213601690948865,-0.0004214489662355312,3752.76336,3845.3548499999997,3865.1763416666668,0.1505808364103668
2023-08-31,000300.SH,3765.2678,3786.9261,3793.9972,3762.0046,3788.5097,-23.2419,-0.6135,118961646.0,193577001.342,-0.006134839776179013,-0.006153735225727366,3761.1310599999997,3833.3690450000004,3864.461423333333,0.1451836151616884
2023-09-01,000300.SH,3791.4912,3778.9129,3808.5306,3778.9129,3765.2678,26.2234,0.6965,105319045.0,172219141.586,0.006964551100455463,0.006940410634633973,3777.5989600000003,3821.914645,3864.497246666667,0.1475193880079577
2023-09-04,000300.SH,3848.9517,3812.9873,3854.2605,3804.5886,3791.4912,57.4605,1.5155,142385201.0,237934727.924,0.015155118914689902,0.015041427333904046,3796.8654199999996,3814.854575,3864.9766633333334,0.15952080384863115
2023-09-05,000300.SH,3820.3174,3839.5779,3839.5779,3814.3338,3848.9517,-28.6343,-0.744,104052333.0,181377877.955,-0.0074395061907376325,-0.0074673173369024385,3802.9075599999996,3806.8838349999996,3864.703576666667,0.16078153650556723
2023-09-06,000300.SH,3812.0283,3808.1,3817.5239,3790.8949,3820.3174,-8.2891,-0.217,93442393.0,166081524.007,-0.002169741184331997,-0.0021720984831716575,3807.61128,3799.10699,3864.163508333333,0.16073448341770893
2023-09-07,000300.SH,3758.4748,3802.2272,3802.2272,3756.853,3812.0283,-53.5535,-1.4049,95103903.0,164405748.828,-0.014048557824190344,-0.014148172878386153,3806.25268,3788.2449,3862.389631666667,0.1655079308741213
2023-09-08,000300.SH,3739.9927,3747.6509,3753.263,3724.987,3758.4748,-18.4821,-0.4917,71638166.0,129197657.303,-0.004917446832422567,-0.004929577257583552,3795.9529800000005,3781.031845,3860.322431666667,0.14764301130068658
2023-09-11,000300.SH,3767.537,3740.5846,3788.3219,3734.7228,3739.9927,27.5443,0.7365,105358016.0,186871759.441,0.007364800471401978,0.007337812753509666,3779.6700399999995,3776.61339,3857.6897249999997,0.1496268694786898
2023-09-12,000300.SH,3760.6048,3764.3331,3775.093,3755.4162,3767.537,-6.9322,-0.184,79385378.0,140117510.233,-0.0018399819298390296,-0.001841676775899936,3767.7275199999995,3772.316845,3854.3106233333333,0.14957279411974794
2023-09-13,000300.SH,3736.6513,3759.6091,3768.8162,3719.1114,3760.6048,-23.9535,-0.637,81576901.0,138238089.913,-0.006369587147258882,-0.006389959522627915,3752.65212,3768.23272,3851.073013333333,0.1490781507402307
2023-09-14,000300.SH,3733.5077,3736.9355,3748.8177,3717.3107,3736.6513,-3.1436,-0.0841,100386075.0,151578100.464,-0.0008412880270631806,-0.0008416421084389641,3747.6587,3763.3530650000002,3847.8941800000002,0.14818395709057447
2023-09-15,000300.SH,3708.7766,3740.7853,3749.0247,3699.3806,3733.5077,-24.7311,-0.6624,109395689.0,180398970.938,-0.006624092405112747,-0.0066461290744070055,3741.4154800000006,3759.591705,3845.306585,0.14388328928787722
2023-09-18,000300.SH,3727.711,3698.9344,3737.5306,3691.1107,3708.7766,18.9344,0.5105,86727741.0,156966973.911,0.005105295368828644,0.0050923075341599,3733.45028,3759.4995050000007,3843.940165,0.13619357274805213
2023-09-19,000300.SH,3720.5021,3723.4244,3724.0717,3702.6934,3727.711,-7.2089,-0.1934,83199038.0,135216895.229,-0.0019338677274068905,-0.0019357400638905927,3725.4297400000005,3757.613255,3841.857976666666,0.13325025534958593
2023-09-20,000300.SH,3705.6898,3715.9578,3718.5207,3705.1274,3720.5021,-14.8123,-0.3981,75448209.0,117691805.957,-0.003981263711690941,-0.003989210040026667,3719.23744,3758.06605,3839.6061633333334,0.1202343498525796
2023-09-21,000300.SH,3672.4448,3698.313,3708.4557,3672.4448,3705.6898,-33.245,-0.8971,83031005.0,135011796.555,-0.00897133915526327,-0.00901182393540573,3707.0248600000004,3755.516825,3837.116185,0.12131275729127605
2023-09-22,000300.SH,3738.9327,3672.6402,3740.4183,3664.7661,3672.4448,66.4879,1.8105,110231166.0,192236467.363,0.018104533524915034,0.01794259804803621,3713.05608,3757.005875,3835.39087,0.13760390218378082
2023-09-25,000300.SH,3714.6037,3738.0622,3738.0622,3711.2049,3738.9327,-24.329,-0.6507,92596479.0,155793827.362,-0.006506937126736667,-0.006528199527715004,3710.43462,3755.10509,3832.4195633333334,0.13291031564754063
2023-09-26,000300.SH,3692.8928,3711.7106,3723.8481,3692.6172,3714.6037,-21.7109,-0.5845,78044525.0,137808437.775,-0.005844741930343789,-0.005861889281666779,3704.91276,3750.244395,3828.9842216666666,0.12817389941140872
2023-09-27,000300.SH,3700.495,3694.9607,3731.1405,3694.3938,3692.8928,7.6022,0.2059,91629210.0,164790435.266,0.0020586029467195566,0.002056486927205133,3703.8738,3745.84366,3826.179048333333,0.1286922870917014
2023-09-28,000300.SH,3689.5172,3711.2117,3716.0569,3685.3001,3700.495,-10.9778,-0.2967,85221719.0,153500421.344,-0.002966576093198392,-0.0029709851019892155,3707.2882799999998,3742.05613,3823.62509,0.12754881204744664
2023-10-09,000300.SH,3684.7272,3678.929,3694.1713,3641.9966,3689.5172,-4.79,-0.1298,102148058.0,178072374.748,-0.001298272847189863,-0.001299116333512036,3696.44718,3736.71793,3821.2755633333336,0.12404246135780177
2023-10-10,000300.SH,3657.1259,3696.2542,3701.2562,3655.589,3684.7272,-27.6013,-0.7491,99163730.0,161938958.925,-0.007490730928465972,-0.00751892734950509,3684.95162,3727.12664,3818.155546666667,0.10910756823373098
2023-10-11,000300.SH,3667.5483,3674.7514,3689.5347,3658.355,3657.1259,10.4224,0.285,102091587.0,187667554.127,0.002849888214130125,0.0028458349817270063,3679.88272,3719.4881850000006,3814.7899166666666,0.10908066194166192
2023-10-12,000300.SH,3702.3824,3697.9337,3711.4985,3682.8418,3667.5483,34.8341,0.9498,114363225.0,194598219.817,0.00949792535792926,0.009453103650197869,3680.2601999999997,3714.0058899999995,3812.4390083333333,0.11647455534144695
2023-10-13,000300.SH,3663.4104,3677.9585,3678.1913,3652.3094,3702.3824,-38.972,-1.0526,98287987.0,170152309.003,-0.010526195241204572,-0.010581987499846852,3675.0388399999997,3709.2526700000003,3808.522133333333,0.11199947563468723
2023-10-16,000300.SH,3626.5972,3664.039,3664.039,3615.7686,3663.4104,-36.8132,-1.0049,91853118.0,159537973.598,-0.01004888777954005,-0.01009971866830757,3663.41284,3703.5828950000005,3803.980375,0.1156459021619481
2023-10-17,000300.SH,3639.4018,3635.2994,3645.5654,3619.1277,3626.5972,12.8046,0.3531,90745188.0,147056233.347,0.0035307477764554562,0.0035245293194285997,3659.8680200000003,3697.176135,3800.1841566666667,0.11250012814703024
2023-10-18,000300.SH,3610.5767,3631.0671,3632.0579,3608.9768,3639.4018,-28.8251,-0.792,94545879.0,158982356.667,-0.00792028514136578,-0.007951817205375517,3648.4737,3689.67473,3796.111446666667,0.11464684452539921
2023-10-19,000300.SH,3533.5445,3588.5154,3588.5154,3532.3059,3610.5767,-77.0322,-2.1335,111737520.0,189194781.844,-0.021335151251599238,-0.021566035463477812,3614.7061200000003,3679.5193900000004,3790.82275,0.133030172193399
2023-10-20,000300.SH,3510.5889,3518.3464,3535.6623,3501.725,3533.5445,-22.9556,-0.6496,98518605.0,169591289.145,-0.006496479667936761,-0.006517673632614436,3584.14182,3668.37345,3785.6043216666667,0.13346382031346404
2023-10-23,000300.SH,3474.2438,3500.199,3505.3468,3450.6456,3510.5889,-36.3451,-1.0353,96561652.0,152054894.179,-0.010352992342680722,-0.010406957357291196,3553.67114,3656.6468100000006,3779.809885,0.13543381433073065
2023-10-24,000300.SH,3487.1302,3481.7644,3495.0039,3453.1016,3474.2438,12.8864,0.3709,115547289.0,186529203.442,0.0037091236947734973,0.003702261857848989,3523.21682,3644.61777,3774.5083716666663,0.1343812292740352
2023-10-25,000300.SH,3504.4576,3524.2965,3531.8314,3500.9154,3487.1302,17.3274,0.4969,128009617.0,203691741.119,0.004968956995067275,0.004956652471855501,3501.993,3633.815545,3767.664076666667,0.13750685028082946
2023-10-26,000300.SH,3514.1448,3484.7807,3515.5716,3478.0503,3504.4576,9.6872,0.2764,105143566.0,176088467.226,0.0027642508786522857,0.0027604373632512803,3498.1130599999997,3624.238295,3761.1162766666666,0.13891403989973372
2023-10-27,000300.SH,3562.3851,3501.171,3576.5861,3494.5488,3514.1448,48.2403,1.3727,120225108.0,224301960.437,0.013727465072014056,0.013634096924963092,3508.4723,3618.735310000001,3755.450265,0.14819265604705956
2023-10-30,000300.SH,3583.7718,3554.1055,3592.7188,3554.0238,3562.3851,21.3867,0.6003,144010426.0,242973328.094,0.006003477838485205,0.005985528767481468,3530.3779000000004,3610.977265,3748.6341683333335,0.1323630427891236
2023-10-31,000300.SH,3572.5056,3581.6759,3581.6759,3554.5822,3583.7718,-11.2662,-0.3144,112587267.0,196317658.324,-0.003143671145579119,-0.003148622860146272,3547.4529800000005,3603.87236,3741.265426666667,0.1314073587130677
2023-11-01,000300.SH,3571.0268,3605.7576,3606.4126,3564.6421,3572.5056,-1.4788,-0.0414,97645538.0,182943566.435,-0.0004139391691926342,-0.0004140248656600958,3560.76682,3597.77906,3734.1491900000005,0.1306655870972432
2023-11-02,000300.SH,3554.1889,3580.0672,3597.1699,3553.7406,3571.0268,-16.8379,-0.4715,90359643.0,149465055.434,-0.004715142434663311,-0.004726293786034514,3568.77564,3590.4637549999998,3727.2207550000003,0.13033154535939173
2023-11-03,000300.SH,3584.1364,3558.5303,3596.101,3558.5303,3554.1889,29.9475,0.8426,97542101.0,165865989.2,0.008425973082072158,0.008390672725506256,3573.1259,3585.194715,3720.20663,0.1353675583923973
2023-11-06,000300.SH,3632.6084,3608.3187,3635.7897,3600.6304,3584.1364,48.472,1.3524,152982463.0,254465948.11,0.013524038873074185,0.01343340529964992,3582.8932199999995,3582.588775,3713.74045,0.14538842295086674
2023-11-07,000300.SH,3619.7593,3623.7849,3628.4615,3606.2975,3632.6084,-12.8491,-0.3537,110288591.0,190433605.311,-0.0035371552848911803,-0.003543425809558976,3592.3439599999997,3580.7204450000004,3707.56722,0.1435954158232561
2023-11-08,000300.SH,3611.0723,3610.6434,3627.0479,3591.8248,3619.7593,-8.687,-0.24,110594230.0,192594372.353,-0.0023998833292590005,-0.002402767664892778,3600.35306,3577.896645,3701.4228883333335,0.14319207252008367
2023-11-09,000300.SH,3612.8263,3603.1082,3624.4141,3601.3744,3611.0723,1.754,0.0486,111872057.0,189355228.592,0.00048572829738136036,0.00048561036957762407,3612.08054,3573.4188400000007,3695.510573333333,0.13813254005158682
2023-11-10,000300.SH,3586.4893,3596.0688,3599.4519,3576.1011,3612.8263,-26.337,-0.729,102107034.0,166924677.328,-0.007289860572593843,-0.007316561449093594,3612.55112,3569.5727850000003,3689.023451666667,0.13568662694093633
2023-11-13,000300.SH,3579.4141,3593.9109,3599.3897,3562.7682,3586.4893,-7.0752,-0.1973,96707649.0,164821249.625,-0.0019727369603472766,-0.001974685368791237,3601.91226,3567.2136299999997,3683.94279,0.13152809647273261
2023-11-14,000300.SH,3582.0584,3581.1034,3600.1483,3568.882,3579.4141,2.6443,0.0739,100884158.0,165935163.426,0.0007387521885215964,0.0007384794454416723,3594.37208,3564.3464599999998,3679.378661666667,0.13072991689894103
2023-11-15,000300.SH,3607.2454,3616.8765,3620.6007,3596.9158,3582.0584,25.187,0.7031,104929218.0,188932150.501,0.007031431983353542,0.007006826738225458,3593.6067000000003,3564.1798949999998,3675.3904899999998,0.130643813901054
2023-11-16,000300.SH,3572.3641,3600.9813,3605.2898,3572.3636,3607.2454,-34.8813,-0.967,87464780.0,146629217.158,-0.009669788476270536,-0.009716844474267466,3585.51426,3566.1208749999996,3671.2909950000003,0.11038474155979791
2023-11-17,000300.SH,3568.0685,3561.3112,3573.6819,3547.0287,3572.3641,-4.2956,-0.1202,87319207.0,139621898.705,-0.001202453019836347,-0.0012031765465315332,3581.8301,3568.994855,3666.907123333333,0.10745074347436082
2023-11-20,000300.SH,3576.3233,3569.7314,3586.9731,3545.1038,3568.0685,8.2548,0.2314,91080445.0,157449634.694,0.0023135206064570646,0.0023108485381220117,3581.21194,3574.09883,3663.4457816666672,0.09903738140743398
2023-11-21,000300.SH,3581.0674,3587.8779,3615.0569,3575.682,3576.3233,4.7441,0.1327,108594314.0,175922105.93,0.0013265299588547386,0.001325650895305748,3581.01374,3578.79569,3660.9709883333335,0.09868257258783751
2023-11-22,000300.SH,3544.4162,3569.4389,3574.3782,3544.4162,3581.0674,-36.6512,-1.0235,84784381.0,136041195.539,-0.010234713817450003,-0.010287448626604224,3568.4479,3580.7936200000004,3657.407473333333,0.1057853900104885
2023-11-23,000300.SH,3561.5204,3541.4416,3562.0675,3529.939,3544.4162,17.1042,0.4826,84800167.0,141499811.491,0.004825674817759751,0.004814068572702551,3566.2791599999996,3583.1624,3655.1555816666664,0.10659778969756009
2023-11-24,000300.SH,3538.0087,3560.6462,3560.6462,3533.9955,3561.5204,-23.5117,-0.6602,85018403.0,140101998.555,-0.006601590713898431,-0.006623477592530993,3560.2672,3581.9435800000006,3652.0652383333336,0.09767500400007145
2023-11-27,000300.SH,3511.9424,3534.4445,3534.4445,3492.8623,3538.0087,-26.0663,-0.7368,99102314.0,155975437.036,-0.0073675059080550165,-0.007394780023751533,3547.39102,3578.3521100000007,3648.778416666667,0.09771575467170902
2023-11-28,000300.SH,3518.5232,3510.6554,3521.0463,3501.1093,3511.9424,6.5808,0.1874,89335789.0,147740535.862,0.0018738348328264376,0.0018720813944303417,3534.8821799999996,3575.65299,3644.8768133333338,0.09787463640551025
2023-11-29,000300.SH,3488.3073,3518.8836,3519.198,3482.2444,3518.5232,-30.2159,-0.8588,98841412.0,155948235.976,-0.008587665415990431,-0.008624751891447943,3523.6603999999998,3571.517015,3639.8468233333333,0.10173450301161495
2023-11-30,000300.SH,3496.2028,3485.5171,3505.1273,3481.4515,3488.3073,7.8955,0.2263,101350820.0,153790180.653,0.002263418707405762,0.0022608610339468075,3510.59688,3568.61771,3634.975041666666,0.1015080067841731
2023-12-01,000300.SH,3482.8813,3494.2234,3494.2234,3452.1728,3496.2028,-13.3215,-0.381,108530941.0,176078323.469,-0.003810276680746294,-0.0038175542772575606,3499.5714,3563.5549549999996,3630.2686000000003,0.09589028304730135
2023-12-04,000300.SH,3460.138,3481.0449,3488.133,3459.611,3482.8813,-22.7433,-0.653,97156826.0,164664395.293,-0.006530024436951165,-0.006551438319548501,3489.2105200000005,3554.931435,3624.7460466666666,0.07947012738086844
2023-12-05,000300.SH,3394.2571,3450.0898,3450.0898,3393.8139,3460.138,-65.8809,-1.904,100472007.0,164840691.112,-0.019039963145978556,-0.019223557398418245,3464.3572999999997,3543.656325,3617.167803333333,0.09901663585769861
2023-12-06,000300.SH,3399.598,3387.8798,3420.2773,3382.9457,3394.2571,5.3409,0.1574,105805519.0,172142987.725,0.0015735107396550596,0.0015722740687378373,3446.61544,3533.08261,3610.155813333333,0.10043281248197204
2023-12-07,000300.SH,3391.2823,3394.3064,3404.4074,3369.7675,3399.598,-8.3157,-0.2446,97713248.0,160949948.197,-0.0024460833310291363,-0.002449079880397321,3425.63134,3522.0054099999993,3603.1433800000004,0.09962156885067408
2023-12-08,000300.SH,3399.4618,3391.8585,3409.3845,3383.4479,3391.2823,8.1795,0.2412,129522054.0,203034222.561,0.0024119195267229276,0.0024090155173751376,3408.94744,3512.6540349999996,3597.1598299999996,0.10021240585053767
2023-12-11,000300.SH,3419.4548,3378.0517,3426.6106,3346.8902,3399.4618,19.993,0.5881,139626249.0,219761181.423,0.005881225080981878,0.005863998187248521,3400.8108,3504.65607,3591.817531666667,0.104699274159877
2023-12-12,000300.SH,3426.803,3409.9976,3427.5456,3406.1013,3419.4548,7.3482,0.2149,105590013.0,166979964.78,0.0021489390647888573,0.0021466333978044914,3407.31998,3496.8933000000006,3586.1386316666667,0.10535304076808517
2023-12-13,000300.SH,3369.605,3418.6413,3418.6413,3369.605,3426.803,-57.198,-1.6691,95285367.0,165455928.376,-0.01669135926401366,-0.01683222974761668,3401.32138,3485.01128,3579.6219683333334,0.11129271564775393
2023-12-14,000300.SH,3351.9639,3387.3847,3399.1394,3350.7648,3369.605,-17.6411,-0.5235,83655135.0,150245775.736,-0.005235361414765216,-0.005249113939963294,3393.4577,3473.99127,3573.2105116666667,0.10905850110879092
2023-12-15,000300.SH,3341.5517,3365.9388,3388.5047,3339.519,3351.9639,-10.4122,-0.3106,97787783.0,164907019.372,-0.0031062983703374902,-0.003111132929438227,3381.8756799999996,3462.66543,3566.677911666666,0.10881519957892628
2023-12-18,000300.SH,3329.3657,3329.191,3352.3458,3314.9095,3341.5517,-12.186,-0.3647,90526826.0,142303319.419,-0.0036468087565426632,-0.0036534745745062168,3363.85786,3450.3175499999998,3560.354396666667,0.10681053574227878
2023-12-19,000300.SH,3334.0412,3325.6596,3345.7795,3313.1874,3329.3657,4.6755,0.1404,83808118.0,135293655.396,0.0014043215498977801,0.0014033364125818817,3345.3055,3437.96624,3553.793233333333,0.10685798458380484
2023-12-20,000300.SH,3297.5022,3334.332,3338.5434,3297.3652,3334.0412,-36.539,-1.0959,92412868.0,141290542.802,-0.01095937266762037,-0.011019868999532874,3330.88494,3425.62054,3546.7432350000004,0.10748871802580628
2023-12-21,000300.SH,3330.8698,3285.6049,3339.3552,3283.9883,3297.5022,33.3676,1.0119,102546198.0,171120780.58,0.010119053142709111,0.01006819830524892,3326.6661200000003,3414.0880100000004,3540.4962349999996,0.11440028275614819
2023-12-22,000300.SH,3337.2281,3329.4668,3359.0601,3315.8976,3330.8698,6.3583,0.1909,105220133.0,167336342.309,0.0019089007922195034,0.0019070811564037447,3325.8013999999994,3404.0489800000005,3534.90929,0.1151459473917302
2023-12-25,000300.SH,3347.4508,3330.3333,3348.882,3330.3333,3337.2281,10.2227,0.3063,74542693.0,121838327.071,0.0030632308292022348,0.003058548696843727,3329.4184200000004,3395.8244,3528.3845916666664,0.11571987008537625
2023-12-26,000300.SH,3324.7902,3345.3952,3345.4171,3315.937,3347.4508,-22.6606,-0.677,74732935.0,121689997.435,-0.006769509502574378,-0.006792526566996367,3327.5682199999997,3386.1377499999994,3521.8877,0.11558259412044206
2023-12-27,000300.SH,3336.3572,3326.9267,3341.2659,3309.6731,3324.7902,11.567,0.3479,94403928.0,140924923.675,0.0034790165105755833,0.0034729787322696913,3335.3392200000003,3378.540245,3515.9454400000004,0.11550837851159909
2023-12-28,000300.SH,3414.5403,3335.5572,3423.4018,3331.2082,3336.3572,78.1831,2.3434,148064851.0,245855634.464,0.023433671910189968,0.0231633188509078,3352.0733200000004,3374.45712,3511.1795283333336,0.1466125733612739
2023-12-29,000300.SH,3431.1099,3411.1094,3432.5412,3409.5795,3414.5403,16.5696,0.4853,114928932.0,193573180.515,0.004852659082688282,0.004840922885131526,3370.8496800000003,3371.86855,3506.8727400000002,0.14774079734558815
2024-01-02,000300.SH,3386.3522,3426.2684,3426.2684,3386.3522,3431.1099,-44.7577,-1.3045,116180726.0,184096097.449,-0.013044671055275736,-0.013130500000731902,3378.6299599999998,3368.17926,3501.899823333333,0.15286692706527139
2024-01-03,000300.SH,3378.2971,3379.7501,3392.8504,3362.6617,3386.3522,-8.0551,-0.2379,105613851.0,165099018.643,-0.0023786952816071683,-0.0023815288716185186,3389.3313399999997,3367.3812599999997,3497.2526766666665,0.1375052788076138
2024-01-04,000300.SH,3347.0519,3375.0207,3375.0207,3323.8647,3378.2971,-31.2452,-0.9249,106721013.0,165512262.699,-0.00924880171137099,-0.009291837436039434,3391.47028,3364.753955,3491.91107,0.14097619464779745
2024-01-05,000300.SH,3329.1114,3341.3061,3372.5444,3313.5542,3347.0519,-17.9405,-0.536,126400574.0,182251664.948,-0.005360090173683885,-0.005374506997078489,3374.3845,3361.6454099999996,3485.6898866666666,0.14182053201142997
2024-01-08,000300.SH,3286.0564,3322.6051,3333.516,3283.3421,3329.1114,-43.055,-1.2933,117429485.0,170761644.873,-0.012932880527818824,-0.013017238342875813,3345.3738,3355.97514,3479.400653333333,0.14743520690241788
2024-01-09,000300.SH,3292.4994,3286.7083,3304.6008,3273.8431,3286.0564,6.443,0.1961,109330465.0,172276323.045,0.0019607088910587045,0.0019587892102615333,3326.6032399999995,3349.6273699999997,3473.8323566666663,0.1454206088323951
2024-01-10,000300.SH,3277.129,3281.6692,3312.9161,3268.2471,3292.4994,-15.3704,-0.4668,94199366.0,159777649.838,-0.004668307608499567,-0.00467923818793512,3306.36962,3342.14367,3467.794476666667,0.14494672280488893
2024-01-11,000300.SH,3295.6717,3275.3086,3311.1137,3266.7911,3277.129,18.5427,0.5658,108789735.0,180978533.6,0.005658214858188293,0.005642267288734283,3296.0935799999997,3338.4470049999995,3462.54606,0.13677261682847006
2024-01-12,000300.SH,3284.1667,3284.358,3310.4704,3279.6987,3295.6717,-11.505,-0.3491,96853555.0,156536022.3,-0.0034909423775431048,-0.003497049935115232,3287.10464,3335.057145,3458.3897633333336,0.13620760253734304
2024-01-15,000300.SH,3280.9195,3270.1029,3306.9217,3261.2687,3284.1667,-3.2472,-0.0989,88851530.0,144331722.4,-0.0009887439635754003,-0.0009892330933307953,3286.0772599999996,3332.0255349999998,3454.56194,0.1359776793636218
2024-01-16,000300.SH,3300.8762,3272.571,3300.8762,3260.4362,3280.9195,19.9567,0.6083,113276665.0,175650587.5,0.006082654572902468,0.006064229905750575,3287.75262,3330.60106,3451.67248,0.13772696216864536
2024-01-17,000300.SH,3229.082,3291.1392,3291.1392,3229.082,3300.8762,-71.7942,-2.175,108769728.0,173516385.2,-0.02175004321579832,-0.021990062068256426,3278.1432200000004,3325.3530999999994,3447.3716766666666,0.15690560824469996
2024-01-18,000300.SH,3274.7286,3214.2844,3279.2538,3171.6329,3229.082,45.6466,1.4136,174909168.0,256784536.8,0.014136091929533023,0.014037109111496884,3273.9546,3324.2144200000002,3443.54286,0.162148172980266
2024-01-19,000300.SH,3269.7763,3261.2393,3286.9415,3251.8136,3274.7286,-4.9523,-0.1512,118501408.0,191261807.1,-0.0015122779945794251,-0.0015134226411072569,3271.0765199999996,3321.159745,3439.470051666666,0.15742601227315128
2024-01-22,000300.SH,3218.9016,3262.4685,3281.4205,3193.1776,3269.7763,-50.8747,-1.5559,148705628.0,225510031.8,-0.015559076625517143,-0.015681389433262163,3258.67294,3315.2434200000002,3433.7453266666666,0.1653360866676192
2024-01-23,000300.SH,3231.9329,3208.4316,3249.5306,3188.1259,3218.9016,13.0313,0.4048,122012000.0,193791168.6,0.004048368549072645,0.004040195954808554,3244.8842799999998,3309.467525,3427.881345,0.16575306601135628
2024-01-24,000300.SH,3277.1089,3245.9592,3281.4892,3190.4674,3231.9329,45.176,1.3978,154371954.0,219036341.6,0.01397801297174217,0.013881221474081462,3254.48966,3307.0834600000003,3422.9580666666666,0.17352028208261497
2024-01-25,000300.SH,3342.9189,3274.3391,3344.2426,3269.7943,3277.1089,65.81,2.0082,196833614.0,265521115.0,0.020081725083960444,0.019882746717866898,3268.12772,3307.411545,3419.156268333333,0.1881692092628436
2024-01-26,000300.SH,3333.8213,3326.6465,3351.9692,3315.1265,3342.9189,-9.0976,-0.2721,180664005.0,238144899.5,-0.002721453996386236,-0.002725163884702412,3280.93672,3303.375595,3415.483475,0.1669830071031004
2024-01-29,000300.SH,3303.9604,3335.3936,3351.3715,3303.9604,3333.8213,-29.8609,-0.8957,184164795.0,244698013.6,-0.008956958790802605,-0.00899731349721521,3297.94848,3297.0181199999997,3410.813875,0.16760053665698962
2024-01-30,000300.SH,3245.0387,3283.8977,3300.204,3244.9719,3303.9604,-58.9217,-1.7834,143649350.0,199592929.912,-0.017833658054739354,-0.01799459398974998,3300.56964,3289.9524450000004,3404.3543799999998,0.1726358399040142
2024-01-31,000300.SH,3215.3518,3231.5425,3252.1475,3201.9264,3245.0387,-29.6869,-0.9148,153143469.0,215333349.921,-0.00914839628877162,-0.009190499849532225,3288.21822,3281.8051800000003,3397.614255,0.17445775015095605
2024-02-01,000300.SH,3217.7109,3202.2564,3251.7582,3191.8968,3215.3518,2.3591,0.0734,145516792.0,203815063.233,0.0007336988755008989,0.0007334298500620088,3263.1766199999997,3275.33813,3391.058231666667,0.17285987187631924
2024-02-02,000300.SH,3179.6276,3219.8734,3235.4079,3108.3515,3217.7109,-38.0833,-1.1836,173758089.0,234495151.557,-0.011835525683802195,-0.011906123109234383,3232.33788,3267.86394,3383.8382533333333,0.17607134060659055
2024-02-05,000300.SH,3200.4218,3164.25,3233.8485,3111.5184,3179.6276,20.7942,0.654,203042970.0,279713141.507,0.006539822462227951,0.006518530602880647,3211.6301599999997,3263.5822099999996,3377.4037949999997,0.17393525993285314
2024-02-06,000300.SH,3311.6922,3185.2498,3314.512,3182.8216,3200.4218,111.2704,3.4767,202713099.0,285042020.946,0.034767417219817576,0.034176683802523346,3224.96086,3264.54185,3372.9417633333333,0.2159152672463928
2024-02-07,000300.SH,3343.6303,3314.0306,3343.6303,3289.6704,3311.6922,31.9381,0.9644,216647933.0,297997664.575,0.009644042402249697,0.009597835468869923,3250.6165599999995,3267.8669149999996,3368.9679616666667,0.21745014773663385
2024-02-08,000300.SH,3364.9297,3351.4052,3367.2101,3336.9779,3343.6303,21.2994,0.637,189977578.0,270239765.211,0.006370142057870565,0.006349938457429425,3280.0603199999996,3271.329815,3364.9293666666663,0.21766293640850568
2024-02-19,000300.SH,3403.8078,3393.1916,3403.8078,3364.1418,3364.9297,38.8781,1.1554,183319800.0,267674145.147,0.011553911512623749,0.011487674784309955,3324.8963599999997,3277.31187,3362.1200949999998,0.21996656256025773
2024-02-20,000300.SH,3410.8542,3395.1916,3415.8943,3380.103,3403.8078,7.0464,0.207,140734581.0,218459281.946,0.002070152139612702,0.0020680123273212306,3366.9828399999997,3283.8086049999997,3359.499856666667,0.2197050084373338
2024-02-21,000300.SH,3456.8713,3390.3619,3500.1338,3383.6911,3410.8542,46.0171,1.3491,188879362.0,291823544.608,0.0134913711644431,0.013401172975739459,3396.01866,3291.6083599999997,3357.50899,0.22306383364619184
2024-02-22,000300.SH,3486.6747,3450.3518,3486.6826,3448.4135,3456.8713,29.8034,0.8621,141020784.0,225098128.873,0.00862149539671897,0.00858454254593906,3424.62754,3304.4879950000004,3355.935778333333,0.20474328346822573
2024-02-23,000300.SH,3489.7416,3491.3367,3507.5592,3472.968,3486.6747,3.0669,0.088,144821273.0,232926057.114,0.0008796060039670817,0.0008792193773087833,3449.58992,3315.238645,3355.024535,0.20135250725459006
2024-02-26,000300.SH,3453.3585,3485.5427,3492.6061,3445.3889,3489.7416,-36.3831,-1.0426,151248331.0,238951637.715,-0.010425728942223156,-0.010480457577157869,3459.50006,3324.417755,3353.2218366666666,0.20657300476587284
2024-02-27,000300.SH,3494.7874,3440.0516,3494.7874,3437.4422,3453.3585,41.4289,1.1997,139528246.0,244488721.251,0.011996698286609986,0.011925308297313279,3476.2866999999997,3338.212045,3352.5014816666667,0.19700074968253875
2024-02-28,000300.SH,3450.2598,3499.8257,3521.6574,3450.2598,3494.7874,-44.5276,-1.2741,189837548.0,328300591.256,-0.012741147000816189,-0.012823011522909118,3474.9644,3349.1283900000003,3351.4734383333334,0.20597421835276356
2024-02-29,000300.SH,3516.0826,3437.8984,3516.0826,3437.8984,3450.2598,65.8228,1.9078,155944532.0,281971899.288,0.019077635834843676,0.01889793959635261,3480.8459799999996,3361.077075,3351.4327616666665,0.2102149162262792
2024-03-01,000300.SH,3537.8038,3515.0587,3544.3595,3503.459,3516.0826,21.7212,0.6178,162709570.0,288575619.225,0.006177670570082672,0.00615866698833239,3490.45842,3370.82132,3352.2577033333337,0.2013712306646083
2024-03-04,000300.SH,3540.8686,3538.366,3548.6901,3519.7599,3537.8038,3.0648,0.0866,163244613.0,297719931.809,0.000866300160568434,0.0008659251391561114,3507.96044,3381.173685,3353.0021333333334,0.20044032847771762
2024-03-05,000300.SH,3565.5143,3524.9644,3570.6935,3519.0816,3540.8686,24.6457,0.696,166422389.0,299895929.709,0.006960354304025973,0.0069362428561649415,3522.1058199999998,3394.25138,3354.37935,0.1956555333726306
2024-03-06,000300.SH,3551.0481,3556.5323,3577.3883,3545.1013,3565.5143,-14.4662,-0.4057,143076613.0,248294165.707,-0.0040572547977159035,-0.004065507786512169,3542.26348,3409.55185,3355.8945183333335,0.18092656861484271
2024-03-07,000300.SH,3529.7195,3548.1007,3569.9185,3522.8964,3551.0481,-21.3286,-0.6006,148110510.0,251839533.036,-0.00600628304640527,-0.006024393317779147,3544.9908599999994,3425.270235,3358.152225,0.1780865470693515
2024-03-08,000300.SH,3544.9099,3529.5509,3548.5055,3511.577,3529.7195,15.1904,0.4304,125792664.0,225379101.014,0.00430357143110105,0.004294337550533564,3546.4120799999996,3441.6301849999995,3360.57409,0.17747270496207948
2024-03-11,000300.SH,3589.2635,3545.9427,3589.2635,3542.2789,3544.9099,44.3536,1.2512,148202825.0,286418582.155,0.012511911797814745,0.012434284667935624,3556.09106,3462.11198,3363.8737766666663,0.16777663451131805
2024-03-12,000300.SH,3597.4939,3592.5826,3605.6976,3574.2117,3589.2635,8.2304,0.2293,180685560.0,339997042.337,0.0022930609580489314,0.002290435905940713,3562.48698,3481.9655849999995,3367.1743116666667,0.16831542563310303
2024-03-13,000300.SH,3572.361,3594.4211,3594.4211,3563.3685,3597.4939,-25.1329,-0.6986,144590590.0,266898756.38,-0.006986224493667703,-0.007010742418553548,3566.74956,3494.999025,3369.722748333333,0.13543804282593283
2024-03-14,000300.SH,3562.2229,3571.7885,3597.46,3545.612,3572.361,-10.1381,-0.2838,140962722.0,263803609.335,-0.0028379270739994356,-0.0028419616240185283,3573.25024,3505.9286549999997,3371.9797466666664,0.13557848616702142
2024-03-15,000300.SH,3569.993,3554.9068,3572.8091,3533.6798,3562.2229,7.7701,0.2181,138316044.0,243991558.366,0.0021812503647651305,0.0021788748918951115,3578.2668600000006,3516.1818200000002,3375.3195466666666,0.13509635667210954
2024-03-18,000300.SH,3603.528,3577.0564,3604.0519,3573.404,3569.993,33.535,0.9394,160379438.0,295314840.611,0.009393575841745383,0.009349730570252965,3581.11976,3526.16783,3379.5122816666667,0.13348948566398125
2024-03-19,000300.SH,3577.6303,3593.3396,3610.7389,3577.188,3603.528,-25.8977,-0.7187,145571786.0,259553448.413,-0.007186762528277879,-0.0072127117079038095,3577.14704,3534.506635,3383.4469250000006,0.13820307742635027
2024-03-20,000300.SH,3585.3838,3568.7158,3589.5456,3568.4341,3577.6303,7.7535,0.2167,129528966.0,223752103.886,0.0021672166629402856,0.0021648716364173998,3579.7515999999996,3540.93226,3387.713893333333,0.1318782084979903
2024-03-21,000300.SH,3581.0902,3593.07,3601.1145,3575.0331,3585.3838,-4.2936,-0.1198,130743377.0,233162492.63,-0.0011975286997168988,-0.0011982463101735089,3583.52506,3545.6530349999994,3391.831376666667,0.12978986634569098
2024-03-22,000300.SH,3545.0023,3571.2736,3575.7171,3522.8404,3581.0902,-36.0879,-1.0077,139227358.0,248850931.022,-0.010077350187939982,-0.010128470408895992,3578.5269200000002,3548.41607,3395.9563783333333,0.1360154287189588
2024-03-25,000300.SH,3525.7634,3536.7136,3564.9604,3525.7634,3545.0023,-19.2389,-0.5427,137015724.0,233747256.235,-0.005427048665102463,-0.005441828592219171,3562.9739999999997,3552.036315,3399.204605,0.13161990364208484
2024-03-26,000300.SH,3543.7467,3526.6818,3547.6461,3518.6018,3525.7634,17.9833,0.5101,126209535.0,226730734.844,0.005100540779338747,0.005087577083770784,3556.1972799999994,3554.4842799999997,3402.646581666667,0.12619154951806955
2024-03-27,000300.SH,3502.7866,3538.7244,3542.9624,3502.7866,3543.7467,-40.9601,-1.1558,128626763.0,216404726.566,-0.011558416407132066,-0.011625734128965096,3539.6778399999994,3557.1106199999995,3405.2355116666668,0.12457699757453305
2024-03-28,000300.SH,3520.9648,3498.482,3551.2143,3489.3861,3502.7866,18.1782,0.519,143334717.0,232530806.335,0.0051896395858086475,0.005176219815450503,3527.65276,3557.35473,3408.505088333333,0.1058805034534319
2024-03-29,000300.SH,3537.4843,3516.883,3538.2378,3516.883,3520.9648,16.5195,0.4692,128643290.0,201749384.357,0.004691753805661447,0.004680781833917402,3526.14916,3557.3387549999998,3411.8572066666666,0.10487406952403298
2024-04-01,000300.SH,3595.6466,3551.5815,3600.9193,3551.5815,3537.4843,58.1623,1.6442,162776561.0,251637272.845,0.01644171254696447,0.016308011120952714,3540.1258000000003,3560.077655,3414.875645,0.1200269398554332
2024-04-02,000300.SH,3580.6759,3593.2206,3596.1903,3568.7539,3595.6466,-14.9707,-0.4164,141272972.0,220207515.543,-0.004163562681605004,-0.0041722544428915275,3547.5116399999997,3560.8357349999997,3417.368411666667,0.1189384509226995
2024-04-03,000300.SH,3567.8031,3578.6835,3582.4324,3558.874,3580.6759,-12.8728,-0.3595,135592331.0,214222897.58,-0.0035950754437171772,-0.003601553257586781,3560.51494,3561.6734850000003,3420.392593333333,0.11872816598655045
2024-04-08,000300.SH,3536.4077,3553.5554,3567.82,3535.7688,3567.8031,-31.3954,-0.88,155304283.0,243249251.687,-0.00879964480102613,-0.008838590314792913,3563.6035199999997,3562.007895,3423.02777,0.12107498113316026
2024-04-09,000300.SH,3533.4871,3533.3849,3543.7141,3518.8601,3536.4077,-2.9206,-0.0826,129670942.0,195893525.575,-0.000825866316262247,-0.0008262075317269229,3562.8040800000003,3561.436755,3426.1350233333337,0.1200905382056761
2024-04-10,000300.SH,3504.7086,3528.9679,3531.2295,3490.0525,3533.4871,-28.7785,-0.8145,128790274.0,199754768.626,-0.008144504050969892,-0.008177851714302322,3544.6164799999997,3557.20901,3429.0616433333334,0.11344023420355752
2024-04-11,000300.SH,3504.2447,3485.0294,3520.5893,3484.9252,3504.7086,-0.4639,-0.0132,126534395.0,200293481.886,-0.00013236478490674664,-0.00013237354589799467,3529.3302400000002,3552.5465500000005,3432.698115,0.11278383238196131
2024-04-12,000300.SH,3475.8389,3505.7499,3516.6988,3470.0611,3504.2447,-28.4058,-0.8106,128921116.0,208566204.703,-0.008106111996117216,-0.008139145156742146,3510.9374,3547.720445,3435.7537733333334,0.11360131854402658
2024-04-15,000300.SH,3549.0759,3473.5047,3552.4125,3473.5047,3475.8389,73.237,2.107,183941250.0,267472484.531,0.021070309098617734,0.02085139978770184,3513.4710399999994,3547.0630950000004,3440.2862216666667,0.13842047356864823
2024-04-16,000300.SH,3511.1146,3533.3636,3545.5034,3503.6158,3549.0759,-37.9613,-1.0696,176153065.0,253315972.272,-0.010696108246093017,-0.010753722814637892,3508.99654,3544.1191750000007,3443.8769366666666,0.14301637032445455
2024-04-17,000300.SH,3565.403,3509.1318,3565.9389,3498.0324,3511.1146,54.2884,1.5462,168466398.0,244987812.753,0.015461870711938497,0.015343554028548092,3521.13542,3542.212925,3448.5642083333328,0.15019107754379882
2024-04-18,000300.SH,3569.8018,3550.5562,3602.7902,3547.5996,3565.403,4.3988,0.1234,178574105.0,261329927.268,0.0012337455261020036,0.0012329850874846476,3534.24684,3541.8214999999996,3453.3789133333335,0.14817151434657322
2024-04-19,000300.SH,3541.6619,3550.6087,3560.9492,3529.3237,3569.8018,-28.1399,-0.7883,147281505.0,226229520.121,-0.007882762566818191,-0.007913995783959946,3547.41144,3539.635405,3457.3920083333337,0.15043752639159846
2024-04-22,000300.SH,3530.9045,3536.1844,3558.1642,3528.0186,3541.6619,-10.7574,-0.3037,150579042.0,229511183.118,-0.003037387617378151,-0.0030420098411770608,3543.77716,3537.12612,3462.422383333333,0.15068074453083766
2024-04-23,000300.SH,3506.2249,3525.6681,3533.7584,3499.9838,3530.9045,-24.6796,-0.699,143113504.0,213257232.211,-0.006989597141468962,-0.007014138799965217,3542.79922,3535.18725,3466.280655,0.148504901140473
2024-04-24,000300.SH,3521.6219,3514.0108,3524.537,3495.6494,3506.2249,15.397,0.4391,121739851.0,195299919.746,0.004391332683764793,0.004381718916951932,3534.043,3534.9801749999997,3470.4780816666666,0.14828123612539792
2024-04-25,000300.SH,3530.2813,3510.6396,3543.9699,3505.1999,3521.6219,8.6594,0.2459,115187722.0,184524622.001,0.0024589238271151004,0.0024559056206020905,3526.1389000000004,3534.306905,3475.667743333333,0.14736558141586534
2024-04-26,000300.SH,3584.2686,3531.9647,3588.4003,3531.9647,3530.2813,53.9873,1.5293,197216133.0,308045062.251,0.01529263404590453,0.015176880345412834,3534.66024,3538.381005,3481.5400050000003,0.15058192355207367
2024-04-29,000300.SH,3623.9124,3584.5427,3645.8229,3578.7597,3584.2686,39.6438,1.106,222721381.0,358709708.838,0.011060499204775143,0.010999779202213969,3553.2618199999997,3543.5283850000005,3487.320063333333,0.15405068604723676
2024-04-30,000300.SH,3604.3943,3619.2586,3630.7092,3604.3943,3623.9124,-19.5181,-0.5386,191296899.0,286674161.758,-0.00538591937266486,-0.005400475726166257,3572.8956999999996,3546.8738849999995,3491.677986666667,0.15541692637218069
2024-05-06,000300.SH,3657.8767,3654.0485,3668.2565,3645.738,3604.3943,53.4824,1.4838,208018007.0,333270472.13,0.014838110247816116,0.01472910247991278,3600.14666,3549.9853900000003,3497.0789099999997,0.15339239936612412
2024-05-07,000300.SH,3659.0076,3657.0007,3665.684,3648.376,3657.8767,1.1309,0.0309,164834286.0,247368347.983,0.0003091684309644016,0.0003091206482533993,3625.8919200000005,3553.9019749999998,3502.996363333333,0.1522505850131458
2024-05-08,000300.SH,3630.2233,3650.7484,3650.9355,3628.6984,3659.0076,-28.7843,-0.7867,130035336.0,199923460.35,-0.007866695876772689,-0.007897801568855183,3635.08286,3557.0229849999996,3509.4161066666666,0.15474205436130564
2024-05-09,000300.SH,3664.561,3630.4142,3669.7593,3630.4142,3630.2233,34.3377,0.9459,146559017.0,232694927.941,0.009458839625650528,0.009414384908953369,3643.2125800000003,3563.43065,3516.9029266666666,0.15310687927998726
2024-05-10,000300.SH,3666.2771,3669.0869,3674.6088,3641.7639,3664.561,1.7161,0.0468,150720536.0,233730562.075,0.0004682962024644688,0.0004681865860184892,3655.58914,3570.0701500000005,3524.3790299999996,0.15287839347885743
2024-05-13,000300.SH,3664.6907,3646.3491,3673.6211,3634.6049,3666.2771,-1.5864,-0.0433,157267455.0,249688465.073,-0.0004327005179176613,-0.00043279415980033276,3656.95194,3578.069255,3532.463415,0.14855440182418764
2024-05-14,000300.SH,3657.0454,3668.2254,3675.776,3646.7092,3664.6907,-7.6453,-0.2086,133406490.0,214643548.214,-0.0020862060746354993,-0.0020883852338393584,3656.5595000000003,3585.70929,3540.0738083333335,0.14913522940373072
2024-05-15,000300.SH,3626.0559,3651.0536,3656.5277,3624.002,3657.0454,-30.9895,-0.8474,123522764.0,191480969.435,-0.008473917222903582,-0.008510024986955377,3655.7260200000005,3593.2201400000004,3545.3132033333336,0.14947694946961726
2024-05-16,000300.SH,3640.3592,3636.6007,3657.4831,3626.334,3626.0559,14.3033,0.3945,154630503.0,240288953.464,0.003944588940286264,0.003936829447977233,3650.88566,3597.7843049999997,3550.258685,0.13209097728951555
2024-05-17,000300.SH,3677.9696,3638.5613,3677.9696,3627.447,3640.3592,37.6104,1.0332,164570417.0,247729525.192,0.01033150794569937,0.010278502687711856,3653.22416,3606.1270549999995,3555.4760166666665,0.12777377769572149
2024-05-20,000300.SH,3690.9623,3682.0615,3703.0287,3677.4426,3677.9696,12.9927,0.3533,184609423.0,279971341.52,0.0035325740593397104,0.0035263491751993527,3658.47848,3612.4050199999997,3560.261925,0.11820147585907755
2024-05-21,000300.SH,3676.1611,3682.2868,3684.6106,3665.1524,3690.9623,-14.8012,-0.401,130678283.0,196575354.878,-0.004010119528991218,-0.00401818161882359,3662.3016199999997,3617.7229850000003,3564.683706666667,0.11996259520372093
2024-05-22,000300.SH,3684.451,3675.6471,3691.8804,3667.0885,3676.1611,8.2899,0.2255,151914605.0,230839373.505,0.0022550426312928362,0.0022525038386657214,3673.98064,3624.86244,3568.476701666667,0.11473382590446075
2024-05-23,000300.SH,3641.7917,3672.8403,3674.3654,3633.5051,3684.451,-42.6593,-1.1578,142572990.0,214205039.031,-0.011578197131675738,-0.01164574636115049,3674.26714,3630.4067999999997,3571.061985,0.12338915142359053
2024-05-24,000300.SH,3601.4754,3630.827,3650.8734,3599.6678,3641.7917,-40.3163,-1.107,124791177.0,195344742.156,-0.011070457434454672,-0.011132190983596793,3658.9683000000005,3635.1693250000003,3572.924215,0.1279137731682062
2024-05-27,000300.SH,3635.7079,3606.645,3638.1514,3603.7131,3601.4754,34.2325,0.9505,131272644.0,206143742.536,0.009505132257740856,0.009460242717951572,3647.91742,3640.873625,3575.9633716666663,0.13077089446262455
2024-05-28,000300.SH,3609.1724,3633.2535,3638.9703,3605.9213,3635.7079,-26.5355,-0.7299,123532238.0,184381267.979,-0.007298578634438724,-0.007325343569654487,3634.51968,3644.8181799999998,3577.869788333333,0.1344822470526226
2024-05-29,000300.SH,3613.5223,3609.0708,3633.1971,3602.8198,3609.1724,4.3499,0.1205,115906321.0,179072813.278,0.00120523475132428,0.0012045090389653562,3620.3339399999995,3646.2808649999997,3580.59083,0.12368198487561664
2024-05-30,000300.SH,3594.3121,3607.0522,3624.0352,3586.7543,3613.5223,-19.2102,-0.5316,122602995.0,193069647.051,-0.0053161979932986325,-0.005330379256448552,3610.83802,3644.8008500000005,3581.8946549999996,0.11857816278116405
2024-05-31,000300.SH,3579.9247,3599.8196,3614.6439,3579.9247,3594.3121,-14.3874,-0.4003,112462019.0,180707602.932,-0.004002824351285517,-0.00401085709562117,3606.52788,3643.5773700000004,3582.59667,0.11790400311154546
2024-06-03,000300.SH,3588.7483,3577.3798,3600.6044,3567.8713,3579.9247,8.8236,0.2465,141054591.0,222756928.174,0.0024647445796834866,0.0024617120786335107,3597.1359600000005,3640.1209499999995,3583.3946650000003,0.10419727483841243
2024-06-04,000300.SH,3615.6714,3583.8104,3622.5012,3580.2771,3588.7483,26.9231,0.7502,124545096.0,195790966.234,0.007502086451702361,0.007474085756360476,3598.4357600000003,3637.9541400000003,3584.2306166666667,0.10837890387601913
2024-06-05,000300.SH,3594.7936,3610.3601,3623.3232,3594.1056,3615.6714,-20.8778,-0.5774,110906766.0,182639598.875,-0.005774252604924257,-0.005790988055739421,3594.6900200000005,3636.1826550000005,3584.9597083333333,0.1067536425134691
2024-06-06,000300.SH,3592.2454,3602.1554,3625.0109,3584.171,3594.7936,-2.5482,-0.0709,137893517.0,226764072.639,-0.0007088585002488212,-0.0007091098592278275,3594.27668,3632.5668750000004,3586.001806666667,0.1001067590963053
2024-06-07,000300.SH,3574.1143,3594.6335,3603.0698,3552.0853,3592.2454,-18.1311,-0.5047,131103026.0,213001530.098,-0.005047288807162098,-0.0050600693923201785,3593.1146,3627.958735,3586.488546666667,0.1009613542533815
2024-06-11,000300.SH,3542.8771,3555.8186,3565.3113,3525.8945,3574.1143,-31.2372,-0.874,134522306.0,219282337.214,-0.008739843602651454,-0.008778260035281154,3583.9403600000005,3621.8680550000004,3585.7154400000004,0.10431662732162839
2024-06-12,000300.SH,3544.1225,3539.0947,3551.1706,3531.5657,3542.8771,1.2454,0.0352,122813729.0,200722600.631,0.0003515222134009566,0.00035146044394283323,3569.63058,3616.22191,3584.825916666667,0.10454573387429186
2024-06-13,000300.SH,3526.1306,3548.2162,3551.0771,3520.1802,3544.1225,-17.9919,-0.5077,123245462.0,214792338.449,-0.005076545745808736,-0.005089475180636833,3555.89798,3611.225645,3584.0554100000004,0.10222981803328844
2024-06-14,000300.SH,3541.5331,3514.7998,3547.1473,3503.5233,3526.1306,15.4025,0.4368,171516942.0,283768816.845,0.004368102531426388,0.004358590062463737,3545.75552,3606.2843399999997,3583.71058,0.1025327974858166
2024-06-17,000300.SH,3536.1986,3521.4365,3540.7932,3520.7381,3541.5331,-5.3345,-0.1506,137433438.0,232293851.894,-0.0015062685705238277,-0.001507404133478877,3538.17238,3599.19579,3583.14734,0.09278375791673985
2024-06-18,000300.SH,3545.5902,3533.4875,3551.7085,3532.7845,3536.1986,9.3916,0.2656,123671838.0,208824124.156,0.002655846309084442,0.002652325781218718,3538.715,3591.9271850000005,3582.18171,0.09214700214751716
2024-06-19,000300.SH,3528.749,3543.3599,3543.3599,3524.8449,3545.5902,-16.8412,-0.475,106642797.0,184790298.729,-0.004749900312788657,-0.004761216938729962,3535.6403,3584.5565799999995,3581.3670216666665,0.09239906114851594
2024-06-20,000300.SH,3503.2817,3525.1687,3533.9865,3500.131,3528.749,-25.4673,-0.7217,111617396.0,186515776.575,-0.007217090249263869,-0.007243259431347746,3531.07052,3575.498115,3579.9986533333336,0.09269247737457012
2024-06-21,000300.SH,3495.6198,3496.3428,3505.5123,3473.8283,3503.2817,-7.6619,-0.2187,109186615.0,182736735.067,-0.002187063632365094,-0.002189458748849752,3521.88786,3568.189520000001,3578.574146666667,0.0862673842501307
2024-06-24,000300.SH,3476.8102,3473.6392,3505.7752,3471.2164,3495.6198,-18.8096,-0.5381,117990184.0,195787549.314,-0.005380905555003479,-0.005395434770963799,3510.01018,3561.95626,3577.4376116666667,0.08053474600434958
2024-06-25,000300.SH,3457.9023,3475.1648,3483.2189,3440.6464,3476.8102,-18.9079,-0.5438,118448118.0,190886336.762,-0.005438289383757455,-0.005453130711547871,3492.4726,3553.0659800000003,3576.3065933333337,0.06956267349531842
2024-06-26,000300.SH,3480.2648,3451.5389,3487.3964,3442.2982,3457.9023,22.3625,0.6467,105898861.0,171538111.702,0.006467071091048382,0.0064462493092157,3482.7757599999995,3546.6206000000006,3575.248561666667,0.0739761873532519
2024-06-27,000300.SH,3454.1175,3467.2888,3471.1423,3452.5775,3480.2648,-26.1473,-0.7513,114918101.0,174112508.796,-0.007513020273629767,-0.007541385170448812,3472.94292,3538.6503599999996,3574.43741,0.07572096810456394
2024-06-28,000300.SH,3461.657,3443.6744,3484.678,3443.6744,3454.1175,7.5395,0.2183,135409153.0,205118806.812,0.0021827572455193067,0.0021803784917885987,3466.1503599999996,3532.017605,3573.448946666667,0.076359599529374
2024-07-01,000300.SH,3478.1827,3458.2636,3479.9548,3443.8086,3461.657,16.5257,0.4774,121829770.0,188018227.775,0.004773927630611574,0.0047625685752935455,3466.42486,3526.9305049999994,3572.4605866666666,0.07939929912900368
2024-07-02,000300.SH,3471.7857,3472.4527,3488.3189,3464.5237,3478.1827,-6.397,-0.1839,121650121.0,186104752.422,-0.0018391788332452474,-0.0018408721992226827,3469.2015400000005,3521.0823750000004,3570.3962383333333,0.0780586216885498
2024-07-03,000300.SH,3463.4141,3471.5556,3478.7047,3454.9942,3471.7857,-8.3716,-0.2411,103857108.0,163035359.363,-0.002411323947788535,-0.002414235871381695,3465.8314,3513.46951,3568.4418749999995,0.0701879414471733
2024-07-04,000300.SH,3445.8128,3468.2958,3483.3098,3444.928,3463.4141,-17.6013,-0.5082,104429909.0,159477153.57,-0.005082066276741126,-0.0050950238951884145,3464.17046,3506.0204699999995,3566.4087033333335,0.06975418528751912
2024-07-05,000300.SH,3431.0605,3443.3588,3451.0386,3399.6693,3445.8128,-14.7523,-0.4281,116609659.0,181416567.403,-0.004281225027662594,-0.004290415712504689,3458.05116,3497.961225,3564.6529166666664,0.06995821471691203
2024-07-08,000300.SH,3401.7604,3420.8033,3428.0418,3395.9123,3431.0605,-29.3001,-0.854,115528218.0,177559765.828,-0.00853966288265684,-0.008576334729793503,3442.7667,3489.3435299999996,3562.4574716666666,0.07282762659700225
2024-07-09,000300.SH,3439.8111,3396.8044,3448.9279,3384.8086,3401.7604,38.0507,1.1186,131629443.0,215048837.82,0.011185590848785232,0.011123494752744543,3436.37178,3484.1902299999992,3561.375846666667,0.08358335647311947
2024-07-10,000300.SH,3428.9657,3425.8818,3447.505,3423.6483,3439.8111,-10.8454,-0.3153,127203456.0,198149476.849,-0.0031529056929898713,-0.003157886572395083,3429.4821,3478.4323899999995,3560.1211966666665,0.08350056660044634
2024-07-11,000300.SH,3468.169,3451.0442,3473.9837,3438.118,3428.9657,39.2033,1.1433,145892466.0,237551298.482,0.0114329810881455,0.01136811847372326,3433.95334,3475.53431,3559.9933650000003,0.09434193150318128
2024-07-12,000300.SH,3472.4014,3459.9564,3479.0958,3457.3633,3468.169,4.2324,0.122,130874589.0,205055553.856,0.0012203557554433253,0.001219611726616792,3442.2215200000005,3472.077725,3558.715456666667,0.09269706947170946
2024-07-15,000300.SH,3476.2467,3462.6113,3481.4613,3460.7915,3472.4014,3.8453,0.1107,118517083.0,171584915.38,0.001107389255170732,0.0011067765519817325,3457.11878,3469.08013,3558.134325,0.09296005578576355
2024-07-16,000300.SH,3498.2827,3466.8523,3500.2943,3464.3655,3476.2467,22.036,0.6339,120659017.0,200456285.078,0.006339020760523173,0.006319013674132575,3468.8131000000003,3466.714755,3557.015653333334,0.09567594245815395
2024-07-17,000300.SH,3501.5836,3494.209,3514.4753,3486.2229,3498.2827,3.3009,0.0944,131802062.0,222830802.528,0.0009435772586359192,0.0009431323694506291,3483.3366800000003,3465.3564850000002,3555.8786833333334,0.09457144848356362
2024-07-18,000300.SH,3520.931,3483.2975,3522.7995,3475.7236,3501.5836,19.3474,0.5525,123768199.0,215783795.703,0.005525328597038248,0.0055101199650592625,3493.88908,3466.23895,3555.5331683333334,0.09314001419584808
2024-07-19,000300.SH,3539.0156,3500.8052,3545.3383,3493.0734,3520.931,18.0846,0.5136,132447975.0,228065104.129,0.005136311958399586,0.005123166103060624,3507.21192,3468.40874,3555.6683533333335,0.09420175971189526
2024-07-22,000300.SH,3514.9249,3538.4012,3540.1874,3494.0143,3539.0156,-24.0907,-0.6807,132126337.0,217457320.404,-0.00680717541906295,-0.00683044992019825,3514.9475600000005,3470.314475,3555.8133533333335,0.09553617639021802
2024-07-23,000300.SH,3439.8779,3509.7887,3509.7887,3439.8779,3514.9249,-75.047,-2.1351,128897660.0,202857560.169,-0.021350954041720827,-0.02158218288895174,3503.2666000000004,3469.4132550000004,3554.4509533333335,0.12186300335493748
2024-07-24,000300.SH,3418.1663,3432.3459,3451.4196,3408.4129,3439.8779,-21.7116,-0.6312,127036263.0,184884499.787,-0.0063117356578267225,-0.006331738875771058,3486.5831399999997,3466.30833,3552.5823700000005,0.12098320775177696
2024-07-25,000300.SH,3399.2716,3404.611,3415.8557,3383.7991,3418.1663,-18.8947,-0.5528,131022242.0,190131464.835,-0.005527729882539578,-0.005543064317216502,3462.25126,3463.566035,3549.4990866666662,0.11973667306062684
2024-07-26,000300.SH,3409.2931,3403.7084,3420.8201,3388.6601,3399.2716,10.0215,0.2948,124195558.0,187853329.5,0.0029481315938391095,0.0029437943762596146,3436.3067600000004,3460.94784,3545.9220983333335,0.12001774052369811
2024-07-29,000300.SH,3390.742,3404.3663,3408.5024,3388.8444,3409.2931,-18.5511,-0.5441,109787786.0,166697103.823,-0.005441333278150773,-0.00545619125471861,3411.4701800000003,3456.5758050000004,3542.361226666667,0.1192746116311898
2024-07-30,000300.SH,3369.3821,3380.6893,3380.6893,3352.8043,3390.742,-21.3599,-0.6299,104952164.0,165442824.49,-0.006299476633728096,-0.006319402060574553,3397.37102,3451.455625,3537.5529833333335,0.12061244534663777
2024-07-31,000300.SH,3442.0844,3364.0268,3445.0042,3364.0268,3369.3821,72.7023,2.1577,171959177.0,258249147.336,0.021577339061663592,0.02134784367895829,3402.1546399999997,3450.38914,3533.937596666667,0.14559553714328338
2024-08-01,000300.SH,3419.2666,3443.1397,3448.3361,3419.1872,3442.0844,-22.8178,-0.6629,136323464.0,206038002.518,-0.006629064644667171,-0.006651134482692493,3406.1536399999995,3449.06183,3530.4216516666665,0.14637529918834402
2024-08-02,000300.SH,3384.3919,3393.9167,3419.1023,3380.9645,3419.2666,-34.8747,-1.0199,116615255.0,179671192.428,-0.01019946792098625,-0.010251838902348195,3401.1734000000006,3446.7284,3525.7521666666667,0.1499493161089203
2024-08-05,000300.SH,3343.3205,3362.1117,3409.0314,3343.3205,3384.3919,-41.0714,-1.2136,142812516.0,223631266.563,-0.01213553312191784,-0.012209769917402505,3391.6891000000005,3443.8064050000003,3520.3695566666665,0.15297392731704829
2024-08-06,000300.SH,3342.9789,3367.3517,3376.7956,3318.6251,3343.3205,-0.3416,-0.0102,119340279.0,181724693.848,-0.00010217387175404102,-0.00010217909185965092,3386.40846,3438.964795,3515.0076933333335,0.14632531334214532
2024-08-07,000300.SH,3341.489,3338.5909,3362.3839,3329.9658,3342.9789,-1.4899,-0.0446,95084377.0,145078975.326,-0.00044568034814695956,-0.0004457796931518292,3366.2893799999997,3434.59096,3509.7484200000004,0.1462073282971675
2024-08-08,000300.SH,3342.9369,3332.4281,3364.7855,3320.8432,3341.489,1.4479,0.0433,92495695.0,149482926.227,0.0004333098208613162,0.00043321596927112054,3351.02344,3428.3293550000003,3505.02977,0.13856461227854716
2024-08-09,000300.SH,3331.6274,3358.128,3366.6688,3331.6274,3342.9369,-11.3095,-0.3383,91511626.0,142852166.559,-0.0033831030433151277,-0.003388838676227704,3340.47054,3421.290655,3499.8842400000003,0.13819632895214792
2024-08-12,000300.SH,3325.8645,3327.5561,3338.0771,3319.8908,3331.6274,-5.7629,-0.173,79938754.0,117544892.727,-0.001729755254143872,-0.0017312530081779588,3336.9793400000003,3413.7715449999996,3494.015821666667,0.13770782209107885
2024-08-13,000300.SH,3334.3903,3328.0138,3335.014,3310.1909,3325.8645,8.5258,0.2563,84489679.0,125259155.343,0.0025634838701336093,0.002560203749851808,3335.26162,3405.5769250000003,3488.0729550000005,0.13524261270681226
2024-08-14,000300.SH,3309.2389,3332.7866,3332.7866,3309.1,3334.3903,-25.1514,-0.7543,78742407.0,118181952.004,-0.0075430281811941224,-0.007571620691752355,3328.8115999999995,3395.9596899999997,3481.9575849999997,0.13584531513257403
2024-08-15,000300.SH,3341.953,3301.4455,3356.7644,3297.9711,3309.2389,32.7141,0.9886,104766399.0,149249335.426,0.009885687007970434,0.009837143267467686,3328.6148200000002,3387.0107900000003,3476.249285,0.14019574481049624
2024-08-16,000300.SH,3345.634,3342.0346,3356.9071,3335.6239,3341.953,3.681,0.1101,96519083.0,135885323.083,0.0011014517559044812,0.0011008456029771622,3331.41614,3377.3417099999997,3471.3133233333338,0.13796874042863297
2024-08-19,000300.SH,3356.9677,3344.2614,3375.9621,3343.7116,3345.634,11.3337,0.3388,105571110.0,143421671.337,0.003387609045101714,0.0033818840233607026,3337.63678,3369.4438500000006,3467.238195,0.1387556135049048
2024-08-20,000300.SH,3332.7034,3361.6394,3362.3338,3321.6397,3356.9677,-24.2643,-0.7228,101668331.0,137910585.092,-0.007228040948979109,-0.007254289798614261,3337.2994,3364.085125,3462.1881200000003,0.12088957802314024
2024-08-21,000300.SH,3321.635,3322.9134,3339.443,3307.9917,3332.7034,-11.0684,-0.3321,89954751.0,130005992.563,-0.003321147630479082,-0.0033266748825438617,3339.77862,3359.2585599999998,3457.39583,0.11978960039326185
2024-08-22,000300.SH,3313.1357,3322.8723,3327.6962,3305.2453,3321.635,-8.4993,-0.2559,100366504.0,147702791.561,-0.002558770003326827,-0.0025620492503788703,3334.01516,3354.9517650000003,3452.3893866666667,0.11889441005763474
2024-08-23,000300.SH,3327.1905,3305.9307,3336.2414,3305.6403,3313.1357,14.0548,0.4242,89525774.0,132680886.5,0.004242144383038715,0.004233171854778825,3330.32646,3350.8466349999994,3447.9373600000004,0.11958798755559012
2024-08-26,000300.SH,3324.2231,3330.7184,3336.5271,3311.5701,3327.1905,-2.9674,-0.0892,93990772.0,139070603.958,-0.0008918635707814149,-0.0008922615177230389,3323.77754,3347.52069,3443.675666666667,0.11852922799037259
2024-08-27,000300.SH,3305.3338,3315.686,3320.5667,3299.5635,3324.2231,-18.8893,-0.5682,95808157.0,129755962.864,-0.0056823201788112065,-0.005698525980312443,3318.30362,3344.318275,3438.9520916666665,0.11818048615858356
2024-08-28,000300.SH,3286.4956,3298.9089,3305.3496,3274.5881,3305.3338,-18.8382,-0.5699,92696650.0,135982310.965,-0.005699333604369916,-0.0057156367804732594,3311.27574,3336.5388350000003,3433.4658283333333,0.08398768519723003
2024-08-29,000300.SH,3277.6812,3273.541,3290.7857,3269.5288,3286.4956,-8.8144,-0.2682,130702333.0,174340106.393,-0.0026820057206223824,-0.002685608741622298,3304.1848400000003,3329.459565,3428.180621666667,0.0824417119108914
2024-08-30,000300.SH,3321.4323,3273.7532,3351.6254,3273.6496,3277.6812,43.7511,1.3348,188695443.0,268376041.211,0.013348186516736193,0.013259884389376055,3303.0332000000003,3326.3115850000004,3423.66707,0.09340067667347679
2024-09-02,000300.SH,3265.011,3307.5432,3307.7627,3264.7565,3321.4323,-56.4213,-1.6987,147612353.0,194409996.348,-0.016987038995194936,-0.017132973769498065,3291.19078,3322.39611,3418.5153483333333,0.10229050185735498
2024-09-03,000300.SH,3273.4282,3261.741,3281.5935,3261.1877,3265.011,8.4172,0.2578,122897306.0,155089488.535,0.0025780005029079067,0.0025746831597963783,3284.80966,3318.9185750000006,3414.024533333333,0.10309894042475325
2024-09-04,000300.SH,3252.1649,3253.898,3272.9861,3249.9809,3273.4282,-21.2633,-0.6496,104832482.0,140070063.077,-0.006495728239892196,-0.006516917291298055,3277.94352,3314.45237,3409.158573333333,0.10486523487249202
2024-09-05,000300.SH,3257.7578,3252.96,3266.882,3247.1725,3252.1649,5.5929,0.172,97109450.0,134618198.894,0.0017197467446989911,0.001718269673482513,3273.9588400000002,3310.193415,3404.685693333333,0.10525135465228945
2024-09-06,000300.SH,3231.3457,3261.1542,3274.8144,3231.0685,3257.7578,-26.4121,-0.8107,88400417.0,121541545.906,-0.008107447398330248,-0.008140491473246482,3255.94152,3305.1793300000004,3399.515903333333,0.10781482670353171
2024-09-09,000300.SH,3192.9516,3214.7996,3222.9278,3180.9277,3231.3457,-38.3941,-1.1882,108673069.0,146516054.461,-0.01188176802005425,-0.01195292039801617,3241.5296399999997,3298.533685,3393.79512,0.11394366381472942
2024-09-10,000300.SH,3195.7552,3193.4557,3205.0972,3171.7932,3192.9516,2.8036,0.0878,97290078.0,133610476.132,0.0008780590347814421,0.000877673766456223,3225.99504,3291.60193,3387.964536666667,0.11320054030031443
2024-09-11,000300.SH,3186.1299,3187.0508,3197.3363,3174.0343,3195.7552,-9.6253,-0.3012,102482110.0,141513837.135,-0.0030119015373893943,-0.003016446440987152,3212.78804,3285.44648,3382.2542183333335,0.11143814194386426
2024-09-12,000300.SH,3172.4747,3189.4271,3201.5544,3171.8775,3186.1299,-13.6552,-0.4286,92868657.0,136387244.637,-0.004285826513225288,-0.004295036993443384,3195.73142,3276.972565,3376.7407683333336,0.10261405087359249
2024-09-13,000300.SH,3159.247,3174.0344,3188.9145,3159.247,3172.4747,-13.2277,-0.417,88336677.0,137448911.397,-0.004169521036684776,-0.004178237727577415,3181.31168,3267.653215,3371.1345549999996,0.10180926439914066
2024-09-18,000300.SH,3171.0102,3158.8179,3179.9012,3145.7908,3159.247,11.7632,0.3723,84722814.0,123452147.969,0.003723418903301967,0.003716504138199999,3176.9234,3258.35534,3366.0378883333333,0.10208840919812216
2024-09-19,000300.SH,3196.0357,3178.3959,3213.8378,3149.7925,3171.0102,25.0255,0.7892,125439272.0,181785109.713,0.007891964522851236,0.007860985852472009,3176.9795000000004,3251.5219549999997,3361.673445,0.10740990475563308
2024-09-20,000300.SH,3201.0497,3192.4322,3207.9875,3173.2238,3196.0357,5.014,0.1569,118064098.0,163985054.957,0.0015688185210196437,0.0015675892107855256,3179.96346,3245.49269,3357.01986,0.10805480863242503
2024-09-23,000300.SH,3212.7639,3200.8678,3230.1613,3198.0248,3201.0497,11.7142,0.3659,95344855.0,143876166.861,0.0036594870738808627,0.0036528074421164,3188.0213,3240.4741,3352.9973,0.10973620704286396
2024-09-24,000300.SH,3351.909,3244.6468,3351.9684,3222.4885,3212.7639,139.1451,4.331,204072217.0,307879526.848,0.04331009197407876,0.04239843957265368,3226.5537,3241.710025,3351.168166666667,0.19297405342808702
2024-09-25,000300.SH,3401.533,3403.7021,3465.4882,3393.438,3351.909,49.624,1.4805,241564255.0,356862584.94,0.014804697860234306,0.014696178078189136,3272.65826,3245.57552,3349.890671666667,0.19947230861744758
2024-09-26,000300.SH,3545.3204,3399.3188,3545.3249,3391.6772,3401.533,143.7874,4.2271,243134010.0,373983643.045,0.04227135235789281,0.04140232435989194,3342.5152000000003,3257.57485,3351.11625,0.2449051695045753
2024-09-27,000300.SH,3703.6849,3617.9203,3708.4951,3596.5833,3545.3204,158.3645,4.4669,265487774.0,466692757.482,0.044668600332991026,0.04369970625282989,3443.04224,3278.434315,3355.1207633333333,0.28194022017240217
2024-09-30,000300.SH,4017.8545,3846.6515,4038.6968,3796.5045,3703.6849,314.1696,8.4826,510217707.0,862528807.419,0.08482622266273232,0.08141981072040237,3604.0603600000004,3315.44298,3364.654791666667,0.3943333352304404
2024-10-08,000300.SH,4256.0962,4450.3675,4450.3675,4094.3519,4017.8545,238.2417,5.9296,589867894.0,1130387437.13,0.05929575100342732,0.0576043014760725,3784.8978,3362.1761749999996,3378.405386666667,0.4307577047099202
2024-10-09,000300.SH,3955.9839,4168.8436,4197.6,3942.5118,4256.0962,-300.1123,-7.0514,482269295.0,1029032062.193,-0.07051351423870533,-0.0731230111826069,3895.78798,3396.7248200000004,3387.642445,0.5137741988447667
2024-10-10,000300.SH,3997.7879,3979.6116,4098.4967,3912.7708,3955.9839,41.804,1.0567,395053099.0,717952217.513,0.010567282642378606,0.010511839160420986,3986.28148,3432.942805,3396.9420583333335,0.5129973864892245
2024-10-11,000300.SH,3887.167,3969.7576,3978.2389,3847.1228,3997.7879,-110.6209,-2.7671,274096505.0,484998267.296,-0.0276705274934671,-0.028060568472753827,4022.9779000000003,3464.69291,3404.578746666667,0.527619505633374
2024-10-14,000300.SH,3961.3424,3915.2186,3979.5431,3868.779,3887.167,74.1754,1.9082,307578993.0,534076602.216,0.01908212330471004,0.01890234304887516,4011.6754799999994,3499.8721400000004,3412.7983033333335,0.5278331601266251
2024-10-15,000300.SH,3855.9949,3942.5342,3967.8712,3855.9949,3961.3424,-105.3475,-2.6594,242486448.0,434410916.724,-0.026593888980664726,-0.026953903587968227,3931.6552199999996,3531.1046,3419.1915283333333,0.5403357438850848
2024-10-16,000300.SH,3831.589,3806.1373,3877.7483,3805.0868,3855.9949,-24.4059,-0.6329,218866407.0,377301324.426,-0.0063293392841365925,-0.006349454474184984,3906.77624,3563.03647,3425.1139,0.5377858051427108
2024-10-17,000300.SH,3788.2217,3853.841,3882.0733,3787.7498,3831.589,-43.3673,-1.1318,212313820.0,369170521.635,-0.011318359041118442,-0.011382899120795377,3864.8630000000003,3592.6597950000005,3429.9462166666663,0.5421637683116723
2024-10-18,000300.SH,3925.234,3780.3143,3998.214,3765.1615,3788.2217,137.0123,3.6168,312958834.0,620673701.894,0.036167972956809846,0.035529266753357894,3872.4763999999996,3629.6150000000002,3437.007056666667,0.5483676321128459
2024-10-21,000300.SH,3935.1974,3946.9016,3979.2638,3896.165,3925.234,9.9634,0.2538,291185634.0,600109598.949,0.0025382945322496298,0.002535078503685626,3867.2474,3667.751135,3443.9114966666666,0.5463681385643341
2024-10-22,000300.SH,3957.7755,3923.7443,3965.9084,3917.5218,3935.1974,22.5781,0.5737,223433396.0,442881846.814,0.005737475837933825,0.005721079210379723,3887.6035199999997,3707.67756,3450.8908283333335,0.543751858621326
2024-10-23,000300.SH,3973.2089,3955.3191,4012.1795,3939.0986,3957.7755,15.4334,0.39,245873949.0,469120806.272,0.003899513754633155,0.0038919303588495634,3915.9275000000002,3747.7874949999996,3458.528895,0.5437171630015047
2024-10-24,000300.SH,3928.8334,3950.8987,3957.9832,3914.0887,3973.2089,-44.3755,-1.1169,174724062.0,340486884.485,-0.011168680307748202,-0.011231518334287871,3944.0498399999997,3784.4273799999996,3466.6781533333333,0.5497536687866577
2024-10-25,000300.SH,3956.421,3931.3205,3992.8918,3921.9396,3928.8334,27.5876,0.7022,210694885.0,412231378.43,0.007021829940663693,0.006997291694767125,3950.28724,3822.1959450000004,3475.6490649999996,0.5488608308459757
2024-10-28,000300.SH,3964.1569,3953.1063,3964.1569,3917.2042,3956.421,7.7359,0.1955,216160415.0,390450182.338,0.001955277256894483,0.001953368190416609,3956.0791400000003,3859.765595,3485.0638200000003,0.549205121268453
2024-10-29,000300.SH,3924.649,3970.008,3991.3091,3921.5795,3964.1569,-39.5079,-0.9966,217293984.0,429625020.405,-0.009966280598025845,-0.010016276431536042,3949.4538400000006,3888.4025950000005,3493.653085,0.5402856954625878
2024-10-30,000300.SH,3889.4487,3904.1595,3926.0581,3864.3051,3924.649,-35.2003,-0.8969,219436626.0,385010582.233,-0.008969031370703484,-0.009009495262216016,3932.7018,3912.79838,3501.9648633333336,0.5431678066420438
2024-10-31,000300.SH,3891.0396,3888.4229,3923.8997,3859.1079,3889.4487,1.5909,0.0409,300636718.0,515533818.945,0.0004090296910201907,0.00040894606118007065,3925.14304,3930.08434,3510.659155,0.5274945415839184
2024-11-01,000300.SH,3890.0203,3882.4579,3933.2204,3879.9588,3891.0396,-1.0193,-0.0262,307986481.0,476472952.028,-0.00026196083946306015,-0.0002619951571971654,3911.8629,3939.4011100000002,3518.124753333333,0.5065816765612295
2024-11-04,000300.SH,3944.7619,3897.7144,3944.7619,3891.2109,3890.0203,54.7416,1.4072,229239060.0,381048606.068,0.014072317308986726,0.013974221471078057,3907.9839,3935.7464800000002,3526.8830083333332,0.40743852298082384
2024-11-05,000300.SH,4044.5725,3937.6228,4046.6977,3925.4138,3944.7619,99.8106,2.5302,316862794.0,580971852.724,0.025302059422141587,0.024987261296340286,3931.9686,3925.170295,3537.886018333333,0.35574525967443
2024-11-06,000300.SH,4024.2831,4051.2891,4091.7031,4002.5027,4044.5725,-20.2894,-0.5016,335807938.0,639124093.912,-0.005016451058795446,-0.0050290756876604685,3958.93548,3928.5852549999995,3549.235395,0.2491916065876406
2024-11-07,000300.SH,4145.6952,3987.2665,4146.151,3984.6652,4024.2831,121.4121,3.017,341436414.0,658145920.948,0.030169870504388685,0.02972371146306609,4009.8666,3935.98062,3562.614,0.2681922139477214
2024-11-08,000300.SH,4104.047,4192.0794,4200.908,4094.1631,4145.6952,-41.6482,-1.0046,332350385.0,688446559.772,-0.010046131707898032,-0.010096934623952768,4052.67194,3946.8246199999994,3575.3232999999996,0.24898099154096023
2024-11-11,000300.SH,4131.1312,4066.9336,4132.5111,4048.039,4104.047,27.0842,0.6599,289594227.0,625605935.91,0.006599388359831204,0.006577707730125924,4089.9458,3955.3140599999997,3588.4598716666665,0.2420224131688226
2024-11-12,000300.SH,4085.743,4133.3528,4181.7096,4060.7936,4131.1312,-45.3882,-1.0987,297778086.0,660380524.821,-0.010986869649649456,-0.011047671056907763,4098.1799,3966.8014649999996,3601.028465,0.22297795567782958
2024-11-13,000300.SH,4110.8901,4059.5898,4121.0735,4059.5898,4085.743,25.1471,0.6155,240484099.0,512734303.119,0.006154841359331531,0.006135977685628404,4115.5013,3980.76652,3614.112225,0.2204463390077506
2024-11-14,000300.SH,4039.6191,4101.2228,4118.1686,4034.9441,4110.8901,-71.271,-1.7337,230152784.0,464157560.755,-0.017337121223454655,-0.017489169053457043,4094.2860799999994,3993.3363899999995,3625.866038333333,0.2267976560834189
2024-11-15,000300.SH,3968.8308,4025.6482,4049.071,3968.8308,4039.6191,-70.7883,-1.7524,247399463.0,474079686.588,-0.01752350859020335,-0.01767886284325673,4067.24284,3995.5162299999997,3636.859236666666,0.20240544058425694
2024-11-18,000300.SH,3950.3806,3982.1036,4034.0596,3931.1872,3968.8308,-18.4502,-0.4649,306777946.0,472408054.831,-0.004648774646679343,-0.004659613805119821,4031.0927199999996,3996.27539,3646.9996966666663,0.2031128722659938
2024-11-19,000300.SH,3976.8912,3954.6038,3979.1505,3896.7493,3950.3806,26.5106,0.6711,242946465.0,402610970.34,0.006710897679074179,0.00668847984521444,4009.3223599999997,3997.231175,3657.52065,0.20348945785566816
2024-11-20,000300.SH,3985.7727,3966.1238,4001.0847,3958.3383,3976.8912,8.8815,0.2233,184599372.0,347577693.1,0.002233277088395047,0.0022307870317534334,3984.29888,3997.8593650000003,3668.0007333333333,0.20318627960532287
2024-11-21,000300.SH,3989.2979,3979.4554,3999.5693,3966.0658,3985.7727,3.5252,0.0884,166125927.0,324235010.779,0.000884445819000268,0.0008840549272616244,3974.23464,4000.88259,3678.943975,0.1986682145996519
2024-11-22,000300.SH,3865.6989,3984.2435,3990.2647,3865.6989,3989.2979,-123.599,-3.0983,216285809.0,397566831.848,-0.030982644840837792,-0.031472756870787426,3953.60826,3996.3464849999996,3688.0117066666667,0.22678969169635252
2024-11-25,000300.SH,3848.0909,3875.6126,3889.7069,3812.3179,3865.6989,-17.608,-0.4555,190702953.0,349006773.18,-0.0045549331325313025,-0.004565338449490279,3933.1503199999997,3990.543185,3696.9276266666666,0.22681813213588253
2024-11-26,000300.SH,3840.1847,3836.259,3875.229,3833.2842,3848.0909,-7.9062,-0.2055,149892441.0,264403254.8,-0.002054577245043876,-0.002056690784321142,3905.8090199999997,3986.3199699999996,3705.4775299999997,0.22457699744778845
2024-11-27,000300.SH,3907.0447,3829.3442,3907.164,3817.9125,3840.1847,66.86,1.7411,174136096.0,320632355.477,0.01741062090060419,0.017260792609562207,3890.06342,3987.19977,3715.1912233333333,0.2315625837833511
2024-11-28,000300.SH,3872.5505,3904.2525,3908.3918,3866.0136,3907.0447,-34.4942,-0.8829,150117291.0,286432871.224,-0.008828719057143108,-0.008867923115554377,3866.71394,3986.275315,3724.644835,0.2338296104597131
2024-11-29,000300.SH,3916.5832,3869.8903,3962.7002,3869.8903,3872.5505,44.0327,1.137,187656713.0,375262017.919,0.011370465020404508,0.01130630716142679,3876.8907999999997,3987.60346,3735.146295,0.23736495167939525
2024-12-02,000300.SH,3947.632,3909.7029,3955.1252,3902.1697,3916.5832,31.0488,0.7928,197289784.0,368591235.991,0.007927522132046061,0.007896264417277947,3896.79902,3987.746965,3746.312141666667,0.23365973831325715
2024-12-03,000300.SH,3951.8912,3946.7034,3963.9474,3922.8425,3947.632,4.2592,0.1079,182496867.0,327295048.701,0.0010789252898952828,0.0010783436683179219,3919.14032,3983.1129,3756.81979,0.21405988208128712
2024-12-04,000300.SH,3930.5568,3948.13,3957.365,3917.7467,3951.8912,-21.3344,-0.5399,174626318.0,312040419.082,-0.00539852919027739,-0.005413153907375518,3923.84274,3978.4265849999997,3767.9122199999997,0.2141575361305451
2024-12-05,000300.SH,3921.5881,3916.5638,3936.3358,3910.0834,3930.5568,-8.9687,-0.2282,138534038.0,257716297.997,-0.0022817886768612405,-0.002284395923523181,3933.65026,3967.22123,3778.7148850000003,0.17950625783382437
2024-12-06,000300.SH,3973.1405,3923.8954,3995.1168,3923.8954,3921.5881,51.5524,1.3146,192057907.0,351751735.425,0.0131457967245463,0.01306014060080671,3944.9617200000002,3960.675905,3790.7311449999997,0.185711315154029
2024-12-09,000300.SH,3966.5708,3970.6628,3995.5116,3948.4206,3973.1405,-6.5697,-0.1654,175959958.0,308227216.703,-0.0016535282354097625,-0.001654896822094964,3948.74948,3952.447885,3802.544695,0.18319917302034688
2024-12-10,000300.SH,3995.6369,4094.05,4098.3804,3988.9676,3966.5708,29.0661,0.7328,253463795.0,487278042.807,0.007327765333219327,0.007301047701793668,3957.49862,3947.94258,3815.2828816666665,0.18277344103001877
2024-12-11,000300.SH,3988.8308,3988.0179,4005.3253,3977.3522,3995.6369,-6.8061,-0.1703,177252846.0,310713317.895,-0.00170338300760009,-0.0017048354140059756,3969.15342,3941.839615,3828.547535,0.18078205327001792
2024-12-12,000300.SH,4028.5048,3987.1525,4031.7441,3981.3485,3988.8308,39.674,0.9946,181621777.0,333667518.401,0.00994627297803663,0.00989713436700924,3990.53676,3941.2839,3842.426695,0.1748113511720161
2024-12-13,000300.SH,3933.1808,4000.9854,4000.9854,3931.7392,4028.5048,-95.324,-2.3662,230353079.0,421478609.274,-0.023662377167826598,-0.023946827354349536,3982.54482,3939.5014,3854.8775433333335,0.184050053763764
2024-12-16,000300.SH,3911.8416,3930.7807,3938.7595,3901.6465,3933.1808,-21.3392,-0.5425,178511251.0,327619081.581,-0.005425430735347847,-0.005440201835291532,3971.59898,3937.57445,3867.200325,0.1843090605853393
2024-12-17,000300.SH,3922.0334,3908.1263,3955.945,3908.1263,3911.8416,10.1918,0.2605,160939090.0,306037370.847,0.002605371342234264,0.002601983245875659,3956.87828,3934.83156,3879.913431666667,0.18277040752451953
2024-12-18,000300.SH,3941.89,3934.5425,3956.1441,3933.9693,3922.0334,19.8566,0.5063,157738321.0,276825381.224,0.005062832968225184,0.00505005992311564,3947.49012,3932.637425,3892.7614283333332,0.1836324352762012
2024-12-19,000300.SH,3945.4635,3911.8901,3954.3491,3899.7479,3941.89,3.5735,0.0907,161081040.0,321771606.933,0.0009065448300180634,0.0009061341664248782,3930.88186,3930.4457049999996,3905.251891666667,0.1836346446966978
2024-12-20,000300.SH,3927.7441,3937.4722,3958.6336,3923.2562,3945.4635,-17.7194,-0.4491,154986496.0,332143276.398,-0.004491081973005184,-0.0045011971784890865,3929.7945200000004,3933.547965,3917.363465,0.14537959676373174
2024-12-23,000300.SH,3933.5718,3928.1493,3965.8502,3928.1493,3927.7441,5.8277,0.1484,190067362.0,354063425.209,0.0014837270075716003,0.001482627372226493,3934.14056,3937.82201,3929.37693,0.143982954361458
2024-12-24,000300.SH,3983.6882,3934.9422,3985.8588,3934.7338,3933.5718,50.1164,1.2741,161494589.0,310384873.294,0.012740685196085622,0.012660205523026491,3946.47152,3944.997185,3939.906583333333,0.14911784379520465
2024-12-25,000300.SH,3985.6291,3987.9557,4007.7626,3969.4766,3983.6882,1.9409,0.0487,159390747.0,299295145.793,0.0004872118254637403,0.0004870931763189178,3955.2193400000006,3948.9264049999997,3949.641518333333,0.1373753776679588
2024-12-26,000300.SH,3987.4801,3981.7317,3991.5331,3965.5461,3985.6291,1.851,0.0464,143425286.0,305769929.403,0.00046441852805623185,0.00046431071914930863,3963.62266,3954.672885,3957.0108466666666,0.1323986003484927
2024-12-27,000300.SH,3981.0307,3987.0189,4007.1314,3970.9365,3987.4801,-6.4494,-0.1617,169268666.0,345011075.199,-0.0016174124605663476,-0.0016187218842093583,3974.2799800000003,3957.89526,3961.633276666667,0.12748749192403264
2024-12-30,000300.SH,3999.0549,3976.7004,4005.778,3976.7004,3981.0307,18.0242,0.4528,164612485.0,322699390.192,0.004527520975912136,0.004517302583865979,3987.3765999999996,3960.466405,3961.3199499999996,0.1255394117010676
2024-12-31,000300.SH,3934.9109,3995.8705,4004.3462,3934.9109,3999.0549,-64.144,-1.604,183928397.0,347880439.53,-0.016039789801335358,-0.01616981953744762,3977.62114,3959.6173900000003,3955.966861666667,0.13881695349138098
2025-01-02,000300.SH,3820.3952,3931.8155,3934.2034,3796.3389,3934.9109,-114.5157,-2.9102,217898724.0,388636586.639,-0.029102488699299323,-0.02953436590039252,3944.57436,3954.1093100000007,3953.70705,0.17213914763753851
2025-01-03,000300.SH,3775.1648,3825.2426,3835.9353,3767.6653,3820.3952,-45.2304,-1.1839,175342676.0,304322755.436,-0.011839194018461785,-0.011909835387467288,3902.1112999999996,3946.788145,3949.996665,0.1761122136899603
2025-01-06,000300.SH,3768.9697,3775.9902,3788.8489,3743.0727,3775.1648,-6.1951,-0.1641,150946670.0,262803541.116,-0.0016410144531968651,-0.001642362392274843,3859.6991000000003,3936.5796050000004,3948.0267099999996,0.16700826103590213
2025-01-07,000300.SH,3796.1055,3760.866,3797.602,3749.0581,3768.9697,27.1358,0.72,146455779.0,266855795.347,0.0071997925586930744,0.00717399778957275,3819.10922,3928.05634,3945.2727616666666,0.1705790603993452
2025-01-08,000300.SH,3789.2153,3781.261,3810.7355,3731.1887,3796.1055,-6.8902,-0.1815,169166968.0,300965725.433,-0.0018150707349940953,-0.0018167199718371108,3789.9701,3917.7352600000004,3944.1597683333334,0.16689713784687038
2025-01-09,000300.SH,3779.8773,3780.7341,3795.2608,3768.681,3789.2153,-9.338,-0.2464,129794002.0,251486002.82,-0.0024643624763153182,-0.002467404015520258,3781.8665200000005,3907.2875849999996,3943.2979066666667,0.16686503529376245
2025-01-10,000300.SH,3732.4806,3778.8928,3786.8069,3732.4806,3779.8773,-47.3967,-1.2539,137523171.0,275354209.064,-0.012539216550759513,-0.012618495958235146,3773.3296800000003,3892.4863749999995,3942.368888333333,0.1634351689669697
2025-01-13,000300.SH,3722.513,3704.4442,3737.8852,3704.1073,3732.4806,-9.9676,-0.2671,136446199.0,247861953.197,-0.0026705028286013732,-0.002674074982328549,3764.03834,3881.952985,3938.990205,0.14553295580394837
2025-01-14,000300.SH,3820.5395,3728.5561,3826.6399,3718.8768,3722.513,98.0265,2.6333,170664657.0,345461480.064,0.026333420460855406,0.025992665166281924,3768.9251400000003,3877.3878799999998,3937.07924,0.17776259159587932
2025-01-15,000300.SH,3796.026,3810.0353,3816.8284,3790.1655,3820.5395,-24.5135,-0.6416,141475520.0,278850595.532,-0.006416240428871345,-0.00643691297361315,3770.2872799999996,3871.08751,3934.383415,0.17813877828718927
2025-01-16,000300.SH,3800.3836,3812.1935,3842.947,3776.2861,3796.026,4.3576,0.1148,144505871.0,305734630.771,0.001147937342895089,0.001147278966625117,3774.38854,3864.01219,3931.5029933333335,0.17674154950800797
2025-01-17,000300.SH,3812.3429,3788.3729,3831.6404,3780.2133,3800.3836,11.9593,0.3147,126621961.0,265437489.594,0.003146866542629967,0.0031419255212209417,3790.361,3857.3561600000003,3929.561485,0.17736885994914806
2025-01-20,000300.SH,3829.6764,3835.3042,3858.6677,3821.9815,3812.3429,17.3335,0.4547,139581277.0,292175449.109,0.004546679156274047,0.004536374234242288,3811.7936799999998,3852.452775,3927.449075,0.17835087350766024
2025-01-21,000300.SH,3832.6145,3850.3563,3850.9106,3817.1214,3829.6764,2.9381,0.0767,141218406.0,285073351.693,0.0007671927581140991,0.0007668986161828065,3814.2086800000006,3847.4049099999997,3925.2567016666667,0.17822578334457492
2025-01-22,000300.SH,3797.0166,3823.9447,3823.9447,3783.1438,3832.6145,-35.5979,-0.9288,137255062.0,298745637.551,-0.009288150425773356,-0.009331554264925018,3814.4067999999997,3838.0713299999998,3923.129495,0.1723652502731101
2025-01-23,000300.SH,3803.7439,3829.0462,3864.2585,3801.8531,3797.0166,6.7273,0.1772,180569551.0,345198071.114,0.0017717331022466531,0.0017701654345399053,3815.07886,3828.97707,3921.7010816666666,0.1727047303951735
2025-01-24,000300.SH,3832.8637,3793.8498,3847.6003,3793.4836,3803.7439,29.1198,0.7656,148971722.0,296474375.469,0.007655562720718434,0.007626407605101042,3819.1830199999995,3821.24625,3920.7314833333335,0.17607193018140543
2025-01-27,000300.SH,3817.0802,3836.9578,3851.9969,3817.0802,3832.8637,-15.7835,-0.4118,146670772.0,282940127.541,-0.004117939283883265,-0.004126441344529745,3816.66378,3813.0487249999996,3919.5158149999997,0.1762391756709514
2025-02-05,000300.SH,3795.0848,3844.6998,3844.6998,3785.162,3817.0802,-21.9954,-0.5762,157168308.0,346016202.025,-0.005762362551355316,-0.005779029018766741,3809.15784,3802.8502199999994,3917.0211966666666,0.17493205924166438
2025-02-06,000300.SH,3842.8314,3789.6086,3843.4942,3788.3196,3795.0848,47.7466,1.2581,167288176.0,371891971.101,0.012581168146756472,0.012502682856300004,3818.3208,3798.246245,3913.658845,0.17517389722071808
2025-02-07,000300.SH,3892.7028,3844.0574,3919.3499,3833.8685,3842.8314,49.8714,1.2978,221857707.0,487381557.078,0.012977774668958997,0.012894284916242608,3836.11258,3801.861625,3911.46584,0.14754063034324305
2025-02-10,000300.SH,3901.0618,3898.1023,3906.3678,3878.8314,3892.7028,8.359,0.2147,188903040.0,384968342.874,0.00214735119259557,0.0021450489292795475,3849.7522,3808.156475,3907.388616666666,0.13956183355926824
2025-02-11,000300.SH,3883.1352,3905.1594,3905.1594,3872.9087,3901.0618,-17.9266,-0.4595,166574909.0,337866056.116,-0.004595312999142842,-0.004605903908072592,3862.9631999999997,3813.8647499999997,3903.7067533333334,0.14088143654411628
2025-02-12,000300.SH,3919.8617,3875.9596,3920.7229,3867.3538,3883.1352,36.7265,0.9458,164228540.0,354830596.298,0.009457950369587964,0.009413503985017354,3887.91858,3820.05256,3900.185595,0.1423075371734335
2025-02-13,000300.SH,3905.1398,3913.9044,3939.1978,3904.9845,3919.8617,-14.7219,-0.3756,172485874.0,376473453.307,-0.0037557192387680516,-0.0037627896608334837,3900.3802600000004,3825.8487849999997,3897.1755416666665,0.14309757223460334
2025-02-14,000300.SH,3939.0085,3900.8274,3942.0356,3900.8274,3905.1398,33.8687,0.8673,172976452.0,360974236.854,0.008672852121708985,0.008635458987621738,3909.6414000000004,3833.8053449999998,3894.310848333333,0.14441244150806185
2025-02-17,000300.SH,3947.3983,3954.4147,3955.8959,3921.7017,3939.0085,8.3898,0.213,213588246.0,430929575.563,0.002129926858497555,0.002127661780017049,3918.9087,3844.55123,3892.773835,0.13367383277299405
2025-02-18,000300.SH,3912.7829,3942.5761,3965.4232,3901.8675,3947.3983,-34.6154,-0.8769,209425101.0,400186229.941,-0.008769168289908702,-0.008807843713023247,3924.8382399999996,3854.064725,3891.8397033333335,0.13866590078155888
2025-02-19,000300.SH,3940.1602,3906.2201,3943.6742,3904.1455,3912.7829,27.3773,0.6997,182829517.0,363680372.563,0.006996887049368183,0.006972522420195474,3928.89794,3860.04576,3891.6693633333334,0.1083087384800373
2025-02-20,000300.SH,3928.8959,3934.6503,3940.678,3916.1772,3940.1602,-11.2643,-0.2859,163895236.0,325972429.363,-0.0028588431505905954,-0.0028629374478347314,3933.64916,3866.6892550000002,3890.8694416666667,0.10553252350138916
2025-02-21,000300.SH,3978.444,3938.0518,3981.048,3927.7874,3928.8959,49.5481,1.2611,227400330.0,504645493.577,0.012611202042792646,0.012532343145841354,3941.53626,3875.592275,3890.7472966666664,0.1123031825989477
2025-02-24,000300.SH,3969.7169,3972.4831,3995.9456,3949.2309,3978.444,-8.7271,-0.2194,220810618.0,455088749.685,-0.00219359629040905,-0.0021960057469798933,3945.9999799999996,3883.4609749999995,3890.420946666666,0.11337385049996067
2025-02-25,000300.SH,3925.6505,3933.636,3955.4336,3915.6527,3969.7169,-44.0664,-1.1101,178108580.0,377981451.25,-0.011100640451211952,-0.011162712346417768,3948.5735,3888.25968,3891.42014,0.12207291083046604
2025-02-26,000300.SH,3959.9413,3931.842,3960.3298,3925.3664,3925.6505,34.2908,0.8735,191062501.0,386458193.763,0.008735061870637661,0.008697131937863404,3952.52972,3894.6260200000006,3893.284313333333,0.12488483022748263
2025-02-27,000300.SH,3968.1159,3961.0635,3973.9323,3933.4611,3959.9413,8.1746,0.2064,202887963.0,428272792.668,0.0020643235292401307,0.002062195741215508,3960.3737199999996,3903.180985,3895.4165,0.11799038955618807
2025-02-28,000300.SH,3890.0487,3950.1866,3972.4813,3886.3994,3968.1159,-78.0672,-1.9674,198104147.0,420308043.45,-0.01967361890815733,-0.01986972083322121,3942.6946599999997,3907.496225,3895.1332333333335,0.14134558785886908
2025-03-03,000300.SH,3888.4738,3899.6962,3930.0048,3872.5872,3890.0487,-1.5749,-0.0405,177623166.0,356057735.014,-0.000404853543350181,-0.0004049355186720422,3926.4460400000003,3910.27673,3895.3986216666667,0.1393140157280453
2025-03-04,000300.SH,3885.2208,3865.9939,3890.4235,3855.7254,3888.4738,-3.253,-0.0837,149850967.0,297739246.802,-0.0008365750079118994,-0.0008369251320675289,3918.3601000000003,3913.68376,3894.8759149999996,0.1382740975289279
2025-03-05,000300.SH,3902.5706,3887.7992,3906.4214,3877.0188,3885.2208,17.3498,0.4466,158652751.0,290860484.505,0.004465589188650476,0.004455648029683655,3906.8859600000005,3919.0580500000005,3894.1248916666664,0.13647164790123156
2025-03-06,000300.SH,3956.2369,3923.3827,3964.4942,3917.0833,3902.5706,53.6663,1.3752,193960915.0,397419427.643,0.013751525725120839,0.013657831477298408,3904.5101600000003,3924.728325,3894.19732,0.13779651700939333
2025-03-07,000300.SH,3944.0143,3944.9145,3967.0743,3935.0464,3956.2369,-12.2226,-0.3089,166732375.0,340626700.286,-0.0030894509881347343,-0.003094233193972485,3915.30328,3927.2938999999997,3894.4216116666666,0.13170032179212082
2025-03-10,000300.SH,3928.8018,3945.5795,3949.1448,3905.127,3944.0143,-15.2125,-0.3857,152765232.0,292574987.481,-0.003857110761489757,-0.0038645685965101716,3923.3688800000004,3928.6809000000003,3894.54184,0.13253968832332153
2025-03-11,000300.SH,3941.4157,3890.4305,3941.4157,3889.4298,3928.8018,12.6139,0.3211,144754402.0,287480453.12,0.0032106226381793945,0.0032054795946247984,3934.60786,3931.594925,3894.0130933333335,0.13153995936265805
2025-03-12,000300.SH,3927.2315,3946.8623,3953.6125,3921.4736,3941.4157,-14.1842,-0.3599,156732190.0,309627267.365,-0.003598757674812214,-0.0036052487811718,3939.54004,3931.9634149999997,3893.357438333333,0.12823590296398252
2025-03-13,000300.SH,3911.5793,3925.7439,3939.2854,3897.3758,3927.2315,-15.6522,-0.3986,156536443.0,295173112.58,-0.003985555727998191,-0.003993519221569567,3930.60852,3932.28539,3891.9564783333335,0.12833071314889533
2025-03-14,000300.SH,4006.5567,3919.6159,4014.1586,3919.6159,3911.5793,94.9774,2.4281,216139003.0,450895278.803,0.02428108769263604,0.023990988649006423,3943.1169999999997,3935.6628000000005,3892.25191,0.1519281736808005
2025-03-17,000300.SH,3996.7876,4020.6402,4021.7278,3992.2563,4006.5567,-9.7691,-0.2438,162202911.0,318904417.418,-0.00243827823527365,-0.0024412556765214454,3956.7141600000004,3938.132265,3891.72329,0.1523001462143616
2025-03-18,000300.SH,4007.7229,4011.7794,4016.873,3995.9602,3996.7876,10.9353,0.2736,140208496.0,292739319.545,0.0027360222995087558,0.002732286203639958,3969.9756,3942.8792649999996,3892.965658333333,0.14826942356477638
2025-03-19,000300.SH,4010.168,4004.8251,4025.299,3989.512,4007.7229,2.4451,0.061,144419428.0,286075300.795,0.0006100970703337705,0.0006099110367779948,3986.5629,3946.3796549999997,3894.6044316666666,0.14670581695600227
2025-03-20,000300.SH,3974.9918,4011.0588,4012.0416,3969.9259,4010.168,-35.1762,-0.8772,133754670.0,260020676.826,-0.008771752205892658,-0.008810450491655575,3999.2454,3948.6844499999997,3895.487071666667,0.15018671224258992
2025-03-21,000300.SH,3914.6956,3966.5146,3983.1476,3904.7674,3974.9918,-60.2962,-1.5169,165905294.0,309348613.935,-0.015168886637703216,-0.015285111026174561,3980.87318,3945.49703,3895.0338316666666,0.15312668169065188
2025-03-24,000300.SH,3934.8486,3916.1136,3938.1826,3907.1999,3914.6956,20.153,0.5148,152234674.0,266051442.613,0.005148037563891261,0.005134831721901653,3968.4853800000005,3943.753615,3894.856916666666,0.15442913601309427
2025-03-25,000300.SH,3932.2951,3937.8975,3946.3574,3921.5287,3934.8486,-2.5535,-0.0649,140475399.0,239246310.986,-0.0006489449174740258,-0.0006491555733679615,3953.39982,3944.085845,3894.932766666667,0.1491877724451877
2025-03-26,000300.SH,3919.3566,3930.2073,3942.026,3916.8607,3932.2951,-12.9385,-0.329,131164187.0,220943164.486,-0.00329031765698351,-0.0032957426553727287,3935.2375399999996,3942.0566099999996,3894.695846666667,0.14605825913343837
2025-03-27,000300.SH,3932.4117,3911.3841,3952.9852,3903.652,3919.3566,13.0551,0.3331,126793738.0,232173613.774,0.003330929367335367,0.0033253941104043395,3926.72152,3940.2714,3893.8412383333334,0.14641905924845114
2025-03-28,000300.SH,3915.1662,3930.7763,3934.2336,3907.384,3932.4117,-17.2455,-0.4385,126356214.0,213379194.289,-0.004385476729204085,-0.004395121139495452,3926.81564,3941.5272750000004,3892.666856666667,0.12873222514093083
2025-03-31,000300.SH,3887.3056,3905.9815,3928.4482,3872.403,3915.1662,-27.8606,-0.7116,166798523.0,268480316.572,-0.007116070832446364,-0.007141510824859772,3917.3070400000006,3941.4688650000003,3890.9972816666664,0.131432085457959
2025-04-01,000300.SH,3887.6841,3892.7794,3905.2622,3882.4045,3887.3056,0.3785,0.0097,140380274.0,246041674.67,9.736821308825583e-05,9.736347311147538e-05,3908.38484,3941.5920300000007,3889.4415050000002,0.1313934114255241
2025-04-02,000300.SH,3884.3858,3884.4181,3900.4949,3877.1599,3887.6841,-3.2983,-0.0848,113043175.0,198267515.342,-0.0008483971215664798,-0.000848757214086465,3901.3906799999995,3940.68279,3887.5303533333336,0.1303824669824509
2025-04-03,000300.SH,3861.5034,3843.4177,3883.7025,3843.4177,3884.3858,-22.8824,-0.5891,142599789.0,263684681.545,-0.005890866967951491,-0.005908286569494701,3887.20902,3935.9461149999997,3886.3068949999997,0.1207923419180446
2025-04-07,000300.SH,3589.4406,3675.2017,3707.7771,3514.1165,3861.5034,-272.0628,-7.0455,312578586.0,512971787.745,-0.07045514967046262,-0.07306022088195,3822.0639,3918.2174299999997,3882.457651666666,0.2741836548267452
2025-04-08,000300.SH,3650.759,3597.9859,3650.759,3583.8746,3589.4406,61.3184,1.7083,280197312.0,464021087.838,0.017082996163803488,0.016938722550570866,3774.75458,3904.31529,3880.3842216666667,0.28475893511347233
2025-04-09,000300.SH,3686.7943,3606.1036,3686.7943,3587.3368,3650.759,36.0353,0.9871,262305708.0,455031069.29,0.009870632380828193,0.009822235897704312,3734.57662,3891.5842199999997,3879.0146316666664,0.28780716412726626
2025-04-10,000300.SH,3735.1151,3749.1262,3756.1386,3708.8194,3686.7943,48.3208,1.3106,227252227.0,403842564.856,0.013106454027012049,0.013021307629714781,3704.7224799999995,3881.9784,3877.998125,0.293530393047304
2025-04-11,000300.SH,3750.5167,3730.3148,3762.3653,3708.4617,3735.1151,15.4016,0.4123,168759691.0,318535141.904,0.00412346061303448,0.00411498244758409,3682.52514,3873.9252699999997,3877.353148333333,0.294336488835771
2025-04-14,000300.SH,3759.1422,3772.0407,3776.6344,3754.033,3750.5167,8.6255,0.23,164462403.0,292571297.039,0.0022998164492906703,0.002297175919155268,3716.4654600000003,3861.554545,3877.007563333333,0.2782768116603637
2025-04-15,000300.SH,3761.2348,3756.4788,3764.486,3737.8495,3759.1422,2.0926,0.0557,134006040.0,228604621.376,0.0005566695508354425,0.0005565146678174699,3738.56062,3849.7769049999997,3877.4868,0.27856425587811895
2025-04-16,000300.SH,3772.8204,3757.8757,3775.1661,3721.6025,3761.2348,11.5856,0.308,156359006.0,261711094.769,0.003080265023603479,0.0030755307267302905,3755.76584,3838.0317800000003,3878.3252566666665,0.2786589789656493
2025-04-17,000300.SH,3772.2221,3755.0862,3779.1253,3749.504,3772.8204,-0.5983,-0.0159,122371002.0,209012323.066,-0.00015858162768633832,-0.0001585942030821602,3763.18724,3826.134485,3877.5199666666667,0.2785452296754595
2025-04-18,000300.SH,3772.523,3760.0425,3782.0443,3754.4072,3772.2221,0.3009,0.008,102948509.0,173109384.097,7.976730744463367e-05,7.976412620213683e-05,3767.5885000000003,3816.011045,3877.12825,0.27784242741392706
2025-04-21,000300.SH,3784.8806,3768.1421,3790.1782,3763.1383,3772.523,12.3576,0.3276,121355730.0,208085677.382,0.003275685794360994,0.003270332423105079,3772.73618,3809.520295,3876.869866666667,0.2743439345684446
2025-04-22,000300.SH,3783.9522,3780.1122,3799.2295,3778.0791,3784.8806,-0.9284,-0.0245,125688257.0,210200698.794,-0.00024529175372134393,-0.000245321842664046,3777.27966,3801.975475,3876.3966883333333,0.2732667103343524
2025-04-23,000300.SH,3786.8824,3803.4295,3807.9536,3780.5183,3783.9522,2.9302,0.0774,131986870.0,247117386.122,0.0007743755325448909,0.0007740758585090369,3780.09206,3794.70484,3875.683455,0.27339336883514176
2025-04-24,000300.SH,3784.3574,3787.459,3807.2599,3775.207,3786.8824,-2.525,-0.0667,117164560.0,205483051.375,-0.0006667753928667475,-0.0006669977864422178,3782.51912,3787.9548800000002,3874.87917,0.2733540951511829
2025-04-25,000300.SH,3786.9937,3792.0838,3801.5765,3780.7772,3784.3574,2.6363,0.0697,124591133.0,220535052.619,0.0006966308203342209,0.0006963882857158247,3785.41326,3780.6839800000002,3874.7121216666665,0.2728828075026135
2025-04-28,000300.SH,3781.6188,3786.3867,3792.0082,3772.8029,3786.9937,-5.3749,-0.1419,125145091.0,210635318.523,-0.001419305239403923,-0.0014203134071299587,3784.7609,3774.0066100000004,3874.34337,0.2727039206364868
2025-04-29,000300.SH,3775.0767,3776.0025,3785.3157,3768.0311,3781.6188,-6.5421,-0.173,111514694.0,197462744.363,-0.0017299734177331771,-0.0017314715498146472,3782.9858,3768.3951649999995,3873.3802533333337,0.2719248329079717
2025-04-30,000300.SH,3770.5705,3775.8306,3787.5639,3768.7573,3775.0767,-4.5062,-0.1194,143681658.0,244820462.218,-0.0011936711113711418,-0.0011943841041746196,3779.72342,3762.539485,3872.605091666667,0.2718742858048342
2025-05-06,000300.SH,3808.5424,3794.3757,3809.0939,3782.777,3770.5705,37.9719,1.0071,158520459.0,267937090.757,0.01007059806997379,0.010020227489523251,3784.5604200000002,3758.7473150000005,3872.829385,0.2749049225000819
2025-05-07,000300.SH,3831.627,3861.5767,3863.6776,3814.9868,3808.5424,23.0846,0.6061,161172299.0,286010735.453,0.006061269004120851,0.006042973405624675,3793.4870800000003,3757.253495,3872.642645,0.2752642332379969
2025-05-08,000300.SH,3852.8963,3820.5481,3867.3313,3816.2642,3831.627,21.2693,0.5551,124959833.0,246987280.588,0.005550983955379785,0.005535634022564487,3807.7425799999996,3770.4262800000006,3871.9792033333338,0.0836276542051386
2025-05-09,000300.SH,3846.1566,3848.6187,3853.6632,3836.5349,3852.8963,-6.7397,-0.1749,119389526.0,216697939.672,-0.0017492554886566758,-0.00175078722256223,3821.95856,3780.1961599999995,3871.064116666667,0.06860907241266839
2025-05-12,000300.SH,3890.6096,3866.5305,3890.7342,3859.0346,3846.1566,44.453,1.1558,153332460.0,296122947.808,0.011557771724635346,0.011491490897917114,3845.9663800000003,3790.3869250000002,3871.18869,0.07118706440927001
2025-05-13,000300.SH,3896.2583,3915.5924,3915.5924,3890.6855,3890.6096,5.6487,0.1452,147320299.0,267586397.72,0.0014518804456762346,0.0014508274863194843,3863.50956,3798.4440850000005,3870.7953,0.059690493662378344
2025-05-14,000300.SH,3943.2108,3894.8386,3960.5228,3890.6504,3896.2583,46.9525,1.2051,172033779.0,319465226.851,0.012050664094831687,0.0119786329469608,3885.82632,3808.0787900000005,3871.429816666667,0.06910760550141497
2025-05-15,000300.SH,3907.1992,3934.0273,3936.4653,3904.9068,3943.2108,-36.0116,-0.9133,138081749.0,241464943.554,-0.009132557660878726,-0.009174515113527595,3896.6868999999997,3815.4816399999995,3870.899661666667,0.08055176611463113
2025-05-16,000300.SH,3889.0854,3898.6662,3903.8528,3874.8619,3907.1992,-18.1138,-0.4636,118405345.0,208835664.039,-0.004636006272728532,-0.004646785878926658,3905.27266,3821.8741700000005,3869.92778,0.08378329736484266
2025-05-19,000300.SH,3877.1453,3882.5677,3885.5889,3866.5695,3889.0854,-11.9401,-0.307,98643414.0,184888170.554,-0.003070156289188164,-0.0030748788875620053,3902.5798000000004,3827.0904149999997,3869.33382,0.08525717383138964
2025-05-20,000300.SH,3898.1705,3883.1024,3911.4737,3881.7436,3877.1453,21.0252,0.5423,104885234.0,201636702.522,0.005422855831583195,0.005408205090934483,3902.96224,3833.387835,3868.633991666667,0.08621918767963586
2025-05-21,000300.SH,3916.3807,3899.4365,3928.6339,3899.4365,3898.1705,18.2102,0.4671,109791343.0,217037739.435,0.004671473451456354,0.0046605959820707294,3897.5962200000004,3840.5807199999995,3868.425405,0.0866443153308253
2025-05-22,000300.SH,3913.8651,3912.6007,3923.0195,3903.0898,3916.3807,-2.5156,-0.0642,107597052.0,197511410.271,-0.0006423277491894863,-0.0006425341300390055,3898.9294,3847.0299450000007,3867.3490900000006,0.08692719536842775
2025-05-23,000300.SH,3882.2741,3910.3739,3931.5514,3882.2741,3913.8651,-31.591,-0.8072,120277419.0,232945378.295,-0.008071560769940644,-0.00810431217224979,3897.56714,3851.9460400000003,3865.8917100000003,0.09343502910884077
2025-05-26,000300.SH,3860.1067,3875.7891,3884.537,3849.0384,3882.2741,-22.1674,-0.571,109601207.0,208876792.149,-0.005709900802728041,-0.005726264606510733,3894.15942,3855.6072550000004,3864.7993133333334,0.09669676928439369
2025-05-27,000300.SH,3839.3969,3857.6271,3865.4291,3834.8455,3860.1067,-20.7098,-0.5365,98572425.0,178466763.541,-0.0053650848563330245,-0.005379528608558668,3882.4047,3858.3592299999996,3862.79024,0.09916193982815999
2025-05-28,000300.SH,3836.2366,3843.0747,3849.736,3833.9582,3839.3969,-3.1603,-0.0823,89031026.0,162496372.728,-0.0008231240693037378,-0.0008234630219332806,3866.3758800000005,3860.8213750000004,3860.592251666667,0.09931751711527084
2025-05-29,000300.SH,3858.6998,3838.0092,3869.7909,3831.4577,3836.2366,22.4632,0.5856,108471886.0,209459602.501,0.005855530391425834,0.005838453404127622,3855.3428200000003,3864.675425,3860.06977,0.10064112662964646
2025-05-30,000300.SH,3840.2323,3850.493,3858.6128,3829.2542,3858.6998,-18.4675,-0.4786,111672228.0,199389751.071,-0.004785938517424926,-0.004797427793809138,3846.9344600000004,3867.9332050000003,3859.2657449999997,0.10232260695722614
2025-06-03,000300.SH,3852.0127,3833.4584,3863.2952,3832.7202,3840.2323,11.7804,0.3068,131403090.0,226782772.063,0.0030676269245482057,0.003062931357455309,3845.31566,3872.005315,3858.7122766666666,0.1022976227653708
2025-06-04,000300.SH,3868.7429,3855.4878,3875.8569,3855.4878,3852.0127,16.7302,0.4343,116803873.0,211736178.154,0.004343235940006185,0.004333831311970103,3851.1848600000003,3875.0153399999995,3858.1484816666666,0.09753738148658224
2025-06-05,000300.SH,3877.5557,3872.6373,3883.1345,3861.272,3868.7429,8.8128,0.2278,122878184.0,231749275.335,0.002277949253231437,0.002275358660244949,3859.44868,3877.3117749999997,3856.837128333333,0.09573985977862308
2025-06-06,000300.SH,3873.9841,3878.1027,3889.4557,3869.3871,3877.5557,-3.5716,-0.0921,110987971.0,202034736.311,-0.0009210957304880418,-0.0009215201998316871,3862.5055399999997,3878.3661649999995,3855.6699583333334,0.09405416984773818
