date,ts_code,open,high,low,close,pre_close,change,pct_chg,volume,amount,returns,logReturns,ma5,ma20,ma60,volatility
2022-06-02,000001.SZ,14.02,14.03,13.88,13.95,14.08,-0.13,-0.9233,979268.22,1363740.798,,,,,,
2022-06-06,000001.SZ,13.91,14.17,13.64,14.17,13.95,0.22,1.5771,1710851.75,2370807.61,0.01577060931899643,0.01564754543521445,,,,
2022-06-07,000001.SZ,14.02,14.25,13.99,14.16,14.17,-0.01,-0.0706,1315112.62,1860366.716,-0.0007057163020465218,-0.0007059654370153107,,,,
2022-06-08,000001.SZ,14.16,14.17,14.01,14.16,14.16,0.0,0.0,1145521.24,1613524.958,0.0,0.0,,,,
2022-06-09,000001.SZ,14.14,14.46,14.1,14.35,14.16,0.19,1.3418,1632901.34,2339986.708,0.013418079096045199,0.013328853940056415,14.157999999999998,,,
2022-06-10,000001.SZ,14.26,14.33,14.13,14.32,14.35,-0.03,-0.2091,1346012.31,1914639.698,-0.002090592334494712,-0.0020927806731304973,14.232,,,
2022-06-13,000001.SZ,14.18,14.19,13.88,13.91,14.32,-0.41,-2.8631,1547752.85,2163340.109,-0.02863128491620115,-0.02904915559714805,14.180000000000001,,,
2022-06-14,000001.SZ,13.71,14.13,13.71,14.12,13.91,0.21,1.5097,1151429.39,1602169.898,0.015097052480230078,0.014984226129744503,14.172,,,
2022-06-15,000001.SZ,14.1,15.11,14.06,14.74,14.12,0.62,4.3909,3413543.71,5010292.727,0.0439093484419264,0.04297265469609458,14.288,,,
2022-06-16,000001.SZ,14.74,14.83,14.42,14.44,14.74,-0.3,-2.0353,1332546.31,1939976.255,-0.020352781546811416,-0.020562753296510392,14.306000000000001,,,
2022-06-17,000001.SZ,14.32,14.53,14.2,14.45,14.44,0.01,0.0693,1053787.94,1513925.914,0.0006925207756232066,0.0006922810937609341,14.331999999999999,,,
2022-06-20,000001.SZ,14.44,14.44,14.26,14.34,14.45,-0.11,-0.7612,1032166.8,1479529.787,-0.00761245674740485,-0.007641579386966873,14.418000000000001,,,
2022-06-21,000001.SZ,14.34,14.63,14.23,14.37,14.34,0.03,0.2092,1321793.98,1905346.057,0.0020920502092049986,0.0020898649194592365,14.468,,,
2022-06-22,000001.SZ,14.36,14.36,14.08,14.08,14.37,-0.29,-2.0181,1056045.92,1498415.784,-0.02018093249826025,-0.020387349361037203,14.336000000000002,,,
2022-06-23,000001.SZ,14.09,14.23,14.06,14.2,14.08,0.12,0.8523,806028.03,1140899.092,0.008522727272727293,0.008486613877318725,14.288,,,
2022-06-24,000001.SZ,14.2,14.25,14.11,14.23,14.2,0.03,0.2113,866040.61,1227798.687,0.0021126760563381364,0.002110447494546062,14.244,,,
2022-06-27,000001.SZ,14.24,14.56,14.22,14.49,14.23,0.26,1.8271,1497278.18,2166380.438,0.01827125790583284,0.018106344230830098,14.274000000000001,,,
2022-06-28,000001.SZ,14.47,14.67,14.41,14.63,14.49,0.14,0.9662,1125110.48,1638673.242,0.009661835748792313,0.009615458699441973,14.325999999999999,,,
2022-06-29,000001.SZ,14.65,14.9,14.55,14.64,14.63,0.01,0.0684,1266547.28,1865064.678,0.0006835269993163973,0.0006832935011324836,14.437999999999999,,,
2022-06-30,000001.SZ,14.63,15.02,14.55,14.98,14.64,0.34,2.3224,1548745.01,2304888.692,0.023224043715847076,0.022958469555908,14.594,14.336500000000001,,
2022-07-01,000001.SZ,15.0,15.07,14.84,14.92,14.98,-0.06,-0.4005,779243.32,1164030.776,-0.004005340453938633,-0.004013383313458676,14.732,14.385,,0.2603271213005359
2022-07-04,000001.SZ,14.95,14.98,14.75,14.94,14.92,0.02,0.134,834968.07,1241453.402,0.0013404825737264314,0.0013395849290563455,14.822,14.423499999999999,,0.2563095942600158
2022-07-05,000001.SZ,14.99,15.27,14.82,14.91,14.94,-0.03,-0.2008,1115172.1,1674719.025,-0.00200803212851397,-0.0020100509280241118,14.878,14.461000000000002,,0.25658552025289855
2022-07-06,000001.SZ,14.83,14.93,14.46,14.53,14.91,-0.38,-2.5486,1043335.23,1520022.515,-0.025486250838363533,-0.025816651194455534,14.856,14.479499999999998,,0.2754100074413932
2022-07-07,000001.SZ,14.54,14.65,14.38,14.42,14.53,-0.11,-0.7571,730160.98,1057696.547,-0.007570543702684063,-0.007599345725388479,14.744,14.482999999999999,,0.27336512684606673
2022-07-08,000001.SZ,14.5,14.65,14.37,14.54,14.42,0.12,0.8322,639698.23,928850.349,0.00832177531206657,0.008287340248570287,14.668000000000001,14.494,,0.27461102080526156
2022-07-11,000001.SZ,14.5,14.57,14.36,14.46,14.54,-0.08,-0.5502,611691.94,883613.754,-0.005502063273727487,-0.005517255374754517,14.572,14.5215,,0.2530430705941296
2022-07-12,000001.SZ,14.41,14.73,14.38,14.42,14.46,-0.04,-0.2766,742882.42,1078431.99,-0.0027662517289074318,-0.0027700848738157124,14.474,14.5365,,0.24874506488285145
2022-07-13,000001.SZ,14.42,14.47,13.89,13.97,14.42,-0.45,-3.1207,2175996.06,3056913.118,-0.03120665742024964,-0.031703958587932554,14.362,14.498,,0.21863892562521062
2022-07-14,000001.SZ,13.7,13.71,13.29,13.37,13.97,-0.6,-4.2949,2632120.87,3534578.702,-0.04294917680744459,-0.04389878215501871,14.152000000000001,14.4445,,0.25472425324806475
2022-07-15,000001.SZ,13.48,13.56,13.22,13.24,13.37,-0.13,-0.9723,1598637.4,2139915.274,-0.009723261032161479,-0.00977084060498958,13.892000000000001,14.384,,0.25501517795247297
2022-07-18,000001.SZ,13.25,13.44,13.21,13.39,13.24,0.15,1.1329,1153505.81,1536340.973,0.011329305135951762,0.011265609194219086,13.678,14.336499999999997,,0.2604966476055891
2022-07-19,000001.SZ,13.34,13.43,13.28,13.42,13.39,0.03,0.224,755597.1,1008562.417,0.0022404779686333587,0.0022379718404546456,13.478,14.288999999999998,,0.26053786495988057
2022-07-20,000001.SZ,13.43,13.47,13.35,13.39,13.42,-0.03,-0.2235,801458.66,1073936.3,-0.0022354694485841042,-0.002237971840454497,13.362,14.254499999999998,,0.25277367294467495
2022-07-21,000001.SZ,13.32,13.34,12.99,13.01,13.39,-0.38,-2.8379,1970387.89,2588696.13,-0.028379387602688655,-0.028789867178667317,13.290000000000001,14.195000000000002,,0.2652795844230282
2022-07-22,000001.SZ,12.84,12.93,12.62,12.81,12.78,0.03,0.2347,1376509.74,1755555.714,-0.01537279016141424,-0.015492176615770972,13.204000000000002,14.124,,0.26698804887814764
2022-07-25,000001.SZ,12.8,12.85,12.67,12.82,12.81,0.01,0.0781,763955.81,976071.707,0.0007806401249024209,0.0007803355838811049,13.09,14.0405,,0.2535562860731828
2022-07-26,000001.SZ,12.75,12.91,12.71,12.91,12.82,0.09,0.702,1024048.81,1314310.442,0.0070202808112325155,0.006995753366027216,12.988,13.9545,,0.25156032056573074
2022-07-27,000001.SZ,12.85,12.88,12.73,12.79,12.91,-0.12,-0.9295,923914.08,1182889.761,-0.009295120061967532,-0.009338589267799876,12.868,13.862,,0.25047582523894185
2022-07-28,000001.SZ,12.81,12.91,12.78,12.88,12.79,0.09,0.7037,750346.52,964903.658,0.0070367474589523304,0.007012105085456258,12.842000000000002,13.757,,0.23071269646529294
2022-07-29,000001.SZ,12.88,12.9,12.65,12.68,12.88,-0.2,-1.5528,831497.47,1059518.585,-0.015527950310559091,-0.015649771667127776,12.815999999999999,13.645000000000001,,0.23207130382057334
2022-08-01,000001.SZ,12.66,12.66,12.4,12.42,12.68,-0.26,-2.0505,1025732.71,1277987.01,-0.02050473186119872,-0.020717872503747143,12.736,13.519,,0.2333640406960767
2022-08-02,000001.SZ,12.22,12.34,11.94,12.26,12.42,-0.16,-1.2882,1373009.3,1664397.666,-0.012882447665056418,-0.012966145997267423,12.605999999999998,13.386500000000002,,0.232176512265372
2022-08-03,000001.SZ,12.19,12.27,12.01,12.03,12.26,-0.23,-1.876,746136.53,905653.325,-0.01876019575856447,-0.018938400521477862,12.453999999999999,13.261500000000002,,0.2272610231299688
2022-08-04,000001.SZ,12.1,12.17,12.02,12.16,12.03,0.13,1.0806,602675.62,729351.71,0.010806317539484578,0.010748346551433396,12.309999999999999,13.148500000000002,,0.23821097584512332
2022-08-05,000001.SZ,12.13,12.33,11.98,12.31,12.16,0.15,1.2336,765297.87,930836.354,0.012335526315789602,0.01226006365834132,12.236,13.037,,0.24233352230859537
2022-08-08,000001.SZ,12.25,12.36,12.16,12.2,12.31,-0.11,-0.8936,551999.69,674950.921,-0.008935824532900205,-0.008975988457151394,12.192,12.924000000000001,,0.24213710690423212
2022-08-09,000001.SZ,12.21,12.22,12.08,12.12,12.2,-0.08,-0.6557,558447.57,677098.633,-0.006557377049180357,-0.006578971098042511,12.164,12.809000000000001,,0.2413503610722636
2022-08-10,000001.SZ,12.12,12.24,12.02,12.06,12.12,-0.06,-0.495,683023.21,825806.008,-0.004950495049504844,-0.004962789342128902,12.17,12.7135,,0.22616088553448563
2022-08-11,000001.SZ,12.08,12.39,12.04,12.35,12.06,0.29,2.4046,1399303.61,1710719.478,0.024046434494195523,0.02376187177494666,12.207999999999998,12.6625,,0.21028040203441165
2022-08-12,000001.SZ,12.26,12.41,12.2,12.38,12.35,0.03,0.2429,820503.56,1010612.433,0.0024291497975710286,0.002426204182464019,12.222,12.6195,,0.21022336701838687
2022-08-15,000001.SZ,12.29,12.36,12.09,12.11,12.38,-0.27,-2.1809,1172010.0,1425087.455,-0.02180936995153482,-0.022050709691449247,12.203999999999999,12.555499999999999,,0.21259907952812188
2022-08-16,000001.SZ,12.11,12.2,12.1,12.13,12.11,0.02,0.1652,631223.7,765907.219,0.0016515276630884035,0.0016501653909579254,12.206,12.491,,0.21234590395656264
2022-08-17,000001.SZ,12.15,12.42,12.07,12.4,12.13,0.27,2.2259,1348506.58,1656961.619,0.022258862324814555,0.022014749655032462,12.274,12.4415,,0.2332757612731637
2022-08-18,000001.SZ,12.48,12.54,12.16,12.25,12.4,-0.15,-1.2097,1269700.94,1560630.568,-0.012096774193548376,-0.012170535620255179,12.254,12.4035,,0.21705264184144943
2022-08-19,000001.SZ,12.27,12.75,12.23,12.57,12.25,0.32,2.6122,2106417.24,2653471.09,0.026122448979591928,0.025787085611420152,12.292,12.3915,,0.23472590924836637
2022-08-22,000001.SZ,12.58,12.68,12.41,12.5,12.57,-0.07,-0.5569,1138076.58,1423361.879,-0.005568814638027053,-0.005584378293900619,12.370000000000001,12.3755,,0.23522541464073077
2022-08-23,000001.SZ,12.45,12.49,12.28,12.34,12.5,-0.16,-1.28,921463.07,1137300.431,-0.012800000000000034,-0.012882625831013718,12.412,12.347,,0.23660187233721705
2022-08-24,000001.SZ,12.33,12.54,12.33,12.4,12.34,0.06,0.4862,1295375.33,1613309.589,0.004862236628849326,0.00485045413374948,12.412,12.327499999999999,,0.23626810247985908
2022-08-25,000001.SZ,12.4,12.66,12.3,12.62,12.4,0.22,1.7742,1064010.61,1329230.362,0.01774193548387082,0.01758638450207577,12.486,12.314499999999999,13.469333333333333,0.24428335956568853
2022-08-26,000001.SZ,12.68,12.75,12.46,12.61,12.62,-0.01,-0.0792,927634.26,1168951.099,-0.0007923930269413404,-0.000792707136238886,12.494,12.311,13.447,0.23810761190747257
2022-08-29,000001.SZ,12.5,12.56,12.31,12.42,12.61,-0.19,-1.5067,924490.65,1145189.174,-0.015067406819984086,-0.015182073471495429,12.478,12.311,13.417833333333332,0.23266897772019374
2022-08-30,000001.SZ,12.43,12.54,12.28,12.48,12.42,0.06,0.4831,799712.38,991447.627,0.004830917874396157,0.004819286435948922,12.506,12.322,13.389833333333334,0.2280075015877712
2022-08-31,000001.SZ,12.38,12.78,12.36,12.75,12.48,0.27,2.1635,1653041.58,2091408.315,0.02163461538461542,0.02140390866315358,12.575999999999999,12.358,13.366333333333332,0.22668782725133532
2022-09-01,000001.SZ,12.65,12.79,12.58,12.61,12.75,-0.14,-1.098,861981.95,1092666.277,-0.01098039215686275,-0.011041121627606967,12.574000000000002,12.380500000000001,13.337333333333333,0.2299146568520254
2022-09-02,000001.SZ,12.62,12.69,12.43,12.51,12.61,-0.1,-0.793,786362.81,983433.863,-0.007930214115781098,-0.00796182549800839,12.554,12.3905,13.307166666666665,0.22898739406194418
2022-09-05,000001.SZ,12.46,12.6,12.37,12.57,12.51,0.06,0.4796,632039.98,788451.089,0.004796163069544335,0.004784698123336253,12.584,12.408999999999999,13.284833333333333,0.22633330899177495
2022-09-06,000001.SZ,12.58,12.66,12.43,12.5,12.57,-0.07,-0.5569,731294.99,914692.184,-0.005568814638027053,-0.005584378293900619,12.588,12.428,13.257833333333334,0.22588803547003392
2022-09-07,000001.SZ,12.42,12.42,12.28,12.33,12.5,-0.17,-1.36,979812.81,1208329.759,-0.013599999999999945,-0.013693327132002454,12.504,12.441500000000001,13.217666666666666,0.23125806013013034
2022-09-08,000001.SZ,12.32,12.44,12.3,12.36,12.33,0.03,0.2433,621116.92,768913.484,0.0024330900243307862,0.002430134853291669,12.453999999999999,12.441999999999998,13.182999999999998,0.2151102726604736
2022-09-09,000001.SZ,12.4,12.74,12.36,12.72,12.36,0.36,2.9126,1951297.31,2469131.334,0.02912621359223322,0.028710105882431575,12.495999999999999,12.459,13.154166666666667,0.23850147300694263
2022-09-13,000001.SZ,12.88,13.02,12.66,12.95,12.72,0.23,1.8082,1722689.89,2223707.38,0.01808176100628911,0.017920230233570474,12.572,12.501000000000001,13.131,0.22870989526448512
2022-09-14,000001.SZ,12.75,12.87,12.7,12.73,12.95,-0.22,-1.6988,858035.84,1095054.829,-0.01698841698841691,-0.017134375576231525,12.617999999999999,12.530999999999999,13.103666666666667,0.23995550568567614
2022-09-15,000001.SZ,12.8,13.1,12.77,13.0,12.73,0.27,2.121,1841017.88,2393239.453,0.02120974076983506,0.02098794489222161,12.751999999999999,12.561,13.085666666666668,0.23883744656581982
2022-09-16,000001.SZ,12.92,12.95,12.56,12.56,13.0,-0.44,-3.3846,1357447.81,1719252.822,-0.03384615384615386,-0.03443219642148413,12.792,12.5765,13.058333333333334,0.2672244742828345
2022-09-19,000001.SZ,12.54,12.67,12.48,12.57,12.56,0.01,0.0796,632121.04,793491.306,0.0007961783439489611,0.0007958615621033534,12.762,12.5765,13.030666666666667,0.2507424240711583
2022-09-20,000001.SZ,12.61,12.63,12.32,12.34,12.57,-0.23,-1.8298,889988.53,1102212.204,-0.01829753381066035,-0.01846700412491435,12.64,12.568499999999998,12.994833333333332,0.2585218022420604
2022-09-21,000001.SZ,12.31,12.48,12.2,12.43,12.34,0.09,0.7293,684197.39,845477.182,0.007293354943273878,0.007266887045377961,12.580000000000002,12.573,12.958166666666667,0.25568399118968343
2022-09-22,000001.SZ,12.33,12.36,12.25,12.29,12.43,-0.14,-1.1263,586133.38,720058.21,-0.011263073209975882,-0.01132698194467631,12.437999999999999,12.567499999999999,12.919,0.2584163903572577
2022-09-23,000001.SZ,12.24,12.43,12.23,12.29,12.29,0.0,0.0,586441.06,722703.128,0.0,0.0,12.384,12.551,12.874166666666666,0.24948944110265212
2022-09-26,000001.SZ,12.16,12.28,11.99,12.0,12.29,-0.29,-2.3596,903729.04,1094060.839,-0.02359641985353944,-0.02387927378994312,12.27,12.5205,12.8255,0.26181426901637755
2022-09-27,000001.SZ,12.0,12.16,11.81,12.15,12.0,0.15,1.25,789622.29,946732.994,0.012499999999999956,0.01242251999855711,12.232,12.507,12.779,0.26233595417084665
2022-09-28,000001.SZ,12.09,12.25,11.92,12.11,12.15,-0.04,-0.3292,780925.58,946211.767,-0.003292181069958877,-0.003297612221556609,12.168000000000001,12.4885,12.732333333333333,0.2615376392899396
2022-09-29,000001.SZ,12.25,12.28,11.82,11.86,12.11,-0.25,-2.0644,917718.04,1100405.198,-0.02064409578860449,-0.02086016399542152,12.081999999999999,12.443999999999999,12.687833333333334,0.2551852259888045
2022-09-30,000001.SZ,11.87,11.96,11.83,11.84,11.86,-0.02,-0.1686,537230.19,638906.948,-0.001686340640809414,-0.0016877641137197409,11.992,12.4055,12.644833333333333,0.25369442543750736
2022-10-10,000001.SZ,11.7,11.77,11.46,11.47,11.84,-0.37,-3.125,966080.18,1119089.731,-0.03124999999999989,-0.03174869831458019,11.886,12.3535,12.593666666666667,0.27248472227171017
2022-10-11,000001.SZ,11.54,11.58,11.41,11.48,11.47,0.01,0.0872,415253.37,476749.227,0.0008718395815170421,0.0008714597501410787,11.751999999999999,12.299000000000001,12.544,0.2711209060678265
2022-10-12,000001.SZ,11.45,11.62,11.35,11.6,11.48,0.12,1.0453,559572.43,641776.509,0.010452961672473782,0.010398707220898517,11.65,12.254000000000001,12.496999999999998,0.27611275831718995
2022-10-13,000001.SZ,11.51,11.54,11.31,11.34,11.6,-0.26,-2.2414,852615.97,970021.739,-0.022413793103448265,-0.02266879981271294,11.546,12.2045,12.453166666666666,0.28206125722041275
2022-10-14,000001.SZ,11.45,11.63,11.4,11.53,11.34,0.19,1.6755,1096061.58,1265486.55,0.016754850088183337,0.016616035981361563,11.484,12.163,12.422499999999998,0.29085506679895096
2022-10-17,000001.SZ,11.42,11.52,11.34,11.48,11.53,-0.05,-0.4337,1024822.71,1171523.55,-0.004336513443191636,-0.0043459433895472604,11.486,12.100999999999999,12.393166666666666,0.2644129207049468
2022-10-18,000001.SZ,11.55,11.64,11.46,11.48,11.48,0.0,0.0,946837.09,1091646.644,0.0,0.0,11.486,12.0275,12.361333333333333,0.250940375010962
2022-10-19,000001.SZ,11.42,11.49,11.28,11.29,11.48,-0.19,-1.6551,923989.68,1049700.767,-0.016550522648083765,-0.016689012729849854,11.424,11.9555,12.325833333333332,0.250688121638385
2022-10-20,000001.SZ,11.23,11.31,11.16,11.2,11.29,-0.09,-0.7972,781923.23,876967.151,-0.00797165633303809,-0.008003599860521795,11.396,11.8655,12.289333333333333,0.2293824843795464
2022-10-21,000001.SZ,11.21,11.25,11.07,11.09,11.2,-0.11,-0.9821,785574.29,876648.491,-0.009821428571428537,-0.009869976938773157,11.308,11.792,12.257333333333333,0.2073321518870307
2022-10-24,000001.SZ,11.09,11.1,10.61,10.62,11.09,-0.47,-4.2381,1383390.65,1496043.94,-0.04238052299368811,-0.043304785548483,11.136,11.6945,12.220833333333333,0.24197426565519992
2022-10-25,000001.SZ,10.7,10.81,10.6,10.65,10.62,0.03,0.2825,1316979.4,1406437.766,0.0028248587570622874,0.0028208763416414846,10.969999999999999,11.610000000000001,12.184666666666667,0.24199412796106692
2022-10-26,000001.SZ,10.64,10.73,10.61,10.66,10.65,0.01,0.0939,1143829.88,1220733.278,0.0009389671361501595,0.0009385265822642868,10.844,11.5215,12.147166666666665,0.23795516084663249
2022-10-27,000001.SZ,10.7,10.77,10.66,10.68,10.66,0.02,0.1876,957383.46,1024868.047,0.0018761726078799779,0.001874414794350352,10.739999999999998,11.440999999999999,12.112,0.23979448426814362
2022-10-28,000001.SZ,10.63,10.7,10.41,10.42,10.68,-0.26,-2.4345,1057947.01,1114999.302,-0.02434456928838946,-0.024645797206827868,10.606,11.3475,12.071,0.24601215116610398
2022-10-31,000001.SZ,10.33,10.45,10.22,10.34,10.42,-0.08,-0.7678,983095.69,1016230.012,-0.007677543186180413,-0.007707167244937778,10.55,11.2645,12.032000000000002,0.2391082108878173
2022-11-01,000001.SZ,10.38,10.68,10.36,10.67,10.34,0.33,3.1915,1381234.13,1459758.367,0.03191489361702127,0.031416196233378914,10.553999999999998,11.1905,12.002833333333333,0.2685574751762066
2022-11-02,000001.SZ,10.61,10.68,10.48,10.63,10.67,-0.04,-0.3749,1302988.18,1377816.22,-0.0037488284910964786,-0.003755872959805384,10.548,11.116499999999998,11.975666666666665,0.26849369777934856
2022-11-03,000001.SZ,10.54,10.57,10.38,10.44,10.63,-0.19,-1.7874,983535.61,1028904.286,-0.01787394167450629,-0.018035609899364077,10.5,11.0455,11.949166666666667,0.26671314045790234
2022-11-04,000001.SZ,10.4,10.85,10.39,10.82,10.44,0.38,3.6398,1776112.23,1903720.944,0.03639846743295028,0.03575169096384288,10.58,10.9945,11.926833333333333,0.3065824465914275
2022-11-07,000001.SZ,10.81,10.91,10.73,10.88,10.82,0.06,0.5545,988082.04,1070554.833,0.005545286506469571,0.0055299680094611755,10.688,10.965,11.902999999999999,0.2911423929768524
2022-11-08,000001.SZ,10.89,10.92,10.78,10.85,10.88,-0.03,-0.2757,583222.05,632835.805,-0.0027573529411766273,-0.0027611614413281683,10.724,10.933499999999999,11.880500000000001,0.2908736037440144
2022-11-09,000001.SZ,10.84,11.08,10.82,10.89,10.85,0.04,0.3687,832106.85,911153.622,0.0036866359447005337,0.003679856958400618,10.776,10.898,11.860000000000001,0.28780375172507366
2022-11-10,000001.SZ,10.79,10.9,10.69,10.87,10.89,-0.02,-0.1837,552021.19,596916.589,-0.0018365472910928382,-0.0018382358117511204,10.862,10.8745,11.840166666666667,0.27850960816878334
2022-11-11,000001.SZ,11.13,11.66,11.01,11.43,10.87,0.56,5.1518,2545070.55,2878557.392,0.05151793928242876,0.05023477667360127,10.984,10.869499999999999,11.824833333333334,0.3317519375172585
2022-11-14,000001.SZ,11.7,12.28,11.7,11.95,11.43,0.52,4.5494,3872084.1,4637823.414,0.045494313210848514,0.044489800570800264,11.197999999999999,10.893,11.817666666666666,0.3686708477842312
2022-11-15,000001.SZ,11.86,12.18,11.83,12.01,11.95,0.06,0.5021,1573901.34,1891249.648,0.00502092050209213,0.005008357714372579,11.430000000000001,10.9195,11.815999999999999,0.3686931019279641
2022-11-16,000001.SZ,11.97,12.05,11.79,11.82,12.01,-0.19,-1.582,1278692.88,1519133.932,-0.01582014987510405,-0.015946624113940003,11.616,10.946,11.810833333333333,0.36820101922156356
2022-11-17,000001.SZ,11.81,11.84,11.58,11.69,11.82,-0.13,-1.0998,1091047.16,1273790.881,-0.010998307952622688,-0.01105923649397511,11.78,10.9705,11.799,0.3695025015443087
2022-11-18,000001.SZ,11.74,11.78,11.57,11.59,11.69,-0.1,-0.8554,868093.29,1011078.68,-0.008554319931565413,-0.008591118132316675,11.812,10.9955,11.788,0.3689737306871308
2022-11-21,000001.SZ,11.48,11.5,11.22,11.46,11.59,-0.13,-1.1217,1047737.07,1189388.618,-0.011216566005176842,-0.0112799460650668,11.714,11.0375,11.7695,0.3336307187490748
2022-11-22,000001.SZ,11.46,11.93,11.44,11.82,11.46,0.36,3.1414,1491323.88,1748727.407,0.03141361256544495,0.030930300691358558,11.676,11.096,11.758166666666666,0.3474214658644264
2022-11-23,000001.SZ,11.78,12.05,11.72,11.82,11.82,0.0,0.0,1247656.53,1483352.652,0.0,0.0,11.676,11.154,11.749500000000001,0.3475990731053733
2022-11-24,000001.SZ,11.92,11.99,11.69,11.77,11.82,-0.05,-0.423,796718.82,941002.373,-0.004230118443316444,-0.004239090705766822,11.692,11.208499999999999,11.739,0.3490931601806382
2022-11-25,000001.SZ,11.79,12.23,11.77,12.17,11.77,0.4,3.3985,1760728.17,2130171.605,0.03398470688190325,0.03341998572725056,11.808000000000002,11.296,11.7315,0.3452271171613559
2022-11-28,000001.SZ,11.9,11.92,11.69,11.81,12.17,-0.36,-2.9581,1331562.95,1568351.12,-0.02958093672966311,-0.030027276790164873,11.878,11.369499999999999,11.718166666666667,0.36652868010539436
2022-11-29,000001.SZ,12.16,12.99,12.13,12.99,11.81,1.18,9.9915,4749276.5,6026006.642,0.09991532599491948,0.09523320047323716,12.112,11.4855,11.727666666666668,0.4875406249804109
2022-11-30,000001.SZ,12.9,13.34,12.82,13.03,12.99,0.04,0.3079,3209628.3,4206404.173,0.003079291762894565,0.0030745604542456104,12.354000000000001,11.605500000000001,11.736833333333333,0.48552596208465854
2022-12-01,000001.SZ,13.38,13.66,13.07,13.1,13.03,0.07,0.5372,2002688.83,2658203.027,0.005372217958557135,0.00535783907035207,12.62,11.7385,11.742666666666668,0.4742885547376625
2022-12-02,000001.SZ,13.14,13.15,12.69,12.9,13.1,-0.2,-1.5267,1404202.78,1803658.762,-0.015267175572518998,-0.015384918839479343,12.766,11.8425,11.7475,0.4742371662970139
2022-12-05,000001.SZ,13.09,13.57,13.01,13.53,12.9,0.63,4.8837,2287627.42,3057231.973,0.04883720930232549,0.04768213081507015,13.11,11.975,11.7645,0.4942414052313458
2022-12-06,000001.SZ,13.34,13.66,13.25,13.43,13.53,-0.1,-0.7391,1252578.91,1680593.516,-0.007390983000739038,-0.0074184316475504036,13.197999999999999,12.104000000000001,11.778833333333333,0.4962716926716749
2022-12-07,000001.SZ,13.33,13.37,13.03,13.15,13.43,-0.28,-2.0849,1377376.9,1815667.663,-0.02084884586746083,-0.02106925191137257,13.222,12.216999999999999,11.789666666666667,0.5086668737108152
2022-12-08,000001.SZ,13.15,13.52,13.12,13.36,13.15,0.21,1.597,1065722.8,1422047.905,0.015969581749049278,0.01584340948472596,13.274000000000001,12.3415,11.806833333333334,0.5071216134037575
2022-12-09,000001.SZ,13.4,13.75,13.35,13.7,13.36,0.34,2.5449,1615831.92,2197501.649,0.025449101796407136,0.025130664725579517,13.434000000000001,12.455,11.829166666666667,0.48744471042888804
2022-12-12,000001.SZ,13.58,13.58,13.06,13.11,13.7,-0.59,-4.3066,1392584.28,1848277.967,-0.043065693430656915,-0.044020535058470735,13.35,12.513,11.835666666666667,0.5019359012714321
2022-12-13,000001.SZ,13.15,13.36,13.14,13.24,13.11,0.13,0.9916,902285.13,1194285.343,0.009916094584286883,0.009867252733253756,13.312000000000001,12.5745,11.840499999999999,0.5022259090040017
2022-12-14,000001.SZ,13.23,13.4,13.08,13.23,13.24,-0.01,-0.0755,974061.1,1287867.945,-0.0007552870090634656,-0.0007555723819978567,13.328,12.645,11.848833333333333,0.4966198115687985
2022-12-15,000001.SZ,13.14,13.28,12.94,13.1,13.23,-0.13,-0.9826,835349.26,1094434.006,-0.009826152683295564,-0.00987474791975848,13.276,12.7155,11.8505,0.4961016700485238
2022-12-16,000001.SZ,13.02,13.4,13.02,13.34,13.1,0.24,1.8321,924251.67,1225269.166,0.018320610687022842,0.018154810280371744,13.203999999999999,12.803,11.863499999999998,0.49469949952835
2022-12-19,000001.SZ,13.33,13.47,12.95,13.04,13.34,-0.3,-2.2489,1030866.06,1355435.567,-0.022488755622188994,-0.022745483988970857,13.190000000000001,12.882,11.871333333333332,0.5019224536850732
2022-12-20,000001.SZ,12.97,13.08,12.67,12.76,13.04,-0.28,-2.1472,896212.23,1150630.681,-0.021472392638036797,-0.02170627858186306,13.094,12.928999999999998,11.878333333333334,0.5028264217576139
2022-12-21,000001.SZ,12.85,12.99,12.74,12.89,12.76,0.13,1.0188,614589.64,791782.473,0.010188087774294807,0.010136539034452333,13.026,12.982499999999998,11.886,0.5029724441396961
2022-12-22,000001.SZ,13.0,13.15,12.9,12.95,12.89,0.06,0.4655,672394.3,876159.828,0.00465477114041879,0.004643971194450597,12.996,13.0415,11.897,0.5018430459635953
2022-12-23,000001.SZ,12.85,13.06,12.8,12.98,12.95,0.03,0.2317,564426.41,730705.959,0.0023166023166023564,0.0023139231303972198,12.924000000000001,13.081999999999999,11.9085,0.49024886852138116
2022-12-26,000001.SZ,12.99,13.04,12.71,12.77,12.98,-0.21,-1.6179,797119.87,1021903.963,-0.016178736517719616,-0.01631104123149606,12.87,13.13,11.921333333333335,0.4804034273910005
2022-12-27,000001.SZ,12.87,13.22,12.87,13.11,12.77,0.34,2.6625,886004.12,1160090.119,0.02662490211433055,0.02627662773116064,12.940000000000001,13.136,11.937333333333331,0.33563447819270553
2022-12-28,000001.SZ,13.16,13.38,13.0,13.14,13.11,0.03,0.2288,791191.98,1042402.08,0.0022883295194509046,0.0022857152808560825,12.99,13.141499999999999,11.954500000000001,0.335570963897668
2022-12-29,000001.SZ,13.07,13.13,12.85,13.03,13.14,-0.11,-0.8371,666890.09,865144.967,-0.008371385083713934,-0.008406621919710786,13.006,13.138,11.974,0.3365409025121026
2022-12-30,000001.SZ,13.04,13.28,12.96,13.16,13.03,0.13,0.9977,818035.98,1074756.754,0.009976976208749155,0.009927534760417507,13.041999999999998,13.151,11.996,0.33332079816893295
2023-01-03,000001.SZ,13.2,13.85,13.05,13.77,13.16,0.61,4.6353,2194127.94,2971546.989,0.046352583586626084,0.04531038684339228,13.242,13.163,12.034333333333333,0.32869642826818674
2023-01-04,000001.SZ,13.71,14.42,13.63,14.32,13.77,0.55,3.9942,2189682.53,3110729.449,0.03994190268700071,0.03916484879193606,13.484,13.2075,12.081666666666667,0.3544443412402207
2023-01-05,000001.SZ,14.4,14.74,14.37,14.48,14.32,0.16,1.1173,1665425.18,2417272.356,0.011173184357541999,0.011111225425070849,13.752,13.274000000000001,12.129666666666669,0.3433820121902652
2023-01-06,000001.SZ,14.5,14.72,14.48,14.62,14.48,0.14,0.9669,1195744.71,1747915.169,0.00966850828729271,0.00962206736406203,14.069999999999999,13.337,12.184333333333335,0.3414475728352217
2023-01-09,000001.SZ,14.75,14.88,14.52,14.8,14.62,0.18,1.2312,1057659.11,1561368.487,0.012311901504788114,0.012236726448437084,14.398,13.392000000000001,12.238833333333334,0.33398020621691954
2023-01-10,000001.SZ,14.76,14.89,14.39,14.44,14.8,-0.36,-2.4324,1269423.39,1851093.717,-0.02432432432432441,-0.024625047305389294,14.532,13.4585,12.288166666666667,0.3041890834237874
2023-01-11,000001.SZ,14.45,14.78,14.39,14.67,14.44,0.23,1.5928,830566.12,1217450.812,0.015927977839335306,0.0158024586902103,14.602,13.529999999999998,12.341333333333333,0.3062153668701387
2023-01-12,000001.SZ,14.77,14.77,14.53,14.67,14.67,0.0,0.0,625694.84,914367.7,0.0,0.0,14.64,13.602,12.397666666666668,0.3060284157385707
2023-01-13,000001.SZ,14.67,14.95,14.55,14.95,14.67,0.28,1.9087,949085.83,1407181.074,0.019086571233810412,0.018906707681805,14.706,13.6945,12.460166666666668,0.30421002838870415
2023-01-16,000001.SZ,14.95,15.28,14.85,15.08,14.95,0.13,0.8696,1560039.89,2356399.993,0.008695652173912993,0.008658062743114531,14.762,13.7815,12.526666666666666,0.3012799159836851
2023-01-17,000001.SZ,15.13,15.18,14.77,14.97,15.08,-0.11,-0.7294,935834.54,1396151.515,-0.007294429708222805,-0.007321164148273019,14.868,13.878,12.599166666666665,0.28647464403751494
2023-01-18,000001.SZ,14.95,15.18,14.91,15.11,14.97,0.14,0.9352,718434.03,1083362.998,0.009352037408149494,0.009308577853111075,14.956,13.995500000000002,12.673499999999999,0.26588495357018493
2023-01-19,000001.SZ,15.13,15.25,14.87,15.09,15.11,-0.02,-0.1324,641875.2,963744.633,-0.001323626737260053,-0.0013245035048906318,15.040000000000001,14.105499999999997,12.747333333333334,0.2681148687780314
2023-01-20,000001.SZ,15.16,15.24,15.0,15.13,15.09,0.04,0.2651,608590.08,920144.806,0.002650762094102088,0.0026472550205070547,15.075999999999999,14.214499999999997,12.821499999999999,0.26854487791909765
2023-01-30,000001.SZ,15.6,15.74,14.89,15.15,15.13,0.02,0.1322,1374317.5,2096867.649,0.0013218770654328527,0.0013210041551135364,15.09,14.323000000000002,12.900333333333332,0.26884437792994065
2023-01-31,000001.SZ,15.24,15.51,14.96,14.99,15.15,-0.16,-1.0561,1030497.84,1568639.326,-0.010561056105610533,-0.010617219840871784,15.094,14.434000000000001,12.977833333333333,0.26284538785303063
2023-02-01,000001.SZ,15.03,15.08,14.51,14.7,14.99,-0.29,-1.9346,1653421.48,2426471.973,-0.019346230820547095,-0.019535818329815782,15.012,14.513500000000002,13.045,0.27058659935766416
2023-02-02,000001.SZ,14.74,14.78,14.27,14.6,14.7,-0.1,-0.6803,1577900.39,2280744.883,-0.006802721088435382,-0.006825965070399871,14.913999999999998,14.586499999999997,13.111166666666666,0.27408707308499114
2023-02-03,000001.SZ,14.45,14.55,14.16,14.32,14.6,-0.28,-1.9178,1246382.98,1782105.891,-0.019178082191780743,-0.019364367181791117,14.752,14.651,13.175833333333333,0.2838118977019015
2023-02-06,000001.SZ,14.1,14.13,13.86,14.0,14.32,-0.32,-2.2346,1317610.1,1838428.709,-0.022346368715083775,-0.02259983191724092,14.522,14.692999999999998,13.228833333333334,0.29890579379258225
2023-02-07,000001.SZ,14.06,14.32,14.03,14.21,14.0,0.21,1.5,869460.46,1235297.763,0.015000000000000124,0.014888612493750777,14.366,14.715,13.284333333333334,0.2567020553650151
2023-02-08,000001.SZ,14.24,14.32,14.03,14.04,14.21,-0.17,-1.1963,657892.57,928708.934,-0.011963406052076131,-0.012035543511344338,14.234,14.700999999999999,13.3375,0.21722237331769925
2023-02-09,000001.SZ,14.01,14.3,13.96,14.13,14.04,0.09,0.641,830350.02,1174361.963,0.0064102564102566095,0.0063897980987712094,14.14,14.6835,13.3915,0.2143509731889789
2023-02-10,000001.SZ,14.1,14.12,13.86,13.98,14.13,-0.15,-1.0616,847283.66,1184283.386,-0.010615711252653925,-0.010672459890771872,14.072,14.651499999999999,13.443333333333333,0.2128783980542449
2023-02-13,000001.SZ,13.94,13.94,13.6,13.82,13.98,-0.16,-1.1445,1800054.16,2473405.203,-0.011444921316165924,-0.011510918466140331,14.036000000000001,14.602499999999997,13.483166666666666,0.20812232597132999
2023-02-14,000001.SZ,13.85,13.98,13.8,13.96,13.82,0.14,1.013,909937.09,1263892.078,0.01013024602026058,0.010079278994702663,13.986,14.5785,13.516666666666667,0.1977166593551578
2023-02-15,000001.SZ,13.95,13.96,13.62,13.67,13.96,-0.29,-2.0774,1250243.98,1713566.673,-0.02077363896848139,-0.020992446598368235,13.912,14.5285,13.544333333333332,0.1974462237401856
2023-02-16,000001.SZ,13.68,13.91,13.5,13.6,13.67,-0.07,-0.5121,1279123.29,1757431.084,-0.005120702267739641,-0.005133857993851933,13.806000000000001,14.475,13.574,0.19709581239001983
2023-02-17,000001.SZ,13.63,13.72,13.43,13.43,13.6,-0.17,-1.25,918363.69,1246777.397,-0.012499999999999956,-0.012578782206860073,13.696000000000002,14.399000000000001,13.603000000000002,0.1797788744803405
2023-02-20,000001.SZ,13.5,14.15,13.49,14.15,13.43,0.72,5.3611,2116191.17,2945969.773,0.053611317944899595,0.05222361355410053,13.762,14.352499999999997,13.645666666666667,0.2727594284593449
2023-02-21,000001.SZ,14.06,14.2,13.92,14.1,14.15,-0.05,-0.3534,990494.99,1393153.377,-0.0035335689045936647,-0.0035398267051240623,13.790000000000001,14.309000000000001,13.689666666666666,0.2723076637144375
2023-02-22,000001.SZ,14.0,14.12,13.94,14.02,14.1,-0.08,-0.5674,638922.39,895742.534,-0.005673758865248235,-0.00568991577767857,13.86,14.254499999999998,13.726333333333335,0.26857415857096467
2023-02-23,000001.SZ,14.0,14.32,13.98,14.05,14.02,0.03,0.214,824490.68,1165539.851,0.0021398002853068032,0.002137514173310838,13.95,14.2025,13.763499999999999,0.26924454905401074
2023-02-24,000001.SZ,14.02,14.03,13.8,13.86,14.05,-0.19,-1.3523,729989.04,1012652.972,-0.013523131672597999,-0.013615402017997734,14.035999999999998,14.139000000000001,13.798333333333334,0.27051794289978354
2023-02-27,000001.SZ,13.75,13.88,13.68,13.69,13.86,-0.17,-1.2266,621461.93,854854.041,-0.012265512265512313,-0.0123413544613997,13.943999999999999,14.065999999999999,13.823666666666668,0.27111260982200164
2023-02-28,000001.SZ,13.75,13.85,13.61,13.78,13.69,0.09,0.6574,607935.92,833316.018,0.006574141709276837,0.006552626285154984,13.88,14.005499999999998,13.8565,0.2731969498338347
2023-03-01,000001.SZ,13.8,14.19,13.74,14.17,13.78,0.39,2.8302,1223451.78,1719710.647,0.028301886792452935,0.027908788117076658,13.91,13.979,13.876166666666666,0.2896956605990638
2023-03-02,000001.SZ,14.13,14.44,14.06,14.24,14.17,0.07,0.494,1015876.84,1447565.98,0.004940014114326097,0.004927852281240695,13.948000000000002,13.961000000000002,13.896333333333333,0.2899395141163298
2023-03-03,000001.SZ,14.35,14.37,14.14,14.29,14.24,0.05,0.3511,690954.39,985552.121,0.0035112359550562022,0.0035050859579463527,14.034,13.959500000000002,13.916166666666667,0.2822513739289821
2023-03-06,000001.SZ,14.3,14.3,13.72,13.85,14.29,-0.44,-3.0791,1455824.14,2023954.547,-0.030790762771168656,-0.03127475930842854,14.065999999999999,13.952000000000002,13.931999999999999,0.29253971443483096
2023-03-07,000001.SZ,13.85,14.1,13.65,13.69,13.85,-0.16,-1.1552,1279266.29,1773654.737,-0.011552346570397165,-0.01161959333299004,14.047999999999998,13.925999999999998,13.934666666666667,0.28918960033626345
2023-03-08,000001.SZ,13.63,13.64,13.4,13.53,13.69,-0.16,-1.1687,1096897.91,1479838.98,-0.011687363038714427,-0.011756197117660886,13.919999999999998,13.900500000000003,13.936333333333332,0.28906138272460463
2023-03-09,000001.SZ,13.54,13.58,13.13,13.2,13.53,-0.33,-2.439,1736064.76,2305765.842,-0.024390243902439046,-0.02469261259037152,13.712,13.854,13.937166666666666,0.2981427159794466
2023-03-10,000001.SZ,13.0,13.27,13.0,13.14,13.2,-0.06,-0.4545,856996.1,1128558.36,-0.004545454545454408,-0.004555816535860579,13.482,13.812000000000001,13.9335,0.2969252647103538
2023-03-13,000001.SZ,13.12,13.29,13.0,13.05,13.14,-0.09,-0.6849,1000634.96,1309490.079,-0.006849315068493178,-0.006872879287762064,13.322,13.773500000000002,13.922666666666666,0.29562250993404854
2023-03-14,000001.SZ,12.99,13.0,12.73,12.87,13.05,-0.18,-1.3793,1149075.58,1474124.199,-0.013793103448276,-0.013889112160667263,13.157999999999998,13.719,13.918666666666667,0.29404425143424134
2023-03-15,000001.SZ,13.05,13.18,12.94,13.05,12.87,0.18,1.3986,979363.72,1278262.225,0.013986013986014179,0.013889112160667311,13.062000000000001,13.688000000000002,13.915500000000002,0.2934686274326394
2023-03-16,000001.SZ,12.89,13.03,12.8,12.82,13.05,-0.23,-1.7625,916792.49,1182054.434,-0.017624521072796995,-0.017781682276178497,12.986,13.649000000000001,13.908666666666667,0.2984567708625322
2023-03-17,000001.SZ,12.99,13.04,12.65,12.75,12.82,-0.07,-0.546,1556814.14,2000832.408,-0.005460218408736339,-0.005475179888088818,12.908000000000001,13.615,13.902833333333332,0.29645636723993524
2023-03-20,000001.SZ,12.76,12.85,12.55,12.57,12.75,-0.18,-1.4118,1188816.33,1505893.659,-0.014117647058823457,-0.014218249002279025,12.812000000000001,13.536000000000001,13.890000000000002,0.21213013663580726
2023-03-21,000001.SZ,12.65,12.78,12.5,12.7,12.57,0.13,1.0342,840743.17,1060914.056,0.0103420843277644,0.010288970862389418,12.778,13.466,13.884333333333332,0.2196948736741835
2023-03-22,000001.SZ,12.75,12.88,12.71,12.79,12.7,0.09,0.7087,876690.77,1121080.753,0.007086614173228423,0.007061622126205809,12.726,13.404500000000002,13.884833333333335,0.2239002976499592
2023-03-23,000001.SZ,12.7,12.9,12.63,12.9,12.79,0.11,0.86,804306.04,1029380.497,0.008600469116497367,0.008563695776875211,12.742,13.347,13.885,0.2275802417074118
2023-03-24,000001.SZ,12.85,12.86,12.76,12.82,12.9,-0.08,-0.6202,621518.75,796319.542,-0.006201550387596955,-0.006220859875102506,12.755999999999998,13.294999999999998,13.882833333333332,0.22505620360177095
2023-03-27,000001.SZ,12.8,12.81,12.46,12.6,12.82,-0.22,-1.7161,1008422.14,1266945.056,-0.01716068642745716,-0.01730963753509173,12.761999999999999,13.2405,13.8765,0.22814885081375527
2023-03-28,000001.SZ,12.66,12.73,12.55,12.64,12.6,0.04,0.3175,673868.43,851797.869,0.0031746031746031633,0.0031695747612790395,12.75,13.183499999999999,13.874333333333333,0.22636303144763145
2023-03-29,000001.SZ,12.73,12.74,12.5,12.53,12.64,-0.11,-0.8703,596064.33,750687.551,-0.008702531645569667,-0.008740619810734478,12.698,13.101499999999998,13.864666666666666,0.19125606779818427
2023-03-30,000001.SZ,12.55,12.71,12.41,12.68,12.53,0.15,1.1971,824546.24,1035422.932,0.011971268954509284,0.011900180101103037,12.654,13.023499999999999,13.857,0.1981256712360321
2023-03-31,000001.SZ,12.69,12.77,12.51,12.53,12.68,-0.15,-1.183,865491.66,1092263.437,-0.011829652996845463,-0.01190018010110297,12.596,12.9355,13.848666666666666,0.19612895498545846
2023-04-03,000001.SZ,12.55,12.69,12.46,12.67,12.53,0.14,1.1173,740428.86,934285.179,0.011173184357541999,0.011111225425070849,12.61,12.876500000000002,13.8405,0.18327637095213142
2023-04-04,000001.SZ,12.64,12.72,12.59,12.65,12.67,-0.02,-0.1579,647457.22,817726.527,-0.0015785319652722452,-0.0015797791595183908,12.612,12.8245,13.821833333333334,0.1815097831289714
2023-04-06,000001.SZ,12.6,12.61,12.5,12.58,12.65,-0.07,-0.5534,563321.3,706480.66,-0.005533596837944632,-0.005548963901234744,12.622,12.777,13.792833333333332,0.17930017825587163
2023-04-07,000001.SZ,12.57,12.69,12.5,12.62,12.58,0.04,0.318,607925.26,767354.797,0.0031796502384737746,0.0031746058407726395,12.61,12.748,13.761833333333332,0.16279223546331947
2023-04-10,000001.SZ,12.64,12.7,12.58,12.68,12.62,0.06,0.4754,640181.81,809943.148,0.004754358161648264,0.004743091896012853,12.639999999999999,12.725,13.7295,0.16435023057922904
2023-04-11,000001.SZ,12.7,12.72,12.52,12.54,12.68,-0.14,-1.1041,777779.62,978302.908,-0.01104100946372244,-0.01110241380430527,12.614,12.699499999999999,13.691833333333333,0.16673840504097004
2023-04-12,000001.SZ,12.58,12.59,12.45,12.48,12.54,-0.06,-0.4785,909957.06,1136997.696,-0.004784688995215225,-0.004796172263492944,12.580000000000002,12.680000000000001,13.659166666666666,0.16121875139955252
2023-04-13,000001.SZ,12.41,12.67,12.3,12.56,12.48,0.08,0.641,1131591.46,1413919.037,0.0064102564102563875,0.006389798098770988,12.575999999999999,12.6555,13.623999999999999,0.15363903032507628
2023-04-14,000001.SZ,12.6,12.9,12.58,12.69,12.56,0.13,1.035,1297994.84,1653539.531,0.010350318471337605,0.0102971206862437,12.59,12.649000000000001,13.591000000000001,0.147555113049728
2023-04-17,000001.SZ,12.66,12.94,12.6,12.93,12.69,0.24,1.8913,1304212.59,1669357.649,0.01891252955082745,0.018735911057469846,12.64,12.658,13.557333333333332,0.16133806467359002
2023-04-18,000001.SZ,12.93,13.2,12.89,13.0,12.93,0.07,0.5414,1538936.15,2009934.875,0.005413766434648082,0.0053991646777706015,12.732,12.679499999999999,13.522666666666664,0.15209718649811385
2023-04-19,000001.SZ,13.02,13.07,12.83,12.85,13.0,-0.15,-1.1538,1014378.15,1309536.002,-0.011538461538461608,-0.011605546120308003,12.806000000000001,12.687000000000001,13.487333333333334,0.1554526740446936
2023-04-20,000001.SZ,12.9,12.9,12.62,12.75,12.85,-0.1,-0.7782,811788.41,1033330.704,-0.0077821011673151474,-0.007812539736793625,12.844,12.685,13.448,0.15622313602721336
2023-04-21,000001.SZ,12.7,12.83,12.48,12.5,12.75,-0.25,-1.9608,918668.39,1160509.766,-0.019607843137254943,-0.019802627296179754,12.806000000000001,12.665000000000001,13.404833333333332,0.16707309087770175
2023-04-24,000001.SZ,12.48,12.5,12.03,12.1,12.5,-0.4,-3.2,1467671.92,1798133.967,-0.03200000000000003,-0.03252319170556006,12.639999999999999,12.629000000000001,13.354333333333333,0.1987524258594939
2023-04-25,000001.SZ,12.14,12.37,12.12,12.28,12.1,0.18,1.4876,1301900.82,1595320.17,0.014876033057851235,0.014766470116300995,12.496,12.613000000000001,13.3065,0.200598913088133
2023-04-26,000001.SZ,12.25,12.25,11.99,12.12,12.28,-0.16,-1.3029,991260.4,1197555.724,-0.013029315960912058,-0.013114942077828018,12.35,12.587,13.258666666666667,0.20411763784575612
2023-04-27,000001.SZ,12.06,12.35,12.0,12.26,12.12,0.14,1.1551,1004093.37,1222755.932,0.011551155115511635,0.011484949866897031,12.251999999999999,12.5735,13.217999999999998,0.2079473124549587
2023-04-28,000001.SZ,12.26,12.78,12.22,12.55,12.26,0.29,2.3654,1445254.34,1816868.033,0.023654159869494373,0.023378735069727635,12.262,12.566999999999998,13.183833333333334,0.221322756981541
2023-05-04,000001.SZ,12.4,12.83,12.19,12.73,12.55,0.18,1.4343,1478264.38,1863146.144,0.014342629482071656,0.014240746991522203,12.388,12.577,13.157333333333332,0.22292407838991218
2023-05-05,000001.SZ,12.78,13.11,12.75,12.91,12.73,0.18,1.414,1762188.65,2283981.032,0.014139827179890041,0.014040792289235998,12.514,12.589,13.139166666666666,0.2249790387946897
2023-05-08,000001.SZ,12.94,13.49,12.84,13.32,12.91,0.41,3.1758,2630718.61,3478891.629,0.031758326878388754,0.03126446025369186,12.754000000000001,12.622499999999999,13.124333333333333,0.2496154101726658
2023-05-09,000001.SZ,13.4,13.6,13.13,13.16,13.32,-0.16,-1.2012,2422534.45,3238716.471,-0.012012012012012074,-0.012084739215071999,12.934000000000001,12.6515,13.109666666666667,0.25347944251515003
2023-05-10,000001.SZ,13.17,13.26,12.8,12.84,13.16,-0.32,-2.4316,1237053.39,1600189.994,-0.024316109422492405,-0.02461662763535603,12.991999999999999,12.6625,13.088166666666666,0.2705411131072478
2023-05-11,000001.SZ,12.95,13.12,12.8,12.85,12.84,0.01,0.0779,903758.44,1166479.365,0.0007788161993769194,0.0007785130794136617,13.016,12.671,13.069333333333333,0.27017769685574794
2023-05-12,000001.SZ,12.82,12.87,12.61,12.62,12.85,-0.23,-1.7899,885603.68,1124579.091,-0.01789883268482495,-0.018060954228161754,12.957999999999998,12.675,13.049333333333333,0.27521498393628024
2023-05-15,000001.SZ,12.68,12.85,12.45,12.83,12.62,0.21,1.664,928325.63,1173804.243,0.016640253565768592,0.016503321514477934,12.86,12.692499999999999,13.0305,0.28026029165309396
2023-05-16,000001.SZ,12.8,12.92,12.57,12.62,12.83,-0.21,-1.6368,998301.69,1267712.09,-0.016367887763055422,-0.016503321514478045,12.751999999999999,12.6955,13.013000000000002,0.28659348375762106
2023-05-17,000001.SZ,12.58,12.64,12.44,12.49,12.62,-0.13,-1.0301,754621.2,945315.193,-0.010301109350237647,-0.01035453297558072,12.681999999999999,12.6855,12.9945,0.2864523583008704
2023-05-18,000001.SZ,12.57,12.64,12.43,12.49,12.49,0.0,0.0,687186.87,861347.534,0.0,0.0,12.610000000000001,12.6635,12.978833333333332,0.27704333257989566
2023-05-19,000001.SZ,12.43,12.44,12.32,12.34,12.49,-0.15,-1.201,688413.68,851165.594,-0.012009607686148893,-0.012082305660244525,12.553999999999998,12.630500000000001,12.948666666666666,0.2781068044366685
2023-05-22,000001.SZ,12.31,12.45,12.31,12.38,12.34,0.04,0.3241,549327.85,679754.868,0.0032414910858995505,0.0032362487792083248,12.464,12.607,12.919999999999998,0.2766496317258614
2023-05-23,000001.SZ,12.38,12.41,12.21,12.21,12.38,-0.17,-1.3732,694364.36,852871.175,-0.013731825525040375,-0.01382697913383672,12.382000000000001,12.58,12.889833333333334,0.2791742328182081
2023-05-24,000001.SZ,12.2,12.21,12.01,12.01,12.21,-0.2,-1.638,824250.88,996600.578,-0.016380016380016515,-0.016515652030721275,12.286,12.555499999999999,12.855833333333333,0.27670047792497504
2023-05-25,000001.SZ,11.99,12.0,11.81,11.93,12.01,-0.08,-0.6661,882744.3,1050002.542,-0.006661115736885881,-0.00668339998206738,12.174,12.547,12.823666666666666,0.2537518685978863
2023-05-26,000001.SZ,11.93,12.13,11.84,12.1,11.93,0.17,1.425,511428.64,613772.897,0.014249790444258226,0.014149216492870712,12.126000000000001,12.538,12.797166666666666,0.2532549982172244
2023-05-29,000001.SZ,12.11,12.13,11.95,11.98,12.1,-0.12,-0.9917,566073.82,680275.578,-0.009917355371900749,-0.009966859915392036,12.046000000000001,12.530999999999999,12.767166666666666,0.2514667788542614
2023-05-30,000001.SZ,11.98,11.99,11.8,11.87,11.98,-0.11,-0.9182,763996.92,906316.374,-0.009181969949916602,-0.009224384065726695,11.978,12.5115,12.728833333333334,0.24908815288138308
2023-05-31,000001.SZ,11.82,11.84,11.58,11.6,11.87,-0.27,-2.2746,1179586.71,1376758.357,-0.022746419545071617,-0.023009110509257715,11.896,12.464,12.684833333333334,0.24127559918748048
2023-06-01,000001.SZ,11.6,11.68,11.5,11.59,11.6,-0.01,-0.0862,743022.93,861646.489,-0.0008620689655172153,-0.0008624407606585953,11.828,12.407,12.639833333333334,0.2319524192781622
2023-06-02,000001.SZ,11.68,11.97,11.64,11.93,11.59,0.34,2.9336,1221842.53,1446502.669,0.029335634167385605,0.028913578758164332,11.794,12.358,12.607833333333334,0.2534891086773267
2023-06-05,000001.SZ,11.88,12.0,11.82,11.91,11.93,-0.02,-0.1676,521846.19,620531.416,-0.0016764459346185756,-0.0016778527426159757,11.779999999999998,12.2875,12.578166666666666,0.21630626110017603
2023-06-06,000001.SZ,11.91,12.09,11.82,11.84,11.91,-0.07,-0.5877,833273.47,997039.312,-0.005877413937867337,-0.005894753911349112,11.774,12.2215,12.55,0.2149451066497438
2023-06-07,000001.SZ,11.89,12.07,11.88,11.94,11.84,0.1,0.8446,643697.84,770386.878,0.008445945945945832,0.008410478508596293,11.841999999999999,12.1765,12.529,0.20760261633141566
2023-06-08,000001.SZ,11.96,12.2,11.86,12.12,11.94,0.18,1.5075,869397.12,1048266.236,0.015075376884422065,0.01496287267671232,11.947999999999999,12.14,12.511999999999999,0.21751851806946942
2023-06-09,000001.SZ,12.06,12.09,11.85,11.88,12.12,-0.24,-1.9802,1315284.76,1566929.274,-0.01980198019801971,-0.020000666706669428,11.937999999999999,12.103,12.492500000000001,0.21936410442986684
2023-06-12,000001.SZ,11.82,11.9,11.76,11.79,11.88,-0.09,-0.7576,758747.03,896015.709,-0.00757575757575768,-0.0076045993852194155,11.914,12.050999999999998,12.4745,0.20722117813702756
2023-06-13,000001.SZ,11.76,11.84,11.69,11.77,11.79,-0.02,-0.1696,849988.05,1000183.567,-0.0016963528413910245,-0.0016977932770942247,11.9,12.0085,12.453166666666666,0.2022197591064779
2023-06-14,000001.SZ,11.55,11.73,11.46,11.47,11.49,-0.02,-0.1741,1069200.04,1237376.776,-0.02548853016142727,-0.025818990130905935,11.806000000000001,11.9575,12.430666666666667,0.21581915798152432
2023-06-15,000001.SZ,11.49,11.63,11.39,11.61,11.47,0.14,1.2206,925300.56,1064567.231,0.012205754141237923,0.01213186456852072,11.703999999999999,11.913499999999999,12.411666666666667,0.22316565589054915
2023-06-16,000001.SZ,11.61,11.67,11.57,11.63,11.61,0.02,0.1723,842033.65,978869.317,0.0017226528854437095,0.0017211708207730534,11.654,11.878,12.395999999999999,0.2215815149833454
2023-06-19,000001.SZ,11.63,11.63,11.41,11.45,11.63,-0.18,-1.5477,953997.07,1096351.097,-0.015477214101461856,-0.015598236530324522,11.586,11.8315,12.375166666666667,0.22467902130561915
2023-06-20,000001.SZ,11.44,11.46,11.35,11.36,11.45,-0.09,-0.786,544550.79,620374.308,-0.007860262008733576,-0.007891316707243315,11.504,11.789,12.351333333333333,0.22219015677656298
2023-06-21,000001.SZ,11.36,11.48,11.34,11.35,11.36,-0.01,-0.088,616582.96,703681.564,-0.0008802816901408717,-0.000880669365593636,11.48,11.756,12.3255,0.2170330178970134
2023-06-26,000001.SZ,11.3,11.3,11.15,11.18,11.35,-0.17,-1.4978,676577.43,757975.992,-0.0149779735682819,-0.015091276200458541,11.394,11.7185,12.298166666666667,0.22100088150447195
2023-06-27,000001.SZ,11.2,11.32,11.17,11.28,11.18,0.1,0.8945,461701.78,519520.687,0.008944543828264706,0.008904778342959685,11.324,11.677499999999998,12.276166666666667,0.21621166063255073
2023-06-28,000001.SZ,11.28,11.33,11.22,11.3,11.28,0.02,0.1773,365396.44,412039.354,0.0017730496453902678,0.0017714796483822427,11.294,11.6435,12.253833333333334,0.21552937804188305
2023-06-29,000001.SZ,11.29,11.29,11.17,11.18,11.3,-0.12,-1.0619,485906.3,544534.826,-0.010619469026548756,-0.010676257991341868,11.258,11.609,12.231333333333334,0.21615078190856019
2023-06-30,000001.SZ,11.18,11.31,11.15,11.23,11.18,0.05,0.4472,519052.58,583494.655,0.004472271914132353,0.004462301023398686,11.234,11.5905,12.207166666666666,0.2042742248613146
2023-07-03,000001.SZ,11.24,11.53,11.23,11.49,11.23,0.26,2.3152,885090.71,1009887.429,0.02315227070347281,0.02288832311031247,11.296000000000001,11.5855,12.189833333333333,0.2223211061344371
2023-07-04,000001.SZ,11.46,11.49,11.32,11.4,11.49,-0.09,-0.7833,616300.56,701885.27,-0.007832898172323799,-0.007863736460214576,11.32,11.559000000000001,12.168666666666665,0.1938423209456214
2023-07-05,000001.SZ,11.36,11.4,11.3,11.34,11.4,-0.06,-0.5263,423482.4,479726.282,-0.0052631578947368585,-0.005277057100843781,11.328,11.5305,12.146833333333332,0.19413205767092953
2023-07-06,000001.SZ,11.3,11.34,11.21,11.24,11.34,-0.1,-0.8818,597095.91,672396.816,-0.008818342151675429,-0.00885745383406094,11.34,11.500499999999999,12.124500000000001,0.19511338356142507
2023-07-07,000001.SZ,11.2,11.27,11.18,11.2,11.24,-0.04,-0.3559,484440.83,543212.456,-0.003558718861210064,-0.003565066164496257,11.334,11.4635,12.100833333333334,0.19076544462408823
2023-07-10,000001.SZ,11.25,11.28,11.17,11.2,11.2,0.0,0.0,495882.28,556581.582,0.0,0.0,11.276,11.4175,12.076166666666666,0.17882028206625677
2023-07-11,000001.SZ,11.22,11.26,11.19,11.21,11.2,0.01,0.0893,570809.09,640131.787,0.0008928571428572507,0.0008924587830197916,11.238,11.384,12.054,0.1692097555764261
2023-07-12,000001.SZ,11.23,11.36,11.22,11.24,11.21,0.03,0.2676,736083.67,830230.821,0.00267618198037467,0.002672607381476478,11.218,11.3565,12.033333333333333,0.1693207667760724
2023-07-13,000001.SZ,11.32,11.47,11.27,11.43,11.24,0.19,1.6904,1124229.73,1281848.379,0.01690391459074725,0.016762633341174192,11.256,11.3395,12.0145,0.18259849972723013
2023-07-14,000001.SZ,11.43,11.55,11.4,11.46,11.43,0.03,0.2625,719146.99,825295.738,0.002624671916010568,0.002621233479874287,11.308,11.339,11.994,0.15917952073994526
2023-07-17,000001.SZ,11.41,11.41,11.26,11.31,11.46,-0.15,-1.3089,608342.58,687262.894,-0.01308900523560208,-0.013175421158564404,11.330000000000002,11.324000000000002,11.967,0.15878543486130683
2023-07-18,000001.SZ,11.29,11.32,11.22,11.25,11.31,-0.06,-0.5305,471966.18,531299.773,-0.0053050397877985045,-0.005319161477600045,11.338,11.305,11.937833333333334,0.15899354533969023
2023-07-19,000001.SZ,11.23,11.32,11.23,11.31,11.25,0.06,0.5333,382195.96,430771.279,0.005333333333333412,0.005319161477600027,11.352,11.298,11.912166666666668,0.1519270829166221
2023-07-20,000001.SZ,11.33,11.44,11.29,11.32,11.31,0.01,0.0884,554069.57,629696.111,0.0008841732979663064,0.0008837826470076939,11.33,11.296,11.888333333333334,0.14951467850756336
2023-07-21,000001.SZ,11.31,11.39,11.28,11.34,11.32,0.02,0.1767,377102.56,427375.95,0.0017667844522968323,0.0017652255245691492,11.306000000000001,11.2955,11.869,0.14963472833652133
2023-07-24,000001.SZ,11.33,11.33,11.24,11.26,11.34,-0.08,-0.7055,426852.18,480713.396,-0.007054673721340388,-0.0070796755880616884,11.296,11.2995,11.854999999999999,0.14154144117048142
2023-07-25,000001.SZ,11.45,11.73,11.44,11.72,11.26,0.46,4.0853,2032958.19,2358815.16,0.04085257548845478,0.0400401614373223,11.39,11.3215,11.845666666666666,0.20024836692669729
2023-07-26,000001.SZ,11.65,11.74,11.56,11.67,11.72,-0.05,-0.4266,751662.68,875260.135,-0.004266211604095571,-0.004275337850401948,11.462,11.34,11.838166666666666,0.20147864807708357
2023-07-27,000001.SZ,11.68,11.87,11.65,11.75,11.67,0.08,0.6855,1115195.86,1314228.294,0.006855184233076184,0.006831794291703272,11.548,11.368500000000001,11.829666666666666,0.19681575321426192
2023-07-28,000001.SZ,11.69,12.3,11.67,12.26,11.75,0.51,4.3404,2347013.46,2839828.237,0.04340425531914893,0.04248868991789737,11.732,11.42,11.824833333333334,0.24455622325809
2023-07-31,000001.SZ,12.3,12.5,12.23,12.32,12.26,0.06,0.4894,1854952.39,2288940.411,0.004893964110929794,0.004882027597308319,11.943999999999999,11.4615,11.818000000000001,0.23447433230923456
2023-08-01,000001.SZ,12.26,12.37,12.13,12.16,12.32,-0.16,-1.2987,957734.78,1169570.705,-0.012987012987012991,-0.013072081567352775,12.032,11.4995,11.805499999999999,0.23848552945376209
2023-08-02,000001.SZ,12.06,12.24,11.93,12.03,12.16,-0.13,-1.0691,1115900.04,1343864.165,-0.010690789473684292,-0.010748346551433523,12.104,11.533999999999999,11.784,0.2418362733083264
2023-08-03,000001.SZ,11.99,12.37,11.95,12.33,12.03,0.3,2.4938,1175847.71,1433255.493,0.02493765586034913,0.02463178718966542,12.22,11.5885,11.770166666666665,0.24940058696695314
2023-08-04,000001.SZ,12.42,12.53,12.21,12.3,12.33,-0.03,-0.2433,1303131.02,1611435.431,-0.0024330900243308973,-0.0024360547978811158,12.228,11.6435,11.761166666666668,0.24893456690818758
2023-08-07,000001.SZ,12.21,12.25,12.12,12.16,12.3,-0.14,-1.1382,646913.26,786506.452,-0.011382113821138296,-0.011447385840350948,12.196000000000002,11.691500000000001,11.749666666666666,0.2550549706881025
2023-08-08,000001.SZ,12.12,12.21,12.0,12.1,12.16,-0.06,-0.4934,725704.56,877489.188,-0.004934210526315819,-0.004946423935325574,12.184000000000001,11.736,11.741000000000001,0.25690148628866677
2023-08-09,000001.SZ,12.06,12.2,12.05,12.17,12.1,0.07,0.5785,577607.74,702060.797,0.005785123966942196,0.005768454396740448,12.212,11.7825,11.729999999999999,0.256934131590051
2023-08-10,000001.SZ,12.15,12.21,12.06,12.16,12.17,-0.01,-0.0822,475594.53,577123.92,-0.0008216926869351049,-0.0008220304614148749,12.178,11.818999999999999,11.722333333333331,0.2528953019305452
2023-08-11,000001.SZ,12.17,12.27,11.89,11.89,12.16,-0.27,-2.2204,943538.57,1132867.239,-0.022203947368421018,-0.02245416583533045,12.096,11.8405,11.712333333333332,0.2685417360256799
2023-08-14,000001.SZ,11.76,11.78,11.59,11.67,11.89,-0.22,-1.8503,975920.18,1139185.249,-0.01850294365012617,-0.01867626440422586,11.998,11.8585,11.698666666666668,0.2732172646435871
2023-08-15,000001.SZ,11.69,11.8,11.6,11.73,11.67,0.06,0.5141,712812.77,834163.04,0.005141388174807249,0.005128216366919529,11.924000000000001,11.8825,11.688500000000001,0.27217592083961945
2023-08-16,000001.SZ,11.67,11.85,11.61,11.73,11.73,0.0,0.0,572904.37,671706.045,0.0,0.0,11.836000000000002,11.9035,11.677666666666669,0.2720274517621582
2023-08-17,000001.SZ,11.67,11.7,11.46,11.57,11.73,-0.16,-1.364,965057.75,1116292.662,-0.013640238704177299,-0.013734121459798864,11.718,11.916,11.667,0.2776190941544382
2023-08-18,000001.SZ,11.58,11.74,11.53,11.56,11.57,-0.01,-0.0864,659818.85,767047.287,-0.0008643042350907626,-0.0008646779613538057,11.652,11.927,11.659500000000001,0.2777094551608658
2023-08-21,000001.SZ,11.56,11.58,11.32,11.32,11.56,-0.24,-2.0761,701497.85,799641.424,-0.02076124567474047,-0.02097979046919452,11.582,11.930000000000001,11.649333333333335,0.28715194108755737
2023-08-22,000001.SZ,11.38,11.45,11.31,11.37,11.32,0.05,0.4417,606808.09,689991.238,0.004416961130741859,0.004407234987407606,11.51,11.9125,11.637166666666667,0.2451619355451815
2023-08-23,000001.SZ,11.35,11.42,11.24,11.25,11.37,-0.12,-1.0554,691809.98,783102.827,-0.01055408970976246,-0.010610179112015459,11.413999999999998,11.891499999999999,11.625,0.24714402555452172
2023-08-24,000001.SZ,11.29,11.32,11.05,11.13,11.25,-0.12,-1.0667,1291270.7,1439197.084,-0.010666666666666602,-0.010723963362975611,11.326,11.8605,11.612666666666666,0.24690943319162875
2023-08-25,000001.SZ,11.1,11.33,11.08,11.23,11.13,0.1,0.8985,845349.92,946760.251,0.008984725965857976,0.008944603462898285,11.260000000000002,11.809000000000001,11.6065,0.1841055016159798
2023-08-28,000001.SZ,11.84,11.93,11.49,11.52,11.23,0.29,2.5824,1997609.87,2336205.801,0.02582368655387346,0.025495886517393276,11.3,11.769000000000002,11.605333333333332,0.21101310933582854
2023-08-29,000001.SZ,11.47,11.49,11.13,11.31,11.52,-0.21,-1.8229,1964961.43,2217588.61,-0.01822916666666663,-0.018397365139716057,11.288,11.726500000000001,11.595,0.2149983956577131
2023-08-30,000001.SZ,11.27,11.27,11.13,11.13,11.31,-0.18,-1.5915,1375638.29,1537573.551,-0.01591511936339518,-0.016043124840575577,11.264,11.681500000000002,11.582,0.218083935346728
2023-08-31,000001.SZ,11.14,11.22,11.12,11.13,11.13,0.0,0.0,806474.03,900123.575,0.0,0.0,11.264000000000001,11.621500000000001,11.570166666666667,0.19076759148872593
2023-09-01,000001.SZ,11.19,11.36,11.19,11.32,11.13,0.19,1.7071,1138704.83,1285169.019,0.017070979335130243,0.016926907487583378,11.282,11.5725,11.559833333333332,0.2062354235561444
2023-09-04,000001.SZ,11.35,11.59,11.33,11.56,11.32,0.24,2.1201,1410029.23,1621769.196,0.021201413427561766,0.020979790469194466,11.290000000000001,11.5425,11.550500000000001,0.2226744830572679
2023-09-05,000001.SZ,11.5,11.51,11.36,11.39,11.56,-0.17,-1.4706,804177.16,917888.859,-0.014705882352941124,-0.014815085785140587,11.306000000000001,11.507000000000001,11.542333333333334,0.22679341340109493
2023-09-06,000001.SZ,11.33,11.46,11.3,11.43,11.39,0.04,0.3512,634840.51,721905.682,0.0035118525021948788,0.003505700347628487,11.366,11.47,11.536333333333333,0.2257771253364356
2023-09-07,000001.SZ,11.4,11.44,11.32,11.33,11.43,-0.1,-0.8749,540041.57,613812.176,-0.008748906386701671,-0.00878740276680435,11.406,11.428500000000001,11.529,0.22649843123893867
2023-09-08,000001.SZ,11.28,11.32,11.23,11.27,11.33,-0.06,-0.5296,479029.67,539624.963,-0.005295675198587868,-0.005309746988230062,11.395999999999999,11.397499999999999,11.525666666666666,0.21560217659237088
2023-09-11,000001.SZ,11.3,11.4,11.27,11.34,11.27,0.07,0.6211,654485.58,741764.911,0.006211180124223725,0.006191970247921201,11.352,11.381,11.521166666666666,0.20915524184158238
2023-09-12,000001.SZ,11.35,11.35,11.25,11.28,11.34,-0.06,-0.5291,495485.06,559058.536,-0.005291005291005346,-0.005305052229693229,11.33,11.3585,11.515333333333333,0.20813598587678508
2023-09-13,000001.SZ,11.29,11.32,11.21,11.25,11.28,-0.03,-0.266,490217.97,551747.628,-0.0026595744680850686,-0.002663117419483662,11.294,11.3345,11.512,0.20803270150603623
2023-09-14,000001.SZ,11.28,11.33,11.25,11.29,11.25,0.04,0.3556,551650.17,622906.053,0.003555555555555534,0.0035492495111414894,11.286,11.320500000000001,11.510833333333332,0.20419673985695616
2023-09-15,000001.SZ,11.35,11.4,11.2,11.22,11.29,-0.07,-0.62,890476.13,1005529.161,-0.006200177147918429,-0.006219478067020308,11.276,11.303500000000001,11.508666666666667,0.20497612506896634
2023-09-18,000001.SZ,11.22,11.24,11.14,11.23,11.22,0.01,0.0891,501325.01,561449.77,0.0008912655971480277,0.0008908686558016329,11.254,11.299,11.509500000000001,0.19185762158298633
2023-09-19,000001.SZ,11.22,11.23,11.16,11.21,11.23,-0.02,-0.1781,503664.32,564044.044,-0.0017809439002670624,-0.0017825316662831907,11.24,11.291,11.508333333333333,0.19108359016577903
2023-09-20,000001.SZ,11.2,11.22,11.15,11.15,11.21,-0.06,-0.5352,558872.41,624785.495,-0.00535236396074934,-0.005366739177940787,11.22,11.286000000000001,11.505833333333333,0.18837694318408088
2023-09-21,000001.SZ,11.14,11.14,11.04,11.05,11.15,-0.1,-0.8969,843930.11,934673.194,-0.008968609865470767,-0.009009069942365857,11.172,11.282,11.503666666666668,0.18724008003799453
2023-09-22,000001.SZ,11.03,11.25,11.03,11.24,11.05,0.19,1.7195,911484.3,1017137.922,0.017194570135746545,0.017048416501783133,11.175999999999998,11.2825,11.503833333333334,0.1947536441346263
2023-09-25,000001.SZ,11.24,11.32,11.19,11.22,11.24,-0.02,-0.1779,761211.25,856022.502,-0.001779359430604921,-0.0017809443709946974,11.174000000000001,11.2675,11.499333333333334,0.16942748353474138
2023-09-26,000001.SZ,11.22,11.26,11.14,11.16,11.22,-0.06,-0.5348,444980.35,497885.811,-0.005347593582887722,-0.005361943141385399,11.164,11.260000000000002,11.495333333333333,0.15811266115085587
2023-09-27,000001.SZ,11.15,11.22,11.15,11.17,11.16,0.01,0.0896,490310.61,547905.821,0.0008960573476701761,0.0008956561279443863,11.168000000000001,11.262,11.492500000000001,0.14744515687227486
2023-09-28,000001.SZ,11.19,11.24,11.18,11.2,11.17,0.03,0.2686,520696.78,583649.73,0.0026857654431511335,0.002682165219939354,11.197999999999999,11.2655,11.491833333333334,0.14769996223984516
2023-10-09,000001.SZ,11.16,11.17,11.06,11.11,11.2,-0.09,-0.8036,695828.09,772959.353,-0.008035714285714257,-0.008068174649510203,11.172,11.254999999999999,11.490333333333332,0.13647202962787738
2023-10-10,000001.SZ,11.19,11.2,11.02,11.02,11.11,-0.09,-0.8101,820748.51,910160.342,-0.008100810081008047,-0.008133799926770144,11.132,11.228,11.487333333333334,0.11074086004602314
2023-10-11,000001.SZ,11.09,11.09,10.96,10.98,11.02,-0.04,-0.363,724115.69,797663.827,-0.003629764065335661,-0.003636367643383763,11.096,11.2075,11.4835,0.1009145817143286
2023-10-12,000001.SZ,11.11,11.16,11.04,11.11,10.98,0.13,1.184,853057.5,947562.325,0.011839708561020013,0.01177016757015403,11.084,11.191500000000001,11.481333333333334,0.11060618427270938
2023-10-13,000001.SZ,11.03,11.07,10.95,11.0,11.11,-0.11,-0.9901,684483.08,753110.726,-0.009900990099009799,-0.00995033085316798,11.044,11.175,11.474166666666667,0.11169228358214392
2023-10-16,000001.SZ,11.0,11.03,10.95,11.01,11.0,0.01,0.0909,501624.32,550988.72,0.0009090909090909705,0.0009086779362181122,11.024,11.162,11.466666666666667,0.11103089935847846
2023-10-17,000001.SZ,11.01,11.05,10.96,11.02,11.01,0.01,0.0908,493525.05,543170.901,0.0009082652134422275,0.0009078529901797361,11.024,11.146,11.461833333333335,0.10792436690469315
2023-10-18,000001.SZ,10.99,11.02,10.91,10.95,11.02,-0.07,-0.6352,651824.92,713979.896,-0.006352087114337546,-0.006372347462258579,11.018,11.1295,11.456833333333334,0.10849488135872895
2023-10-19,000001.SZ,10.91,10.92,10.59,10.6,10.95,-0.35,-3.1963,1188960.83,1271914.677,-0.031963470319634646,-0.03248545514448831,10.916,11.097,11.445,0.15337004778575095
2023-10-20,000001.SZ,10.55,10.67,10.51,10.6,10.6,0.0,0.0,526139.12,557618.632,0.0,0.0,10.836,11.0625,11.432999999999998,0.15188908022070202
2023-10-23,000001.SZ,10.59,10.6,10.43,10.5,10.6,-0.1,-0.9434,530404.48,557032.229,-0.009433962264150941,-0.00947874395454377,10.733999999999998,11.0265,11.419,0.15319143619100467
2023-10-24,000001.SZ,10.54,10.61,10.44,10.55,10.5,0.05,0.4762,760652.69,801528.404,0.004761904761904745,0.004750602758597799,10.64,10.9925,11.407166666666667,0.1551877395276179
2023-10-25,000001.SZ,10.51,10.54,10.36,10.38,10.55,-0.17,-1.6114,1411449.68,1470971.924,-0.016113744075829328,-0.016244982184332867,10.526,10.950999999999999,11.384833333333335,0.16180417528602153
2023-10-26,000001.SZ,10.31,10.42,10.3,10.41,10.38,0.03,0.289,599991.47,621915.277,0.0028901734104045396,0.0028860048891348514,10.488000000000001,10.913999999999998,11.363833333333334,0.16338556068983323
2023-10-27,000001.SZ,10.38,10.48,10.33,10.45,10.41,0.04,0.3842,919771.36,957587.534,0.003842459173871271,0.0038350957839424884,10.458000000000002,10.884,11.342166666666667,0.16389816265262186
2023-10-30,000001.SZ,10.4,10.47,10.35,10.45,10.45,0.0,0.0,805689.55,837646.002,0.0,0.0,10.448,10.8445,11.312,0.14661895349675413
2023-10-31,000001.SZ,10.43,10.49,10.41,10.46,10.45,0.01,0.0957,652855.23,682212.138,0.000956937799043267,0.0009564802259570362,10.43,10.8065,11.281,0.14738836924966342
2023-11-01,000001.SZ,10.55,10.56,10.45,10.48,10.46,0.02,0.1912,567300.35,595211.885,0.0019120458891013214,0.0019102202561192452,10.45,10.772499999999999,11.253000000000002,0.14840406584465896
2023-11-02,000001.SZ,10.5,10.6,10.47,10.48,10.48,0.0,0.0,619429.95,652316.67,0.0,0.0,10.464,10.738,11.227166666666667,0.14811814965796927
2023-11-03,000001.SZ,10.49,10.52,10.43,10.48,10.48,0.0,0.0,705463.47,738879.704,0.0,0.0,10.470000000000002,10.702,11.196333333333335,0.14701952393558085
2023-11-06,000001.SZ,10.51,10.69,10.51,10.69,10.48,0.21,2.0038,1007062.21,1069206.838,0.020038167938931206,0.01984004614405766,10.518,10.681000000000001,11.1695,0.16733326977267848
2023-11-07,000001.SZ,10.66,10.66,10.58,10.6,10.69,-0.09,-0.8419,640866.12,679815.569,-0.008419083255378879,-0.008454723918932417,10.546000000000001,10.66,11.1435,0.16749414505033652
2023-11-08,000001.SZ,10.58,10.6,10.45,10.5,10.6,-0.1,-0.9434,877818.75,923622.008,-0.009433962264150941,-0.00947874395454377,10.55,10.636,11.116833333333334,0.16954934067527036
2023-11-09,000001.SZ,10.46,10.52,10.43,10.49,10.5,-0.01,-0.0952,639136.48,669639.052,-0.0009523809523809268,-0.0009528347552718544,10.552,10.605,11.088833333333334,0.16140709309484066
2023-11-10,000001.SZ,10.45,10.47,10.29,10.3,10.49,-0.19,-1.8112,1045044.17,1080649.734,-0.018112488083889322,-0.018278527172615622,10.516000000000002,10.57,11.057833333333333,0.16865579086392798
2023-11-13,000001.SZ,10.31,10.33,10.22,10.25,10.3,-0.05,-0.4854,770043.1,789007.118,-0.004854368932038944,-0.004866189651173011,10.428,10.532,11.0305,0.1680202584733581
2023-11-14,000001.SZ,10.24,10.33,10.23,10.27,10.25,0.02,0.1951,596858.88,613377.698,0.0019512195121951237,0.001949318356049679,10.362,10.494499999999999,11.007166666666667,0.16842482370435932
2023-11-15,000001.SZ,10.37,10.45,10.34,10.37,10.27,0.1,0.9737,1109140.15,1152154.78,0.009737098344693162,0.00968999830096898,10.336000000000002,10.4655,10.984499999999999,0.17434460085921202
2023-11-16,000001.SZ,10.38,10.39,10.23,10.24,10.37,-0.13,-1.2536,922621.94,948395.097,-0.012536162005785778,-0.01261540263007409,10.286,10.447500000000002,10.959666666666665,0.14159896063367003
2023-11-17,000001.SZ,10.22,10.25,10.12,10.15,10.24,-0.09,-0.8789,903362.17,917616.681,-0.0087890625,-0.008827914123565388,10.256,10.425,10.936,0.14363137284016997
2023-11-20,000001.SZ,10.15,10.22,10.1,10.19,10.15,0.04,0.3941,639528.31,650077.37,0.003940886699507207,0.003933141746836925,10.244,10.4095,10.913166666666665,0.14244931723761245
2023-11-21,000001.SZ,10.23,10.35,10.22,10.28,10.19,0.09,0.8832,1041165.73,1072311.504,0.008832188420019538,0.008793412792385515,10.246,10.396,10.895833333333334,0.14550678861997882
2023-11-22,000001.SZ,10.26,10.31,10.14,10.16,10.28,-0.12,-1.1673,737489.51,753064.758,-0.011673151750972721,-0.011741817876683174,10.203999999999999,10.385000000000002,10.875666666666666,0.14025153507845195
2023-11-23,000001.SZ,10.15,10.16,10.07,10.15,10.16,-0.01,-0.0984,846655.87,855904.312,-0.0009842519685039353,-0.0009847366625394926,10.186,10.372000000000002,10.857333333333335,0.1394861426823753
2023-11-24,000001.SZ,10.11,10.13,10.08,10.1,10.15,-0.05,-0.4926,684694.56,691423.444,-0.0049261083743843415,-0.004938281640582677,10.176,10.3545,10.840166666666667,0.13872987973158735
2023-11-27,000001.SZ,10.09,10.09,9.97,10.01,10.1,-0.09,-0.8911,836187.85,836268.369,-0.008910891089108919,-0.008950830520084557,10.139999999999999,10.3325,10.819833333333333,0.1408998261358404
2023-11-28,000001.SZ,9.99,10.02,9.95,9.95,10.01,-0.06,-0.5994,786174.69,784405.805,-0.005994005994006013,-0.006012042156627834,10.074000000000002,10.306999999999999,10.793666666666667,0.14105258386360062
2023-11-29,000001.SZ,9.95,9.97,9.7,9.72,9.95,-0.23,-2.3116,1467596.62,1438320.264,-0.02311557788944707,-0.023386932698153524,9.986,10.269,10.767166666666666,0.15775467146850133
2023-11-30,000001.SZ,9.69,9.73,9.62,9.68,9.72,-0.04,-0.4115,901764.57,871481.712,-0.004115226337448652,-0.004123717183862152,9.892,10.229,10.742999999999999,0.15714616656595376
2023-12-01,000001.SZ,9.65,9.68,9.58,9.66,9.68,-0.02,-0.2066,778056.99,749668.364,-0.0020661157024792765,-0.0020682530640589573,9.803999999999998,10.187999999999999,10.7185,0.156633619467878
2023-12-04,000001.SZ,9.67,9.68,9.61,9.63,9.66,-0.03,-0.3106,605437.85,583664.338,-0.0031055900621117516,-0.003110422414392391,9.728,10.135000000000002,10.690333333333335,0.1285061440310486
2023-12-05,000001.SZ,9.61,9.62,9.47,9.48,9.63,-0.15,-1.5576,787378.48,750961.22,-0.015576323987538943,-0.015698909543103753,9.634,10.079,10.655666666666665,0.1333226439355323
2023-12-06,000001.SZ,9.44,9.57,9.4,9.5,9.48,0.02,0.211,753055.92,714029.469,0.002109704641350074,0.0021074823395645778,9.59,10.029,10.624166666666666,0.13512886578320898
2023-12-07,000001.SZ,9.49,9.49,9.38,9.44,9.5,-0.06,-0.6316,585380.19,552224.831,-0.006315789473684275,-0.006335818449085895,9.542,9.9765,10.591000000000001,0.1343596535929975
2023-12-08,000001.SZ,9.41,9.45,9.3,9.3,9.44,-0.14,-1.4831,1021151.5,957664.581,-0.01483050847457612,-0.014941579998198914,9.469999999999999,9.9265,10.557166666666665,0.1306379880085584
2023-12-11,000001.SZ,9.22,9.38,9.13,9.35,9.3,0.05,0.5376,1133662.81,1044765.735,0.005376344086021501,0.005361943141385373,9.414,9.881499999999999,10.525166666666667,0.13579837294560074
2023-12-12,000001.SZ,9.31,9.5,9.3,9.42,9.35,0.07,0.7487,855016.42,805067.628,0.007486631016042855,0.007458745287676133,9.402,9.839,10.493166666666667,0.14064781824138695
2023-12-13,000001.SZ,9.38,9.39,9.15,9.16,9.42,-0.26,-2.7601,1061301.65,981001.231,-0.027600849256900206,-0.027988909902232784,9.334,9.7785,10.457833333333333,0.1532051439775174
2023-12-14,000001.SZ,9.21,9.28,9.15,9.15,9.16,-0.01,-0.1092,742900.56,683211.466,-0.0010917030567685337,-0.0010922993986089273,9.276,9.724,10.422833333333333,0.15225069268982636
2023-12-15,000001.SZ,9.2,9.35,9.19,9.21,9.15,0.06,0.6557,988939.42,915126.127,0.006557377049180468,0.00653597097978567,9.258,9.677,10.388166666666669,0.1575953028314033
2023-12-18,000001.SZ,9.18,9.24,9.09,9.13,9.21,-0.08,-0.8686,654425.62,599379.044,-0.008686210640608039,-0.008724155660338382,9.214000000000002,9.623999999999999,10.353333333333333,0.15465269421568265
2023-12-19,000001.SZ,9.12,9.17,9.07,9.1,9.13,-0.03,-0.3286,644070.88,586716.664,-0.0032858707557503752,-0.0032912810840728442,9.15,9.565,10.317833333333335,0.1455427948034156
2023-12-20,000001.SZ,9.11,9.15,9.03,9.03,9.1,-0.07,-0.7692,715633.63,650511.343,-0.007692307692307776,-0.00772204609391039,9.124,9.5085,10.2815,0.14417787713733357
2023-12-21,000001.SZ,9.01,9.19,8.99,9.17,9.03,0.14,1.5504,1017046.76,925407.073,0.015503875968992276,0.015384918839479456,9.128,9.4595,10.2485,0.16228282417248102
2023-12-22,000001.SZ,9.19,9.28,9.11,9.2,9.17,0.03,0.3272,1005645.02,924998.769,0.0032715376226826187,0.0032661977866211022,9.126,9.4145,10.217666666666668,0.16492894137532596
2023-12-25,000001.SZ,9.18,9.2,9.14,9.19,9.2,-0.01,-0.1087,413970.88,379638.234,-0.0010869565217390686,-0.0010875476873988823,9.138,9.3735,10.1835,0.16455702417092333
2023-12-26,000001.SZ,9.19,9.2,9.07,9.1,9.19,-0.09,-0.9793,541896.33,493746.623,-0.009793253536452662,-0.00984152284479132,9.138,9.331,10.148166666666667,0.16565140590674662
2023-12-27,000001.SZ,9.1,9.13,9.02,9.12,9.1,0.02,0.2198,641534.35,582036.661,0.00219780219780219,0.002195390563435656,9.156,9.300999999999998,10.114166666666668,0.15148927391103967
2023-12-28,000001.SZ,9.11,9.47,9.08,9.45,9.12,0.33,3.6184,1661591.84,1550256.591,0.03618421052631571,0.03554493741941129,9.212,9.2895,10.0855,0.20583106195347964
2023-12-29,000001.SZ,9.42,9.48,9.35,9.39,9.45,-0.06,-0.6349,853852.79,803196.744,-0.006349206349206216,-0.006369448285479712,9.25,9.276,10.055333333333333,0.20665143118703136
2024-01-02,000001.SZ,9.39,9.42,9.21,9.21,9.39,-0.18,-1.9169,1158366.45,1075742.252,-0.019169329073482344,-0.01935544295295598,9.254000000000001,9.254999999999999,10.023666666666665,0.21612509575535244
2024-01-03,000001.SZ,9.19,9.22,9.15,9.2,9.21,-0.01,-0.1086,733610.31,673673.614,-0.0010857763300762269,-0.0010863662122210741,9.274000000000001,9.241,9.993333333333334,0.21021634663172895
2024-01-04,000001.SZ,9.19,9.19,9.08,9.11,9.2,-0.09,-0.9783,864193.99,787470.082,-0.009782608695652173,-0.009830772783127672,9.272,9.2215,9.962166666666667,0.21180412875797736
2024-01-05,000001.SZ,9.1,9.44,9.07,9.27,9.11,0.16,1.7563,1991622.16,1852659.692,0.01756311745334793,0.017410668305896795,9.236,9.213,9.9315,0.22207640868575823
2024-01-08,000001.SZ,9.23,9.3,9.11,9.15,9.27,-0.12,-1.2945,1121156.19,1029006.549,-0.012944983818770184,-0.013029500290333796,9.187999999999999,9.205499999999999,9.900666666666666,0.22059410937524623
2024-01-09,000001.SZ,9.16,9.19,9.09,9.18,9.15,0.03,0.3279,766193.88,700375.72,0.003278688524590123,0.0032733253449691085,9.181999999999999,9.197,9.870166666666668,0.21994977932150478
2024-01-10,000001.SZ,9.16,9.19,9.09,9.09,9.18,-0.09,-0.9804,858620.91,783771.15,-0.009803921568627416,-0.009852296443011594,9.16,9.1805,9.838,0.2198455857065385
2024-01-11,000001.SZ,9.08,9.22,9.03,9.17,9.09,0.08,0.8801,934686.37,853890.237,0.008800880088008833,0.008762378078986048,9.172,9.181000000000001,9.808333333333334,0.20002334979226086
2024-01-12,000001.SZ,9.13,9.27,9.11,9.19,9.17,0.02,0.2181,772582.15,711018.266,0.0021810250817884125,0.0021786500992221724,9.156,9.183,9.784833333333331,0.20009572515700702
2024-01-15,000001.SZ,9.16,9.29,9.13,9.21,9.19,0.02,0.2176,745132.66,685950.951,0.0021762785636563198,0.002173913899619967,9.168000000000001,9.183,9.761666666666667,0.19887715302240916
2024-01-16,000001.SZ,9.19,9.35,9.16,9.34,9.21,0.13,1.4115,1438312.58,1334465.409,0.01411509229098784,0.014016401973535562,9.2,9.1935,9.742333333333335,0.2020011570720816
2024-01-17,000001.SZ,9.33,9.39,9.23,9.23,9.34,-0.11,-1.1777,1482296.21,1380725.065,-0.011777301927194839,-0.011847203725990442,9.228,9.2,9.720333333333334,0.20670399934776948
2024-01-18,000001.SZ,9.21,9.24,9.0,9.2,9.23,-0.03,-0.325,1755132.47,1597853.727,-0.003250270855904791,-0.0032555644597662965,9.233999999999998,9.2085,9.700666666666667,0.20487987295897306
2024-01-19,000001.SZ,9.16,9.2,9.1,9.17,9.2,-0.03,-0.3261,963981.42,881865.024,-0.003260869565217317,-0.0032661977866210697,9.23,9.208499999999999,9.68,0.19798654927421858
2024-01-22,000001.SZ,9.16,9.26,9.04,9.1,9.17,-0.07,-0.7634,1580319.66,1449858.242,-0.007633587786259555,-0.007662872745569137,9.208,9.2035,9.657499999999999,0.19942892974766696
2024-01-23,000001.SZ,9.05,9.18,8.96,9.16,9.1,0.06,0.6593,1135544.58,1030898.421,0.00659340659340657,0.006571765163234519,9.172,9.202,9.636000000000001,0.20097231220117387
2024-01-24,000001.SZ,9.23,9.34,9.07,9.33,9.16,0.17,1.8559,1759123.16,1620099.272,0.018558951965065518,0.018388836173213574,9.191999999999998,9.2135,9.617166666666666,0.20789239904907125
2024-01-25,000001.SZ,9.33,9.54,9.27,9.5,9.33,0.17,1.8221,2162513.95,2037648.413,0.018220793140407254,0.01805678374724266,9.252,9.2325,9.600833333333332,0.21638656965047687
2024-01-26,000001.SZ,9.47,9.67,9.44,9.62,9.5,0.12,1.2632,2272287.06,2172799.799,0.012631578947368327,0.012552466071119879,9.342,9.241,9.5865,0.18038096708345425
2024-01-29,000001.SZ,9.69,9.88,9.58,9.7,9.62,0.08,0.8316,2376251.84,2312173.346,0.008316008316008316,0.008281620831722018,9.462,9.256499999999999,9.5735,0.18001793591507678
2024-01-30,000001.SZ,9.61,9.7,9.49,9.5,9.7,-0.2,-2.0619,1579122.14,1515156.604,-0.020618556701030855,-0.020834086902841914,9.53,9.270999999999999,9.553666666666667,0.18230378176952597
2024-01-31,000001.SZ,9.46,9.56,9.38,9.46,9.5,-0.04,-0.4211,1357217.47,1286857.397,-0.004210526315789331,-0.004219415542708099,9.556,9.284,9.534666666666665,0.18325246753091767
2024-02-01,000001.SZ,9.41,9.48,9.34,9.41,9.46,-0.05,-0.5285,1055259.87,993481.907,-0.005285412262156508,-0.005299429466498702,9.538,9.299,9.5165,0.18026481037995562
2024-02-02,000001.SZ,9.42,9.47,9.07,9.27,9.41,-0.14,-1.4878,1634214.31,1520605.695,-0.014877789585547307,-0.014989574019524499,9.468,9.299000000000001,9.496166666666666,0.17913666510879234
2024-02-05,000001.SZ,9.19,9.43,9.11,9.38,9.27,0.11,1.1866,1803591.9,1674566.499,0.011866235167206085,0.011796383440369564,9.404,9.310500000000001,9.480833333333333,0.17688108048320367
2024-02-06,000001.SZ,9.3,9.68,9.29,9.68,9.38,0.3,3.1983,1995409.54,1900324.218,0.03198294243070343,0.03148213827035216,9.440000000000001,9.3355,9.471333333333332,0.20778428374617453
2024-02-07,000001.SZ,9.62,9.67,9.48,9.61,9.68,-0.07,-0.7231,2062014.97,1975435.102,-0.00723140495867769,-0.007257678306284528,9.47,9.3615,9.460333333333333,0.20591736180962186
2024-02-08,000001.SZ,9.58,9.67,9.52,9.67,9.61,0.06,0.6243,1656813.84,1593505.69,0.00624349635796051,0.006224086483001885,9.522,9.3865,9.448666666666668,0.20513819717823334
2024-02-19,000001.SZ,9.76,9.81,9.65,9.81,9.67,0.14,1.4478,1605242.65,1564088.445,0.014477766287487093,0.014373964112068776,9.63,9.4175,9.4415,0.20929780363230738
2024-02-20,000001.SZ,9.79,9.84,9.73,9.82,9.81,0.01,0.1019,1123563.98,1098987.813,0.0010193679918450993,0.001018848789102848,9.718,9.448,9.436000000000002,0.20942423767820814
2024-02-21,000001.SZ,9.78,10.8,9.77,10.8,9.82,0.98,9.9796,5055284.6,5295259.397,0.0997963340122201,0.09512501176379962,9.942,9.520999999999999,9.446166666666667,0.40118929371105044
2024-02-22,000001.SZ,10.65,10.91,10.62,10.9,10.8,0.1,0.9259,4922325.12,5307736.374,0.0092592592592593,0.009216655104924048,10.2,9.6045,9.4565,0.39462398395868703
2024-02-23,000001.SZ,10.88,11.24,10.84,10.85,10.9,-0.05,-0.4587,3567479.5,3917316.282,-0.004587155963302836,-0.0045977092486295425,10.436,9.687,9.468,0.39518591814846515
2024-02-26,000001.SZ,10.78,10.88,10.5,10.53,10.85,-0.32,-2.9493,2862608.88,3048205.025,-0.029493087557603714,-0.029936753840584453,10.580000000000002,9.754999999999999,9.474333333333332,0.416016751559153
2024-02-27,000001.SZ,10.49,10.6,10.46,10.5,10.53,-0.03,-0.2849,1981904.92,2083027.074,-0.002849002849002802,-0.002853068982406399,10.716,9.825,9.481,0.41408841075735475
2024-02-28,000001.SZ,10.51,10.7,10.4,10.49,10.5,-0.01,-0.0952,3082692.65,3253340.358,-0.0009523809523809268,-0.0009528347552718544,10.654,9.8915,9.488999999999999,0.41517013164954963
2024-02-29,000001.SZ,10.42,10.59,10.41,10.59,10.49,0.1,0.9533,1845344.23,1936020.983,0.009532888465204836,0.009487737205109164,10.592,9.9545,9.499666666666666,0.4131009113576435
2024-03-01,000001.SZ,10.59,10.6,10.43,10.49,10.59,-0.1,-0.9443,1828102.9,1917689.307,-0.009442870632672351,-0.009487737205109302,10.52,10.004,9.5125,0.41450319948773584
2024-03-04,000001.SZ,10.45,10.5,10.32,10.33,10.49,-0.16,-1.5253,1655929.54,1719562.862,-0.015252621544327938,-0.015370139276658635,10.48,10.0395,9.523333333333335,0.41972756838403813
2024-03-05,000001.SZ,10.3,10.47,10.26,10.43,10.33,0.1,0.9681,1817319.07,1889144.33,0.00968054211035807,0.00963398588113379,10.466,10.076,9.536166666666666,0.41994653119679926
2024-03-06,000001.SZ,10.4,10.45,10.33,10.33,10.43,-0.1,-0.9588,1345640.16,1396940.06,-0.009587727708533,-0.009633985881133822,10.434000000000001,10.1175,9.547833333333333,0.41315670156623663
2024-03-07,000001.SZ,10.33,10.64,10.33,10.38,10.33,0.05,0.484,2016165.89,2109589.237,0.004840271055179146,0.004828594606195457,10.392,10.163499999999999,9.562833333333336,0.41187168647113465
2024-03-08,000001.SZ,10.35,10.44,10.3,10.38,10.38,0.0,0.0,1113974.28,1154491.251,0.0,0.0,10.370000000000001,10.212,9.577500000000002,0.4105536079041479
2024-03-11,000001.SZ,10.38,10.47,10.34,10.47,10.38,0.09,0.8671,1210672.98,1260212.02,0.00867052023121384,0.008633147144702875,10.398,10.272,9.594666666666665,0.40371572722415977
2024-03-12,000001.SZ,10.48,10.59,10.41,10.56,10.47,0.09,0.8596,1641262.37,1721999.708,0.008595988538681931,0.008559253395669911,10.424000000000001,10.331,9.615666666666668,0.4032949801567369
2024-03-13,000001.SZ,10.53,10.55,10.3,10.33,10.56,-0.23,-2.178,1768039.11,1834654.994,-0.021780303030303094,-0.0220209951465683,10.424000000000001,10.363499999999998,9.632000000000001,0.4029230728072554
2024-03-14,000001.SZ,10.3,10.38,10.2,10.23,10.33,-0.1,-0.9681,1409399.73,1448499.698,-0.009680542110358181,-0.009727703168012067,10.394,10.3945,9.645499999999998,0.40388465755974906
2024-03-15,000001.SZ,10.55,10.75,10.5,10.6,10.23,0.37,3.6168,3750207.89,3973799.131,0.03616813294232646,0.03552942115448632,10.437999999999999,10.441,9.6695,0.42028987153985664
2024-03-18,000001.SZ,10.56,10.61,10.49,10.54,10.6,-0.06,-0.566,1671396.51,1761249.15,-0.005660377358490565,-0.005676458004805191,10.452,10.477500000000001,9.692666666666668,0.4202953500919691
2024-03-19,000001.SZ,10.53,10.54,10.39,10.4,10.54,-0.14,-1.3283,1293215.58,1351069.63,-0.013282732447817747,-0.013371736965889195,10.419999999999998,10.506499999999999,9.7125,0.4246453004599221
2024-03-20,000001.SZ,10.38,10.47,10.37,10.45,10.4,0.05,0.4808,872663.16,910278.573,0.004807692307692291,0.0047961722634930135,10.443999999999999,10.489,9.734499999999999,0.22497700003469212
2024-03-21,000001.SZ,10.45,10.52,10.42,10.47,10.45,0.02,0.1914,864466.25,905422.294,0.001913875598086312,0.0019120464716256631,10.491999999999999,10.4675,9.757333333333332,0.2217841453186682
2024-03-22,000001.SZ,10.45,10.45,10.31,10.36,10.47,-0.11,-1.0506,1028141.74,1065535.606,-0.010506208213944768,-0.010561788051108653,10.443999999999999,10.443000000000001,9.7795,0.22371576831894288
2024-03-25,000001.SZ,10.35,10.49,10.32,10.4,10.36,0.04,0.3861,953202.21,993304.12,0.0038610038610038533,0.0038535693159899723,10.416,10.4365,9.8,0.19982647227857717
2024-03-26,000001.SZ,10.45,10.66,10.42,10.6,10.4,0.2,1.9231,1740021.46,1835376.191,0.019230769230769162,0.01904819497069441,10.456,10.441500000000001,9.823333333333332,0.2114818677180045
2024-03-27,000001.SZ,10.56,10.63,10.51,10.53,10.6,-0.07,-0.6604,1274135.99,1347397.15,-0.006603773584905714,-0.00662567497213738,10.472,10.4435,9.845666666666666,0.2129633624716741
2024-03-28,000001.SZ,10.51,10.57,10.38,10.49,10.53,-0.04,-0.3799,1302188.92,1362980.388,-0.003798670465337106,-0.0038059037376783006,10.476,10.4385,9.868833333333333,0.2105206508507731
2024-03-29,000001.SZ,10.45,10.57,10.43,10.52,10.49,0.03,0.286,872758.98,917332.316,0.0028598665395613843,0.002855784901357892,10.508,10.440000000000001,9.892166666666666,0.20801951173685584
2024-04-01,000001.SZ,10.52,10.65,10.51,10.64,10.52,0.12,1.1407,1191087.96,1261770.38,0.011406844106463865,0.01134227660393451,10.556000000000001,10.4555,9.911999999999999,0.20318147949674104
2024-04-02,000001.SZ,10.63,10.68,10.53,10.55,10.64,-0.09,-0.8459,1085458.26,1149700.8,-0.008458646616541388,-0.008494623991422857,10.546000000000001,10.4615,9.931333333333333,0.2037636045251845
2024-04-03,000001.SZ,10.53,10.55,10.42,10.46,10.55,-0.09,-0.8531,981845.85,1028648.883,-0.008530805687203769,-0.008567401285298638,10.532,10.468,9.952166666666667,0.20309273732682762
2024-04-08,000001.SZ,10.42,10.49,10.37,10.43,10.46,-0.03,-0.2868,906360.52,945290.441,-0.002868068833652093,-0.00287218962409585,10.52,10.470500000000001,9.972666666666667,0.2028528944591937
2024-04-09,000001.SZ,10.43,10.47,10.36,10.4,10.43,-0.03,-0.2876,857156.73,891468.991,-0.0028763183125598557,-0.00288046286535403,10.496,10.4715,9.994166666666667,0.2031692474778749
2024-04-10,000001.SZ,10.38,10.41,10.27,10.28,10.4,-0.12,-1.1538,1246390.82,1288696.196,-0.011538461538461608,-0.011605546120308003,10.424000000000001,10.462,10.011,0.2046181248397315
2024-04-11,000001.SZ,10.24,10.29,10.12,10.25,10.28,-0.03,-0.2918,1010213.4,1030820.137,-0.0029182879377431803,-0.0029225544426018536,10.364,10.446499999999999,10.029333333333334,0.2016381050449322
2024-04-12,000001.SZ,10.22,10.27,10.04,10.06,10.25,-0.19,-1.8537,1305453.71,1322011.754,-0.018536585365853564,-0.01871054091282394,10.284,10.433,10.044,0.19758035241221716
2024-04-15,000001.SZ,10.07,10.32,10.06,10.29,10.06,0.23,2.2863,1453202.6,1486326.196,0.022862823061630122,0.022605385174364997,10.256,10.436,10.064,0.21237951966819224
2024-04-16,000001.SZ,10.28,10.39,10.22,10.28,10.29,-0.01,-0.0972,1478036.43,1523138.499,-0.0009718172983479434,-0.0009722898189392223,10.232,10.42,10.0825,0.16499661016516787
2024-04-17,000001.SZ,10.26,10.63,10.21,10.62,10.28,0.34,3.3074,2232640.57,2337576.587,0.03307392996108938,0.032538755786773614,10.3,10.424,10.106333333333334,0.20453216156876233
2024-04-18,000001.SZ,10.58,11.03,10.56,10.8,10.62,0.18,1.6949,3165914.26,3427338.982,0.016949152542373058,0.016807118316381407,10.41,10.443999999999999,10.132833333333334,0.20574616294114967
2024-04-19,000001.SZ,10.71,10.82,10.66,10.69,10.8,-0.11,-1.0185,1457675.02,1562376.147,-0.010185185185185297,-0.010237409093220264,10.535999999999998,10.456,10.155333333333333,0.2098437424553206
2024-04-22,000001.SZ,10.64,10.81,10.45,10.5,10.69,-0.19,-1.7774,2009818.37,2125722.741,-0.017773620205799756,-0.017933467873476112,10.578,10.4575,10.176499999999999,0.22035166161738312
2024-04-23,000001.SZ,10.51,10.65,10.46,10.54,10.5,0.04,0.381,1240027.0,1308866.093,0.003809523809523707,0.0038022859497384787,10.629999999999999,10.4665,10.198833333333335,0.21692997617530044
2024-04-24,000001.SZ,10.52,10.57,10.46,10.53,10.54,-0.01,-0.0949,941567.74,989093.538,-0.000948766603415585,-0.0009492169673321593,10.612,10.472999999999999,10.221499999999999,0.21674560982741664
2024-04-25,000001.SZ,10.5,10.62,10.48,10.61,10.53,0.08,0.7597,1113812.24,1176304.525,0.007597340930674212,0.0075686264800075825,10.574,10.4735,10.246666666666668,0.20728794403740855
2024-04-26,000001.SZ,10.59,10.67,10.48,10.6,10.61,-0.01,-0.0943,1607627.51,1698581.437,-0.0009425070688029447,-0.000942951507870236,10.556000000000001,10.477,10.270666666666665,0.20581852428982456
2024-04-29,000001.SZ,10.56,10.9,10.52,10.81,10.6,0.21,1.9811,2169177.37,2337350.884,0.019811320754717032,0.0196176305330955,10.618,10.493,10.295333333333334,0.21621448797993897
2024-04-30,000001.SZ,10.8,10.88,10.73,10.79,10.81,-0.02,-0.185,1324556.53,1431407.709,-0.0018501387604071828,-0.0018518523810737706,10.668000000000001,10.506499999999999,10.316833333333333,0.21649412206132798
2024-05-06,000001.SZ,10.96,11.11,10.84,10.89,10.79,0.1,0.9268,1784100.57,1953817.493,0.009267840593141896,0.009225157674825908,10.74,10.519,10.338,0.21530686689412554
2024-05-07,000001.SZ,10.87,10.89,10.76,10.88,10.89,-0.01,-0.0918,1087056.65,1176786.413,-0.0009182736455463081,-0.0009186955170724693,10.794,10.5355,10.357666666666665,0.21244249487873051
2024-05-08,000001.SZ,10.84,10.88,10.71,10.73,10.88,-0.15,-1.3787,1221791.27,1318612.0,-0.01378676470588236,-0.013882684785189472,10.82,10.549,10.378166666666665,0.21655464934011312
2024-05-09,000001.SZ,10.71,10.82,10.71,10.76,10.73,0.03,0.2796,1069460.63,1150726.858,0.002795899347623365,0.0027919980910311335,10.81,10.5655,10.399833333333333,0.21601957972358132
2024-05-10,000001.SZ,10.77,10.96,10.76,10.94,10.76,0.18,1.6729,1767835.61,1923452.177,0.016728624535315983,0.01659024226019679,10.84,10.592500000000001,10.425333333333333,0.22171032936014407
2024-05-13,000001.SZ,10.9,11.01,10.81,10.97,10.94,0.03,0.2742,1402498.6,1530058.92,0.002742230347349217,0.0027384772933037706,10.856,10.627,10.453666666666667,0.21531204814820665
2024-05-14,000001.SZ,11.0,11.06,10.88,10.91,10.97,-0.06,-0.5469,1075783.91,1176577.328,-0.005469462169553352,-0.005484474442159452,10.862,10.66,10.479166666666666,0.2164828551156572
2024-05-15,000001.SZ,10.9,10.92,10.81,10.83,10.91,-0.08,-0.7333,868296.6,942907.951,-0.007332722273143966,-0.007359738832080269,10.882,10.6985,10.498333333333335,0.20489658579955944
2024-05-16,000001.SZ,10.85,11.21,10.83,11.17,10.83,0.34,3.1394,3076291.65,3410151.917,0.0313942751615881,0.030911552068210023,10.964,10.7425,10.524333333333335,0.21730139526565806
2024-05-17,000001.SZ,11.18,11.42,11.13,11.42,11.17,0.25,2.2381,2841748.85,3200736.554,0.022381378692927445,0.02213459114675478,11.06,10.799499999999998,10.553499999999998,0.22558381020448648
2024-05-20,000001.SZ,11.43,11.53,11.31,11.38,11.42,-0.04,-0.3503,2170210.3,2475290.152,-0.003502626970227629,-0.003508775529679254,11.142,10.8375,10.579666666666666,0.20214521103195368
2024-05-21,000001.SZ,11.32,11.62,11.31,11.55,11.38,0.17,1.4938,2030049.41,2336192.875,0.01493848857644986,0.014828008269617634,11.27,10.875,10.6085,0.20049527342887546
2024-05-22,000001.SZ,11.56,11.74,11.46,11.56,11.55,0.01,0.0866,2115531.38,2458448.97,0.0008658008658009031,0.0008654262764289014,11.416,10.9185,10.621166666666666,0.19427722418419474
2024-05-23,000001.SZ,11.53,11.59,11.37,11.4,11.56,-0.16,-1.3841,1841622.9,2110799.282,-0.01384083044982698,-0.013937507843781624,11.462,10.9635,10.6295,0.18885986198026522
2024-05-24,000001.SZ,11.37,11.49,11.3,11.31,11.4,-0.09,-0.7895,1398275.84,1593330.336,-0.007894736842105288,-0.007926065272420716,11.440000000000001,11.002,10.637166666666667,0.1936784011686504
2024-05-27,000001.SZ,11.31,11.53,11.31,11.51,11.31,0.2,1.7683,1454361.43,1663272.118,0.017683465959327904,0.017528932605762066,11.466000000000001,11.051,10.653500000000001,0.19908902184392457
2024-05-28,000001.SZ,11.5,11.58,11.36,11.4,11.51,-0.11,-0.9557,1204322.85,1377107.204,-0.009556907037358786,-0.009602867333341467,11.436,11.0905,10.6685,0.20481703868668402
2024-05-29,000001.SZ,11.38,11.45,11.23,11.26,11.4,-0.14,-1.2281,1444811.11,1635445.613,-0.012280701754386003,-0.012356732688905492,11.376,11.1235,10.681333333333333,0.2120348739988626
2024-05-30,000001.SZ,11.24,11.34,11.06,11.12,11.26,-0.14,-1.2433,1325496.35,1481608.711,-0.01243339253996456,-0.012511333889108092,11.32,11.139,10.690166666666666,0.20922012650186142
2024-05-31,000001.SZ,11.14,11.19,11.11,11.11,11.12,-0.01,-0.0899,826706.76,921248.146,-0.0008992805755395628,-0.0008996851708976849,11.28,11.155,10.7005,0.20904554547188364
2024-06-03,000001.SZ,11.12,11.13,10.91,10.98,11.11,-0.13,-1.1701,1326696.75,1456086.024,-0.011701170117011661,-0.011770167570154014,11.174,11.1595,10.711333333333334,0.21200018932045026
2024-06-04,000001.SZ,10.95,11.05,10.91,11.02,10.98,0.04,0.3643,981004.95,1079356.561,0.0036429872495444826,0.0036363676433837124,11.098,11.1665,10.721166666666667,0.2122148610897144
2024-06-05,000001.SZ,11.04,11.07,10.87,10.87,11.02,-0.15,-1.3612,1018967.75,1114155.999,-0.01361161524500909,-0.01370510259165037,11.02,11.1735,10.730166666666666,0.21205687218123767
2024-06-06,000001.SZ,10.9,10.98,10.88,10.9,10.87,0.03,0.276,1049331.53,1145989.426,0.002759889604415866,0.0027560881019799838,10.975999999999999,11.180499999999999,10.738833333333332,0.212052263351665
2024-06-07,000001.SZ,10.92,11.01,10.89,10.99,10.9,0.09,0.8257,1170126.04,1281662.986,0.008256880733944927,0.00822297918043195,10.952,11.183,10.748999999999999,0.20560969464794407
2024-06-11,000001.SZ,10.98,11.02,10.79,10.87,10.99,-0.12,-1.0919,1337628.54,1452841.957,-0.010919017288444133,-0.010979067282412013,10.93,11.178,10.755666666666666,0.2091516935487321
2024-06-12,000001.SZ,10.85,10.91,10.78,10.88,10.87,0.01,0.092,957426.35,1037927.497,0.0009199632014720294,0.0009195402946785818,10.902,11.1765,10.761,0.2083159537839024
2024-06-13,000001.SZ,10.89,10.93,10.8,10.8,10.88,-0.08,-0.7353,1203507.79,1304403.407,-0.007352941176470562,-0.007380107297622534,10.888,11.175,10.768833333333333,0.20832533267347123
2024-06-14,000001.SZ,10.15,10.23,9.99,10.18,10.08,0.1,0.9921,1637990.47,1657433.955,-0.05740740740740746,-0.059121123007797385,10.744,11.125499999999999,10.768,0.2620544293670202
2024-06-17,000001.SZ,10.13,10.16,10.08,10.1,10.18,-0.08,-0.7859,681217.02,688669.914,-0.007858546168958758,-0.007889587275162932,10.565999999999999,11.0595,10.759666666666668,0.24214369034856825
2024-06-18,000001.SZ,10.11,10.16,10.04,10.08,10.1,-0.02,-0.198,700653.08,707829.472,-0.001980198019801982,-0.001982161203991211,10.408000000000001,10.9945,10.751999999999999,0.24241289775304886
2024-06-19,000001.SZ,10.1,10.21,10.08,10.15,10.08,0.07,0.6944,796184.18,807676.192,0.00694444444444442,0.006920442844573757,10.262,10.9245,10.747833333333334,0.2348260256535616
2024-06-20,000001.SZ,10.16,10.17,10.05,10.05,10.15,-0.1,-0.9852,629627.57,635070.262,-0.009852216748768461,-0.00990107098271157,10.112,10.849,10.741166666666667,0.23354649210958553
2024-06-21,000001.SZ,10.05,10.09,9.95,10.0,10.05,-0.05,-0.4975,830545.28,831176.895,-0.004975124378109541,-0.004987541511039162,10.075999999999999,10.779,10.733333333333333,0.23215243294419105
2024-06-24,000001.SZ,9.97,10.07,9.88,9.98,10.0,-0.02,-0.2,947081.54,944907.466,-0.0020000000000000018,-0.0020020026706730793,10.052000000000001,10.7125,10.727,0.2326002616942398
2024-06-25,000001.SZ,9.99,10.13,9.98,10.08,9.98,0.1,1.002,769992.81,775332.072,0.01002004008016022,0.00997017231984985,10.052000000000001,10.641,10.721666666666668,0.2236107860363891
2024-06-26,000001.SZ,10.06,10.13,10.02,10.08,10.08,0.0,0.0,628598.71,633763.882,0.0,0.0,10.038,10.575,10.713,0.2244576724162057
2024-06-27,000001.SZ,10.06,10.21,10.0,10.13,10.08,0.05,0.496,928881.97,938954.398,0.004960317460317443,0.0049480556173694375,10.054,10.5185,10.706333333333333,0.2264306609828914
2024-06-28,000001.SZ,10.1,10.26,10.09,10.15,10.13,0.02,0.1974,918089.92,933947.813,0.001974333662388972,0.001972387227204354,10.084,10.47,10.700666666666667,0.22607981732414606
2024-07-01,000001.SZ,10.09,10.35,10.04,10.35,10.15,0.2,1.9704,1343051.49,1372549.62,0.019704433497536922,0.01951281422358172,10.158,10.432,10.697833333333334,0.24166859540417202
2024-07-02,000001.SZ,10.3,10.48,10.28,10.4,10.35,0.05,0.4831,1384385.7,1440864.391,0.004830917874396157,0.004819286435948922,10.222,10.403,10.693833333333334,0.24128297155478984
2024-07-03,000001.SZ,10.4,10.43,10.29,10.31,10.4,-0.09,-0.8654,713067.46,737326.421,-0.008653846153846123,-0.008691508118458391,10.268,10.367500000000001,10.689833333333333,0.24101302634023158
2024-07-04,000001.SZ,10.3,10.38,10.25,10.26,10.31,-0.05,-0.485,735044.24,757464.387,-0.004849660523763455,-0.0048614582862452,10.294,10.337,10.6865,0.23798633847197437
2024-07-05,000001.SZ,10.26,10.29,9.92,9.97,10.26,-0.29,-2.8265,1713353.86,1721256.576,-0.02826510721247555,-0.028672255768876425,10.258000000000001,10.2905,10.678833333333333,0.2533997861460404
2024-07-08,000001.SZ,9.94,10.02,9.85,9.93,9.97,-0.04,-0.4012,868659.62,864791.776,-0.004012036108325012,-0.004020105916665776,10.174000000000001,10.2375,10.671,0.24902464981970865
2024-07-09,000001.SZ,9.94,10.1,9.91,10.07,9.93,0.14,1.4099,1032485.3,1034316.511,0.014098690835850913,0.01400022867338966,10.108,10.1975,10.6675,0.2567696527589443
2024-07-10,000001.SZ,10.07,10.2,10.05,10.14,10.07,0.07,0.6951,873865.11,886626.727,0.006951340615690249,0.006927291432566258,10.074000000000002,10.1605,10.665666666666668,0.2590872282633277
2024-07-11,000001.SZ,10.21,10.23,10.07,10.13,10.14,-0.01,-0.0986,721392.25,731789.332,-0.0009861932938856066,-0.0009866799024450975,10.048,10.127,10.666833333333333,0.25877982585165626
2024-07-12,000001.SZ,10.12,10.31,10.12,10.31,10.13,0.18,1.7769,1214163.69,1246877.666,0.017769002961500524,0.017612979768276575,10.116,10.133500000000002,10.667166666666667,0.17266813753628926
2024-07-15,000001.SZ,10.31,10.35,10.26,10.33,10.31,0.02,0.194,869412.47,896975.833,0.0019398642095052043,0.0019379851026784913,10.196000000000002,10.145,10.668000000000001,0.16971101307495173
2024-07-16,000001.SZ,10.33,10.37,10.24,10.3,10.33,-0.03,-0.2904,943008.11,971564.895,-0.0029041626331074433,-0.0029083878959570812,10.242,10.156,10.662666666666667,0.1699707695029224
2024-07-17,000001.SZ,10.3,10.42,10.28,10.4,10.3,0.1,0.9709,1220168.35,1266412.58,0.009708737864077666,0.00966191091173689,10.294,10.1685,10.656,0.17150028463259426
2024-07-18,000001.SZ,10.38,10.43,10.3,10.41,10.4,0.01,0.0962,1087061.02,1127365.071,0.0009615384615384581,0.000961076479550532,10.35,10.1865,10.651333333333334,0.16641667272383134
2024-07-19,000001.SZ,10.38,10.42,10.29,10.37,10.41,-0.04,-0.3842,898723.24,929722.662,-0.003842459173871382,-0.0038498603854416596,10.362,10.205000000000002,10.649166666666668,0.1658514458023548
2024-07-22,000001.SZ,10.36,10.38,10.19,10.23,10.37,-0.14,-1.35,994480.87,1018663.806,-0.013500482160077043,-0.013592442277900744,10.342,10.2175,10.644,0.17422365721155744
2024-07-23,000001.SZ,10.25,10.33,10.16,10.18,10.23,-0.05,-0.4888,1020153.63,1046994.471,-0.00488758553274693,-0.004899568841158536,10.318,10.2225,10.638166666666667,0.17234821968619615
2024-07-24,000001.SZ,10.18,10.24,10.12,10.13,10.18,-0.05,-0.4912,724517.57,736332.832,-0.004911591355599154,-0.004923692861784612,10.264,10.225,10.630166666666666,0.17343445451192527
2024-07-25,000001.SZ,10.12,10.15,10.0,10.09,10.13,-0.04,-0.3949,856404.43,861750.366,-0.003948667324777944,-0.00395648389507448,10.2,10.223,10.621666666666668,0.17314517283560116
2024-07-26,000001.SZ,10.1,10.12,9.97,10.03,10.09,-0.06,-0.5946,929551.95,931879.546,-0.00594648166501488,-0.005964232391673439,10.132,10.217,10.608666666666666,0.17414155907016082
2024-07-29,000001.SZ,10.02,10.14,9.97,10.11,10.03,0.08,0.7976,781552.43,788019.059,0.007976071784645988,0.007944431058535812,10.108,10.205,10.597333333333333,0.16050262818577346
2024-07-30,000001.SZ,10.1,10.13,10.03,10.08,10.11,-0.03,-0.2967,613267.95,618056.61,-0.0029673590504450953,-0.0029717703891574817,10.088,10.189,10.583833333333335,0.15904587060392586
2024-07-31,000001.SZ,10.08,10.28,10.07,10.27,10.08,0.19,1.8849,1096906.34,1117768.675,0.018849206349206282,0.01867376129724424,10.116,10.187000000000001,10.573666666666668,0.17209647218244792
2024-08-01,000001.SZ,10.25,10.32,10.17,10.27,10.27,0.0,0.0,733883.77,752688.22,0.0,0.0,10.151999999999997,10.1875,10.566,0.17119421666182494
2024-08-02,000001.SZ,10.22,10.25,10.13,10.14,10.27,-0.13,-1.2658,590228.76,601173.371,-0.012658227848101222,-0.012739025777429714,10.174000000000001,10.196000000000002,10.555666666666667,0.14363787992815608
2024-08-05,000001.SZ,10.11,10.22,10.05,10.05,10.14,-0.09,-0.8876,758978.52,768980.625,-0.008875739644970349,-0.00891536365795228,10.162,10.202,10.540833333333333,0.14683878341502005
2024-08-06,000001.SZ,10.07,10.12,9.89,9.93,10.05,-0.12,-1.194,1265536.91,1261997.757,-0.01194029850746281,-0.012012156448003658,10.132000000000001,10.195,10.5235,0.14425501010693584
2024-08-07,000001.SZ,9.95,9.98,9.91,9.93,9.93,0.0,0.0,517608.42,514848.813,0.0,0.0,10.064,10.1845,10.507166666666667,0.141473490518867
2024-08-08,000001.SZ,9.92,9.98,9.9,9.94,9.93,0.01,0.1007,500410.67,497548.149,0.001007049345417954,0.0010065426114014722,9.998,10.175,10.492333333333333,0.14165441849133917
2024-08-09,000001.SZ,9.96,10.1,9.94,10.04,9.94,0.1,1.006,730273.96,732886.456,0.010060362173038184,0.010010093595100425,9.977999999999998,10.1615,10.4735,0.13036671167794395
2024-08-12,000001.SZ,10.02,10.05,9.98,10.01,10.04,-0.03,-0.2988,353013.46,353251.351,-0.0029880478087648266,-0.002992520936453806,9.969999999999999,10.1455,10.45,0.12991817351234233
2024-08-13,000001.SZ,10.02,10.03,9.92,9.95,10.01,-0.06,-0.5994,622077.2,620061.492,-0.005994005994006013,-0.006012042156627834,9.974,10.128,10.426166666666667,0.1308082644320709
2024-08-14,000001.SZ,9.94,9.98,9.91,9.92,9.95,-0.03,-0.3015,436380.38,433380.447,-0.0030150753768843908,-0.0030196298737199456,9.972,10.104,10.399,0.12370034661833476
2024-08-15,000001.SZ,9.92,10.06,9.87,10.03,9.92,0.11,1.1089,776247.47,775851.461,0.011088709677419262,0.011027680677062645,9.99,10.084999999999999,10.373500000000002,0.132206455618171
2024-08-16,000001.SZ,10.08,10.21,10.05,10.13,10.03,0.1,0.997,1260367.61,1277042.001,0.009970089730807707,0.009920716286747979,10.008,10.072999999999999,10.352333333333336,0.13835884263862885
2024-08-19,000001.SZ,10.13,10.3,10.12,10.29,10.13,0.16,1.5795,1482985.26,1520594.688,0.01579466929911133,0.01567123158536601,10.064,10.076,10.335333333333333,0.14264201498029297
2024-08-20,000001.SZ,10.32,10.43,10.28,10.34,10.29,0.05,0.4859,1569186.65,1623147.686,0.004859086491739717,0.004847319234324997,10.142,10.084,10.315833333333334,0.14210761255870663
2024-08-21,000001.SZ,10.3,10.38,10.21,10.35,10.34,0.01,0.0967,1034887.81,1068207.868,0.0009671179883945502,0.000966650631094974,10.228,10.095,10.298333333333334,0.1404868191944536
2024-08-22,000001.SZ,10.34,10.45,10.32,10.38,10.35,0.03,0.2899,1109030.39,1153871.816,0.0028985507246377384,0.0028943580263645565,10.297999999999998,10.1095,10.283666666666667,0.13931305501313956
2024-08-23,000001.SZ,10.39,10.5,10.32,10.47,10.38,0.09,0.8671,1071905.71,1117475.768,0.00867052023121384,0.008633147144702875,10.366,10.131499999999999,10.272833333333333,0.13867467290834767
2024-08-26,000001.SZ,10.5,10.55,10.42,10.49,10.47,0.02,0.191,740675.24,775921.849,0.0019102196752625034,0.001908397525760169,10.406,10.150500000000001,10.2625,0.13697622868550413
2024-08-27,000001.SZ,10.47,10.52,10.37,10.43,10.49,-0.06,-0.572,723136.58,755583.764,-0.0057197330791229906,-0.005736153395524746,10.424,10.168,10.253333333333334,0.1386072909359726
2024-08-28,000001.SZ,10.41,10.43,10.28,10.33,10.43,-0.1,-0.9588,942547.54,973872.155,-0.009587727708533,-0.009633985881133822,10.419999999999998,10.171,10.241833333333334,0.12844584323052347
2024-08-29,000001.SZ,10.31,10.38,10.11,10.13,10.33,-0.2,-1.9361,1197676.31,1221351.092,-0.01936108422071625,-0.019550964870955055,10.370000000000001,10.164,10.2295,0.14624305063669843
2024-08-30,000001.SZ,10.11,10.26,10.11,10.16,10.13,0.03,0.2962,1294059.08,1318858.688,0.0029615004935834577,0.0029571238897438627,10.308,10.165,10.217166666666667,0.13958481466279718
2024-09-02,000001.SZ,10.12,10.21,10.09,10.11,10.16,-0.05,-0.4921,968835.5,983898.751,-0.004921259842519787,-0.004933409117955888,10.232000000000001,10.168000000000001,10.202499999999999,0.13687848349870263
2024-09-03,000001.SZ,10.11,10.13,10.0,10.08,10.11,-0.03,-0.2967,916581.22,920884.663,-0.0029673590504450953,-0.0029717703891574817,10.162,10.1755,10.189333333333334,0.12972626924797567
2024-09-04,000001.SZ,10.05,10.15,10.0,10.02,10.08,-0.06,-0.5952,847992.33,852224.67,-0.005952380952381042,-0.005970166986503908,10.1,10.18,10.175,0.13190434612299365
2024-09-05,000001.SZ,10.03,10.08,9.98,10.07,10.02,0.05,0.499,594208.76,595845.843,0.004990019960079861,0.0049776110737522064,10.088,10.186499999999999,10.162833333333333,0.13286797688830357
2024-09-06,000001.SZ,10.06,10.21,10.05,10.08,10.07,0.01,0.0993,878865.43,891507.834,0.0009930486593843213,0.000992555912751643,10.072,10.188500000000001,10.161166666666666,0.12819675268459896
2024-09-09,000001.SZ,10.05,10.07,9.84,9.85,10.08,-0.23,-2.2817,1639174.51,1624857.668,-0.022817460317460347,-0.023081807459225074,10.02,10.1805,10.157,0.1519256810067508
2024-09-10,000001.SZ,9.86,9.92,9.78,9.9,9.85,0.05,0.5076,767901.14,756124.764,0.005076142131979822,0.005063301956546855,9.984,10.178,10.154,0.15195075003972439
2024-09-11,000001.SZ,9.88,9.88,9.63,9.65,9.9,-0.25,-2.5253,1108727.04,1078602.468,-0.025252525252525304,-0.025576841789649737,9.91,10.1645,10.145666666666667,0.1759987018604902
2024-09-12,000001.SZ,9.65,9.77,9.61,9.74,9.65,0.09,0.9326,581834.05,564923.216,0.00932642487046631,0.009283202303549162,9.844000000000001,10.15,10.140500000000001,0.17445516775561695
2024-09-13,000001.SZ,9.73,9.82,9.7,9.7,9.74,-0.04,-0.4107,566461.9,553269.704,-0.004106776180698213,-0.004115232145106655,9.767999999999999,10.1285,10.1355,0.1693596632694934
2024-09-18,000001.SZ,9.72,9.78,9.66,9.77,9.7,0.07,0.7216,443610.99,431665.627,0.007216494845360799,0.007190580545354209,9.751999999999999,10.1025,10.132,0.15979757011740492
2024-09-19,000001.SZ,9.79,9.84,9.68,9.81,9.77,0.04,0.4094,684293.11,669341.182,0.004094165813715467,0.004085807522580354,9.734,10.076,10.1275,0.15935020214483772
2024-09-20,000001.SZ,9.81,9.9,9.78,9.9,9.81,0.09,0.9174,797297.14,785121.199,0.00917431192660545,0.009132483563272472,9.784,10.0535,10.124500000000001,0.16435703318769973
2024-09-23,000001.SZ,9.89,10.09,9.87,10.04,9.9,0.14,1.4141,896907.55,897428.03,0.01414141414141401,0.014042357123038765,9.844,10.0365,10.123,0.17354287030978013
2024-09-24,000001.SZ,10.11,10.37,10.08,10.37,10.04,0.33,3.2869,1638213.19,1678174.482,0.03286852589641431,0.03233990797785279,9.978,10.0315,10.126666666666667,0.2099802264289227
2024-09-25,000001.SZ,10.52,10.7,10.45,10.5,10.37,0.13,1.2536,2160693.98,2285995.369,0.012536162005786,0.012458234922041804,10.123999999999999,10.032,10.129166666666666,0.21485952384652007
2024-09-26,000001.SZ,10.5,11.15,10.5,11.15,10.5,0.65,6.1905,3086457.2,3341759.456,0.06190476190476191,0.06006424074265008,10.392,10.068000000000001,10.141666666666667,0.3054237451323829
2024-09-27,000001.SZ,11.35,11.56,11.03,11.42,11.15,0.27,2.4215,3840016.37,4337985.143,0.024215246636771326,0.023926706321736418,10.696,10.122499999999999,10.160166666666667,0.30972795301222156
2024-09-30,000001.SZ,11.62,12.3,11.56,12.21,11.42,0.79,6.9177,5430283.64,6467438.838,0.06917688266199651,0.06688908389474917,11.129999999999999,10.2265,10.192666666666666,0.37014133597952376
2024-10-08,000001.SZ,13.43,13.43,12.34,12.88,12.21,0.67,5.4873,5888977.78,7602664.024,0.05487305487305494,0.053420432553594306,11.632000000000001,10.3625,10.241166666666667,0.4022096314764261
2024-10-09,000001.SZ,12.63,12.63,11.66,11.68,12.88,-1.2,-9.3168,4269345.06,5172049.702,-0.0931677018633541,-0.09779774327612663,11.868,10.440999999999999,10.270333333333333,0.547758340817583
2024-10-10,000001.SZ,11.62,12.26,11.6,11.98,11.43,0.55,4.8119,3426421.68,4095573.501,0.025684931506849473,0.025360615287222447,12.034,10.536,10.302166666666666,0.5497156928561924
2024-10-11,000001.SZ,12.0,12.17,11.58,11.72,11.98,-0.26,-2.1703,2070890.57,2455848.197,-0.02170283806343909,-0.021941808538436757,12.094,10.620999999999999,10.3285,0.5582688987935115
2024-10-14,000001.SZ,11.98,12.18,11.79,12.02,11.72,0.3,2.5597,2400595.09,2881934.272,0.025597269624573205,0.025275144958194794,12.056000000000001,10.7185,10.360000000000001,0.5613531768738926
2024-10-15,000001.SZ,11.94,12.23,11.88,11.9,12.02,-0.12,-0.9983,2072840.77,2500974.427,-0.009983361064891727,-0.010033528989577697,11.86,10.8095,10.386500000000002,0.5648981500759191
2024-10-16,000001.SZ,11.8,12.18,11.77,12.06,11.9,0.16,1.3445,1914493.53,2301340.929,0.013445378151260456,0.013355791181555636,11.936,10.92,10.415333333333333,0.5523839838703211
2024-10-17,000001.SZ,12.07,12.23,11.93,11.95,12.06,-0.11,-0.9121,1653708.09,1993261.646,-0.009121061359867455,-0.009162912921519837,11.930000000000001,11.022499999999999,10.442833333333335,0.5566028407728523
2024-10-18,000001.SZ,11.91,12.18,11.68,12.04,11.95,0.09,0.7531,2604654.16,3105820.973,0.007531380753138084,0.007503161503155315,11.994,11.142,10.470166666666666,0.5409732867460445
2024-10-21,000001.SZ,11.94,11.94,11.63,11.81,12.04,-0.23,-1.9103,2806654.67,3302020.181,-0.019102990033222467,-0.019287809671403915,11.952,11.2455,10.493500000000001,0.5519190685253959
2024-10-22,000001.SZ,11.76,11.93,11.72,11.79,11.81,-0.02,-0.1693,1617787.13,1908438.725,-0.0016934801016089684,-0.0016949156599915408,11.93,11.35,10.517166666666666,0.5511516109609689
2024-10-23,000001.SZ,11.82,11.89,11.75,11.86,11.79,0.07,0.5937,1511866.04,1787236.762,0.00593723494486853,0.005919679020299833,11.889999999999999,11.4545,10.544333333333332,0.5512678287619421
2024-10-24,000001.SZ,11.81,11.86,11.72,11.75,11.86,-0.11,-0.9275,885299.42,1042818.619,-0.009274873524451888,-0.009318152979411375,11.85,11.5515,10.570500000000001,0.5552983639871216
2024-10-25,000001.SZ,11.77,11.78,11.69,11.71,11.75,-0.04,-0.3404,1105754.68,1296844.369,-0.0034042553191488967,-0.0034100629805419547,11.783999999999999,11.642,10.596833333333334,0.5572335601155566
2024-10-28,000001.SZ,11.68,11.68,11.53,11.64,11.71,-0.07,-0.5978,1169486.98,1356008.963,-0.005977796754910392,-0.005995735306334268,11.75,11.722,10.622666666666667,0.5593549032329075
2024-10-29,000001.SZ,11.62,11.74,11.53,11.54,11.64,-0.1,-0.8591,1198024.82,1391150.259,-0.0085910652920963,-0.008628181223338343,11.7,11.7805,10.647833333333333,0.5542609375250569
2024-10-30,000001.SZ,11.5,11.58,11.27,11.32,11.54,-0.22,-1.9064,1482402.79,1686501.658,-0.01906412478336217,-0.019248188304916578,11.592,11.8215,10.668000000000001,0.5605903882693841
2024-10-31,000001.SZ,11.33,11.44,11.24,11.38,11.32,0.06,0.53,1250205.39,1419624.319,0.005300353356890497,0.0052863559231480246,11.518,11.833,10.689666666666666,0.5179141812438083
2024-11-01,000001.SZ,11.38,11.55,11.34,11.43,11.38,0.05,0.4394,1589811.11,1821423.447,0.004393673110720364,0.004384049108534228,11.462,11.8335,10.709,0.5111358700461306
2024-11-04,000001.SZ,11.43,11.46,11.26,11.46,11.43,0.03,0.2625,1131516.11,1285874.126,0.002624671916010568,0.002621233479874287,11.426,11.796000000000001,10.728833333333334,0.44260844263506727
2024-11-05,000001.SZ,11.42,11.66,11.39,11.65,11.46,0.19,1.6579,1665418.4,1925260.7,0.016579406631762605,0.01644346872511602,11.448,11.7345,10.754,0.39472864059362933
2024-11-06,000001.SZ,11.62,11.64,11.47,11.55,11.65,-0.1,-0.8584,1462286.36,1689977.501,-0.008583690987124415,-0.008620743043906975,11.494000000000002,11.728,10.778999999999998,0.21785419293689803
2024-11-07,000001.SZ,11.5,11.93,11.48,11.91,11.55,0.36,3.1169,2242843.79,2627007.561,0.03116883116883118,0.030692946399406198,11.6,11.7245,10.812000000000001,0.22725339549534235
2024-11-08,000001.SZ,11.94,12.01,11.7,11.72,11.91,-0.19,-1.5953,1895104.15,2239060.534,-0.015952980688497043,-0.016081599218342162,11.658000000000001,11.7245,10.841833333333335,0.22086286557963872
2024-11-11,000001.SZ,11.63,11.68,11.47,11.6,11.72,-0.12,-1.0239,1486951.64,1717961.562,-0.010238907849829393,-0.010291686036547636,11.686,11.7035,10.869499999999999,0.20178162426764354
2024-11-12,000001.SZ,11.58,11.84,11.51,11.54,11.6,-0.06,-0.5172,1717662.55,2005791.408,-0.005172413793103514,-0.005185837032365526,11.664,11.685500000000001,10.8945,0.19987597951802696
2024-11-13,000001.SZ,11.5,11.7,11.48,11.61,11.54,0.07,0.6066,1086263.28,1260161.857,0.0060658578856152,0.006047534629846576,11.675999999999998,11.663,10.921166666666668,0.19421341792489832
2024-11-14,000001.SZ,11.59,11.7,11.53,11.54,11.61,-0.07,-0.6029,1159783.11,1348378.229,-0.006029285099052539,-0.006047534629846625,11.602,11.6425,10.947666666666667,0.19297987892551832
2024-11-15,000001.SZ,11.5,11.61,11.42,11.44,11.54,-0.1,-0.8666,1215783.51,1399308.729,-0.008665511265164572,-0.008703275128301588,11.545999999999998,11.6125,10.973,0.19128925182389797
2024-11-18,000001.SZ,11.63,12.04,11.62,11.75,11.44,0.31,2.7098,3797324.45,4493249.093,0.027097902097902082,0.026737254638516113,11.575999999999999,11.6095,11.001666666666665,0.20765214917674654
2024-11-19,000001.SZ,11.75,11.96,11.55,11.68,11.75,-0.07,-0.5957,2430036.65,2849661.696,-0.005957446808510625,-0.0059752631900869555,11.604,11.604,11.0275,0.20861534606474236
2024-11-20,000001.SZ,11.67,11.75,11.61,11.64,11.68,-0.04,-0.3425,1286572.48,1498818.034,-0.003424657534246478,-0.0034305350967891368,11.61,11.593,11.05,0.20749481109617132
2024-11-21,000001.SZ,11.62,11.65,11.56,11.59,11.64,-0.05,-0.4296,883408.06,1023998.432,-0.004295532646048206,-0.00430478495163152,11.620000000000001,11.584999999999999,11.070833333333333,0.20555878408355435
2024-11-22,000001.SZ,11.59,11.61,11.28,11.28,11.59,-0.31,-2.6747,1625317.44,1858071.592,-0.026747195858498718,-0.027111411281747516,11.588,11.5635,11.086333333333334,0.22550506407575371
2024-11-25,000001.SZ,11.28,11.34,11.14,11.18,11.28,-0.1,-0.8865,1166020.32,1310130.629,-0.00886524822695034,-0.008904778342959722,11.474,11.5405,11.099666666666668,0.2264500094621057
2024-11-26,000001.SZ,11.18,11.31,11.14,11.27,11.18,0.09,0.805,831078.2,933733.855,0.00805008944543828,0.00801786032473183,11.392,11.527,11.113,0.22764700840726365
2024-11-27,000001.SZ,11.24,11.39,11.15,11.39,11.27,0.12,1.0648,895178.05,1010001.964,0.010647737355812037,0.010591449407405985,11.341999999999999,11.5305,11.128000000000002,0.2208547793051755
2024-11-28,000001.SZ,11.39,11.42,11.32,11.34,11.39,-0.05,-0.439,733168.54,833121.339,-0.004389815627743654,-0.004399479159484779,11.292,11.5285,11.143166666666666,0.22068144687464575
2024-11-29,000001.SZ,11.37,11.46,11.34,11.38,11.34,0.04,0.3527,1028487.58,1173316.154,0.003527336860670305,0.0035211303985789606,11.312000000000001,11.526,11.160666666666666,0.22046959200069413
2024-12-02,000001.SZ,11.39,11.4,11.31,11.39,11.38,0.01,0.0879,975433.66,1108785.597,0.0008787346221441616,0.0008783487609059586,11.354,11.5225,11.181666666666667,0.22026747896148313
2024-12-03,000001.SZ,11.37,11.5,11.35,11.49,11.39,0.1,0.878,1082559.36,1236992.678,0.008779631255487308,0.00874131440157358,11.398,11.514500000000002,11.203833333333332,0.2140314949622859
2024-12-04,000001.SZ,11.44,11.53,11.37,11.46,11.49,-0.03,-0.2611,1007470.59,1154623.37,-0.0026109660574411553,-0.0026143805740707093,11.412,11.51,11.226333333333335,0.212120058480533
2024-12-05,000001.SZ,11.44,11.5,11.41,11.44,11.46,-0.02,-0.1745,687108.83,786137.964,-0.0017452006980803736,-0.0017467253349417598,11.431999999999999,11.4865,11.249,0.17653333827973733
2024-12-06,000001.SZ,11.44,11.7,11.43,11.66,11.44,0.22,1.9231,1726269.27,2004270.466,0.019230769230769384,0.01904819497069463,11.488000000000001,11.483500000000001,11.276333333333334,0.18356151783001104
2024-12-09,000001.SZ,11.63,11.72,11.59,11.67,11.66,0.01,0.0858,964063.16,1123441.855,0.0008576329331047017,0.000857265376118367,11.544,11.487,11.302999999999999,0.17969238604203044
2024-12-10,000001.SZ,11.9,11.95,11.75,11.79,11.67,0.12,1.0283,2167807.24,2564600.677,0.010282776349614275,0.010230268250814823,11.604000000000001,11.4995,11.331500000000002,0.18174224080579193
2024-12-11,000001.SZ,11.79,11.83,11.72,11.73,11.79,-0.06,-0.5089,967691.45,1138374.175,-0.0050890585241729624,-0.0051020518838953985,11.658,11.505500000000001,11.362833333333333,0.18204084395928363
2024-12-12,000001.SZ,11.73,11.87,11.71,11.85,11.73,0.12,1.023,986234.59,1164062.448,0.010230179028132946,0.010178204915756052,11.739999999999998,11.521,11.395333333333333,0.1833596890983739
2024-12-13,000001.SZ,11.79,11.8,11.56,11.56,11.85,-0.29,-2.4473,1343792.89,1565589.089,-0.024472573839662393,-0.024777004336908725,11.72,11.527000000000001,11.427166666666666,0.20244800611582706
2024-12-16,000001.SZ,11.56,11.66,11.53,11.57,11.56,0.01,0.0865,805717.78,934226.189,0.0008650519031141446,0.0008646779613537528,11.7,11.518,11.457666666666665,0.17668239861372467
2024-12-17,000001.SZ,11.57,11.65,11.52,11.53,11.57,-0.04,-0.3457,802119.95,929225.455,-0.0034572169403630504,-0.003463206924617591,11.648,11.5105,11.488166666666666,0.1759192208202741
2024-12-18,000001.SZ,11.58,11.74,11.57,11.65,11.53,0.12,1.0408,1016589.66,1186285.805,0.01040763226366015,0.010353845730742044,11.632000000000001,11.511,11.5195,0.17977014258738963
2024-12-19,000001.SZ,11.59,11.64,11.54,11.59,11.65,-0.06,-0.515,697379.04,808465.664,-0.0051502145922747156,-0.005163522660049269,11.58,11.511,11.549166666666666,0.1800729238694018
2024-12-20,000001.SZ,11.59,11.7,11.58,11.62,11.59,0.03,0.2588,714646.27,831437.46,0.0025884383088869978,0.0025850940721048555,11.591999999999999,11.528,11.577833333333333,0.14969279226279217
2024-12-23,000001.SZ,11.64,11.84,11.64,11.73,11.62,0.11,0.9466,1659404.76,1953519.499,0.009466437177280573,0.009421911241618947,11.623999999999999,11.5555,11.606,0.1469288446881094
2024-12-24,000001.SZ,11.72,11.87,11.72,11.86,11.73,0.13,1.1083,1350836.91,1595698.79,0.011082693947144007,0.011021730904195231,11.690000000000001,11.584999999999999,11.630833333333333,0.14884511743655687
2024-12-25,000001.SZ,11.86,12.02,11.84,11.92,11.86,0.06,0.5059,1475282.94,1759956.63,0.005059021922428464,0.0050462680676244395,11.744,11.611500000000001,11.6545,0.14613293286343224
2024-12-26,000001.SZ,11.92,11.93,11.78,11.86,11.92,-0.06,-0.5034,1000074.7,1183745.519,-0.005033557046979942,-0.005046268067624384,11.798,11.6375,11.666333333333334,0.14654208549518397
2024-12-27,000001.SZ,11.87,11.9,11.66,11.83,11.86,-0.03,-0.253,1290012.28,1518383.345,-0.002529510961214121,-0.0025327155792839403,11.84,11.66,11.673166666666667,0.1474354031994595
2024-12-30,000001.SZ,11.78,11.97,11.78,11.95,11.83,0.12,1.0144,1351846.36,1610892.096,0.01014370245139462,0.010092600387224128,11.884,11.687999999999999,11.668833333333335,0.1501586637841059
2024-12-31,000001.SZ,11.93,11.99,11.7,11.7,11.95,-0.25,-2.0921,1475367.33,1747242.074,-0.02092050209205021,-0.021142436573809237,11.852,11.6985,11.649166666666666,0.1693270103618545
2025-01-02,000001.SZ,11.73,11.77,11.39,11.43,11.7,-0.27,-2.3077,1819596.99,2102923.078,-0.023076923076922995,-0.023347363996991062,11.754,11.697,11.645000000000001,0.1894412672051941
2025-01-03,000001.SZ,11.44,11.54,11.36,11.38,11.43,-0.05,-0.4374,1154680.44,1320520.978,-0.004374453193350725,-0.004384049108534319,11.658,11.693999999999999,11.635,0.1899800507981837
2025-01-06,000001.SZ,11.38,11.48,11.22,11.44,11.38,0.06,0.5272,1085536.3,1234305.778,0.005272407732864526,0.00525855725346683,11.58,11.682999999999998,11.630333333333333,0.17707309638554464
2025-01-07,000001.SZ,11.42,11.53,11.37,11.51,11.44,0.07,0.6119,747862.88,858329.049,0.006118881118881037,0.0061002367821393535,11.492,11.675,11.621833333333333,0.17873974437936538
2025-01-08,000001.SZ,11.5,11.63,11.4,11.5,11.51,-0.01,-0.0869,1062386.01,1223598.997,-0.0008688097306689402,-0.0008691873645868512,11.452,11.6605,11.615166666666665,0.1740312818397883
2025-01-09,000001.SZ,11.5,11.5,11.35,11.4,11.5,-0.1,-0.8696,751483.3,857836.086,-0.008695652173912993,-0.008733679968754553,11.446000000000002,11.644,11.604166666666666,0.1755679301641693
2025-01-10,000001.SZ,11.4,11.46,11.28,11.3,11.4,-0.1,-0.8772,798133.51,905005.041,-0.00877192982456132,-0.008810629682154807,11.43,11.616499999999998,11.593333333333334,0.1718370032824575
2025-01-13,000001.SZ,11.25,11.26,11.08,11.2,11.3,-0.1,-0.885,934966.18,1044904.416,-0.008849557522124019,-0.008888947417246152,11.382,11.5985,11.579333333333333,0.15304168284730063
2025-01-14,000001.SZ,11.2,11.4,11.19,11.38,11.2,0.18,1.6071,824628.95,934467.766,0.016071428571428736,0.015943650397136164,11.356,11.589,11.572166666666666,0.16523890545140782
2025-01-15,000001.SZ,11.38,11.58,11.36,11.48,11.38,0.1,0.8787,1031630.82,1185403.653,0.008787346221441172,0.008748962193235545,11.352,11.5865,11.567,0.1682917112391859
2025-01-16,000001.SZ,11.55,11.59,11.47,11.57,11.48,0.09,0.784,872963.99,1007689.274,0.00783972125435528,0.007809150314164727,11.386,11.5825,11.562166666666666,0.16638840050552844
2025-01-17,000001.SZ,11.53,11.55,11.42,11.45,11.57,-0.12,-1.0372,689764.86,791230.419,-0.010371650821089151,-0.01042581120533668,11.416,11.5755,11.557166666666665,0.16941517272658732
2025-01-20,000001.SZ,11.5,11.52,11.4,11.42,11.45,-0.03,-0.262,832029.13,953092.179,-0.0026200873362445254,-0.002623525772384481,11.459999999999999,11.5655,11.552333333333333,0.169142766000143
2025-01-21,000001.SZ,11.45,11.45,11.32,11.33,11.42,-0.09,-0.7881,902068.94,1024879.174,-0.007880910683012221,-0.007912129187949172,11.45,11.5455,11.547166666666666,0.16634466611486048
2025-01-22,000001.SZ,11.32,11.33,11.08,11.09,11.33,-0.24,-2.1183,1347129.22,1504818.607,-0.02118270079435125,-0.02141027367763925,11.372,11.507000000000001,11.539666666666667,0.1728111807194286
2025-01-23,000001.SZ,11.17,11.4,11.17,11.32,11.09,0.23,2.0739,1514920.27,1715172.472,0.02073940486925152,0.02052727141276115,11.322,11.477,11.539666666666667,0.19088263063614735
2025-01-24,000001.SZ,11.32,11.39,11.22,11.34,11.32,0.02,0.1767,944944.21,1069899.088,0.0017667844522968323,0.0017652255245691492,11.3,11.451,11.538999999999998,0.19121629642317073
2025-01-27,000001.SZ,11.38,11.55,11.38,11.47,11.34,0.13,1.1464,1151934.71,1324270.607,0.011463844797178213,0.011398632841673391,11.309999999999999,11.433,11.539666666666667,0.19722458448011565
2025-02-05,000001.SZ,11.5,11.52,11.33,11.37,11.47,-0.1,-0.8718,843433.7,961193.579,-0.008718395815170088,-0.00875662337883473,11.318000000000001,11.404,11.538166666666665,0.19382797683558523
2025-02-06,000001.SZ,11.35,11.45,11.3,11.36,11.37,-0.01,-0.088,955603.25,1084793.176,-0.0008795074758135568,-0.0008798944694393926,11.372,11.386999999999999,11.533333333333333,0.18108406023306692
2025-02-07,000001.SZ,11.36,11.45,11.31,11.38,11.36,0.02,0.1761,1407492.62,1601621.98,0.0017605633802817433,0.0017590154051796245,11.384,11.3845,11.5305,0.16214256669139285
2025-02-10,000001.SZ,11.38,11.5,11.36,11.43,11.38,0.05,0.4394,1026590.93,1174044.624,0.004393673110720364,0.004384049108534228,11.402000000000001,11.387,11.5225,0.16211392560604923
2025-02-11,000001.SZ,11.4,11.47,11.37,11.42,11.43,-0.01,-0.0875,844520.03,963865.615,-0.0008748906386701893,-0.0008752735788551528,11.392,11.386000000000001,11.5175,0.1610625537951867
2025-02-12,000001.SZ,11.41,11.43,11.34,11.42,11.42,0.0,0.0,988806.83,1125323.633,0.0,0.0,11.402,11.381499999999999,11.5145,0.15941601646980447
2025-02-13,000001.SZ,11.42,11.55,11.4,11.5,11.42,0.08,0.7005,1358639.27,1560709.511,0.007005253940455258,0.006980831141340141,11.43,11.381499999999999,11.513833333333332,0.16150906695188594
2025-02-14,000001.SZ,11.49,11.55,11.43,11.55,11.5,0.05,0.4348,973057.74,1118355.997,0.004347826086956497,0.004338401598598141,11.463999999999999,11.389,11.512833333333333,0.15875512279997
2025-02-17,000001.SZ,11.6,11.8,11.55,11.78,11.55,0.23,1.9913,2061965.42,2413146.067,0.019913419913419883,0.01971774125563807,11.534,11.413,11.516833333333333,0.16841242113610047
2025-02-18,000001.SZ,11.76,11.96,11.76,11.81,11.78,0.03,0.2547,1996610.49,2371071.467,0.002546689303905003,0.002543451985830369,11.612,11.4435,11.523,0.16333508548435122
2025-02-19,000001.SZ,11.8,11.81,11.68,11.71,11.81,-0.1,-0.8467,1177748.95,1382467.174,-0.008467400508043954,-0.008503452599644886,11.67,11.459999999999999,11.522333333333334,0.15989123673266714
2025-02-20,000001.SZ,11.71,11.76,11.65,11.66,11.71,-0.05,-0.427,784396.27,917231.443,-0.004269854824936026,-0.004278996687279728,11.702000000000002,11.469,11.521999999999998,0.1586880033075011
2025-02-21,000001.SZ,11.69,11.71,11.55,11.64,11.66,-0.02,-0.1715,973968.97,1131033.824,-0.0017152658662091813,-0.0017167386190544741,11.720000000000002,11.4725,11.521999999999998,0.1566985713208838
2025-02-24,000001.SZ,11.63,11.69,11.56,11.59,11.64,-0.05,-0.4296,949956.17,1103548.964,-0.004295532646048206,-0.00430478495163152,11.682,11.4795,11.521999999999998,0.15261680339202677
2025-02-25,000001.SZ,11.56,11.58,11.46,11.47,11.59,-0.12,-1.0354,917156.02,1055685.157,-0.010353753235547769,-0.010407726210380901,11.614,11.482000000000001,11.525166666666667,0.1572153660670563
2025-02-26,000001.SZ,11.47,11.6,11.47,11.52,11.47,0.05,0.4359,841645.52,970641.211,0.0043591979075849885,0.004349724126465842,11.576,11.491499999999998,11.530833333333334,0.15478877190069712
2025-02-27,000001.SZ,11.53,11.63,11.46,11.62,11.52,0.1,0.8681,977309.75,1130386.662,0.00868055555555558,0.008643096156020014,11.568,11.517999999999999,11.536666666666667,0.13312244891524896
2025-02-28,000001.SZ,11.58,11.68,11.5,11.53,11.62,-0.09,-0.7745,949088.06,1100335.054,-0.007745266781411297,-0.007775417142797449,11.546000000000001,11.5285,11.538999999999998,0.118596914973723
2025-03-03,000001.SZ,11.52,11.56,11.45,11.51,11.53,-0.02,-0.1735,830456.95,955266.366,-0.0017346053772766545,-0.001736111547176367,11.53,11.537,11.541833333333333,0.11892626988466146
2025-03-04,000001.SZ,11.47,11.55,11.44,11.51,11.51,0.0,0.0,683178.73,785447.989,0.0,0.0,11.538,11.539,11.544,0.11201637647950306
2025-03-05,000001.SZ,11.52,11.67,11.48,11.66,11.51,0.15,1.3032,1080645.44,1254892.074,0.01303214596003488,0.012947958188555169,11.565999999999999,11.5535,11.5485,0.1156042569536717
2025-03-06,000001.SZ,11.69,11.7,11.6,11.63,11.66,-0.03,-0.2573,877407.71,1021780.609,-0.002572898799313883,-0.002576214391773252,11.568000000000001,11.567,11.550833333333335,0.11617965141723409
2025-03-07,000001.SZ,11.63,11.69,11.6,11.67,11.63,0.04,0.3439,835536.69,973236.69,0.0034393809114359186,0.0034334797678915365,11.596,11.581500000000002,11.554333333333334,0.11643953424308494
2025-03-10,000001.SZ,11.66,11.67,11.55,11.59,11.67,-0.08,-0.6855,663833.93,769261.385,-0.006855184233076295,-0.006878788946804306,11.612,11.5895,11.556833333333334,0.1192676001812572
2025-03-11,000001.SZ,11.54,11.61,11.52,11.61,11.59,0.02,0.1726,608975.27,704240.464,0.0017256255392579245,0.0017241383581397326,11.632000000000001,11.599,11.556000000000001,0.11916297251081553
2025-03-12,000001.SZ,11.6,11.87,11.56,11.85,11.61,0.24,2.0672,1877318.4,2210904.482,0.02067183462532296,0.020461071871340025,11.669999999999998,11.6205,11.559000000000001,0.13826389454500154
2025-03-13,000001.SZ,11.81,11.91,11.78,11.84,11.85,-0.01,-0.0844,1312371.21,1555123.174,-0.0008438818565400519,-0.0008442381252805361,11.712,11.6375,11.559833333333332,0.13721232659956356
2025-03-14,000001.SZ,11.82,12.0,11.82,11.97,11.84,0.13,1.098,1722417.65,2057970.454,0.010979729729729826,0.010919890114022252,11.772,11.6585,11.563833333333333,0.14100919070544388
2025-03-17,000001.SZ,11.63,11.67,11.46,11.5,11.97,-0.47,-3.9265,4603612.1,5315522.817,-0.039264828738513,-0.04005648420067746,11.754,11.644499999999999,11.558,0.18871766867546846
2025-03-18,000001.SZ,11.52,11.54,11.48,11.49,11.5,-0.01,-0.087,1605290.0,1846500.421,-0.0008695652173912327,-0.0008699435085399963,11.73,11.628499999999999,11.556833333333334,0.18822287063622703
2025-03-19,000001.SZ,11.48,11.53,11.46,11.52,11.49,0.03,0.2611,1362454.91,1566452.161,0.0026109660574411553,0.0026075634070807695,11.663999999999998,11.619,11.556000000000001,0.18673361017959977
2025-03-20,000001.SZ,11.51,11.61,11.49,11.49,11.52,-0.03,-0.2604,1101157.24,1268849.14,-0.0026041666666666297,-0.0026075634070808302,11.594,11.6105,11.555333333333333,0.18641063180967588
2025-03-21,000001.SZ,11.49,11.52,11.39,11.42,11.49,-0.07,-0.6092,1376388.97,1576151.833,-0.006092254134029584,-0.006110887632800149,11.484,11.5995,11.551499999999999,0.18738178680043005
2025-03-24,000001.SZ,11.41,11.44,11.34,11.38,11.42,-0.04,-0.3503,1164577.34,1325564.002,-0.003502626970227629,-0.003508775529679254,11.46,11.589,11.548,0.18721152886416126
2025-03-25,000001.SZ,11.38,11.43,11.36,11.43,11.38,0.05,0.4394,735608.88,839142.044,0.004393673110720364,0.004384049108534228,11.448,11.587,11.544833333333335,0.1845792142089542
2025-03-26,000001.SZ,11.42,11.43,11.37,11.38,11.43,-0.05,-0.4374,740863.07,843536.936,-0.004374453193350725,-0.004384049108534319,11.419999999999998,11.580000000000002,11.539,0.1843780810939641
2025-03-27,000001.SZ,11.37,11.41,11.35,11.39,11.38,0.01,0.0879,553349.4,629863.383,0.0008787346221441616,0.0008783487609059586,11.4,11.5685,11.531166666666667,0.1812531101843928
2025-03-28,000001.SZ,11.39,11.4,11.34,11.35,11.39,-0.04,-0.3512,644945.55,732420.874,-0.00351185250219499,-0.0035180335316791727,11.386,11.5595,11.521666666666668,0.1797606409926939
2025-03-31,000001.SZ,11.36,11.38,11.26,11.26,11.35,-0.09,-0.793,1116125.64,1262598.263,-0.007929515418502175,-0.00796112121586733,11.362,11.547,11.511666666666667,0.18155823067940002
2025-04-01,000001.SZ,11.27,11.3,11.22,11.27,11.26,0.01,0.0888,681470.42,767424.131,0.000888099467140302,0.0008877053401405918,11.33,11.535,11.502333333333333,0.18165268715223537
2025-04-02,000001.SZ,11.25,11.41,11.25,11.37,11.27,0.1,0.8873,932641.76,1058747.241,0.008873114463176623,0.008833979710759787,11.328,11.5205,11.492666666666667,0.1779569214190809
2025-04-03,000001.SZ,11.31,11.39,11.3,11.34,11.37,-0.03,-0.2639,643913.91,730375.808,-0.0026385224274405594,-0.002642009462838585,11.318000000000001,11.506,11.486666666666668,0.1779637982727398
2025-04-07,000001.SZ,11.0,11.05,10.48,10.7,11.34,-0.64,-5.6437,2545560.48,2751055.412,-0.0564373897707231,-0.058092556831745516,11.187999999999999,11.4575,11.474499999999999,0.26357952501556114
2025-04-08,000001.SZ,10.68,10.85,10.66,10.82,10.7,0.12,1.1215,1463987.71,1576590.04,0.011214953271028172,0.011152531950475107,11.099999999999998,11.419,11.465166666666667,0.26891148021775274
2025-04-09,000001.SZ,10.73,10.83,10.66,10.8,10.82,-0.02,-0.1848,1064394.05,1145238.958,-0.001848428835489746,-0.001850139288161366,11.006,11.378499999999999,11.4545,0.26832567483271413
2025-04-10,000001.SZ,10.86,10.93,10.82,10.9,10.8,0.1,0.9259,866548.05,943352.302,0.0092592592592593,0.009216655104924048,10.912,11.331,11.444333333333335,0.25754832141085054
2025-04-11,000001.SZ,10.87,10.9,10.83,10.89,10.9,-0.01,-0.0917,583879.02,634311.78,-0.0009174311926605228,-0.0009178522902288858,10.822,11.2835,11.434166666666668,0.25753634416975857
2025-04-14,000001.SZ,10.95,11.04,10.92,10.93,10.89,0.04,0.3673,785993.45,862557.144,0.0036730945821854544,0.003666365243578053,10.868,11.2315,11.426333333333334,0.25315144008782603
2025-04-15,000001.SZ,10.92,10.97,10.9,10.95,10.93,0.02,0.183,722754.1,790139.077,0.0018298261665141702,0.0018281540740626235,10.894,11.204,11.4205,0.21764471517043968
2025-04-16,000001.SZ,10.93,11.01,10.91,11.0,10.95,0.05,0.4566,842822.17,923316.063,0.004566210045662267,0.0045558165358608824,10.934000000000001,11.1795,11.417166666666668,0.21898799342701714
2025-04-17,000001.SZ,10.95,11.08,10.93,11.06,11.0,0.06,0.5455,823919.31,907597.513,0.005454545454545601,0.005439723295818342,10.966,11.156500000000001,11.411833333333334,0.22002663790593088
2025-04-18,000001.SZ,11.04,11.19,11.03,11.18,11.06,0.12,1.085,727098.15,810031.605,0.010849909584086825,0.010791471632764386,11.024,11.141,11.406833333333335,0.22462388707204867
2025-04-21,000001.SZ,11.0,11.13,10.97,11.02,11.18,-0.16,-1.4311,1114184.18,1230804.536,-0.014311270125223596,-0.014414664002184654,11.042,11.120999999999999,11.397666666666668,0.22882026369350025
2025-04-22,000001.SZ,11.02,11.06,10.98,11.04,11.02,0.02,0.1815,831128.87,915967.678,0.001814882032667775,0.0018132371241807218,11.06,11.104,11.390833333333335,0.22903674536450475
2025-04-23,000001.SZ,11.04,11.05,10.97,11.01,11.04,-0.03,-0.2717,586382.93,645842.4,-0.0027173913043477826,-0.0027210901143606132,11.062,11.083000000000002,11.383999999999999,0.22803408674355446
2025-04-24,000001.SZ,11.0,11.06,10.99,11.03,11.01,0.02,0.1817,689256.13,760348.555,0.0018165304268846771,0.0018148825308225342,11.056000000000001,11.065499999999998,11.379,0.22815484409552253
2025-04-25,000001.SZ,11.04,11.05,10.99,11.01,11.03,-0.02,-0.1813,637546.86,702315.255,-0.0018132366273798661,-0.0018148825308225006,11.022,11.0465,11.377666666666666,0.22798895399306887
2025-04-28,000001.SZ,11.0,11.04,10.96,11.0,11.01,-0.01,-0.0908,642018.37,706520.176,-0.0009082652134423386,-0.0009086779362180643,11.017999999999999,11.029,11.372333333333332,0.22788579709623627
2025-04-29,000001.SZ,11.0,11.02,10.95,10.98,11.0,-0.02,-0.1818,649044.94,712792.543,-0.0018181818181818299,-0.0018198367169859828,11.006,11.014999999999999,11.366333333333333,0.2266150975082004
2025-04-30,000001.SZ,10.96,10.97,10.89,10.91,10.98,-0.07,-0.6375,869834.92,949911.03,-0.006375227686703178,-0.006395636236405204,10.986,10.997,11.357000000000001,0.22721094402026254
2025-05-06,000001.SZ,10.92,11.0,10.89,10.96,10.91,0.05,0.4583,854671.27,935212.114,0.004582951420714965,0.004572481674890049,10.972,10.9765,11.350166666666667,0.22510836276835264
2025-05-07,000001.SZ,11.01,11.04,10.97,11.03,10.96,0.07,0.6387,1126270.01,1240098.147,0.006386861313868453,0.006366551745541468,10.976,10.961,11.344666666666665,0.22690109118842683
2025-05-08,000001.SZ,11.0,11.08,10.99,11.08,11.03,0.05,0.4533,1056613.66,1167913.498,0.004533091568449832,0.004522848053726797,10.992,10.98,11.339666666666666,0.09551950284822626
2025-05-09,000001.SZ,11.07,11.17,11.06,11.15,11.08,0.07,0.6318,999897.47,1113688.153,0.00631768953068601,0.006297816586990104,11.026,10.9965,11.334999999999999,0.09054489016177103
2025-05-12,000001.SZ,11.16,11.22,11.13,11.16,11.15,0.01,0.0897,895604.6,1000478.411,0.0008968609865471766,0.0008964590470372057,11.076,11.0145,11.330666666666668,0.08971137523820312
2025-05-13,000001.SZ,11.19,11.33,11.15,11.29,11.16,0.13,1.1649,1261030.62,1420501.315,0.011648745519713177,0.011581421208405687,11.142,11.034,11.3285,0.0927469521856808
2025-05-14,000001.SZ,11.29,11.47,11.25,11.43,11.29,0.14,1.24,1683513.58,1912995.433,0.01240035429583708,0.012324099645148693,11.222,11.061,11.327333333333334,0.09942553025268738
2025-05-15,000001.SZ,11.43,11.5,11.38,11.39,11.43,-0.04,-0.35,1035460.26,1183732.832,-0.0034995625546805353,-0.0035057003476283858,11.284,11.084,11.324666666666666,0.10148556972824246
2025-05-16,000001.SZ,11.37,11.43,11.31,11.38,11.39,-0.01,-0.0878,914744.45,1039223.623,-0.0008779631255486642,-0.0008783487609058467,11.330000000000002,11.1055,11.318000000000001,0.10202878859260736
2025-05-19,000001.SZ,11.4,11.47,11.36,11.37,11.38,-0.01,-0.0879,831390.6,949883.545,-0.0008787346221442727,-0.0008791209357403515,11.372,11.123999999999999,11.310666666666666,0.10200579299434899
2025-05-20,000001.SZ,11.4,11.47,11.37,11.39,11.37,0.02,0.1759,643634.8,734455.266,0.0017590149516271136,0.0017574696966461256,11.392,11.1405,11.305333333333333,0.1010285487886683
2025-05-21,000001.SZ,11.4,11.59,11.39,11.48,11.39,0.09,0.7902,1328278.1,1528350.368,0.007901668129938422,0.007870613432329468,11.402,11.1555,11.302333333333333,0.0978995155372279
2025-05-22,000001.SZ,11.45,11.56,11.44,11.55,11.48,0.07,0.6098,1002968.06,1155265.064,0.0060975609756097615,0.0060790460763821925,11.434000000000001,11.181999999999999,11.300833333333335,0.0797354038063587
2025-05-23,000001.SZ,11.55,11.6,11.43,11.46,11.55,-0.09,-0.7792,962643.11,1108636.101,-0.007792207792207795,-0.007822725681209045,11.450000000000001,11.203,11.298666666666668,0.08752397753323905
2025-05-26,000001.SZ,11.44,11.5,11.4,11.42,11.46,-0.04,-0.349,699158.58,800495.685,-0.003490401396160636,-0.0034965070587294257,11.459999999999999,11.223500000000001,11.297833333333333,0.08810396022051695
2025-05-27,000001.SZ,11.45,11.54,11.42,11.49,11.42,0.07,0.613,801915.14,921912.281,0.0061295971978985175,0.006110887632800249,11.48,11.246500000000001,11.297333333333334,0.08940645337855695
2025-05-28,000001.SZ,11.5,11.55,11.44,11.53,11.49,0.04,0.3481,658179.47,757571.319,0.003481288076588207,0.0034752424203032145,11.49,11.272499999999999,11.295833333333333,0.08833311344945155
2025-05-29,000001.SZ,11.52,11.55,11.45,11.46,11.53,-0.07,-0.6071,919806.76,1056726.384,-0.00607111882046818,-0.006089622994373988,11.472,11.2955,11.294666666666668,0.09263562946577429
2025-05-30,000001.SZ,11.47,11.58,11.44,11.56,11.46,0.1,0.8726,1130849.31,1303433.716,0.008726003490401313,0.008688151957637823,11.492,11.3245,11.2955,0.0943167782517129
