date,ts_code,open,high,low,close,pre_close,change,pct_chg,volume,amount,returns,logReturns,ma5,ma20,ma60,volatility
2022-06-02,002594.SZ,296.0,305.0,295.22,301.02,299.98,1.04,0.3467,177727.77,5355773.611,,,,,,
2022-06-06,002594.SZ,304.0,320.47,302.55,318.23,301.02,17.21,5.7172,294757.29,9260502.507,0.05717228091156756,0.05559768406219788,,,,
2022-06-07,002594.SZ,318.0,319.87,311.11,314.89,318.23,-3.34,-1.0496,200220.89,6296538.086,-0.010495553530465496,-0.010551020296723215,,,,
2022-06-08,002594.SZ,318.6,328.06,313.01,327.41,314.89,12.52,3.976,290513.4,9321932.807,0.03975991616119923,0.03898983665835359,,,,
2022-06-09,002594.SZ,334.03,334.8,321.0,322.41,327.41,-5.0,-1.5271,307541.72,10050640.39,-0.015271372285513563,-0.015389180626873054,316.79200000000003,,,
2022-06-10,002594.SZ,321.5,350.0,321.06,348.8,322.41,26.39,8.1852,438249.0,14790622.515,0.08185229986662934,0.07867466451365286,326.348,,,
2022-06-13,002594.SZ,346.0,358.86,340.6,348.8,348.8,0.0,0.0,360681.32,12573534.324,0.0,0.0,332.462,,,
2022-06-14,002594.SZ,342.0,344.79,327.23,343.59,348.8,-5.21,-1.4937,404789.34,13634616.448,-0.014936926605504719,-0.01504960595709013,338.20200000000006,,,
2022-06-15,002594.SZ,343.97,346.23,332.52,335.0,343.59,-8.59,-2.5001,303947.87,10285857.695,-0.025000727611397267,-0.025318554252668095,339.72,,,
2022-06-16,002594.SZ,335.5,342.7,333.41,336.0,335.0,1.0,0.2985,190172.45,6410739.474,0.0029850746268655914,0.00298062813813772,342.438,,,
2022-06-17,002594.SZ,330.1,341.2,327.07,338.0,336.0,2.0,0.5952,262147.59,8830738.834,0.005952380952380931,0.0059347355198145265,340.278,,,
2022-06-20,002594.SZ,338.08,348.66,335.02,342.18,338.0,4.18,1.2367,245415.57,8405361.56,0.012366863905325376,0.012291018913483637,338.954,,,
2022-06-21,002594.SZ,339.76,341.8,332.2,341.0,342.18,-1.18,-0.3448,197827.39,6666969.509,-0.0034484774095505655,-0.003454437112985732,338.436,,,
2022-06-22,002594.SZ,342.42,347.63,338.0,339.88,341.0,-1.12,-0.3284,186787.83,6412052.153,-0.0032844574780058755,-0.0032898631481762166,339.412,,,
2022-06-23,002594.SZ,344.7,354.05,338.0,353.5,339.88,13.62,4.0073,323142.26,11251775.974,0.04007296692950457,0.0392908712012869,342.912,,,
2022-06-24,002594.SZ,352.99,356.28,346.01,351.05,353.5,-2.45,-0.6931,235983.55,8273168.197,-0.006930693069306937,-0.00695482187336961,345.522,,,
2022-06-27,002594.SZ,352.07,357.0,348.33,349.69,351.05,-1.36,-0.3874,217155.24,7630684.845,-0.0038740920096852483,-0.00388161574217598,347.024,,,
2022-06-28,002594.SZ,347.0,358.8,342.71,352.9,349.69,3.21,0.918,269634.71,9447959.128,0.009179559038005047,0.00913768296014246,349.404,,,
2022-06-29,002594.SZ,349.99,350.0,331.49,331.61,352.9,-21.29,-6.0329,361146.02,12246017.195,-0.06032870501558507,-0.06222515105935172,347.75,,,
2022-06-30,002594.SZ,331.0,339.35,330.0,333.49,331.61,1.88,0.5669,220144.78,7372602.921,0.0056693103344289675,0.005653300276750221,343.748,336.47249999999997,,
2022-07-01,002594.SZ,332.18,333.0,320.1,329.2,333.49,-4.29,-1.2864,234112.63,7658689.348,-0.012863953941647521,-0.012947411095708183,339.37800000000004,337.8815,,0.4894920650553967
2022-07-04,002594.SZ,332.0,338.21,330.2,336.16,329.2,6.96,2.1142,209512.06,7020823.754,0.0211421628189552,0.020921768293775695,336.672,338.778,,0.4539029506398352
2022-07-05,002594.SZ,337.0,340.6,329.59,333.89,336.16,-2.27,-0.6753,173757.03,5819208.075,-0.006752736792003944,-0.006775639682117293,332.87,339.72799999999995,,0.4526056565937973
2022-07-06,002594.SZ,333.8,340.6,331.99,336.1,333.89,2.21,0.6619,183434.2,6179119.713,0.006618946359579603,0.006597137316486947,333.76800000000003,340.1625,,0.43203152647102505
2022-07-07,002594.SZ,337.7,351.95,333.37,349.38,336.1,13.28,3.9512,304648.74,10511816.689,0.039512049985123365,0.038751420346023496,336.946,341.511,,0.4470634902070952
2022-07-08,002594.SZ,349.38,351.88,338.0,338.0,349.38,-11.38,-3.2572,190477.57,6547699.048,-0.032571984658537945,-0.03311425959406476,338.706,340.971,,0.36019239900751704
2022-07-11,002594.SZ,335.88,335.88,318.88,324.3,338.0,-13.7,-4.0533,254317.44,8284856.773,-0.04053254437869824,-0.04137688216974651,336.33399999999995,339.746,,0.38602419982239716
2022-07-12,002594.SZ,320.0,321.0,300.08,309.0,324.3,-15.3,-4.7179,450514.69,13935271.931,-0.04717853839037933,-0.04832773641552688,331.356,338.01650000000006,,0.41475447627767276
2022-07-13,002594.SZ,309.0,313.84,296.77,309.88,309.0,0.88,0.2848,341066.95,10439432.846,0.002847896440129505,0.002843848865956365,326.11199999999997,336.7605,,0.4086454892637579
2022-07-14,002594.SZ,308.91,323.0,307.0,323.0,309.88,13.12,4.2339,272489.36,8631732.044,0.04233896992384145,0.04146719745895473,320.836,336.1105,,0.4397147321880852
2022-07-15,002594.SZ,335.0,349.89,333.0,338.19,323.0,15.19,4.7028,444507.84,15284697.866,0.047027863777089784,0.045955544501893084,320.87399999999997,336.12,,0.47205951337676355
2022-07-18,002594.SZ,345.0,346.0,328.0,337.1,338.19,-1.09,-0.3223,238911.56,8007559.907,-0.0032230403027883048,-0.003228245484534511,323.434,335.866,,0.4700793926891832
2022-07-19,002594.SZ,337.1,337.1,327.62,331.1,337.1,-6.0,-1.7799,158180.25,5239778.187,-0.017798872738059912,-0.017959177686814442,327.854,335.371,,0.4740853103052556
2022-07-20,002594.SZ,332.98,333.86,329.08,331.7,331.1,0.6,0.1812,103263.48,3425066.981,0.0018121413470248982,0.0018105013998059771,332.21799999999996,334.962,,0.47411139129025737
2022-07-21,002594.SZ,329.0,331.0,322.94,324.5,331.7,-7.2,-2.1706,132003.28,4303073.903,-0.02170636116973168,-0.021945409808862046,332.518,333.512,,0.4537662274736333
2022-07-22,002594.SZ,326.01,334.66,326.0,329.62,324.5,5.12,1.5778,141773.74,4687025.063,0.01577812018489988,0.015654939661889303,330.80400000000003,332.4405,,0.45887273385996424
2022-07-25,002594.SZ,326.0,327.0,320.0,322.95,329.62,-6.67,-2.0235,115017.1,3705167.359,-0.020235422607851494,-0.020442963327552258,327.974,331.10350000000005,,0.4630627055554002
2022-07-26,002594.SZ,322.48,327.68,320.0,325.0,322.95,2.05,0.6348,107656.16,3493834.391,0.006347731847035076,0.0063276698512556885,326.754,329.7085,,0.46213731470944613
2022-07-27,002594.SZ,324.0,329.8,321.01,325.8,325.0,0.8,0.2462,91055.72,2961812.249,0.002461538461538515,0.0024585138382073233,325.574,329.418,,0.41101763519337176
2022-07-28,002594.SZ,329.02,331.45,324.0,325.43,325.8,-0.37,-0.1136,109065.17,3572559.082,-0.0011356660527931384,-0.0011363114101380933,325.76000000000005,329.015,,0.41035783351269756
2022-07-29,002594.SZ,323.0,327.8,317.96,320.36,325.33,-4.97,-1.5277,114853.64,3695131.506,-0.01557938727222441,-0.01570202130232513,323.908,328.57300000000004,,0.4115189244876456
2022-08-01,002594.SZ,317.98,332.08,316.32,330.54,320.36,10.18,3.1777,187583.76,6141512.246,0.03177675115495071,0.03128231725719868,325.42600000000004,328.29200000000003,,0.4207501724089227
2022-08-02,002594.SZ,324.9,330.48,321.3,326.6,330.54,-3.94,-1.192,156642.66,5110091.378,-0.011919888667029754,-0.011991500176315473,325.74600000000004,327.9275,,0.4221644652333527
2022-08-03,002594.SZ,326.7,334.85,318.89,321.99,326.6,-4.61,-1.4115,188723.11,6197191.078,-0.014115125535823725,-0.014215691374822105,324.98400000000004,327.222,,0.42376502478672307
2022-08-04,002594.SZ,328.0,331.47,322.1,326.8,321.99,4.81,1.4938,186636.77,6098858.889,0.014938352122736642,0.01482787382430501,325.25800000000004,326.09299999999996,,0.40031639167160454
2022-08-05,002594.SZ,330.0,331.89,318.28,324.49,326.8,-2.31,-0.7069,157563.85,5115620.394,-0.00706854345165242,-0.0070936439575317355,326.084,325.4175,,0.3853120034196041
2022-08-08,002594.SZ,322.11,324.9,319.0,321.35,324.49,-3.14,-0.9677,129487.86,4158491.944,-0.009676723473758808,-0.00972384721102091,324.246,325.27,,0.3587828154465021
2022-08-09,002594.SZ,321.18,323.8,318.15,319.72,321.35,-1.63,-0.5072,116106.61,3719885.52,-0.005072351019137944,-0.005085259059476835,322.87,325.806,,0.3140221128047545
2022-08-10,002594.SZ,319.7,319.7,305.0,308.35,319.72,-11.37,-3.5562,258499.01,7998810.821,-0.03556236707118732,-0.0362101113203165,320.142,325.72950000000003,,0.34091522334589613
2022-08-11,002594.SZ,311.43,315.89,305.6,315.02,308.35,6.67,2.1631,165444.81,5159742.999,0.021631263174963333,0.021400627436087376,317.786,325.33050000000003,,0.3136121923204018
2022-08-12,002594.SZ,315.02,316.28,310.0,311.93,315.02,-3.09,-0.9809,101337.63,3165436.406,-0.009808901022157257,-0.009857325210705764,315.274,324.01750000000004,,0.2579654988421944
2022-08-15,002594.SZ,312.2,319.23,311.22,315.21,311.93,3.28,1.0515,135119.26,4265356.112,0.010515179687750287,0.01046027970590987,314.046,322.923,,0.26300924487136074
2022-08-16,002594.SZ,315.8,321.89,315.5,318.92,315.21,3.71,1.177,157243.31,5029761.317,0.01176993115700653,0.011701204265501202,313.886,322.314,,0.2622136313406842
2022-08-17,002594.SZ,319.99,329.6,316.72,327.93,318.92,9.01,2.8252,210871.13,6808620.194,0.028251599147121498,0.02785988333955906,317.802,322.1255,,0.28294339044342326
2022-08-18,002594.SZ,327.0,330.0,323.84,326.04,327.93,-1.89,-0.5763,142790.44,4659424.799,-0.00576342512121486,-0.005780097747597075,320.006,322.2025,,0.27250257518976023
2022-08-19,002594.SZ,325.03,327.44,317.0,319.39,326.04,-6.65,-2.0396,124289.23,3993178.34,-0.020396270396270455,-0.020607146639292043,321.498,321.69100000000003,,0.27562109512211047
2022-08-22,002594.SZ,316.0,326.09,312.22,323.09,319.39,3.7,1.1585,147667.65,4747212.897,0.011584583111556412,0.011517995594295543,323.074,321.698,,0.2699136221275802
2022-08-23,002594.SZ,324.0,325.55,318.98,321.61,323.09,-1.48,-0.4581,92999.75,2989844.195,-0.004580766968955929,-0.004591290832510451,323.61199999999997,321.5285,,0.2693772705872905
2022-08-24,002594.SZ,321.68,322.96,309.3,309.5,321.61,-12.11,-3.7654,186782.83,5854016.197,-0.037654301794098455,-0.03838153922409891,319.92600000000004,320.7135,,0.2996820048636698
2022-08-25,002594.SZ,309.56,311.08,302.66,309.58,309.5,0.08,0.0258,140220.73,4308297.637,0.00025848142164774934,0.00025844802108057423,316.634,319.921,328.46950000000004,0.29980043931276007
2022-08-26,002594.SZ,312.99,317.93,310.0,315.73,309.58,6.15,1.9866,122126.55,3849213.721,0.01986562439434092,0.019670877827737788,315.902,319.6895,328.7146666666667,0.3053634958152773
2022-08-29,002594.SZ,313.67,316.87,311.49,313.55,315.73,-2.18,-0.6905,85911.66,2696123.151,-0.0069046337060146845,-0.006928580984439249,313.994,318.84,328.63666666666666,0.28094228848200775
2022-08-30,002594.SZ,315.5,318.5,310.0,310.85,313.55,-2.7,-0.8611,110247.37,3454778.56,-0.008611066815499835,-0.008648356273683211,311.842,318.0525,328.5693333333333,0.2797113622802606
2022-08-31,002594.SZ,291.0,296.6,284.0,287.98,310.85,-22.87,-7.3572,408059.74,11841919.126,-0.07357246260254147,-0.07641944743522218,307.538,316.35200000000003,327.9121666666667,0.37601167159416965
2022-09-01,002594.SZ,285.0,294.6,284.03,286.7,287.98,-1.28,-0.4445,192582.33,5566420.145,-0.00444475310785486,-0.004454660390800411,302.962,314.34700000000004,327.317,0.3683972578347642
2022-09-02,002594.SZ,288.7,289.6,278.1,282.0,286.7,-4.7,-1.6393,161661.92,4561284.362,-0.016393442622950727,-0.01652930195121047,296.216,312.2225,326.20366666666666,0.37015086204985825
2022-09-05,002594.SZ,269.0,270.88,261.1,268.76,282.0,-13.24,-4.695,351208.27,9364600.412,-0.046950354609929135,-0.04808828288616443,287.258,309.593,324.86966666666666,0.39677751683708135
2022-09-06,002594.SZ,268.77,274.45,267.21,272.94,268.76,4.18,1.5553,189902.84,5154529.158,0.015552909659175551,0.01543320275801858,279.67600000000004,307.254,323.69216666666665,0.405854721830979
2022-09-07,002594.SZ,272.0,285.05,270.6,282.7,272.94,9.76,3.5759,190873.17,5345727.757,0.03575877482230516,0.035134273889576836,278.62,305.9715,322.8205,0.4193262095675242
2022-09-08,002594.SZ,283.0,284.99,277.0,278.26,282.7,-4.44,-1.5706,116429.11,3267426.059,-0.015705695083127025,-0.015830336285813984,276.932,304.1335,321.85816666666665,0.4099015954249634
2022-09-09,002594.SZ,280.99,281.49,276.99,279.7,278.26,1.44,0.5175,76098.26,2125233.636,0.005175016171925506,0.0051616717941832995,276.47200000000004,302.522,320.88649999999996,0.41143560342652435
2022-09-13,002594.SZ,282.0,286.69,279.37,284.8,279.7,5.1,1.8234,111524.11,3162351.107,0.018233821952091667,0.0180695793299068,279.68,301.00149999999996,319.93016666666665,0.4162086061205626
2022-09-14,002594.SZ,282.0,283.8,276.26,278.33,284.8,-6.47,-2.2718,105151.06,2935617.133,-0.022717696629213524,-0.02297971947469258,280.758,298.972,318.8856666666667,0.4160826087806019
2022-09-15,002594.SZ,280.0,280.5,266.91,269.5,278.33,-8.83,-3.1725,152395.23,4126260.385,-0.03172493083749506,-0.03223906971407632,278.118,296.0505,317.7126666666667,0.40402897037145324
2022-09-16,002594.SZ,268.0,271.45,264.36,265.98,269.5,-3.52,-1.3061,104476.36,2797971.959,-0.013061224489795853,-0.01314727236403462,275.662,293.0475,316.254,0.40397634622235556
2022-09-19,002594.SZ,268.0,273.9,266.68,270.35,265.98,4.37,1.643,110949.99,3006108.121,0.016429806752387366,0.016296297842996667,273.79200000000003,290.5955,314.909,0.4122469104996661
2022-09-20,002594.SZ,273.8,277.49,272.01,274.21,270.35,3.86,1.4278,111245.02,3058894.059,0.014277788052524443,0.014176820365319654,271.674,288.1515,313.651,0.41404845754314085
2022-09-21,002594.SZ,271.8,272.61,267.0,270.0,274.21,-4.21,-1.5353,83753.63,2258898.398,-0.015353196455271445,-0.015472277194958752,270.008,285.571,312.2693333333334,0.4146895241039891
2022-09-22,002594.SZ,267.49,269.38,261.3,268.55,270.0,-1.45,-0.537,92799.5,2468839.436,-0.005370370370370359,-0.005384842646906392,269.81800000000004,283.5235,311.21833333333336,0.4000344137815181
2022-09-23,002594.SZ,267.09,269.77,264.28,266.4,268.55,-2.15,-0.8006,79644.12,2125444.095,-0.008005957922174733,-0.008038177685234375,269.902,281.3645,310.10016666666667,0.39918525195172544
2022-09-26,002594.SZ,266.4,276.0,263.58,272.95,266.4,6.55,2.4587,143606.4,3911414.127,0.024587087087087234,0.024289689561532685,270.42199999999997,279.22549999999995,309.16266666666667,0.40375306124192567
2022-09-27,002594.SZ,272.96,274.83,270.06,273.96,272.95,1.01,0.37,83095.93,2262822.665,0.003700311412346613,0.003693482101937888,270.372,277.246,308.126,0.4055163976653609
2022-09-28,002594.SZ,273.0,273.0,265.5,265.62,273.96,-8.34,-3.0442,85620.18,2293531.516,-0.03044240035041601,-0.0309153943575997,269.496,274.9845,306.9881666666667,0.4143954311649938
2022-09-29,002594.SZ,270.0,271.8,264.0,264.57,265.62,-1.05,-0.3953,88356.68,2355802.796,-0.003953015586175779,-0.003960849403905587,268.69999999999993,273.81399999999996,305.79600000000005,0.33283245329274846
2022-09-30,002594.SZ,263.0,263.55,249.0,252.01,264.57,-12.56,-4.7473,214035.88,5421385.039,-0.04747325849491624,-0.04863709730442437,265.822,272.0795,304.17316666666665,0.36686526046747225
2022-10-10,002594.SZ,252.27,256.4,249.44,251.2,252.01,-0.81,-0.3214,117478.5,2967008.054,-0.0032141581683267084,-0.003219334669731141,261.472,270.5395,302.7265,0.36497286749453234
2022-10-11,002594.SZ,252.0,257.38,249.33,255.01,251.2,3.81,1.5167,132820.39,3370369.988,0.015167197452229386,0.015053325481742208,257.682,269.852,301.57166666666666,0.3369640489375245
2022-10-12,002594.SZ,254.0,263.25,249.95,262.34,255.01,7.33,2.8744,144871.43,3708582.158,0.028743970824673504,0.028338612311213863,257.02599999999995,269.322,300.794,0.349315851727059
2022-10-13,002594.SZ,260.0,263.0,258.08,258.18,262.34,-4.16,-1.5857,96186.6,2497932.932,-0.015857284440039532,-0.01598435630843625,255.748,268.096,299.9323333333333,0.32285886474976516
2022-10-14,002594.SZ,262.08,269.1,259.95,264.54,258.18,6.36,2.4634,145694.51,3854443.049,0.024633976295607818,0.02433545251933809,258.254,267.40999999999997,298.95799999999997,0.3355101551554812
2022-10-17,002594.SZ,263.0,263.0,256.69,260.66,264.54,-3.88,-1.4667,109678.36,2842978.645,-0.01466696907840026,-0.014775592495327559,260.146,266.45799999999997,297.66583333333335,0.33702740232296413
2022-10-18,002594.SZ,279.0,279.0,272.5,273.67,260.66,13.01,4.9912,244141.79,6717206.761,0.049911762449167396,0.04870612487553175,263.87800000000004,265.9015,296.6086666666667,0.3799067153297261
2022-10-19,002594.SZ,273.67,276.44,266.88,267.5,273.67,-6.17,-2.2545,134004.03,3642369.174,-0.022545401395841713,-0.022803434642044332,264.91,265.36,295.5486666666667,0.37978087997182725
2022-10-20,002594.SZ,264.0,265.58,257.4,263.51,267.5,-3.99,-1.4916,128416.78,3355270.263,-0.014915887850467269,-0.015028248410615813,265.976,265.0605,294.4121666666667,0.3666208069140529
2022-10-21,002594.SZ,263.52,270.88,262.01,266.3,263.51,2.79,1.0588,104785.54,2794657.482,0.01058783347880543,0.010532174894441214,266.32800000000003,265.0765,293.44216666666665,0.3658006516936883
2022-10-24,002594.SZ,264.9,266.31,253.57,255.57,266.3,-10.73,-4.0293,167412.56,4324097.663,-0.04029290274126929,-0.04112714809702779,265.31,264.3375,292.20799999999997,0.387425804650787
2022-10-25,002594.SZ,253.0,260.59,250.03,257.91,255.57,2.34,0.9156,113242.67,2897739.554,0.00915600422584828,0.009114342131603774,262.158,263.5225,291.12399999999997,0.3848981090376196
2022-10-26,002594.SZ,260.0,264.04,255.29,257.87,257.91,-0.04,-0.0155,126415.27,3279130.696,-0.00015509286185111382,-0.00015510488999268107,260.23199999999997,262.916,290.0051666666667,0.38208389821836036
2022-10-27,002594.SZ,258.99,260.72,255.0,255.0,257.87,-2.87,-1.113,97765.82,2516238.985,-0.011129638965370114,-0.011192036806043621,258.53000000000003,262.2385,288.8251666666667,0.38329863742859605
2022-10-28,002594.SZ,253.0,253.0,235.81,239.89,255.0,-15.11,-5.9255,263163.93,6372054.067,-0.05925490196078431,-0.061083060216595375,253.248,260.913,287.39950000000005,0.4333093276984763
2022-10-31,002594.SZ,237.5,251.0,237.11,246.67,239.89,6.78,2.8263,187942.33,4625511.532,0.028262953853849693,0.0278709260104818,251.46800000000002,259.59900000000005,286.17133333333334,0.4368060954683767
2022-11-01,002594.SZ,247.11,262.2,247.0,261.82,246.67,15.15,6.1418,219282.71,5620272.304,0.06141808894474399,0.05960583379964041,252.25,258.992,285.02599999999995,0.4955961504170159
2022-11-02,002594.SZ,261.0,271.6,258.36,267.56,261.82,5.74,2.1923,187319.29,4980989.815,0.021923458864869128,0.02168659549825445,254.18800000000002,259.089,284.04200000000003,0.49028765733471075
2022-11-03,002594.SZ,265.02,271.76,264.1,267.98,267.56,0.42,0.157,102383.97,2747240.766,0.0015697413664226278,0.0015685106102548024,256.784,259.2595,283.1418333333333,0.4899667831743062
2022-11-04,002594.SZ,268.98,283.02,268.0,280.2,267.98,12.22,4.56,224886.89,6270505.264,0.04560041794163738,0.04459128304244463,264.846,260.669,282.36516666666665,0.47886437916665264
2022-11-07,002594.SZ,275.0,282.03,272.99,278.88,280.2,-1.32,-0.4711,135842.06,3781158.42,-0.004710920770877869,-0.004722052131195763,271.288,262.053,281.6050000000001,0.4792651853611734
2022-11-08,002594.SZ,279.45,282.6,273.5,276.41,278.88,-2.47,-0.8857,105634.49,2925766.812,-0.008856855995410085,-0.008896311082583989,274.206,263.123,280.856,0.4805376945351607
2022-11-09,002594.SZ,278.15,278.88,268.64,269.63,276.41,-6.78,-2.4529,111946.36,3038705.77,-0.02452877971129852,-0.024834621877293978,274.62,263.4875,280.02116666666666,0.4820522861014894
2022-11-10,002594.SZ,264.63,264.97,255.8,260.26,269.63,-9.37,-3.4751,155496.77,4039239.83,-0.03475132589103591,-0.03536951746322157,273.07599999999996,263.5915,279.2196666666667,0.49570737959895783
2022-11-11,002594.SZ,270.5,272.97,265.16,268.8,260.26,8.54,3.2813,166099.59,4467701.122,0.032813340505648325,0.03228647730038334,270.796,263.8045,278.4493333333333,0.501723400077345
2022-11-14,002594.SZ,269.23,272.54,262.76,263.79,268.8,-5.01,-1.8638,115236.97,3071390.41,-0.01863839285714286,-0.018814276589974036,267.778,263.961,277.647,0.5035913022259733
2022-11-15,002594.SZ,263.99,268.3,260.1,267.0,263.79,3.21,1.2169,112848.35,2985500.714,0.0121687706129876,0.01209532634122908,265.896,263.6275,276.8435,0.47186542667608367
2022-11-16,002594.SZ,265.78,266.6,260.1,261.08,267.0,-5.92,-2.2172,103549.41,2719934.793,-0.02217228464419485,-0.022421784633232952,264.18600000000004,263.3065,275.8795,0.47163932206029224
2022-11-17,002594.SZ,259.91,259.91,253.58,257.0,261.08,-4.08,-1.5627,111260.57,2842104.513,-0.015627393902252096,-0.015750788871796786,263.534,262.981,274.69733333333335,0.4719285276447959
2022-11-18,002594.SZ,257.77,259.56,253.5,254.68,257.0,-2.32,-0.9027,101183.76,2595461.705,-0.009027237354085615,-0.00906822974639523,260.71,262.4,273.508,0.4707685803246387
2022-11-21,002594.SZ,252.84,254.6,248.51,254.2,254.68,-0.48,-0.1885,82515.07,2082807.825,-0.0018847180775876105,-0.0018864963934709553,258.79200000000003,262.3315,272.42150000000004,0.448335440254393
2022-11-22,002594.SZ,255.0,255.25,250.0,250.49,254.2,-3.71,-1.4595,80145.51,2013576.333,-0.014594807238394902,-0.014702359186945542,255.48999999999995,261.9605,271.2115,0.449902636802517
2022-11-23,002594.SZ,250.49,251.5,247.2,251.5,250.49,1.01,0.4032,88468.81,2209509.306,0.00403209708970409,0.004023989971385738,253.57399999999998,261.642,270.043,0.4502620207509714
2022-11-24,002594.SZ,253.35,255.0,248.28,249.39,251.5,-2.11,-0.839,85314.06,2137710.348,-0.008389662027833089,-0.008425053328687556,252.052,261.36150000000004,269.04116666666664,0.44953837813624337
2022-11-25,002594.SZ,249.0,249.0,245.0,245.05,249.39,-4.34,-1.7402,87821.64,2160628.974,-0.01740246200729767,-0.017555664855549782,250.12599999999998,261.6195,267.96566666666666,0.3989788412954312
2022-11-28,002594.SZ,240.0,245.13,237.22,245.11,245.05,0.06,0.0245,99109.28,2387430.973,0.0002448479902061873,0.0002448180198290579,248.308,261.5415,266.7886666666667,0.3861097112869437
2022-11-29,002594.SZ,246.28,249.68,243.0,248.3,245.11,3.19,1.3015,123580.78,3051509.362,0.013014564889233471,0.012930603138735532,247.86999999999998,260.8655,265.70116666666667,0.3157375359422883
2022-11-30,002594.SZ,248.36,260.0,246.48,259.52,248.3,11.22,4.5187,212873.38,5434244.563,0.04518727345952467,0.04419607841292708,249.474,260.46349999999995,264.84566666666666,0.34865029945881976
2022-12-01,002594.SZ,268.0,270.95,264.92,266.66,259.52,7.14,2.7512,257985.85,6927128.718,0.02751233045622703,0.027140667760264442,252.92800000000003,260.39750000000004,264.49033333333335,0.36333223374890083
2022-12-02,002594.SZ,264.92,267.57,260.48,262.08,266.66,-4.58,-1.7175,116075.38,3062453.852,-0.017175429385734797,-0.01732463802260795,256.334,259.4915,264.08000000000004,0.32516024845570934
2022-12-05,002594.SZ,265.95,267.59,261.9,263.36,262.08,1.28,0.4884,105233.09,2776465.999,0.004884004884005089,0.004872116824000592,259.98400000000004,258.7155,263.76933333333335,0.3263268045873924
2022-12-06,002594.SZ,260.55,271.63,260.01,267.6,263.36,4.24,1.61,123006.79,3283672.654,0.016099635479951413,0.01597141076536841,263.844,258.275,263.75,0.33201535199817744
2022-12-07,002594.SZ,267.65,278.28,267.65,273.74,267.6,6.14,2.2945,192665.93,5284876.703,0.022944693572496178,0.02268542252904679,266.688,258.4805,263.7633333333333,0.33093813451435383
2022-12-08,002594.SZ,273.75,275.0,270.87,274.29,273.74,0.55,0.2009,94580.65,2587392.486,0.0020092058157377135,0.0020071900613247815,268.214,259.182,263.62316666666663,0.30285667450710485
2022-12-09,002594.SZ,275.48,277.7,271.45,274.7,274.29,0.41,0.1495,100992.32,2768392.889,0.001494768310911665,0.0014936522567831501,270.738,259.477,263.5638333333334,0.2813303615176783
2022-12-12,002594.SZ,271.96,273.47,268.0,269.88,274.7,-4.82,-1.7546,80128.21,2168695.196,-0.01754641427011283,-0.017702177342003536,272.04200000000003,259.7815,263.4001666666667,0.2803322492409553
2022-12-13,002594.SZ,272.0,275.0,269.5,269.8,269.88,-0.08,-0.0296,61384.33,1667300.818,-0.00029642804209273343,-0.0002964719855690699,272.482,259.92150000000004,263.1501666666667,0.27739210109647255
2022-12-14,002594.SZ,269.41,269.44,263.6,266.4,269.8,-3.4,-1.2602,94364.62,2507895.817,-0.012601927353595332,-0.012682005107421512,271.014,260.1875,262.95133333333337,0.2688916745972822
2022-12-15,002594.SZ,266.33,272.28,263.51,271.46,266.4,5.06,1.8994,97123.45,2610706.544,0.01899399399399404,0.018815860203585024,270.448,260.9105,262.98400000000004,0.26833424379038684
2022-12-16,002594.SZ,270.07,271.37,267.55,270.51,271.46,-0.95,-0.35,56196.64,1512400.641,-0.003499594783761828,-0.0035057326898939815,269.61,261.702,263.0595,0.2657876376968886
2022-12-19,002594.SZ,268.99,275.0,265.61,266.5,270.51,-4.01,-1.4824,84038.91,2264390.155,-0.014823851243946584,-0.014934822574025751,268.934,262.317,262.99533333333335,0.27291221051524467
2022-12-20,002594.SZ,265.9,265.9,258.68,261.6,266.5,-4.9,-1.8386,84908.21,2218820.935,-0.01838649155722316,-0.01855762402285549,267.294,262.87250000000006,262.78516666666667,0.27637301902652295
2022-12-21,002594.SZ,261.58,262.85,259.6,260.8,261.6,-0.8,-0.3058,41966.3,1095313.222,-0.003058103975535187,-0.003062789530545767,266.17400000000004,263.3375,262.6318333333333,0.2769340494632987
2022-12-22,002594.SZ,263.0,263.5,258.51,259.19,260.8,-1.61,-0.6173,59209.95,1543323.319,-0.006173312883435589,-0.006192446565528713,263.71999999999997,263.8275,262.47583333333336,0.27594541851272064
2022-12-23,002594.SZ,256.1,256.4,250.5,252.18,259.19,-7.01,-2.7046,90818.68,2294101.018,-0.027045796519927445,-0.027418265241888833,260.054,264.18399999999997,262.23883333333333,0.286877965347862
2022-12-26,002594.SZ,252.2,263.5,252.19,262.42,252.18,10.24,4.0606,93547.53,2430254.725,0.04060591640891431,0.039803155432489384,259.238,265.04949999999997,262.06333333333333,0.31841103200131127
2022-12-27,002594.SZ,263.46,263.98,259.8,262.12,262.42,-0.3,-0.1143,55536.54,1453871.979,-0.001143205548357673,-0.0011438595062736269,259.342,265.7405,261.866,0.3168250281205513
2022-12-28,002594.SZ,257.5,259.2,253.0,254.62,262.12,-7.5,-2.8613,102563.78,2612261.022,-0.028612849076758762,-0.029030176537796826,258.106,265.49550000000005,261.6826666666667,0.293629276796946
2022-12-29,002594.SZ,253.99,258.86,252.13,254.76,254.62,0.14,0.055,72255.77,1841122.254,0.0005498389757285782,0.000549687869665761,257.22,264.90049999999997,261.5191666666667,0.27410783936646027
2022-12-30,002594.SZ,258.5,260.37,256.51,256.97,254.76,2.21,0.8675,74889.73,1931977.379,0.008674831213691503,0.008637421060891376,258.178,264.645,261.60183333333333,0.27063677566129984
2023-01-03,002594.SZ,256.41,261.92,250.0,260.48,256.97,3.51,1.3659,121374.3,3108609.041,0.013659182005681503,0.013566736250119154,257.79,264.50100000000003,261.7565,0.27486074933867405
2023-01-04,002594.SZ,260.0,260.48,256.5,259.1,260.48,-1.38,-0.5298,72674.59,1881537.612,-0.0052979115479114824,-0.005311995246111124,257.186,264.07599999999996,261.82466666666664,0.268230905174495
2023-01-05,002594.SZ,262.52,267.59,261.06,265.08,259.1,5.98,2.308,118936.0,3143084.205,0.023079891933616148,0.022817579651961618,259.278,263.643,261.87033333333335,0.26839455114786426
2023-01-06,002594.SZ,267.91,271.2,265.1,266.2,265.08,1.12,0.4225,138855.23,3726792.589,0.004225139580503967,0.00421623874098511,261.566,263.23850000000004,262.004,0.2688904404697227
2023-01-09,002594.SZ,268.0,268.0,262.29,263.38,266.2,-2.82,-1.0594,114168.82,3020383.48,-0.010593538692712179,-0.010650049678937132,262.848,262.6725,261.98466666666667,0.27060640974673894
2023-01-10,002594.SZ,262.05,269.58,257.31,266.59,263.38,3.21,1.2188,173512.54,4568518.535,0.012187713569747016,0.012114041381695499,264.07,262.508,262.0835,0.26847293160116015
2023-01-11,002594.SZ,264.9,271.0,261.41,268.99,266.59,2.4,0.9003,128363.75,3429408.754,0.009002588244120258,0.008962306525882842,266.048,262.4675,262.0055,0.2705771672861937
2023-01-12,002594.SZ,271.51,284.45,270.7,277.3,268.99,8.31,3.0893,223479.19,6213489.747,0.030893341759916648,0.030425748432079836,268.492,263.0125,262.16883333333334,0.28727043981396166
2023-01-13,002594.SZ,277.41,279.93,275.0,278.58,277.3,1.28,0.4616,128411.01,3556565.563,0.004615939415794967,0.004605318638152788,270.968,263.3685,262.42,0.2805519076490363
2023-01-16,002594.SZ,278.58,278.77,272.0,273.8,278.58,-4.78,-1.7158,164999.89,4536354.778,-0.017158446406777106,-0.017307358405536703,273.052,263.533,262.545,0.2878382762413219
2023-01-17,002594.SZ,273.81,274.5,268.93,269.99,273.8,-3.81,-1.3915,111665.71,3020383.061,-0.01391526661796938,-0.014012991578898844,273.732,263.7075,262.7853333333333,0.2872032053575113
2023-01-18,002594.SZ,269.85,272.5,266.49,269.0,269.99,-0.99,-0.3667,86108.17,2315435.133,-0.0036668024741657312,-0.0036735416736106445,273.73400000000004,264.0775,262.97016666666667,0.27878672145648997
2023-01-19,002594.SZ,267.88,270.85,266.52,270.5,269.0,1.5,0.5576,81238.63,2185520.061,0.005576208178438735,0.005560718684697179,272.37399999999997,264.5625,263.1806666666667,0.2785819728775671
2023-01-20,002594.SZ,271.0,271.88,267.02,270.07,270.5,-0.43,-0.159,104649.35,2819530.181,-0.0015896487985213037,-0.0015909136307763914,270.67199999999997,265.1065,263.4318333333333,0.27727626774333874
2023-01-30,002594.SZ,285.0,288.0,281.0,281.99,270.07,11.92,4.4137,281854.41,8014418.508,0.044136705298626344,0.043190424660690105,272.31,266.59700000000004,264.1335,0.2924021887037679
2023-01-31,002594.SZ,285.0,288.8,280.39,285.8,281.99,3.81,1.3511,187110.17,5339962.478,0.013511117415511142,0.013420656179317073,275.47200000000004,267.766,264.7856666666667,0.26401795598696565
2023-02-01,002594.SZ,287.98,304.33,286.14,304.33,285.8,18.53,6.4836,272986.97,8144001.077,0.0648355493351993,0.06282037346858897,282.538,269.8765,265.4941666666667,0.3388840258255876
2023-02-02,002594.SZ,305.87,306.13,299.96,302.62,304.33,-1.71,-0.5619,148029.93,4485489.933,-0.005618900535602767,-0.0056347459409313945,288.962,272.2765,266.07849999999996,0.3152014922563012
2023-02-03,002594.SZ,299.95,299.95,292.8,295.0,302.62,-7.62,-2.518,152948.28,4517779.88,-0.025180093847068985,-0.025502536683604936,293.948,274.2885,266.52883333333335,0.336693109407812
2023-02-06,002594.SZ,291.69,291.69,287.61,289.98,295.0,-5.02,-1.7017,100446.6,2906251.55,-0.01701694915254226,-0.017163401254772007,295.546,275.93899999999996,266.69183333333336,0.34774327666946486
2023-02-07,002594.SZ,291.99,292.48,287.6,289.0,289.98,-0.98,-0.338,76834.74,2223584.358,-0.0033795434167874783,-0.0033852669726156565,296.186,277.36499999999995,266.8605,0.34820989619813913
2023-02-08,002594.SZ,289.0,289.0,282.8,285.66,289.0,-3.34,-1.1557,92901.44,2653105.085,-0.011557093425605403,-0.011624395677949628,292.452,278.69300000000004,267.0146666666667,0.3514617264856735
2023-02-09,002594.SZ,284.0,288.82,282.3,288.33,285.66,2.67,0.9347,90648.89,2602093.564,0.00934677588741839,0.009303365068820063,289.594,279.8555,267.3263333333333,0.3454835382624656
2023-02-10,002594.SZ,285.88,285.9,280.0,281.86,288.33,-6.47,-2.244,129708.11,3659502.384,-0.022439565775326797,-0.022695163739937595,286.966,280.63849999999996,267.6863333333333,0.3584193023158724
2023-02-13,002594.SZ,279.01,283.29,277.06,282.32,281.86,0.46,0.1632,93461.44,2628940.179,0.0016320158944156393,0.0016306856036496032,285.434,281.5855,267.9116666666667,0.35483377215513306
2023-02-14,002594.SZ,284.0,284.5,279.1,281.97,282.32,-0.35,-0.124,73643.68,2068766.543,-0.0012397279682628826,-0.0012404970666947996,284.028,282.35450000000003,268.21466666666663,0.35377877226151805
2023-02-15,002594.SZ,283.0,283.9,278.56,279.0,281.97,-2.97,-1.0533,90832.16,2549250.814,-0.010533035429301063,-0.010588900478954192,282.696,282.855,268.4146666666667,0.35619927546351743
2023-02-16,002594.SZ,280.0,281.79,274.85,277.02,279.0,-1.98,-0.7097,103348.15,2883947.589,-0.007096774193548483,-0.007122076074413176,280.434,282.841,268.68033333333335,0.3406010285674698
2023-02-17,002594.SZ,276.49,278.1,271.28,271.66,277.02,-5.36,-1.9349,100996.5,2764372.531,-0.01934878348133695,-0.01953842135260772,278.394,282.495,268.92466666666667,0.34700821911129864
2023-02-20,002594.SZ,271.59,273.3,267.0,272.8,271.66,1.14,0.4196,130701.48,3524868.435,0.0041964219980858974,0.0041876415749624,276.49,282.44500000000005,269.2266666666667,0.34209262971909765
2023-02-21,002594.SZ,272.0,276.56,270.28,274.75,272.8,1.95,0.7148,113690.06,3115649.014,0.007148093841642167,0.007122667314423648,275.046,282.68300000000005,269.56916666666666,0.3388574818113847
2023-02-22,002594.SZ,271.9,272.62,268.9,270.42,274.75,-4.33,-1.576,85087.96,2301668.445,-0.01575978161965419,-0.015885287353118793,273.33000000000004,282.754,269.90133333333335,0.3437900064134768
2023-02-23,002594.SZ,269.9,271.67,268.5,270.44,270.42,0.02,0.0074,100358.21,2705234.15,7.395902669915522e-05,7.395629186518302e-05,272.014,282.75100000000003,270.217,0.3432628498431705
2023-02-24,002594.SZ,269.02,269.88,267.0,267.58,270.44,-2.86,-1.0575,66867.61,1790064.872,-0.010575358674752344,-0.010631675177003985,271.198,282.62649999999996,270.5201666666667,0.34536178327149947
2023-02-27,002594.SZ,265.0,265.89,258.0,259.81,267.58,-7.77,-2.9038,169703.81,4428436.083,-0.029038044696912957,-0.029467992402702977,268.6,281.51750000000004,270.76616666666666,0.3171719050777924
2023-02-28,002594.SZ,261.0,262.0,257.57,260.8,259.81,0.99,0.381,120330.03,3122819.224,0.0038104768869557937,0.0038032354097276757,265.81,280.2675,271.0276666666667,0.3119341740519678
2023-03-01,002594.SZ,260.75,266.54,257.76,265.5,260.8,4.7,1.8021,143657.61,3781045.101,0.01802147239263796,0.01786101062949556,264.82599999999996,278.32599999999996,271.31433333333337,0.19737180101819704
2023-03-02,002594.SZ,266.12,268.13,262.0,263.71,265.5,-1.79,-0.6742,114904.96,3043464.76,-0.006741996233521785,-0.006764826160843704,263.48,276.3805,271.38416666666666,0.19732837408924025
2023-03-03,002594.SZ,264.99,265.23,262.08,263.79,263.71,0.08,0.0303,63981.61,1686348.718,0.00030336354328630577,0.0003033175378706169,262.722,274.82,271.33633333333336,0.18624042063775578
2023-03-06,002594.SZ,264.0,264.63,258.0,264.27,263.79,0.48,0.182,112124.47,2932174.905,0.0018196292505401335,0.0018179757307934888,263.614,273.53450000000004,271.3728333333333,0.18277422254237877
2023-03-07,002594.SZ,264.18,266.99,260.5,260.68,264.27,-3.59,-1.3585,105932.88,2789608.646,-0.013584591516252242,-0.013677706325634302,263.59000000000003,272.11850000000004,271.3281666666666,0.18546410497836424
2023-03-08,002594.SZ,258.5,259.79,255.0,256.99,260.68,-3.69,-1.4155,120897.6,3104294.281,-0.014155286174620252,-0.014256427831829802,261.88800000000003,270.685,271.15133333333335,0.1868917476384522
2023-03-09,002594.SZ,256.5,259.83,254.01,256.07,256.99,-0.92,-0.358,96731.43,2481897.868,-0.0035799058329119005,-0.003586329030007294,260.36,269.072,270.8568333333334,0.17900605816928553
2023-03-10,002594.SZ,252.0,253.0,242.3,243.14,256.07,-12.93,-5.0494,283464.08,6951755.744,-0.05049400554535877,-0.05181343547469486,256.23,267.136,270.3376666666667,0.23302876346300666
2023-03-13,002594.SZ,241.72,242.95,237.0,240.49,243.14,-2.65,-1.0899,167343.41,4010230.472,-0.010899070494365337,-0.010958900487885908,251.47400000000002,265.0445,269.7675,0.23092463623273127
2023-03-14,002594.SZ,240.0,242.5,233.03,239.98,240.49,-0.51,-0.2121,198568.16,4715842.057,-0.002120670298141336,-0.0021229221035191435,247.334,262.94500000000005,269.26916666666665,0.230609431367801
2023-03-15,002594.SZ,241.5,242.48,237.41,238.62,239.98,-1.36,-0.5667,120714.59,2895736.124,-0.005667138928243998,-0.005683258088588553,243.66,260.92600000000004,268.7495,0.23052712811504172
2023-03-16,002594.SZ,235.0,239.62,234.0,234.79,238.62,-3.83,-1.6051,118370.25,2793057.411,-0.016050624423770032,-0.016180830838488175,239.404,258.8145,268.22266666666667,0.23240772019642014
2023-03-17,002594.SZ,236.78,240.98,235.53,237.91,234.79,3.12,1.3288,135002.62,3213067.916,0.013288470548149522,0.01320095328458647,238.358,257.127,267.6635,0.24025806934329566
2023-03-20,002594.SZ,237.91,239.36,234.6,235.57,237.91,-2.34,-0.9836,86323.33,2041533.811,-0.009835652137362927,-0.00988434168923741,237.37399999999997,255.26549999999997,267.08116666666666,0.2371146753737364
2023-03-21,002594.SZ,236.89,239.51,234.79,239.51,235.57,3.94,1.6725,108872.69,2585297.268,0.016725389480833686,0.01658706042823993,237.28000000000003,253.50349999999997,266.6313333333333,0.24703178611289858
2023-03-22,002594.SZ,242.2,247.58,242.08,243.2,239.51,3.69,1.5406,155339.32,3800940.796,0.015406454845309225,0.015288980459256916,238.196,252.14249999999998,266.32466666666664,0.25650058882522303
2023-03-23,002594.SZ,242.99,245.5,239.5,245.49,243.2,2.29,0.9416,97461.04,2374450.293,0.00941611842105261,0.009372063115388077,240.336,250.89499999999998,266.0695,0.2611329667500554
2023-03-24,002594.SZ,245.5,247.63,243.49,246.02,245.49,0.53,0.2159,81018.26,1990565.427,0.0021589474112999607,0.002156620233239024,241.958,249.817,265.85,0.2612435341500638
2023-03-27,002594.SZ,245.99,245.99,240.3,243.65,246.02,-2.37,-0.9633,92495.36,2246213.086,-0.009633363141207996,-0.009680064151123728,243.574,249.00899999999996,265.7078333333333,0.24522636763307998
2023-03-28,002594.SZ,244.5,245.67,242.4,245.01,243.65,1.36,0.5582,81845.04,1998797.291,0.005581777139339161,0.005566256748778764,244.67400000000004,248.2195,265.41766666666666,0.24596698635899975
2023-03-29,002594.SZ,246.55,250.25,246.55,247.7,245.01,2.69,1.0979,144302.62,3588758.349,0.010979143708420125,0.010919310457019927,245.57399999999998,247.3295,265.17733333333337,0.2391595886280943
2023-03-30,002594.SZ,250.0,257.2,250.0,257.2,247.7,9.5,3.8353,209267.22,5317797.712,0.0383528461849012,0.037635655868150555,247.916,247.004,265.2203333333333,0.2806553621904184
2023-03-31,002594.SZ,258.97,260.86,255.0,256.02,257.2,-1.18,-0.4588,167007.61,4304295.452,-0.004587869362363994,-0.004598425935500798,249.916,246.61550000000003,265.24133333333333,0.2808680689227636
2023-04-03,002594.SZ,256.0,258.24,252.26,255.92,256.02,-0.1,-0.0391,133691.25,3412119.593,-0.0003905944848058285,-0.00039067078670098867,252.36999999999998,246.198,265.22383333333335,0.2806473682485237
2023-04-04,002594.SZ,255.81,255.81,247.99,250.92,255.92,-5.0,-1.9537,137744.33,3448255.051,-0.019537355423569824,-0.019730732412720005,253.552,245.70999999999998,265.0645,0.28482421792250273
2023-04-06,002594.SZ,248.0,250.88,245.68,250.0,250.92,-0.92,-0.3667,81942.27,2036216.982,-0.003666507253307749,-0.003673245366296006,254.012,245.3605,264.91283333333337,0.2811762812118397
2023-04-07,002594.SZ,250.05,252.13,248.33,249.28,250.0,-0.72,-0.288,68722.91,1718631.441,-0.0028799999999999937,-0.002884155179862984,252.42799999999997,245.02100000000002,264.6495,0.28110959112058953
2023-04-10,002594.SZ,249.28,251.2,246.0,251.0,249.28,1.72,0.69,98057.91,2436804.939,0.006899871630295262,0.0068761764494004556,251.42399999999998,245.414,264.39616666666666,0.21323465978437806
2023-04-11,002594.SZ,252.15,254.49,248.6,249.83,251.0,-1.17,-0.4661,87455.12,2194591.845,-0.0046613545816732715,-0.004672252574401567,250.206,245.881,264.17033333333336,0.20947169541570818
2023-04-12,002594.SZ,248.8,248.8,243.33,243.4,249.83,-6.43,-2.5738,112329.7,2751446.164,-0.02573750150102072,-0.026074506003955514,248.702,246.05199999999996,263.78383333333335,0.23125875001673654
2023-04-13,002594.SZ,240.58,243.0,237.77,242.82,243.4,-0.58,-0.2383,80964.64,1952037.226,-0.002382908792111782,-0.0023857524375976245,247.266,246.262,263.34766666666667,0.2303310791111727
2023-04-14,002594.SZ,243.4,247.47,242.99,246.06,242.82,3.24,1.3343,105506.44,2589957.803,0.013343217197924417,0.013254980516193707,246.62199999999999,246.82549999999998,262.827,0.2250907765175762
2023-04-17,002594.SZ,245.0,249.68,244.21,249.44,246.06,3.38,1.3736,90393.85,2244153.587,0.013736487035682421,0.013642996677443571,246.31,247.402,262.34133333333335,0.22538253961459462
2023-04-18,002594.SZ,250.4,252.18,248.44,249.0,249.44,-0.44,-0.1764,78432.2,1961474.846,-0.001763951250801754,-0.0017655088447587322,246.144,248.07350000000002,261.928,0.2213247008986281
2023-04-19,002594.SZ,249.0,253.2,246.09,250.85,249.0,1.85,0.743,111927.47,2793037.791,0.007429718875501923,0.007402254465554281,247.63400000000001,248.64049999999997,261.60900000000004,0.2160009606145173
2023-04-20,002594.SZ,249.93,249.93,245.0,245.02,250.85,-5.83,-2.3241,100308.3,2470721.41,-0.023240980665736433,-0.02351531106423741,248.074,248.7315,261.20933333333335,0.22835375800983757
2023-04-21,002594.SZ,244.5,248.95,243.0,243.0,245.02,-2.02,-0.8244,104052.48,2553937.672,-0.008244224961227675,-0.00827839652547607,247.462,248.60700000000003,260.751,0.2277820446058725
2023-04-24,002594.SZ,244.1,258.6,243.18,253.49,243.0,10.49,4.3169,267017.34,6747607.047,0.043168724279835535,0.04226293118085188,248.27200000000002,248.98049999999998,260.4746666666667,0.27544942888673446
2023-04-25,002594.SZ,251.0,251.8,242.2,244.3,253.49,-9.19,-3.6254,187418.73,4589549.733,-0.03625389561718406,-0.036927396257705365,247.33200000000002,249.013,259.8465,0.3045665904334529
2023-04-26,002594.SZ,243.0,254.54,241.0,251.0,244.3,6.7,2.7425,174492.04,4353221.18,0.027425296766270923,0.02705596086808905,247.362,249.3125,259.2665,0.31910653929068894
2023-04-27,002594.SZ,250.0,258.99,249.55,258.92,251.0,7.92,3.1554,242464.38,6228404.693,0.03155378486055782,0.031066194545525602,250.142,249.8735,258.50966666666665,0.33524780397388804
2023-04-28,002594.SZ,261.47,262.97,254.0,255.86,258.92,-3.06,-1.1818,191944.8,4933612.984,-0.01181832226170243,-0.011888713788420501,252.71400000000003,249.8065,257.73033333333336,0.3103167923857972
2023-05-04,002594.SZ,255.0,257.61,251.4,252.52,255.86,-3.34,-1.3054,118124.27,3002183.827,-0.013054013913859186,-0.01313996638946408,252.52000000000004,249.63150000000002,257.02233333333334,0.31338775962305004
2023-05-05,002594.SZ,252.55,253.8,247.95,250.07,252.52,-2.45,-0.9702,102439.59,2560075.787,-0.009702201805797617,-0.009749574829862702,253.67399999999998,249.339,256.35716666666667,0.3150816405491531
2023-05-08,002594.SZ,253.0,259.1,252.52,254.03,250.07,3.96,1.5836,121626.2,3104234.524,0.015835566041508375,0.015711491610730037,254.28000000000003,249.49449999999996,255.77433333333332,0.31244113310158517
2023-05-09,002594.SZ,250.04,253.36,249.0,250.11,254.03,-3.92,-1.5431,89884.83,2253697.879,-0.015431248277762433,-0.0155515491896605,252.51800000000003,249.5,255.18183333333334,0.31742258443047244
2023-05-10,002594.SZ,251.0,262.18,249.2,259.79,250.11,9.68,3.8703,253690.89,6542224.183,0.03870297069289519,0.0379727912580281,253.304,250.02550000000002,254.70616666666666,0.34515892696676387
2023-05-11,002594.SZ,260.77,269.8,258.68,263.75,259.79,3.96,1.5243,214236.87,5669565.808,0.015243080949997934,0.01512807244161634,255.55,250.663,254.4043333333333,0.3478964447479548
2023-05-12,002594.SZ,266.0,268.25,259.52,260.1,263.75,-3.65,-1.3839,104573.53,2750523.184,-0.013838862559241605,-0.013935512335670289,257.55600000000004,251.17649999999998,254.034,0.351975972203172
2023-05-15,002594.SZ,260.1,266.55,258.7,264.9,260.1,4.8,1.8454,136926.27,3615695.776,0.018454440599769084,0.018286223823417932,259.72999999999996,252.25150000000002,253.74949999999998,0.3401284430036958
2023-05-16,002594.SZ,264.39,267.42,263.2,265.13,264.9,0.23,0.0868,81639.31,2162966.661,0.000868252170630468,0.0008678754577533114,262.73400000000004,253.36700000000002,253.51833333333335,0.3394562707849074
2023-05-17,002594.SZ,264.99,265.8,259.01,261.0,265.13,-4.13,-1.5577,89556.05,2336687.603,-0.015577263983706069,-0.015699864413083842,262.976,254.11400000000003,253.25133333333332,0.34507623582168256
2023-05-18,002594.SZ,262.3,263.88,256.56,259.08,261.0,-1.92,-0.7356,100696.65,2610927.791,-0.007356321839080526,-0.007383513007977182,262.04200000000003,254.596,253.04166666666666,0.3446359534897283
2023-05-19,002594.SZ,258.18,260.92,256.3,259.18,259.08,0.1,0.0386,60105.82,1557739.695,0.00038598116411936445,0.00038590669255230217,261.858,255.10499999999996,252.81466666666668,0.3443990095860656
2023-05-22,002594.SZ,260.92,266.0,257.08,265.1,259.18,5.92,2.2841,120165.21,3160916.357,0.022841268616405674,0.022584312287711517,261.898,255.81750000000002,252.65383333333335,0.35175288981246117
2023-05-23,002594.SZ,265.04,266.88,262.93,262.93,265.1,-2.17,-0.8186,90619.4,2401159.869,-0.008185590343266713,-0.008219276239810915,261.45799999999997,256.713,252.529,0.3407449572308369
2023-05-24,002594.SZ,261.6,265.0,259.52,261.91,262.93,-1.02,-0.3879,68092.95,1787131.273,-0.003879359525348902,-0.003886903758026955,261.64,257.6585,252.38683333333333,0.3390550750680588
2023-05-25,002594.SZ,261.96,263.85,255.14,255.6,261.91,-6.31,-2.4092,132078.95,3413072.494,-0.024092245427818848,-0.024387210793762354,260.944,257.764,252.18716666666666,0.3194085766636407
2023-05-26,002594.SZ,253.0,253.0,242.8,246.99,255.6,-8.61,-3.3685,185813.4,4583193.89,-0.03368544600938961,-0.03426587252493533,258.506,257.8985,251.9735,0.3155845933281914
2023-05-29,002594.SZ,250.0,250.55,242.0,244.93,246.99,-2.06,-0.834,124722.91,3051361.333,-0.00834041864043078,-0.008375394543534377,254.47200000000004,257.59499999999997,251.70899999999997,0.3006475385148242
2023-05-30,002594.SZ,245.95,255.0,245.83,252.2,244.93,7.27,2.9682,166880.58,4201064.907,0.029681949944882158,0.029249968095909167,252.32600000000002,257.259,251.48733333333334,0.2980168273105229
2023-05-31,002594.SZ,252.2,254.9,249.65,253.66,252.2,1.46,0.5789,118381.17,2995495.154,0.0057890563045202015,0.005772364108464307,250.676,257.149,251.31983333333335,0.29620318112674754
2023-06-01,002594.SZ,253.66,257.88,253.23,255.45,253.66,1.79,0.7057,86735.71,2217698.926,0.007056690057557269,0.007031908137523376,250.64600000000002,257.2955,251.1808333333333,0.293276127957777
2023-06-02,002594.SZ,257.88,259.59,255.6,259.06,255.45,3.61,1.4132,110679.75,2854069.098,0.014131924055588163,0.014032999325302931,253.06,257.745,251.09400000000002,0.2942236610620296
2023-06-05,002594.SZ,259.0,259.06,251.67,258.32,259.06,-0.74,-0.2856,104794.52,2682476.684,-0.002856481124064003,-0.0028605686520902277,255.738,257.95950000000005,251.0546666666667,0.28995724989270805
2023-06-06,002594.SZ,257.95,265.0,256.18,260.88,258.32,2.56,0.991,128981.11,3371155.485,0.009910188912976237,0.009861405031044001,257.474,258.498,251.1195,0.28482344563251655
2023-06-07,002594.SZ,262.0,263.44,255.5,256.55,260.88,-4.33,-1.6598,100490.28,2598158.541,-0.01659766942655616,-0.016736954093089777,258.052,258.336,251.1275,0.25729781181421135
2023-06-08,002594.SZ,256.19,258.84,254.47,255.0,256.55,-1.55,-0.6042,64454.26,1650438.582,-0.006041707269538121,-0.006060032229547678,257.962,257.8985,251.32516666666666,0.25103888137869024
2023-06-09,002594.SZ,258.8,259.1,252.5,258.0,255.0,3.0,1.1765,107484.01,2753073.835,0.0117647058823529,0.011696039763191236,257.75,257.79350000000005,251.61700000000002,0.2508892442644906
2023-06-12,002594.SZ,256.5,263.0,255.5,260.51,258.0,2.51,0.9729,102891.21,2682484.32,0.00972868217054268,0.009681663250945619,258.188,257.57399999999996,251.95916666666668,0.24406344535268543
2023-06-13,002594.SZ,260.5,262.0,257.13,261.22,260.51,0.71,0.2725,81511.47,2117925.896,0.002725423208322253,0.002721715976812269,258.256,257.3785,252.33583333333334,0.24431291381009637
2023-06-14,002594.SZ,262.68,265.39,261.5,263.0,261.22,1.78,0.6814,125776.0,3318766.726,0.006814179618712002,0.006791068028389204,259.546,257.4785,252.806,0.23901450276629702
2023-06-15,002594.SZ,263.5,275.01,263.29,271.88,263.0,8.88,3.3764,243961.07,6622887.119,0.03376425855513299,0.03320676030067283,262.922,258.1185,253.37216666666666,0.26433878093551083
2023-06-16,002594.SZ,273.86,275.86,270.0,271.08,271.88,-0.8,-0.2942,152296.82,4146755.899,-0.002942474621156488,-0.0029468122105253515,265.538,258.7135,253.964,0.2649627766551356
2023-06-19,002594.SZ,271.08,274.99,267.88,269.21,271.08,-1.87,-0.6898,123564.75,3342857.529,-0.0068983325955437325,-0.006922236084749977,267.278,258.919,254.459,0.2553570499655226
2023-06-20,002594.SZ,269.01,269.2,264.9,268.25,269.21,-0.96,-0.3566,102366.16,2734002.025,-0.003565989376323242,-0.003572362672354288,268.684,259.185,254.8765,0.25370000802825116
2023-06-21,002594.SZ,267.01,273.28,266.25,267.78,268.25,-0.47,-0.1752,107811.76,2906861.071,-0.0017520969245108375,-0.0017536336415744326,269.64,259.4785,255.24800000000002,0.25325563620124236
2023-06-26,002594.SZ,262.43,268.69,262.3,262.89,267.78,-4.89,-1.8261,101512.22,2681452.522,-0.018261259242661865,-0.01843005413336454,267.842,259.84299999999996,255.52916666666667,0.24627253091562648
2023-06-27,002594.SZ,262.02,263.85,257.08,260.05,262.89,-2.84,-1.0803,99028.65,2570404.964,-0.01080299745140545,-0.01086177351678742,265.63599999999997,260.496,255.80249999999998,0.21419053767864935
2023-06-28,002594.SZ,260.0,262.5,258.1,260.25,260.05,0.2,0.0769,57269.51,1489543.301,0.0007690828686790496,0.0007687872759967379,263.84399999999994,261.26200000000006,256.05649999999997,0.2103894346787383
2023-06-29,002594.SZ,260.25,260.78,255.23,255.7,260.25,-4.55,-1.7483,83485.05,2148587.117,-0.01748318924111436,-0.017637825197937378,261.33399999999995,261.437,256.1898333333333,0.19764109737033694
2023-06-30,002594.SZ,254.13,260.0,253.7,258.27,255.7,2.57,1.0051,75724.36,1952424.866,0.010050840829096463,0.010000667040831886,259.43199999999996,261.66749999999996,256.2076666666667,0.19964742135856525
2023-07-03,002594.SZ,258.88,269.27,258.88,267.48,258.27,9.21,3.566,162565.06,4313305.226,0.03566035544197943,0.03503924784780495,260.35,262.269,256.39866666666666,0.2340555265060145
2023-07-04,002594.SZ,268.5,275.0,266.51,271.5,267.48,4.02,1.5029,157120.02,4271284.305,0.015029161058770724,0.014917342188212305,262.64,262.89099999999996,256.65833333333336,0.23467257519973117
2023-07-05,002594.SZ,271.51,272.48,265.69,267.0,271.5,-4.5,-1.6575,93033.13,2493339.683,-0.016574585635359074,-0.016713480973740556,263.98999999999995,263.325,256.92633333333333,0.24366701195633153
2023-07-06,002594.SZ,267.0,272.0,266.8,268.1,267.0,1.1,0.412,83711.85,2249759.123,0.0041198501872659055,0.004111386841664069,266.47,263.686,257.228,0.24196067489156553
2023-07-07,002594.SZ,267.0,267.66,264.11,264.4,268.1,-3.7,-1.3801,62191.5,1650354.364,-0.013800820589332519,-0.013896937264382573,267.696,264.07849999999996,257.48,0.23937981068344544
2023-07-10,002594.SZ,267.0,269.5,262.75,263.55,264.4,-0.85,-0.3215,68877.62,1824432.454,-0.0032148260211799506,-0.0032200046763152515,266.91,264.506,257.68916666666667,0.23838880108252145
2023-07-11,002594.SZ,265.0,270.69,263.8,269.33,263.55,5.78,2.1931,102405.2,2744333.129,0.02193132232972861,0.021694290237559682,266.476,265.0725,258.01416666666665,0.24663860163235496
2023-07-12,002594.SZ,270.5,271.15,264.66,265.61,269.33,-3.72,-1.3812,87031.95,2328017.076,-0.013812052129357877,-0.013908326042853218,266.198,265.3275,258.3843333333333,0.25130121055680354
2023-07-13,002594.SZ,267.5,269.5,265.01,267.83,265.61,2.22,0.8358,82753.01,2213414.441,0.008358119046722567,0.008323383385373103,266.14399999999995,265.658,258.8011666666667,0.25258018129128795
2023-07-14,002594.SZ,267.8,267.8,263.5,264.41,267.83,-3.42,-1.2769,102722.03,2718639.361,-0.012769293955120609,-0.012851522136376178,266.146,265.7285,259.107,0.25651623514203153
2023-07-17,002594.SZ,267.0,267.0,262.35,264.49,264.41,0.08,0.0303,78926.63,2086663.751,0.000302560417533293,0.0003025146553604794,266.33399999999995,265.35900000000004,259.3578333333333,0.22424389954027202
2023-07-18,002594.SZ,265.25,267.57,260.5,265.48,264.49,0.99,0.3743,98456.48,2603934.532,0.003743052667397606,0.0037360648774445284,265.56399999999996,265.079,259.6325,0.22484255469322864
2023-07-19,002594.SZ,265.49,265.9,262.74,264.83,265.48,-0.65,-0.2448,50250.0,1328126.187,-0.0024483953593492647,-0.0024513975806847842,265.408,264.86,259.8655,0.22383334087052853
2023-07-20,002594.SZ,265.5,269.5,264.0,264.95,264.83,0.12,0.0453,91270.51,2434017.185,0.0004531208699920519,0.00045301824173147486,264.832,264.695,260.1976666666667,0.22361154735110148
2023-07-21,002594.SZ,264.0,264.8,261.55,264.32,264.95,-0.63,-0.2378,75287.03,1979318.622,-0.0023778071334213946,-0.002380638606157838,264.814,264.52200000000005,260.553,0.2236681080682254
2023-07-24,002594.SZ,261.01,262.77,257.49,257.5,264.32,-6.82,-2.5802,95950.37,2491708.306,-0.025802058111380144,-0.026140770228822406,263.416,264.2525,260.6198333333333,0.23299228107983253
2023-07-25,002594.SZ,262.68,266.99,262.65,264.59,257.5,7.09,2.7534,173882.84,4604657.752,0.027533980582524098,0.027161737967959104,263.238,264.4795,260.95799999999997,0.25053378217845707
2023-07-26,002594.SZ,263.76,263.76,260.6,262.09,264.59,-2.5,-0.9449,65864.88,1723363.551,-0.009448580823160357,-0.00949350184682186,262.69,264.57149999999996,261.14283333333333,0.2532601779836548
2023-07-27,002594.SZ,264.5,265.77,260.8,261.63,262.09,-0.46,-0.1755,112650.69,2962230.532,-0.0017551222862374205,-0.0017566643179241755,262.026,264.868,261.188,0.24447155062367762
2023-07-28,002594.SZ,260.0,267.65,258.22,267.0,260.49,6.51,2.4991,173308.25,4584230.666,0.020525169131980325,0.02031736649324564,262.562,265.3045,261.3736666666667,0.25217353750401106
2023-07-31,002594.SZ,270.0,276.58,269.88,272.0,267.0,5.0,1.8727,215060.16,5874722.583,0.01872659176029967,0.018553407895747834,265.462,265.53049999999996,261.6983333333334,0.22800666046696524
2023-08-01,002594.SZ,271.76,272.76,266.5,268.5,272.0,-3.5,-1.2868,120339.93,3239067.594,-0.012867647058823484,-0.012951152347077893,266.24399999999997,265.3805,262.0055,0.2266358395212005
2023-08-02,002594.SZ,270.7,272.0,266.36,268.0,268.5,-0.5,-0.1862,87393.51,2346829.431,-0.0018621973929237035,-0.0018639334380627533,267.42600000000004,265.4305,262.23833333333334,0.21863604940927409
2023-08-03,002594.SZ,267.28,268.48,265.51,268.23,268.0,0.23,0.0858,66169.88,1766952.896,0.000858208955224038,0.000857840904479868,268.746,265.437,262.5403333333333,0.21818171817067852
2023-08-04,002594.SZ,268.99,270.07,266.65,268.3,268.23,0.07,0.0261,88053.15,2358257.628,0.00026097006300562775,0.0002609360162420637,269.006,265.63199999999995,262.68216666666666,0.21190682399172908
2023-08-07,002594.SZ,267.93,267.93,265.19,266.99,268.3,-1.31,-0.4883,64203.8,1710317.723,-0.004882594111069727,-0.004894552916237544,268.004,265.804,262.7361666666667,0.21240975606608048
2023-08-08,002594.SZ,265.2,266.5,262.51,263.3,266.99,-3.69,-1.3821,91711.88,2419517.105,-0.013820742349900716,-0.013917138013077193,266.964,265.50249999999994,262.78950000000003,0.2027802646435489
2023-08-09,002594.SZ,262.0,263.5,260.23,262.9,263.3,-0.4,-0.1519,72499.37,1897124.688,-0.0015191796429928628,-0.0015203347664282702,265.9440000000001,265.367,262.7561666666667,0.19713891925845375
2023-08-10,002594.SZ,263.0,264.87,260.74,262.7,262.9,-0.2,-0.0761,60016.1,1575799.641,-0.0007607455306199995,-0.0007610350443413372,264.838,265.1105,262.71566666666666,0.1943795582261552
2023-08-11,002594.SZ,262.69,262.7,259.01,259.25,262.7,-3.45,-1.3133,86125.28,2242256.361,-0.013132851161020143,-0.013219849581857438,263.02799999999996,264.8525,262.6865,0.1946781615732609
2023-08-14,002594.SZ,255.0,256.99,243.49,245.82,259.25,-13.43,-5.1803,252890.35,6237439.722,-0.051803278688524634,-0.05319328632280205,258.794,263.919,262.4655,0.26538220549770447
2023-08-15,002594.SZ,245.82,246.13,241.9,244.54,245.82,-1.28,-0.5207,115021.29,2804377.793,-0.005207062077943192,-0.0052206660707906785,255.042,262.87199999999996,262.2215,0.264032045916704
2023-08-16,002594.SZ,243.28,245.5,242.21,244.2,244.54,-0.34,-0.139,79979.36,1953463.842,-0.0013903655843624518,-0.0013913330394396814,251.302,261.8405,261.87316666666663,0.2641394194862313
2023-08-17,002594.SZ,243.37,246.34,240.4,246.01,244.2,1.81,0.7412,86835.55,2118628.433,0.007411957411957326,0.007384623836057095,247.964,260.8935,261.5911666666667,0.26680677995737384
2023-08-18,002594.SZ,245.56,245.56,240.0,240.29,246.01,-5.72,-2.3251,98466.5,2385483.843,-0.023251087354172584,-0.02352565828450797,244.17199999999997,259.69199999999995,261.23083333333335,0.275713423834966
2023-08-21,002594.SZ,239.8,239.88,234.05,234.41,240.29,-5.88,-2.447,127879.2,3022536.162,-0.024470431561862682,-0.024774808319257123,241.89000000000001,258.5375,260.87766666666664,0.27439322330392063
2023-08-22,002594.SZ,237.97,238.5,230.9,234.54,234.41,0.13,0.0555,112115.89,2620973.083,0.000554583848811907,0.0005544301240221234,239.89000000000001,257.035,260.67016666666666,0.2480057788995422
2023-08-23,002594.SZ,234.54,234.54,230.03,230.09,234.54,-4.45,-1.8973,81237.55,1882331.986,-0.018973309456808973,-0.019155612301476995,237.06799999999998,255.435,260.42283333333336,0.25208848870075373
2023-08-24,002594.SZ,231.01,237.0,231.01,234.9,230.09,4.81,2.0905,106810.59,2501734.161,0.02090486331435537,0.020689354933425882,234.846,254.0985,260.1345,0.2697982585685508
2023-08-25,002594.SZ,233.28,234.33,231.5,232.6,234.9,-2.3,-0.9791,66775.26,1554437.027,-0.009791400595998367,-0.00983965158030313,233.308,252.37849999999997,259.7835,0.2523008787751003
2023-08-28,002594.SZ,248.0,248.0,234.25,235.53,232.6,2.93,1.2597,133527.36,3189524.811,0.012596732588134207,0.012518053793709892,233.532,250.555,259.4515,0.24492140224957332
2023-08-29,002594.SZ,236.81,247.5,236.81,246.71,235.53,11.18,4.7467,213223.46,5201525.92,0.04746741391754772,0.04637526389834309,235.96600000000004,249.46550000000002,259.24566666666664,0.31073335529724505
2023-08-30,002594.SZ,249.33,251.47,247.84,249.8,246.71,3.09,1.2525,152187.35,3798606.951,0.012524826719630289,0.012447039914860352,239.908,248.5555,259.10366666666664,0.3162191855665649
2023-08-31,002594.SZ,250.51,250.99,248.0,249.4,249.8,-0.4,-0.1601,88733.96,2214559.039,-0.0016012810248199338,-0.001602564445541303,242.808,247.61399999999998,258.9123333333333,0.31590841052021873
2023-09-01,002594.SZ,253.0,254.47,248.0,249.12,249.4,-0.28,-0.1123,77771.83,1949444.069,-0.0011226944667200867,-0.001123325160247835,246.112,246.65500000000003,258.7885,0.3157313034241986
2023-09-04,002594.SZ,251.6,253.0,248.88,252.45,249.12,3.33,1.3367,96511.6,2427791.469,0.013367052023121273,0.013278501219236393,249.496,245.92799999999997,258.746,0.3212784255431663
2023-09-05,002594.SZ,252.2,252.2,248.69,249.03,252.45,-3.42,-1.3547,74570.5,1864915.96,-0.013547237076648844,-0.013639838169870787,249.95999999999998,245.2145,258.5965,0.32115318458043635
2023-09-06,002594.SZ,250.0,252.3,249.3,250.45,249.03,1.42,0.5702,65928.56,1653726.027,0.005702124242059181,0.005685928668571877,250.09,244.592,258.42883333333333,0.3224918641110313
2023-09-07,002594.SZ,250.42,250.42,248.11,248.4,250.45,-2.05,-0.8185,60913.02,1517662.852,-0.008185266520263412,-0.008218949744301993,249.89000000000001,243.877,258.2151666666667,0.32312066210635604
2023-09-08,002594.SZ,247.01,247.01,242.69,244.05,248.4,-4.35,-1.7512,67634.4,1651599.178,-0.017512077294685957,-0.01766722772616717,248.87600000000003,243.11700000000002,257.89933333333335,0.3253804783495376
2023-09-11,002594.SZ,243.7,248.5,242.2,247.01,244.05,2.96,1.2129,76513.44,1876707.032,0.012128662159393455,0.01205569930525101,247.788,243.17650000000003,257.4848333333333,0.2725735896721204
2023-09-12,002594.SZ,248.7,253.37,247.1,251.99,247.01,4.98,2.0161,119532.4,3004363.229,0.020161127079875385,0.019960582545960417,248.38000000000002,243.54900000000004,257.16666666666663,0.2804374361114575
2023-09-13,002594.SZ,252.0,254.28,250.4,251.55,251.99,-0.44,-0.1746,91478.97,2305291.96,-0.001746101035755343,-0.001747627247040366,248.6,243.91649999999998,256.87233333333336,0.28049140424266206
2023-09-14,002594.SZ,246.8,246.95,242.0,243.63,251.55,-7.92,-3.1485,152580.25,3722930.909,-0.031484794275492,-0.0319910959748984,247.64600000000002,243.79750000000004,256.462,0.3029420578627798
2023-09-15,002594.SZ,244.0,246.84,241.51,244.29,243.63,0.66,0.2709,82255.95,2010812.284,0.0027090259820219398,0.002705363184720462,247.69400000000002,243.99750000000003,256.0705,0.29063764299903333
2023-09-18,002594.SZ,244.5,251.2,244.29,247.38,244.29,3.09,1.2649,96405.22,2395846.503,0.012648900896475412,0.012569571799713918,247.76799999999997,244.64599999999996,255.81199999999998,0.2770696041442386
2023-09-19,002594.SZ,246.0,248.28,243.8,247.17,247.38,-0.21,-0.0849,62396.93,1533948.927,-0.0008488964346350381,-0.0008492569512553615,246.804,245.27749999999997,255.59733333333332,0.2772678682187189
2023-09-20,002594.SZ,245.0,246.28,244.0,244.0,247.17,-3.17,-1.2825,54497.1,1332673.933,-0.01282518104948005,-0.012908133702406413,245.294,245.973,255.3265,0.2716757402888186
2023-09-21,002594.SZ,243.0,243.87,238.55,239.68,244.0,-4.32,-1.7705,92964.62,2232606.21,-0.017704918032786843,-0.017863524964347167,244.504,246.212,255.05949999999999,0.2726392490696927
2023-09-22,002594.SZ,239.52,245.66,238.5,245.05,239.68,5.37,2.2405,96763.96,2356419.361,0.02240487316421902,0.02215757102670191,244.656,246.83450000000002,254.83916666666664,0.2793771032902099
2023-09-25,002594.SZ,246.83,246.98,244.35,245.8,245.05,0.75,0.3061,64786.8,1592828.38,0.003060599877575898,0.003055925776377834,244.34,247.348,254.47783333333334,0.2769625268700263
2023-09-26,002594.SZ,245.0,245.0,238.3,238.5,245.8,-7.3,-2.9699,118462.63,2846103.7,-0.029698942229454905,-0.030148886803538603,242.606,246.9375,253.92783333333333,0.24339373148628812
2023-09-27,002594.SZ,239.11,242.22,237.79,237.83,238.5,-0.67,-0.2809,75733.67,1808518.866,-0.0028092243186582655,-0.0028131775947900046,241.372,246.33900000000003,253.44166666666666,0.23762695715914262
2023-09-28,002594.SZ,238.8,239.5,236.05,236.7,237.83,-1.13,-0.4751,85257.68,2022931.184,-0.004751292940335605,-0.004762616213667709,240.77599999999998,245.704,252.91833333333332,0.2377591925425673
2023-10-09,002594.SZ,236.7,238.51,229.66,237.97,236.7,1.27,0.5365,91790.71,2162900.147,0.005365441487114486,0.005351098786346505,239.35999999999999,245.1465,252.47783333333334,0.23936865297425877
2023-10-10,002594.SZ,237.96,240.02,237.0,237.91,237.97,-0.06,-0.0252,63936.61,1524841.111,-0.00025213262175904916,-0.00025216441253229964,237.782,244.41950000000003,252.0505,0.23241860061939734
2023-10-11,002594.SZ,241.96,242.5,238.0,238.59,237.91,0.68,0.2858,76683.73,1838352.974,0.00285822369803701,0.0028541467434010283,237.8,243.89750000000004,251.53816666666668,0.22969198015357128
2023-10-12,002594.SZ,240.4,245.5,239.0,244.45,238.59,5.86,2.4561,139340.94,3391600.251,0.024560962320298252,0.024264191387500845,239.12399999999997,243.5975,251.1855,0.2472088279800379
2023-10-13,002594.SZ,241.9,242.77,239.8,240.36,244.45,-4.09,-1.6731,66445.23,1598611.952,-0.016731437921865266,-0.01687298955892722,239.856,243.19549999999998,250.72766666666666,0.2522688756616934
2023-10-16,002594.SZ,240.4,241.08,236.5,237.51,240.36,-2.85,-1.1857,66022.21,1573224.653,-0.011857214178731978,-0.01192807161427519,239.76399999999998,242.86849999999998,250.27933333333334,0.24828240206900024
2023-10-17,002594.SZ,237.52,239.99,236.5,238.0,237.51,0.49,0.2063,49163.59,1169236.112,0.0020630710285882703,0.002060945820022612,239.78199999999998,242.41799999999998,249.83783333333335,0.24362080440875228
2023-10-18,002594.SZ,245.6,251.0,244.0,249.07,238.0,11.07,4.6513,307862.84,7646061.771,0.04651260504201682,0.0454633077831375,241.87800000000001,242.272,249.5643333333333,0.28881190951411906
2023-10-19,002594.SZ,246.95,247.97,240.34,240.6,249.07,-8.47,-3.4007,147753.28,3595894.522,-0.03400650419560769,-0.03459817791403371,241.108,241.72449999999998,249.16049999999998,0.31249794141355197
2023-10-20,002594.SZ,240.0,241.8,238.21,239.2,240.6,-1.4,-0.5819,85658.61,2050294.971,-0.005818786367414841,-0.005835781464101877,240.87599999999998,241.503,248.73133333333334,0.29310057651402627
2023-10-23,002594.SZ,240.0,240.0,236.2,238.65,239.2,-0.55,-0.2299,73536.83,1747793.907,-0.002299331103678859,-0.0023019786245710343,241.10399999999998,241.221,248.3035,0.2928543261250317
2023-10-24,002594.SZ,239.3,240.5,234.67,235.55,238.65,-3.1,-1.299,110778.92,2614866.694,-0.012989733919966495,-0.013074838305855466,240.61399999999998,240.6295,247.93766666666667,0.2911342387871997
2023-10-25,002594.SZ,237.97,240.01,236.22,237.4,235.55,1.85,0.7854,83675.73,1993861.828,0.007853958819783458,0.007823277029517519,238.28000000000003,240.14100000000002,247.4845,0.29333560836492456
2023-10-26,002594.SZ,236.06,238.8,235.7,238.61,237.4,1.21,0.5097,73199.35,1738279.51,0.005096882898062427,0.005083937758365986,237.882,239.87150000000003,247.09316666666666,0.29133619334935873
2023-10-27,002594.SZ,238.0,243.5,237.52,241.95,238.61,3.34,1.3998,103205.56,2490630.305,0.013997736892837676,0.013900673305393987,238.43200000000002,239.98499999999999,246.76516666666666,0.28888820521155306
2023-10-30,002594.SZ,239.51,244.99,238.7,244.6,241.95,2.65,1.0953,117295.47,2849732.929,0.010952676172762965,0.010893130013744418,239.622,239.9625,246.3918333333333,0.28016680443288083
2023-10-31,002594.SZ,243.5,243.99,237.5,238.54,244.6,-6.06,-2.4775,127204.75,3044814.889,-0.024775143090760454,-0.025087212102549047,240.22000000000003,239.59949999999998,245.83416666666665,0.29332112707167196
2023-11-01,002594.SZ,238.0,238.0,235.42,236.2,238.54,-2.34,-0.981,93390.42,2206820.551,-0.009809675526117223,-0.009858107387261042,239.97999999999996,239.48449999999997,245.29583333333332,0.27578591143873127
2023-11-02,002594.SZ,237.86,237.88,234.8,234.8,236.2,-1.4,-0.5927,85414.16,2015702.321,-0.005927180355630779,-0.005944815809320505,239.218,239.333,244.74249999999998,0.27637732381692726
2023-11-03,002594.SZ,235.51,239.15,234.88,238.65,234.8,3.85,1.6397,90679.42,2154652.391,0.016396933560477,0.01626395549796418,238.558,239.4305,244.24949999999998,0.282194302164426
2023-11-06,002594.SZ,240.51,243.43,240.0,242.9,238.65,4.25,1.7809,143547.86,3472633.48,0.01780850618059926,0.0176517925562213,238.218,239.677,243.82616666666667,0.28839339236037664
2023-11-07,002594.SZ,243.0,244.3,240.51,240.97,242.9,-1.93,-0.7946,94512.93,2287202.177,-0.007945656648826738,-0.007977391593716226,238.704,239.82999999999998,243.3925,0.2901881608946055
2023-11-08,002594.SZ,240.36,240.86,239.18,240.0,240.97,-0.97,-0.4025,80128.14,1921682.141,-0.00402539735236751,-0.0040335210724193405,239.464,239.90049999999997,243.00416666666666,0.2905681414160923
2023-11-09,002594.SZ,240.0,240.75,238.34,239.3,240.0,-0.7,-0.2917,73182.74,1750698.708,-0.0029166666666665675,-0.002920928427663565,240.36400000000003,239.64299999999997,242.61083333333332,0.27635336194375
2023-11-10,002594.SZ,239.0,239.0,235.66,236.96,239.3,-2.34,-0.9779,81901.9,1940054.003,-0.009778520685332248,-0.009826644394839016,240.02599999999998,239.473,242.18183333333334,0.2721475775412918
2023-11-13,002594.SZ,237.88,238.18,235.1,237.12,236.96,0.16,0.0675,69738.46,1649215.951,0.0006752194463199857,0.000674991588233346,238.86999999999998,239.4535,241.813,0.26887188639795023
2023-11-14,002594.SZ,237.3,238.2,236.6,237.63,237.12,0.51,0.2151,55216.55,1310694.854,0.0021508097165992,0.0021485000365759435,238.202,239.435,241.6765,0.2688807652422294
2023-11-15,002594.SZ,239.9,240.0,238.3,238.64,237.63,1.01,0.425,78691.67,1881360.641,0.004250305096157758,0.004241298062194944,237.92999999999998,238.91350000000003,241.57816666666668,0.2066949431477422
2023-11-16,002594.SZ,239.8,239.8,237.22,238.3,238.64,-0.34,-0.1425,61690.07,1471253.077,-0.001424740194435059,-0.0014257561017965653,237.73000000000002,238.79850000000002,241.47983333333332,0.16877248718039414
2023-11-17,002594.SZ,237.0,238.59,236.0,236.76,238.3,-1.54,-0.6462,59462.29,1408060.178,-0.006462442299622451,-0.006483414282172278,237.69,238.67649999999998,241.32566666666665,0.1690604664769592
2023-11-20,002594.SZ,235.8,236.5,234.58,235.0,236.76,-1.76,-0.7434,76770.94,1804923.944,-0.00743368812299372,-0.007461455678365298,237.266,238.49399999999997,241.2375,0.1707755863073885
2023-11-21,002594.SZ,235.69,236.68,233.66,234.2,235.0,-0.8,-0.3404,82386.34,1937039.109,-0.0034042553191490077,-0.003410062980542066,236.57999999999998,238.42650000000003,241.234,0.16492730333082606
2023-11-22,002594.SZ,233.5,233.5,229.88,230.0,234.2,-4.2,-1.7933,105571.08,2440478.827,-0.017933390264730953,-0.018096142240421546,234.852,238.0565,241.15833333333333,0.17333771108309054
2023-11-23,002594.SZ,230.5,231.28,227.12,228.83,230.0,-1.17,-0.5087,105763.94,2425947.586,-0.005086956521739072,-0.0050999391317627625,232.958,237.56750000000002,241.13733333333332,0.17194120480362637
2023-11-24,002594.SZ,228.8,228.8,215.4,216.85,228.83,-11.98,-5.2353,280659.48,6162803.841,-0.052353275357252205,-0.053773499510057415,228.97600000000003,236.3125,240.8365,0.2383633669347747
2023-11-27,002594.SZ,212.0,212.0,205.0,208.9,216.85,-7.95,-3.6661,215480.87,4487132.027,-0.036661286603642984,-0.03735020171885505,223.756,234.5275,240.4415,0.254536991950273
2023-11-28,002594.SZ,208.92,211.77,207.01,209.91,208.9,1.01,0.4835,122211.43,2562912.238,0.004834849210148429,0.004823198863394984,218.898,233.096,240.01450000000003,0.24990070913878917
2023-11-29,002594.SZ,209.88,209.9,201.39,201.98,209.91,-7.93,-3.7778,219246.3,4464902.232,-0.037778095374208065,-0.03851018482750427,213.294,231.385,239.26899999999998,0.27376210293121744
2023-11-30,002594.SZ,201.6,202.73,198.45,199.15,201.98,-2.83,-1.4011,187242.15,3745049.006,-0.014011288246360998,-0.014110372970757599,207.358,229.60250000000002,238.42483333333334,0.2745897485742896
2023-12-01,002594.SZ,200.48,200.82,192.81,197.05,199.15,-2.1,-1.0545,194189.85,3799477.664,-0.010544815465729274,-0.010600805986640462,203.398,227.52250000000004,237.55233333333337,0.25897958176167385
2023-12-04,002594.SZ,197.05,199.29,193.6,196.39,197.05,-0.66,-0.3349,117613.15,2317283.54,-0.0033494037046436498,-0.0033550255138811817,200.896,225.19699999999997,236.6735,0.2396648060697612
2023-12-05,002594.SZ,197.0,199.96,195.61,196.34,196.39,-0.05,-0.0255,152372.47,3021632.365,-0.0002545954478333501,-0.00025462786275629013,198.182,222.96550000000002,235.73833333333332,0.24227565198336426
2023-12-06,002594.SZ,196.35,201.24,196.0,201.19,196.34,4.85,2.4702,176347.37,3523669.818,0.02470204746867677,0.02440188493676952,198.02400000000003,221.025,234.941,0.2714887356923022
2023-12-07,002594.SZ,201.19,201.2,197.3,199.45,201.19,-1.74,-0.8649,103169.24,2051259.486,-0.008648541179979152,-0.00868615684972927,198.084,219.03250000000003,234.09099999999998,0.2706474502288345
2023-12-08,002594.SZ,199.03,200.36,198.32,198.55,199.45,-0.9,-0.4512,77700.19,1547061.882,-0.004512409125093875,-0.004522620774155026,198.38400000000001,217.112,233.26016666666666,0.27107253667955017
2023-12-11,002594.SZ,196.75,199.58,194.64,199.19,198.55,0.64,0.3223,101086.35,1989856.428,0.003223369428355438,0.003218185509921904,198.94400000000002,215.21550000000002,232.5125,0.2723844413397463
2023-12-12,002594.SZ,198.18,198.73,196.12,196.33,199.19,-2.86,-1.4358,79797.21,1572793.711,-0.014358150509563683,-0.01446222617652481,198.942,213.15050000000002,231.66783333333333,0.27008861261903494
2023-12-13,002594.SZ,195.82,195.82,191.72,191.8,196.33,-4.53,-2.3073,117534.92,2270646.821,-0.023073396831864712,-0.0233437544613198,197.064,210.8085,230.66466666666668,0.2692394294337578
2023-12-14,002594.SZ,193.0,196.18,191.11,191.18,191.8,-0.62,-0.3233,92496.7,1787086.925,-0.003232533889468203,-0.003237769813721329,195.41000000000003,208.45250000000001,229.6585,0.2684864800241546
2023-12-15,002594.SZ,193.08,194.39,191.08,193.28,191.18,2.1,1.0984,101841.34,1966549.057,0.01098441259545968,0.010924522110833508,194.356,206.27849999999998,228.81933333333333,0.2791694663761181
2023-12-18,002594.SZ,191.06,192.5,188.31,189.06,193.28,-4.22,-2.1834,100511.47,1906643.036,-0.021833609271523224,-0.022075489749211936,192.33,203.9815,227.89883333333333,0.2821155782944349
2023-12-19,002594.SZ,188.53,188.68,186.16,188.0,189.06,-1.06,-0.5607,79369.72,1487629.709,-0.005606685708240744,-0.005622462167289007,190.664,201.6715,226.9091666666667,0.28147140850418334
2023-12-20,002594.SZ,188.33,189.33,184.87,184.88,188.0,-3.12,-1.6596,84924.82,1585187.697,-0.01659574468085112,-0.016734996863823976,189.28000000000003,199.4155,225.871,0.2810599367673064
2023-12-21,002594.SZ,183.33,189.98,182.85,189.68,184.88,4.8,2.5963,133149.43,2494208.947,0.025962786672436344,0.02563147579102492,188.98,197.45800000000003,224.96566666666666,0.3094700440750941
2023-12-22,002594.SZ,189.9,195.38,188.04,192.25,189.68,2.57,1.3549,117997.66,2267509.852,0.01354913538591318,0.013458166628603378,188.774,196.228,224.17516666666668,0.27382236694677603
2023-12-25,002594.SZ,193.0,194.2,190.21,192.18,192.25,-0.07,-0.0364,53769.86,1032287.275,-0.00036410923276974927,-0.00036417553663149727,189.398,195.392,223.294,0.24884287483662137
2023-12-26,002594.SZ,192.16,192.16,190.0,191.75,192.18,-0.43,-0.2237,41380.33,790091.023,-0.0022374856904985307,-0.0022399926017562487,190.148,194.48399999999998,222.39316666666667,0.24675301888713003
2023-12-27,002594.SZ,193.0,193.5,190.7,191.45,191.75,-0.3,-0.1565,61364.02,1174486.108,-0.0015645371577575062,-0.00156576232406206,191.46200000000002,193.95749999999998,221.60899999999998,0.21294730670353684
2023-12-28,002594.SZ,191.03,198.66,190.66,198.05,191.45,6.6,3.4474,138777.8,2722971.14,0.03447375293810406,0.03389284614462225,193.13600000000002,193.9025,220.946,0.24550998885675576
2023-12-29,002594.SZ,198.97,199.8,197.15,198.0,198.05,-0.05,-0.0252,80367.29,1591969.846,-0.0002524614996213259,-0.00025249337339043403,194.286,193.95,220.30100000000002,0.24243712564037792
2024-01-02,002594.SZ,199.61,199.62,192.37,192.6,198.0,-5.4,-2.7273,113928.32,2212162.4,-0.027272727272727337,-0.027651531330510123,194.36999999999998,193.7605,219.54483333333334,0.26140977144251387
2024-01-03,002594.SZ,192.5,193.87,190.7,193.17,192.6,0.57,0.296,84485.96,1624093.056,0.0029595015576324712,0.002955130854176716,194.654,193.602,218.79916666666668,0.2617548808412781
2024-01-04,002594.SZ,194.34,194.65,191.1,193.02,193.17,-0.15,-0.0777,89870.36,1731882.12,-0.0007765180928714921,-0.0007768197392117734,194.96800000000002,193.1935,218.03966666666665,0.24400243668464494
2024-01-05,002594.SZ,192.47,197.5,191.13,192.68,193.02,-0.34,-0.1761,112401.88,2187835.615,-0.0017614754947673505,-0.0017630287169699077,193.89399999999998,192.85500000000002,217.17683333333335,0.24271936287056642
2024-01-08,002594.SZ,192.8,193.66,189.15,189.4,192.68,-3.28,-1.7023,81078.39,1543893.919,-0.01702304338800087,-0.01716960101004221,192.17400000000004,192.39749999999998,216.3275,0.24868958952636563
2024-01-09,002594.SZ,191.0,196.0,190.2,192.86,189.4,3.46,1.8268,112186.51,2167747.852,0.01826821541710677,0.018103356330260605,192.22600000000003,192.081,215.58333333333334,0.2586094055656522
2024-01-10,002594.SZ,191.7,193.3,189.6,190.29,192.86,-2.57,-1.3326,71416.23,1364589.162,-0.013325728507725954,-0.01341531276832304,191.65,191.779,214.78816666666668,0.25795305999515167
2024-01-11,002594.SZ,190.2,198.7,188.81,196.78,190.29,6.49,3.4106,159861.74,3120354.836,0.03410583845709181,0.03353712912370395,192.402,192.028,213.91666666666666,0.27370895552559577
2024-01-12,002594.SZ,196.78,198.25,195.29,195.87,196.78,-0.91,-0.4624,87022.64,1711086.656,-0.004624453704644815,-0.004635179570967642,193.04000000000002,192.2625,213.17116666666666,0.2740673137943406
2024-01-15,002594.SZ,194.72,197.0,192.42,194.61,195.87,-1.26,-0.6433,70219.93,1364639.692,-0.006432838106907646,-0.006453617973578081,194.082,192.329,212.42799999999997,0.2729203024010535
2024-01-16,002594.SZ,193.9,196.55,193.07,195.3,194.61,0.69,0.3546,83808.6,1633959.523,0.003545552643749117,0.0035392819895596053,194.57,192.641,211.7055,0.2599571007167246
2024-01-17,002594.SZ,194.2,194.55,186.8,186.8,195.3,-8.5,-4.3523,160794.71,3050944.39,-0.043522785458269375,-0.044498312087891054,193.872,192.581,210.893,0.30511041109454773
2024-01-18,002594.SZ,185.65,191.0,184.91,190.48,186.8,3.68,1.97,114591.65,2150839.668,0.01970021413276224,0.019508676383865022,192.61200000000002,192.86100000000002,210.111,0.3063532140922826
2024-01-19,002594.SZ,189.49,192.96,188.7,189.34,190.48,-1.14,-0.5985,80905.16,1540978.199,-0.005984880302393858,-0.006002861477862086,191.30599999999998,192.844,209.28983333333332,0.2934719707590418
2024-01-22,002594.SZ,188.87,191.3,184.56,185.34,189.34,-4.0,-2.1126,132239.73,2487370.789,-0.021126016689553162,-0.021352364542199798,189.452,192.49849999999998,208.34633333333332,0.29812777355301007
2024-01-23,002594.SZ,185.0,188.96,184.3,187.85,185.34,2.51,1.3543,110725.62,2072060.504,0.013542678320923596,0.013451795861432454,187.96200000000002,192.282,207.40050000000002,0.3029774530351915
2024-01-24,002594.SZ,189.28,189.85,184.08,188.7,187.85,0.85,0.4525,96641.21,1805379.382,0.004524886877828038,0.004514680354526613,188.342,192.1295,206.56983333333335,0.30355123786123506
2024-01-25,002594.SZ,188.88,190.9,185.66,189.9,188.7,1.2,0.6359,130769.08,2470818.453,0.006359300476947549,0.006339165443735676,188.226,192.05200000000002,205.79816666666665,0.3045282964736939
2024-01-26,002594.SZ,189.0,189.0,185.5,185.86,189.9,-4.04,-2.1274,115854.64,2160578.276,-0.021274354923643934,-0.02150391568904685,187.53,191.4425,204.98250000000002,0.2838575059933219
2024-01-29,002594.SZ,185.9,186.0,178.31,178.44,185.86,-7.42,-3.9923,146042.52,2647388.166,-0.03992252232863458,-0.04074129186912937,186.15,190.4645,203.97899999999998,0.3122388751425665
2024-01-30,002594.SZ,173.08,175.48,170.3,171.97,178.44,-6.47,-3.6259,190761.18,3296016.841,-0.03625868639318541,-0.036932367263955934,182.974,189.43300000000002,202.79683333333335,0.3222096641729394
2024-01-31,002594.SZ,171.09,175.28,170.32,170.73,171.97,-1.24,-0.7211,125368.41,2155163.736,-0.007210559981392195,-0.007236681712965984,179.38000000000002,188.311,201.62616666666665,0.3207074285879451
2024-02-01,002594.SZ,170.0,173.0,168.36,170.89,170.73,0.16,0.0937,116650.74,1996429.637,0.0009371522286651945,0.0009367133756753184,175.578,187.2045,200.4743333333333,0.32113218108777103
2024-02-02,002594.SZ,170.96,171.88,163.01,167.0,170.89,-3.89,-2.2763,147991.71,2485326.236,-0.022763180993621512,-0.02302626224206226,171.80599999999998,185.9205,199.26933333333332,0.3261781782802976
2024-02-05,002594.SZ,165.0,171.78,162.77,168.0,167.0,1.0,0.5988,186216.2,3122618.403,0.0059880239520957446,0.005970166986503754,169.71800000000002,184.8505,198.11999999999998,0.32695524904554935
2024-02-06,002594.SZ,166.0,176.11,165.5,175.87,168.0,7.87,4.6845,176189.75,3054635.573,0.04684523809523822,0.04578110634501399,170.498,184.001,197.0991666666667,0.36798680896159397
2024-02-07,002594.SZ,177.25,183.0,176.1,179.56,175.87,3.69,2.0981,160093.7,2880398.922,0.02098140672087334,0.020764328165458538,172.26399999999998,183.4645,196.13133333333332,0.3769234184964414
2024-02-08,002594.SZ,181.49,183.35,180.7,181.17,179.56,1.61,0.8966,119245.66,2168509.15,0.008966362218756796,0.008926403074187964,174.32,182.684,195.1735,0.35431220161356697
2024-02-19,002594.SZ,183.88,185.35,181.84,183.5,181.17,2.33,1.2861,119687.07,2192419.553,0.012860848926422808,0.012778850506705573,177.61999999999998,182.0655,194.26016666666666,0.3592312859035311
2024-02-20,002594.SZ,183.5,183.68,177.0,179.02,183.5,-4.48,-2.4414,113357.36,2023820.072,-0.024414168937329617,-0.02471713605183198,179.824,181.286,193.29783333333336,0.3670866651005013
2024-02-21,002594.SZ,177.1,185.6,176.66,183.0,179.02,3.98,2.2232,147692.98,2700340.931,0.022232152832085683,0.02198862139862793,181.25,180.671,192.43116666666668,0.37795323942014514
2024-02-22,002594.SZ,182.9,183.64,181.26,182.99,183.0,-0.01,-0.0055,80906.13,1476863.326,-5.46448087430651e-05,-5.4646301825019416e-05,181.936,180.4805,191.57766666666666,0.3462726138311396
2024-02-23,002594.SZ,182.99,183.99,180.83,182.68,182.99,-0.31,-0.1694,91174.9,1660682.308,-0.0016940816438056894,-0.0016955182227976172,182.238,180.0905,190.78900000000002,0.33769190303182933
2024-02-26,002594.SZ,186.0,190.13,185.55,186.0,182.68,3.32,1.8174,155460.76,2912982.36,0.018173855922925197,0.018010685396402895,182.738,179.9235,190.07516666666666,0.3446082377591048
2024-02-27,002594.SZ,187.45,193.93,187.2,193.7,186.0,7.7,4.1398,206342.65,3958101.887,0.041397849462365466,0.04056389669974882,185.674,180.3415,189.6893333333333,0.3661646375757897
2024-02-28,002594.SZ,196.0,196.52,188.0,188.0,193.7,-5.7,-2.9427,168291.53,3223632.043,-0.029426948890036053,-0.0298686075830009,186.674,180.349,189.34099999999998,0.38040730568833736
2024-02-29,002594.SZ,187.01,191.61,186.19,191.2,188.0,3.2,1.7021,122362.89,2323915.657,0.017021276595744705,0.01687803778735173,188.31599999999997,180.474,189.02916666666667,0.38480345745818706
2024-03-01,002594.SZ,190.9,192.98,188.77,192.18,191.2,0.98,0.5126,122158.28,2336111.334,0.005125523012552424,0.005112432231820988,190.216,180.588,188.86583333333334,0.38459774963297105
2024-03-04,002594.SZ,190.0,191.7,188.1,189.27,192.18,-2.91,-1.5142,126865.1,2401200.046,-0.01514205432407112,-0.015257865798293914,190.87,180.7585,188.7011666666667,0.38050780673352996
2024-03-05,002594.SZ,187.5,191.65,185.5,190.82,189.27,1.55,0.8189,149624.43,2826124.074,0.008189359116605788,0.008156008272871945,190.294,181.3775,188.59733333333332,0.3485585103826017
2024-03-06,002594.SZ,190.0,192.98,189.0,191.65,190.82,0.83,0.435,100100.4,1914828.109,0.004349648883764878,0.004340216502864308,191.024,182.3615,188.51833333333335,0.31519636900859954
2024-03-07,002594.SZ,192.06,193.96,188.8,188.89,191.65,-2.76,-1.4401,101326.88,1935953.172,-0.014401252282807309,-0.014505956782835934,190.562,183.2695,188.39416666666665,0.3200737869119583
2024-03-08,002594.SZ,188.3,190.15,187.25,188.09,188.89,-0.8,-0.4235,67149.68,1263993.368,-0.0042352692042987305,-0.0042442633610150415,189.744,184.1295,188.17583333333332,0.3215233377806978
2024-03-11,002594.SZ,188.0,199.9,188.0,198.74,188.09,10.65,5.6622,278080.46,5440726.383,0.056621829975012083,0.055076866120504255,191.638,185.7165,188.16400000000002,0.3525886120163753
2024-03-12,002594.SZ,201.0,206.66,197.77,205.1,198.74,6.36,3.2002,245028.92,4958824.423,0.032001610143906456,0.031500227275117476,194.494,187.5715,188.27316666666667,0.36164631328308927
2024-03-13,002594.SZ,206.92,210.4,205.83,206.36,205.1,1.26,0.6143,177812.91,3691839.469,0.006143344709897747,0.006124551298114367,197.43599999999998,189.096,188.39266666666668,0.3349215716299851
2024-03-14,002594.SZ,208.42,215.36,208.42,212.08,206.36,5.72,2.7719,211352.19,4497086.17,0.02771855010660973,0.027341345604320864,202.074,190.722,188.6551666666667,0.33914941016259964
2024-03-15,002594.SZ,210.0,211.38,206.18,209.47,212.08,-2.61,-1.2307,146628.02,3057950.744,-0.01230667672576391,-0.012383030963095336,206.35,192.137,188.94966666666667,0.34713346428735004
2024-03-18,002594.SZ,211.85,218.25,211.61,218.03,209.47,8.56,4.0865,196981.82,4250885.884,0.04086504033990557,0.04005213698228206,210.208,193.8635,189.39716666666666,0.366550576319
2024-03-19,002594.SZ,218.03,219.85,214.39,216.8,218.03,-1.23,-0.5641,146972.68,3194716.173,-0.005641425491904717,-0.005657398434465573,212.548,195.7525,189.78916666666666,0.34957995420334254
2024-03-20,002594.SZ,217.01,220.78,217.01,218.48,216.8,1.68,0.7749,96805.23,2118610.339,0.007749077490774914,0.007719207599958431,214.97200000000004,197.5265,190.27949999999998,0.34654135209772874
2024-03-21,002594.SZ,218.92,219.8,217.0,218.95,218.48,0.47,0.2151,88667.09,1938901.108,0.00215122665690215,0.0021489160819577104,216.346,199.3245,190.79533333333333,0.34585432915008596
2024-03-22,002594.SZ,218.95,218.97,215.2,216.95,218.95,-2.0,-0.9135,104671.61,2266796.544,-0.009134505594884712,-0.009176481003047689,217.842,201.038,191.32983333333334,0.3499562863038668
2024-03-25,002594.SZ,216.37,217.79,212.85,214.2,216.95,-2.75,-1.2676,99109.4,2133902.462,-0.012675731735422913,-0.01275675423071132,217.07599999999996,202.448,191.7385,0.356145807879709
2024-03-26,002594.SZ,216.0,219.99,215.27,219.6,214.2,5.4,2.521,131346.27,2864082.717,0.025210084033613578,0.024897551621727302,217.63600000000002,203.743,192.19433333333333,0.33986447977461043
2024-03-27,002594.SZ,219.61,219.7,210.01,211.98,219.6,-7.62,-3.4699,188848.98,4058093.22,-0.03469945355191262,-0.035315779036266766,216.336,204.942,192.52433333333332,0.34768399595767224
2024-03-28,002594.SZ,209.85,211.84,206.01,208.38,211.98,-3.6,-1.6983,159435.31,3327175.192,-0.01698273422020946,-0.017128594615071206,214.22199999999998,205.801,192.8015,0.3545891202176297
2024-03-29,002594.SZ,208.43,208.52,201.17,203.06,208.38,-5.32,-2.553,141381.08,2873380.486,-0.0255302812170074,-0.02586183411096102,211.44400000000002,206.34499999999997,192.995,0.37027399312634135
2024-04-01,002594.SZ,203.06,212.98,203.06,212.01,203.06,8.95,4.4076,142909.27,2995671.851,0.044075642667191994,0.04313194149779603,211.006,207.48200000000003,193.22766666666666,0.3908580285705087
2024-04-02,002594.SZ,212.01,217.3,211.8,212.34,212.01,0.33,0.1557,107584.79,2301699.126,0.0015565303523419338,0.0015553202145544356,209.554,208.558,193.46666666666667,0.3910683355316863
2024-04-03,002594.SZ,210.5,211.11,207.55,208.16,212.34,-4.18,-1.9685,83633.79,1747159.207,-0.019685410191202846,-0.019881748821231927,208.79000000000002,209.3835,193.726,0.4012942367182296
2024-04-08,002594.SZ,207.0,215.0,206.39,212.0,208.16,3.84,1.8447,128227.18,2722271.578,0.01844734819369709,0.01827925990781724,209.51399999999998,210.539,194.03983333333332,0.39776308451135234
2024-04-09,002594.SZ,211.75,214.99,211.35,212.08,212.0,0.08,0.0377,84208.46,1791256.313,0.0003773584905661931,0.00037728730875780206,211.31799999999998,211.7385,194.35750000000002,0.3965111844697329
2024-04-10,002594.SZ,214.3,214.5,210.0,211.84,212.08,-0.24,-0.1132,72410.85,1537375.543,-0.0011316484345530453,-0.001132289232126757,211.28400000000002,212.3935,194.67683333333335,0.3495362706237639
2024-04-11,002594.SZ,209.0,215.44,207.8,212.98,211.84,1.14,0.5381,100853.95,2130444.828,0.00538141993957697,0.0053669918385942485,211.41199999999998,212.7875,195.06983333333335,0.3330551292532086
2024-04-12,002594.SZ,212.0,217.19,209.54,210.6,212.98,-2.38,-1.1175,114917.89,2453371.047,-0.011174758193257528,-0.011237664887362523,211.9,212.99949999999998,195.3655,0.33592355890848175
2024-04-15,002594.SZ,210.0,215.5,209.09,213.62,210.6,3.02,1.434,113331.92,2418635.357,0.014339981006647795,0.01423813596167439,212.224,213.07649999999998,195.7543333333333,0.32511376068851433
2024-04-16,002594.SZ,212.4,215.35,210.71,211.63,213.62,-1.99,-0.9316,98323.04,2090984.65,-0.009315607152888372,-0.009359268789187181,212.13400000000001,213.18449999999999,196.00183333333334,0.32371414865470216
2024-04-17,002594.SZ,211.0,213.18,209.6,213.0,211.63,1.37,0.6474,96921.62,2046775.945,0.006473562349383455,0.006452698837062928,212.36599999999999,212.933,196.28733333333332,0.2882019726445609
2024-04-18,002594.SZ,212.0,216.5,209.4,213.6,213.0,0.6,0.2817,133997.56,2863779.538,0.0028169014084507005,0.0028129413766146577,212.49,212.773,196.60383333333337,0.2879631613813565
2024-04-19,002594.SZ,212.19,212.87,207.06,210.13,213.6,-3.47,-1.6245,111770.43,2342512.356,-0.01624531835205989,-0.016378720280460324,212.39600000000002,212.35549999999998,196.851,0.29132605851207866
2024-04-22,002594.SZ,210.0,211.53,208.1,208.56,210.13,-1.57,-0.7472,64694.78,1353615.963,-0.007471565221529475,-0.007499617180333068,211.38400000000001,211.836,197.21366666666665,0.29160294771261097
2024-04-23,002594.SZ,208.55,208.56,203.99,205.04,208.56,-3.52,-1.6878,87299.94,1793533.843,-0.016877637130801704,-0.017021687569430635,210.06599999999997,211.24049999999997,197.45633333333336,0.2952930742230134
2024-04-24,002594.SZ,206.89,208.8,204.5,207.42,205.04,2.38,1.1607,74978.92,1546983.916,0.011607491221225175,0.011540641105772544,208.95,210.9015,197.7576666666667,0.29694017830311936
2024-04-25,002594.SZ,207.4,211.51,206.62,208.94,207.42,1.52,0.7328,94683.84,1980120.669,0.0073281265066049706,0.00730140624777376,208.01800000000003,210.36849999999998,198.151,0.2820648302613604
2024-04-26,002594.SZ,210.0,219.76,210.0,219.37,208.94,10.43,4.9919,253453.78,5502292.294,0.04991863692926213,0.04871267252823436,209.86599999999999,210.738,198.67633333333333,0.3116649344616729
2024-04-29,002594.SZ,221.08,225.4,218.73,221.38,219.37,2.01,0.9163,191675.93,4256800.048,0.009162601996626663,0.009120880019881735,212.43,211.388,199.221,0.30439347845920844
2024-04-30,002594.SZ,223.5,224.38,218.5,218.5,221.38,-2.88,-1.3009,115559.66,2542063.035,-0.013009305266961757,-0.013094667421833042,215.122,212.16,199.69766666666666,0.2916976584650313
2024-05-06,002594.SZ,225.0,228.39,223.5,226.3,218.5,7.8,3.5698,186778.87,4226418.539,0.03569794050343256,0.035075538103846914,218.898,212.87449999999998,200.37166666666664,0.27753884272857265
2024-05-07,002594.SZ,226.3,231.99,224.04,229.88,226.3,3.58,1.582,144190.48,3301364.34,0.01581970835174551,0.015695881000049126,223.086,213.7515,201.22899999999998,0.2808735215207778
2024-05-08,002594.SZ,228.54,228.88,226.0,226.23,229.88,-3.65,-1.5878,91131.78,2070673.827,-0.015877849312684877,-0.01600525275687543,224.458,214.65500000000003,202.13333333333333,0.2768897648880883
2024-05-09,002594.SZ,226.3,228.4,226.15,228.15,226.23,1.92,0.8487,79007.35,1796491.173,0.008486938071873729,0.008451126490746181,225.81199999999998,215.4625,203.09033333333335,0.27236667248415714
2024-05-10,002594.SZ,227.0,229.52,226.0,227.8,228.15,-0.35,-0.1534,80613.3,1833828.036,-0.0015340784571553634,-0.0015352563603297706,227.67200000000003,216.2485,204.03883333333334,0.27277088785830456
2024-05-13,002594.SZ,225.2,227.36,222.58,225.7,227.8,-2.1,-0.9219,82481.16,1857506.899,-0.009218612818261751,-0.009261367189591875,227.552,216.9415,205.01716666666667,0.276167883020817
2024-05-14,002594.SZ,225.71,227.57,224.11,224.91,225.7,-0.79,-0.35,62618.53,1414943.425,-0.0035002215330083297,-0.0035063616404095235,226.558,217.53799999999995,205.96566666666666,0.27708462719983457
2024-05-15,002594.SZ,224.5,226.0,218.3,219.14,224.91,-5.77,-2.5655,99733.51,2204936.673,-0.025654706326975307,-0.025989527205833238,225.14000000000001,217.965,206.6868333333333,0.2912264121127422
2024-05-16,002594.SZ,219.15,219.96,216.61,218.31,219.14,-0.83,-0.3788,87157.22,1901165.662,-0.0037875330838732513,-0.0037947239501423874,223.17199999999997,218.19950000000003,207.33266666666668,0.28825399614546987
2024-05-17,002594.SZ,219.39,220.33,217.66,219.59,218.31,1.28,0.5863,71486.66,1564639.158,0.005863222023727799,0.0058461002307953844,221.53000000000003,218.5975,207.97299999999998,0.28590712076125374
2024-05-20,002594.SZ,218.48,224.0,218.48,222.87,219.59,3.28,1.4937,75958.57,1688534.368,0.014936927911107123,0.014826470573924527,220.964,219.09099999999998,208.62916666666666,0.28922265446925133
2024-05-21,002594.SZ,221.98,221.99,217.42,218.78,222.87,-4.09,-1.8352,84080.43,1838619.341,-0.018351505361870135,-0.018521983140179794,219.738,219.35,209.29183333333333,0.29845382461151515
2024-05-22,002594.SZ,218.19,219.5,215.16,216.92,218.78,-1.86,-0.8502,88398.17,1916325.81,-0.008501691196635908,-0.008538036718784864,219.294,219.6895,209.85716666666667,0.2936204426089553
2024-05-23,002594.SZ,215.85,215.85,213.51,214.95,216.92,-1.97,-0.9082,62287.23,1336506.237,-0.009081689101973045,-0.009123179030569322,218.622,220.00900000000001,210.3898333333333,0.29434599991423416
2024-05-24,002594.SZ,213.98,214.0,208.8,209.3,214.95,-5.65,-2.6285,102875.52,2166851.356,-0.02628518260060464,-0.026636813490336343,216.564,220.22200000000004,210.83350000000002,0.30394661139924994
2024-05-27,002594.SZ,210.0,210.8,206.6,208.35,209.3,-0.95,-0.4539,76045.51,1580461.907,-0.004538939321548141,-0.004549271583491709,213.66,220.2685,211.206,0.30201205489467087
2024-05-28,002594.SZ,208.8,208.91,206.58,207.38,208.35,-0.97,-0.4656,60946.46,1265112.511,-0.004655627549795982,-0.00466649873833033,211.38000000000002,220.1905,211.43400000000003,0.3013576006961165
2024-05-29,002594.SZ,211.0,226.0,210.99,224.7,207.38,17.32,8.3518,302647.77,6633165.251,0.083518179187964,0.08021332006115127,212.93599999999998,220.45699999999997,212.04566666666668,0.38693048234869276
2024-05-30,002594.SZ,224.42,229.38,223.9,227.86,224.7,3.16,1.4063,223791.81,5070762.671,0.014063195371606607,0.01396522607868623,215.51799999999997,220.781,212.65666666666667,0.38860933997493285
2024-05-31,002594.SZ,228.8,231.6,226.99,229.02,227.86,1.16,0.5091,185429.84,4264400.522,0.0050908452558589,0.005077930715223712,219.462,221.30699999999996,213.27066666666667,0.3848031287450006
2024-06-03,002594.SZ,229.01,240.48,225.99,237.1,229.02,8.08,3.5281,270145.89,6370453.739,0.035280761505545266,0.03467265708616633,225.212,221.84700000000004,214.06783333333334,0.38433012159978086
2024-06-04,002594.SZ,236.9,239.8,235.95,238.15,237.1,1.05,0.4429,157429.16,3744672.01,0.00442851117671883,0.004418734175509746,231.36599999999999,222.2605,214.85666666666665,0.381249455713778
2024-06-05,002594.SZ,238.48,246.3,238.48,240.79,238.15,2.64,1.1085,194433.95,4732184.009,0.011085450346420167,0.011024457086272563,234.584,222.9885,215.67566666666664,0.376431059284884
2024-06-06,002594.SZ,241.2,243.8,237.5,238.5,240.79,-2.29,-0.951,175865.42,4227834.836,-0.009510361725985295,-0.009555874004746204,236.712,223.506,216.5025,0.378608651547801
2024-06-07,002594.SZ,239.03,241.39,232.13,235.5,238.5,-3.0,-1.2579,182593.98,4304211.409,-0.012578616352201255,-0.012658396871923465,238.00799999999998,223.891,217.29266666666666,0.38217558498680787
2024-06-11,002594.SZ,234.63,246.0,234.33,244.63,235.5,9.13,3.8769,221596.93,5386278.076,0.0387685774946922,0.03803595149902014,239.51399999999998,224.8375,218.0575,0.40110048912479646
2024-06-12,002594.SZ,241.63,247.55,241.63,242.9,244.63,-1.73,-0.7072,187331.97,4573251.957,-0.007071904508850091,-0.007097028947365707,240.464,225.73700000000002,218.6875,0.40222400919961
2024-06-13,002594.SZ,248.8,258.28,248.11,252.99,242.9,10.09,4.154,292519.28,7423395.27,0.04153972828324415,0.040700126246533096,242.904,227.42950000000002,219.46466666666666,0.4068761342541168
2024-06-14,002594.SZ,251.48,253.93,246.53,253.05,252.99,0.06,0.0237,202609.76,5066109.117,0.00023716352424996145,0.00023713540542709568,245.81400000000002,229.16649999999998,220.1475,0.4056428120502879
2024-06-17,002594.SZ,252.0,259.87,250.87,257.21,253.05,4.16,1.6439,208648.8,5371512.6,0.016439438846077792,0.016305774196393574,250.156,231.04750000000004,220.94316666666666,0.4067392918130156
2024-06-18,002594.SZ,255.6,257.3,253.0,255.64,257.21,-1.57,-0.6104,128789.11,3282495.367,-0.006103961743322506,-0.006122667074399536,252.358,232.68599999999998,221.57,0.4089959367800833
2024-06-19,002594.SZ,256.0,258.0,253.41,254.0,255.64,-1.64,-0.6415,99108.11,2529117.364,-0.006415271475512352,-0.006435937763544353,254.57799999999997,234.44699999999997,222.19,0.4012308818607963
2024-06-20,002594.SZ,252.88,253.77,249.3,251.5,254.0,-2.5,-0.9843,116199.94,2921098.948,-0.009842519685039353,-0.009891277478742667,254.27999999999997,236.176,222.74033333333333,0.4019802993436337
2024-06-21,002594.SZ,251.99,254.37,247.81,250.67,251.5,-0.83,-0.33,116330.12,2916085.594,-0.003300198807157151,-0.0033056564741393525,253.804,237.962,223.26899999999998,0.3992904162861119
2024-06-24,002594.SZ,250.0,253.98,247.78,249.94,250.67,-0.73,-0.2912,108423.02,2719528.81,-0.0029121953165516246,-0.0029164440080170174,252.35,239.994,223.81883333333332,0.3808605497863343
2024-06-25,002594.SZ,252.0,258.74,250.36,254.01,249.94,4.07,1.6284,195746.43,4998561.939,0.016283908137953107,0.016152747264657926,252.02400000000003,242.277,224.48233333333334,0.37807730516506066
2024-06-26,002594.SZ,252.0,254.3,249.38,252.72,254.01,-1.29,-0.5079,111916.76,2814435.214,-0.005078540214952132,-0.005091479828465742,251.76800000000003,244.544,225.03433333333334,0.3783008735603734
2024-06-27,002594.SZ,251.02,252.36,248.42,249.5,252.72,-3.22,-1.2741,82910.84,2074271.452,-0.012741373852484972,-0.012823241302256407,251.36800000000002,245.78400000000002,225.65966666666665,0.2695190327066833
2024-06-28,002594.SZ,248.0,252.13,246.88,250.25,249.5,0.75,0.3006,92982.07,2324520.984,0.0030060120240480437,0.003001503003756558,251.28400000000002,246.90349999999998,226.3575,0.2676473122732061
2024-07-01,002594.SZ,250.25,251.85,242.5,246.8,250.25,-3.45,-1.3786,129273.32,3179627.87,-0.013786213786213697,-0.013882126164097126,250.656,247.79250000000002,227.0865,0.2756710562519319
2024-07-02,002594.SZ,246.87,247.7,243.05,243.97,246.8,-2.83,-1.1467,102627.37,2515326.295,-0.011466774716369588,-0.011533025116774702,248.648,248.13600000000002,227.61916666666667,0.25416427663213764
2024-07-03,002594.SZ,243.96,245.38,240.0,243.1,243.97,-0.87,-0.3566,96574.03,2340645.421,-0.0035660122146166096,-0.003572385592380487,246.724,248.3835,228.13183333333333,0.2545469320968265
2024-07-04,002594.SZ,245.0,249.69,244.5,244.63,243.1,1.53,0.6294,99196.34,2449191.851,0.0062937062937062915,0.00627398363341485,245.75,248.5755,228.73966666666666,0.25262717902576975
2024-07-05,002594.SZ,243.17,244.5,238.88,242.03,244.63,-2.6,-1.0628,95664.78,2308221.433,-0.010628295793647546,-0.010685179539923767,244.106,248.752,229.24016666666665,0.25326911212462266
2024-07-08,002594.SZ,241.8,248.22,241.18,244.99,242.03,2.96,1.223,105374.66,2591239.967,0.012229888856753357,0.012155707969618752,243.744,249.22650000000004,229.78866666666667,0.25111842014395297
2024-07-09,002594.SZ,245.2,253.51,241.51,252.6,244.99,7.61,3.1062,140762.55,3506898.661,0.03106249234662628,0.030589816531203174,245.46999999999997,249.625,230.468,0.23730139078274667
2024-07-10,002594.SZ,252.49,256.53,251.5,252.5,252.6,-0.1,-0.0396,109282.56,2767913.672,-0.00039588281868563335,-0.0003959612009761826,247.35,250.10499999999996,231.12666666666667,0.23519889101600935
2024-07-11,002594.SZ,255.0,256.26,251.68,253.06,252.5,0.56,0.2218,100359.45,2546645.362,0.00221782178217822,0.0022153660457030957,249.036,250.1085,231.83433333333332,0.18331085876272016
2024-07-12,002594.SZ,253.52,264.0,251.89,262.62,253.06,9.56,3.7778,188863.22,4891988.725,0.03777760214968784,0.037081505669741374,253.154,250.587,232.651,0.22697948676871643
2024-07-15,002594.SZ,262.3,264.8,260.61,261.71,262.62,-0.91,-0.3465,98715.52,2590423.502,-0.0034650826288935566,-0.0034710999320290404,256.498,250.81199999999998,233.48566666666665,0.22105043227350704
2024-07-16,002594.SZ,260.61,262.2,256.35,258.99,261.71,-2.72,-1.0393,117587.68,3043326.156,-0.01039318329448613,-0.01044756958328891,257.77599999999995,250.9795,234.25216666666665,0.22338004273117434
2024-07-17,002594.SZ,259.0,261.52,256.62,259.51,258.99,0.52,0.2008,105191.71,2726321.475,0.002007799528939369,0.002005786593395523,259.178,251.25500000000002,235.0173333333333,0.22179489022545776
2024-07-18,002594.SZ,257.9,262.9,257.51,261.43,259.51,1.92,0.7399,95322.04,2487441.704,0.007398558822396151,0.007371323737161032,260.852,251.7515,235.87233333333333,0.2188700795586985
2024-07-19,002594.SZ,260.5,266.0,259.74,264.06,261.43,2.63,1.006,136213.79,3593320.512,0.010060054316643141,0.010009788804957688,261.14,252.421,236.79733333333334,0.2196932957883071
2024-07-22,002594.SZ,264.1,270.1,264.1,265.61,264.06,1.55,0.587,100749.55,2688874.276,0.005869878058017086,0.005852717444867213,261.91999999999996,253.20449999999997,237.80683333333334,0.21893066667047975
2024-07-23,002594.SZ,264.99,265.41,253.0,253.23,265.61,-12.38,-4.661,167410.49,4318283.785,-0.04660969090019207,-0.04773090083218406,260.768,253.1655,238.5703333333333,0.27537852114044353
2024-07-24,002594.SZ,253.23,255.15,248.49,249.99,253.23,-3.24,-1.2795,118640.05,2976544.505,-0.012794692571970079,-0.01287724960151312,258.864,253.029,239.25449999999998,0.27860524348767635
2024-07-25,002594.SZ,249.97,254.54,247.5,250.39,249.99,0.4,0.16,101104.2,2533958.369,0.0016000640025599644,0.0015987852640144394,256.656,253.07350000000002,239.7715,0.27480170886396194
2024-07-26,002594.SZ,252.97,257.63,251.15,254.95,250.39,4.56,1.8212,124841.65,3180235.007,0.01821158991972527,0.018047745174925106,254.834,253.3085,240.331,0.2819791722917564
2024-07-29,002594.SZ,252.93,253.0,246.58,249.1,251.85,-2.75,-1.0919,78859.32,1960649.994,-0.022945675622671136,-0.02321302523303003,251.53199999999998,253.42349999999996,240.84099999999998,0.290140695231728
2024-07-30,002594.SZ,247.59,247.8,241.62,243.91,249.1,-5.19,-2.0835,110393.39,2686057.414,-0.020835006021677982,-0.021055117476749815,249.66799999999998,253.4205,241.1345,0.2971394681200619
2024-07-31,002594.SZ,242.61,248.02,242.57,247.05,243.91,3.14,1.2874,87490.03,2153504.528,0.012873600918371642,0.012791440500374267,249.07999999999998,253.618,241.42066666666668,0.3001242599823563
2024-08-01,002594.SZ,248.0,248.74,240.0,244.2,247.05,-2.85,-1.1536,103634.88,2519341.335,-0.011536126290224713,-0.011603183615154779,247.842,253.59650000000002,241.72016666666664,0.3025978434614905
2024-08-02,002594.SZ,241.99,242.26,234.6,234.78,244.2,-9.42,-3.8575,145671.17,3453944.603,-0.038574938574938544,-0.039338656226228175,243.808,253.234,241.83066666666667,0.3306787714898445
2024-08-05,002594.SZ,230.84,236.67,230.01,231.18,234.78,-3.6,-1.5334,105268.35,2457359.662,-0.015333503705596718,-0.015452277584254867,240.224,252.5435,241.88700000000003,0.3301816537348687
2024-08-06,002594.SZ,234.0,234.62,225.98,228.94,231.18,-2.24,-0.9689,129101.51,2955783.827,-0.00968941949995683,-0.009736667375791049,237.23000000000002,251.3605,241.94099999999997,0.30570960443744366
2024-08-07,002594.SZ,229.04,231.0,226.47,228.95,228.94,0.01,0.0044,82021.86,1882919.963,4.367956669870665e-05,4.367861277421106e-05,233.60999999999999,250.183,242.00833333333333,0.30579618525762065
2024-08-08,002594.SZ,227.8,227.8,223.5,226.45,228.95,-2.5,-1.0919,85357.41,1925911.439,-0.010919414719371079,-0.010979469100881623,230.06,248.85249999999996,242.13016666666667,0.30540650011166215
2024-08-09,002594.SZ,228.06,235.88,228.04,231.62,226.45,5.17,2.2831,119852.18,2790790.707,0.022830646941929933,0.02257392775400887,229.42800000000003,247.3025,242.35199999999998,0.28104006742034915
2024-08-12,002594.SZ,232.01,233.49,229.5,230.4,231.62,-1.22,-0.5267,53779.01,1242071.532,-0.005267248078749676,-0.005281168934495427,229.272,245.737,242.53216666666668,0.28088787789398556
2024-08-13,002594.SZ,230.36,230.39,226.0,228.73,230.4,-1.67,-0.7248,60436.5,1378452.593,-0.007248263888888995,-0.0072746601824680126,229.22999999999996,244.224,242.62983333333332,0.2804867637644647
2024-08-14,002594.SZ,228.6,228.6,225.2,226.6,228.73,-2.13,-0.9312,56329.85,1276584.732,-0.009312289599090584,-0.009355920045362282,228.76,242.5785,242.76016666666663,0.2790519244767995
2024-08-15,002594.SZ,226.57,232.5,224.88,231.49,226.6,4.89,2.158,88545.38,2039684.342,0.021579876434245415,0.021350327455108828,229.76799999999997,241.0815,243.003,0.29269995340941535
2024-08-16,002594.SZ,232.11,238.32,230.5,235.11,231.49,3.62,1.5638,102218.58,2406276.094,0.015637824528057287,0.015516813683868123,230.46600000000004,239.63400000000001,243.339,0.2973662012256463
2024-08-19,002594.SZ,235.25,238.98,235.01,235.42,235.11,0.31,0.1319,70182.42,1662452.527,0.0013185317510950867,0.0013176632514515095,231.46999999999997,238.12450000000004,243.77433333333332,0.29546636023019274
2024-08-20,002594.SZ,236.0,237.33,233.43,236.48,235.42,1.06,0.4503,62484.22,1475807.676,0.004502591113754173,0.004492484775502408,233.01999999999998,237.28699999999998,244.24316666666667,0.25485800950112864
2024-08-21,002594.SZ,234.66,243.13,232.0,241.0,236.48,4.52,1.9114,111043.38,2658947.674,0.019113667117726774,0.018933295730818155,235.9,236.8375,244.80349999999999,0.26408103967944874
2024-08-22,002594.SZ,241.0,242.77,239.62,240.52,241.0,-0.48,-0.1992,62488.45,1506260.848,-0.001991701244813182,-0.0019936873192869724,237.706,236.344,245.06716666666668,0.2637937954326989
2024-08-23,002594.SZ,239.8,241.3,238.15,239.34,240.52,-1.18,-0.4906,49786.02,1193437.03,-0.0049060369200066845,-0.004918111025997702,238.552,235.56349999999998,245.2585,0.2529862327373641
2024-08-26,002594.SZ,239.5,243.0,237.71,239.41,239.34,0.07,0.0292,56513.42,1354660.288,0.0002924709618117305,0.0002924282005174004,239.35,235.07900000000004,245.43166666666667,0.24193291268616313
2024-08-27,002594.SZ,237.51,241.28,236.5,240.8,239.41,1.39,0.5806,50926.46,1219258.016,0.005805939601520427,0.0057891500887784185,240.21400000000003,234.92349999999996,245.4933333333333,0.23253536357559204
2024-08-28,002594.SZ,240.27,240.28,232.8,236.85,240.8,-3.95,-1.6404,89040.7,2098577.19,-0.01640365448504988,-0.01653968406490523,239.38400000000001,234.41350000000003,245.47166666666666,0.23335898128281254
2024-08-29,002594.SZ,233.33,236.5,231.3,234.85,236.85,-2.0,-0.8444,79384.87,1858678.051,-0.008444162972345404,-0.008480016896756723,238.25,233.946,245.37266666666667,0.23193742824891503
2024-08-30,002594.SZ,237.98,251.79,237.26,249.42,234.85,14.57,6.204,193027.92,4764660.206,0.06203959974451778,0.06019121001959697,240.266,234.67799999999997,245.5546666666667,0.28866476765006277
2024-09-02,002594.SZ,248.02,250.42,241.0,241.1,249.42,-8.32,-3.3357,101134.82,2468600.915,-0.03335738914281128,-0.03392643730547566,240.60399999999998,235.17399999999998,245.64800000000002,0.3102792372700982
2024-09-03,002594.SZ,240.4,247.45,240.4,247.08,241.1,5.98,2.4803,101819.9,2497421.913,0.024802986312733477,0.02450038564057319,241.85999999999999,236.081,245.68883333333332,0.3167192776811191
2024-09-04,002594.SZ,245.5,251.9,245.44,250.32,247.08,3.24,1.3113,100605.96,2506778.351,0.013113161728994571,0.013027928532928222,244.554,237.1495,245.8125,0.31794604389519865
2024-09-05,002594.SZ,250.0,255.6,249.6,252.85,250.32,2.53,1.0107,100125.55,2542189.363,0.010107062959411994,0.01005632816536538,248.154,238.4695,245.81016666666667,0.3130034667036462
2024-09-06,002594.SZ,252.86,255.1,251.42,251.6,252.85,-1.25,-0.4944,78141.52,1982245.013,-0.0049436424757761666,-0.004955902699706591,248.59,239.4685,245.786,0.30834691963774447
2024-09-09,002594.SZ,249.48,253.96,248.58,249.98,251.6,-1.62,-0.6439,70851.26,1774845.244,-0.006438791732909399,-0.006459610164209722,250.36599999999999,240.4475,245.6655,0.3088577634152462
2024-09-10,002594.SZ,250.0,252.8,248.62,249.65,249.98,-0.33,-0.132,61248.29,1533462.724,-0.0013201056084486407,-0.0013209777154574315,250.88000000000002,241.49350000000004,245.5656666666667,0.30663608375527784
2024-09-11,002594.SZ,250.0,260.6,249.44,258.1,249.65,8.45,3.3847,155361.48,4001603.969,0.03384738634087725,0.03328716977794991,252.43599999999998,243.0685,245.63400000000001,0.3187706655633301
2024-09-12,002594.SZ,258.7,260.0,257.0,257.01,258.1,-1.09,-0.4223,77251.08,1995755.899,-0.004223169314219399,-0.004232112080506008,253.26800000000003,244.3445,245.72583333333336,0.31596087635161246
2024-09-13,002594.SZ,257.2,258.0,254.85,254.99,257.01,-2.02,-0.786,56991.61,1458587.906,-0.007859616357340116,-0.007890665940865705,253.946,245.33849999999998,245.79783333333336,0.31689760055375327
2024-09-18,002594.SZ,255.02,259.33,254.1,258.43,254.99,3.44,1.3491,66819.81,1715595.538,0.013490725126475533,0.013400535537482113,255.63600000000002,246.48899999999998,245.93933333333334,0.3183449725635856
2024-09-19,002594.SZ,259.01,259.38,253.3,255.36,258.43,-3.07,-1.1879,91043.23,2326365.319,-0.01187942576326273,-0.011950549979234639,256.77799999999996,247.433,245.96183333333332,0.3238532026132803
2024-09-20,002594.SZ,255.38,258.8,252.88,256.1,255.36,0.74,0.2898,89897.93,2292829.765,0.0028978696741854826,0.002893678944035633,256.37800000000004,248.18800000000002,246.01816666666667,0.31892193319474826
2024-09-23,002594.SZ,255.95,256.96,248.79,250.0,256.1,-6.1,-2.3819,107582.73,2712153.56,-0.023818820773135574,-0.024107075343233208,254.97600000000003,248.66199999999998,246.0265,0.332773668031186
2024-09-24,002594.SZ,253.0,255.5,246.76,254.29,250.0,4.29,1.716,156494.54,3949080.823,0.017160000000000064,0.017014430159129502,254.836,249.40950000000004,246.09383333333335,0.335781251156302
2024-09-25,002594.SZ,258.0,269.66,257.66,262.8,254.29,8.51,3.3466,205710.34,5442651.982,0.03346572810570625,0.03291793858907974,255.70999999999998,250.579,246.36049999999997,0.35216214540846
2024-09-26,002594.SZ,264.0,269.7,262.1,269.61,262.8,6.81,2.5913,149066.41,3960197.854,0.025913242009132365,0.02558318372793625,258.56000000000006,252.01950000000002,246.78783333333334,0.35999235266969604
2024-09-27,002594.SZ,273.0,291.99,271.5,283.99,269.61,14.38,5.3336,309922.4,8683447.958,0.05333630058232264,0.05196255593527744,264.13800000000003,254.3765,247.46933333333334,0.38678460781956975
2024-09-30,002594.SZ,290.0,308.08,290.0,307.31,283.99,23.32,8.2116,388804.59,11640545.413,0.08211556744955795,0.07891798382370713,275.6,257.9995,248.514,0.4583487261558221
2024-10-08,002594.SZ,338.04,338.04,307.31,327.38,307.31,20.07,6.5309,443439.39,14484952.068,0.06530864599264574,0.06326456561883201,290.21799999999996,261.89750000000004,249.9365,0.46302345841263953
2024-10-09,002594.SZ,315.0,320.71,300.5,305.69,327.38,-21.69,-6.6253,325918.58,10166970.123,-0.0662532836459161,-0.06855005916342569,298.796,265.127,250.94816666666665,0.5190616666901661
2024-10-10,002594.SZ,310.0,322.0,309.98,315.89,305.69,10.2,3.3367,250166.87,7918647.496,0.03336713664169588,0.03282253516699684,308.05199999999996,268.5675,252.00300000000001,0.5226446925423675
2024-10-11,002594.SZ,314.02,314.02,296.01,300.05,315.89,-15.84,-5.0144,186418.49,5671879.377,-0.050144037481401726,-0.05144492428425781,311.264,271.05400000000003,252.7955,0.5684776512469372
2024-10-14,002594.SZ,300.99,309.98,300.2,307.0,300.05,6.95,2.3163,172364.82,5268100.405,0.023162806198966823,0.022898620151675285,311.202,273.7615,253.6945,0.5704851313970695
2024-10-15,002594.SZ,305.5,308.38,298.0,298.0,307.0,-9.0,-2.9316,122149.02,3695577.335,-0.02931596091205213,-0.029754261081792716,305.326,276.0815,254.28416666666666,0.5855179193369271
2024-10-16,002594.SZ,293.0,295.98,287.0,289.79,298.0,-8.21,-2.755,150321.87,4362898.827,-0.02755033557046971,-0.02793696377043295,302.146,278.072,254.75216666666668,0.5976384051721388
2024-10-17,002594.SZ,292.51,297.85,289.12,289.42,289.79,-0.37,-0.1277,102456.54,3005198.74,-0.0012767866386004245,-0.0012776024251248343,296.85200000000003,280.0605,255.25933333333336,0.5976293831510991
2024-10-18,002594.SZ,289.45,306.2,288.08,300.3,289.42,10.88,3.7592,191092.42,5674148.205,0.037592426231773945,0.03690305467943801,296.902,282.1705,255.93916666666667,0.5999138855797873
2024-10-21,002594.SZ,303.0,308.6,300.9,306.45,300.3,6.15,2.048,157816.02,4819617.233,0.020479520479520508,0.02027263494245619,296.79200000000003,284.64250000000004,256.6895,0.5994965772841457
2024-10-22,002594.SZ,305.0,310.12,303.0,304.75,306.45,-1.7,-0.5547,103732.66,3174859.559,-0.005547397617882144,-0.005562841570359794,298.142,287.13050000000004,257.3676666666667,0.598663658877668
2024-10-23,002594.SZ,304.75,311.8,302.68,308.88,304.75,4.13,1.3552,126695.0,3911383.612,0.013552091878588968,0.013461083594599969,301.96,289.65299999999996,258.08883333333335,0.5986689538885399
2024-10-24,002594.SZ,308.88,309.97,302.58,303.68,308.88,-5.2,-1.6835,96885.14,2959755.261,-0.01683501683501676,-0.01697833653441779,304.812,292.069,258.92966666666666,0.6012829686598403
2024-10-25,002594.SZ,304.0,311.8,304.0,308.14,303.68,4.46,1.4687,139820.37,4306245.201,0.014686512118018857,0.014579709732065762,306.38,294.671,259.89883333333336,0.6010533112945633
2024-10-28,002594.SZ,309.0,309.0,301.75,305.1,308.14,-3.04,-0.9866,109324.39,3323177.977,-0.009865645485818031,-0.00991463343100485,306.11,297.426,260.81066666666663,0.5926314953480163
2024-10-29,002594.SZ,309.0,310.28,303.8,305.4,305.1,0.3,0.0983,118545.61,3635542.203,0.000983284169124632,0.000982801061907856,306.23999999999995,299.9815,261.6515,0.5930627108464351
2024-10-30,002594.SZ,303.0,307.51,301.5,305.55,305.4,0.15,0.0491,108448.2,3301164.357,0.000491159135560082,0.0004910385563926174,305.574,302.119,262.59233333333333,0.5871752308888502
2024-10-31,002594.SZ,302.01,302.99,293.0,293.19,305.55,-12.36,-4.0452,240851.99,7127704.551,-0.040451644575355994,-0.041292568322070525,303.476,303.298,263.41366666666664,0.6075391834741181
2024-11-01,002594.SZ,293.2,295.6,290.1,290.31,293.19,-2.88,-0.9823,143040.86,4174457.395,-0.009822981684232013,-0.009871545457893177,299.91,303.61400000000003,264.1346666666667,0.5815524951431282
2024-11-04,002594.SZ,296.0,308.92,295.61,306.98,290.31,16.67,5.7421,217318.89,6600399.617,0.05742137714856543,0.05583328132430126,300.286,303.59749999999997,265.181,0.5415099984281468
2024-11-05,002594.SZ,304.06,308.44,300.5,307.5,306.98,0.52,0.1694,167819.98,5124245.709,0.0016939214281059822,0.001692488361310481,300.706,302.6035,266.393,0.4846229174183054
2024-11-06,002594.SZ,308.0,309.75,298.0,300.36,307.5,-7.14,-2.322,184861.2,5611830.834,-0.02321951219512186,-0.02349333201488931,299.668,302.337,267.546,0.4308417465267369
2024-11-07,002594.SZ,295.03,301.88,294.0,301.78,300.36,1.42,0.4728,150675.92,4484370.172,0.004727660141163881,0.004716519853822096,301.386,301.6315,268.76,0.41256243727577085
2024-11-08,002594.SZ,307.12,307.52,297.0,297.9,301.78,-3.88,-1.2857,166715.72,5022195.686,-0.012857048180793917,-0.01294041536626867,302.904,301.524,269.90916666666664,0.3742586264654706
2024-11-11,002594.SZ,295.0,299.47,292.6,299.29,297.9,1.39,0.4666,180859.3,5349190.917,0.004665995300436432,0.00465514328822997,301.366,301.13849999999996,271.1231666666667,0.36464725806676657
2024-11-12,002594.SZ,300.15,310.0,299.31,300.81,299.29,1.52,0.5079,246557.46,7520312.654,0.005078686224063489,0.005065833196477014,300.02799999999996,301.279,272.27633333333335,0.34936990497687564
2024-11-13,002594.SZ,298.0,301.33,295.3,300.57,300.81,-0.24,-0.0798,145115.79,4326957.544,-0.00079784581629605,-0.0007981642646624049,300.07,301.818,273.4458333333333,0.3332135860145509
2024-11-14,002594.SZ,300.0,300.3,294.0,294.75,300.57,-5.82,-1.9363,124582.9,3690676.831,-0.019363209901187672,-0.019553132521800933,298.66400000000004,302.0845,274.5461666666667,0.3416750546259025
2024-11-15,002594.SZ,294.79,295.79,288.02,290.0,294.75,-4.75,-1.6115,153235.94,4471450.174,-0.016115351993214566,-0.016246616436960574,297.084,301.5695,275.60283333333336,0.3180264705150694
2024-11-18,002594.SZ,290.01,292.95,286.66,288.68,290.0,-1.32,-0.4552,116205.95,3364288.894,-0.004551724137931035,-0.00456211477644723,294.962,300.681,276.556,0.30725405613981227
2024-11-19,002594.SZ,288.68,291.48,282.02,287.99,288.68,-0.69,-0.239,131946.69,3785016.71,-0.002390189829569067,-0.00239305089317908,292.398,299.84299999999996,277.43733333333336,0.3070848250612832
2024-11-20,002594.SZ,288.01,290.4,285.5,288.46,287.99,0.47,0.1632,106016.93,3049973.686,0.0016320011111496946,0.0016306708444707638,289.976,298.822,278.3213333333333,0.30161042757384304
2024-11-21,002594.SZ,288.47,288.49,284.0,286.0,288.46,-2.46,-0.8528,95532.94,2727230.001,-0.008528045482909197,-0.008564617335511521,288.226,297.938,279.14666666666665,0.298066439266577
2024-11-22,002594.SZ,285.5,285.86,278.0,278.49,286.0,-7.51,-2.6259,125141.78,3529973.029,-0.02625874125874128,-0.02660965873990173,285.92400000000004,296.4555,279.77149999999995,0.30156834829261125
2024-11-25,002594.SZ,283.0,289.36,280.89,283.0,278.49,4.51,1.6194,174533.15,4981714.332,0.016194477360048865,0.016064745563286773,284.788,295.3505,280.4795,0.3099218302652182
2024-11-26,002594.SZ,280.0,286.0,277.88,281.01,283.0,-1.99,-0.7032,95206.45,2686423.189,-0.007031802120141428,-0.00705664175408882,283.392,294.131,281.17400000000004,0.3096646381492971
2024-11-27,002594.SZ,279.28,281.0,277.0,281.0,281.01,-0.01,-0.0036,110002.81,3068303.752,-3.5585922209091514e-05,-3.558655540304316e-05,281.9,292.9035,281.86716666666666,0.309569527316194
2024-11-28,002594.SZ,281.2,281.56,273.0,274.58,281.0,-6.42,-2.2847,158589.22,4365779.157,-0.022846975088968047,-0.023112011864286987,279.616,291.973,282.43016666666665,0.2876040992353886
2024-11-29,002594.SZ,273.0,277.88,272.05,274.83,274.58,0.25,0.091,128004.6,3516186.179,0.0009104814625973123,0.0009100672257680136,278.884,291.19899999999996,283.0631666666667,0.28680887519243115
2024-12-02,002594.SZ,276.61,284.0,274.08,282.4,274.83,7.57,2.7544,151357.21,4255616.768,0.02754430011279707,0.027171780923860103,278.764,289.96999999999997,283.8556666666666,0.2143617099205311
2024-12-03,002594.SZ,284.8,285.88,280.58,282.65,282.4,0.25,0.0885,91449.71,2585320.048,0.0008852691218130815,0.0008848775022128473,279.092,288.7275,284.4095,0.21409199750196928
2024-12-04,002594.SZ,281.34,283.33,278.8,279.98,282.65,-2.67,-0.9446,85012.86,2389151.937,-0.009446311692906328,-0.00949121107462057,278.88800000000003,287.7085,285.0575,0.20309304278295004
2024-12-05,002594.SZ,277.19,278.48,274.31,275.26,279.98,-4.72,-1.6858,90267.71,2486214.937,-0.016858347024787612,-0.01700206649529281,279.024,286.3825,285.5271666666667,0.20602725891661686
2024-12-06,002594.SZ,275.67,281.98,274.01,280.28,275.26,5.02,1.8237,124698.4,3469413.045,0.01823730291360892,0.018072997950946648,280.11400000000003,285.50149999999996,286.0265,0.21850311600351632
2024-12-09,002594.SZ,279.23,283.99,277.68,280.49,280.28,0.21,0.0749,92152.68,2590143.544,0.0007492507492508071,0.0007489702010334093,279.73199999999997,284.56149999999997,286.4871666666667,0.21712953855235115
2024-12-10,002594.SZ,293.0,294.0,282.0,282.55,280.49,2.06,0.7344,175929.15,5057037.511,0.007344290349032168,0.007317452372485956,279.712,283.64849999999996,287.003,0.2184134097034226
2024-12-11,002594.SZ,282.03,283.87,279.4,280.77,282.55,-1.78,-0.63,93359.88,2623997.226,-0.006299769952220924,-0.006319697238577605,279.87,282.6585,287.51616666666666,0.21853863688183914
2024-12-12,002594.SZ,280.1,283.68,278.4,283.68,280.77,2.91,1.0364,100133.95,2816818.035,0.010364355166150307,0.01031101348862303,281.554,282.105,288.0833333333333,0.21502622450479197
2024-12-13,002594.SZ,281.33,281.62,276.42,276.51,283.68,-7.17,-2.5275,112358.63,3130392.699,-0.025274957698815603,-0.025599855652215238,280.8,281.4305,288.3901666666667,0.22531204698321552
2024-12-16,002594.SZ,276.52,278.18,273.58,274.95,276.51,-1.56,-0.5642,71490.26,1967314.539,-0.005641748942172065,-0.005657723719858837,279.692,280.74399999999997,288.6891666666667,0.22549076894523717
2024-12-17,002594.SZ,274.92,285.66,273.98,282.8,274.95,7.85,2.8551,175682.07,4960329.886,0.028550645571922217,0.02815067106859403,279.742,280.48449999999997,289.1526666666667,0.2507295300830119
2024-12-18,002594.SZ,283.25,286.88,282.63,284.65,282.8,1.85,0.6542,84106.38,2397657.885,0.006541725601131532,0.006520421374673188,280.518,280.294,289.5896666666667,0.25196135356401866
2024-12-19,002594.SZ,281.81,286.94,280.0,285.4,284.65,0.75,0.2635,86728.52,2465377.214,0.002634814684700615,0.002631349645645259,280.86199999999997,280.264,290.0903333333333,0.25038120826447846
2024-12-20,002594.SZ,285.01,286.75,280.2,280.2,285.4,-5.2,-1.822,96707.11,2730666.917,-0.01822004204625083,-0.018388071139829366,281.6,280.3495,290.492,0.24063007365902203
2024-12-23,002594.SZ,280.5,283.29,278.88,280.7,280.2,0.5,0.1784,81515.96,2291275.853,0.0017844396859385547,0.0017828494649301183,282.75,280.23449999999997,291.0036666666667,0.23342580981566877
2024-12-24,002594.SZ,279.89,288.51,279.13,288.42,280.7,7.72,2.7503,142287.38,4072070.488,0.027502671891699526,0.027131267766087718,283.87399999999997,280.60499999999996,291.5725,0.2517000292902358
2024-12-25,002594.SZ,288.73,291.36,285.7,285.92,288.42,-2.5,-0.8668,83391.03,2405517.152,-0.0086679148464045,-0.00870569972280637,284.128,280.851,291.9578333333333,0.25421530529518616
2024-12-26,002594.SZ,285.92,286.8,284.0,284.86,285.92,-1.06,-0.3707,67604.55,1928774.414,-0.003707330721880231,-0.003714219904677767,284.02,281.365,292.21200000000005,0.23903799031472775
2024-12-27,002594.SZ,286.8,287.55,283.0,286.28,284.86,1.42,0.4985,78683.19,2249658.028,0.004984904865547923,0.004972521363956556,285.236,281.9375,292.2501666666667,0.23924118226757318
2024-12-30,002594.SZ,287.2,289.5,283.33,284.99,286.28,-1.29,-0.4506,82946.81,2371257.354,-0.004506077965627964,-0.004516260936632798,286.094,282.067,291.87816666666663,0.22043147300459903
2024-12-31,002594.SZ,285.0,286.5,282.0,282.66,284.99,-2.33,-0.8176,77619.76,2201903.44,-0.00817572546405132,-0.008209329993759064,284.942,282.0675,291.1328333333333,0.22258350449224934
2025-01-02,002594.SZ,283.0,283.08,269.42,271.1,282.66,-11.56,-4.0897,168784.04,4624073.918,-0.04089719097148514,-0.04175700543538487,281.97799999999995,281.62350000000004,290.5563333333333,0.26451225345039614
2025-01-03,002594.SZ,271.5,274.59,268.24,270.73,271.1,-0.37,-0.1365,99364.76,2693072.23,-0.001364810033198105,-0.0013657422346933044,279.152,281.397,289.8036666666667,0.2582056063977138
2025-01-06,002594.SZ,271.94,273.89,269.03,271.28,270.73,0.55,0.2032,82446.83,2236590.144,0.002031544343072289,0.0020294835474564685,276.152,280.947,289.3241666666666,0.24867079762875982
2025-01-07,002594.SZ,271.28,277.73,267.5,274.03,271.28,2.75,1.0137,95722.18,2627167.273,0.010137127690946546,0.010086091628293187,273.96,280.624,288.77466666666663,0.25201404077087397
2025-01-08,002594.SZ,272.99,273.99,265.81,269.18,274.03,-4.85,-1.7699,109082.47,2933447.142,-0.01769879210305425,-0.017857288640106692,271.264,279.95550000000003,288.2943333333333,0.25659486824193656
2025-01-09,002594.SZ,269.0,271.7,266.66,269.39,269.18,0.21,0.078,65612.88,1766873.664,0.0007801471134556426,0.000779842956877297,270.922,279.38649999999996,287.95433333333335,0.2563602929243531
2025-01-10,002594.SZ,269.0,270.39,264.78,266.02,269.39,-3.37,-1.251,80548.21,2147363.1,-0.012509744236979814,-0.012588649837296734,269.98,278.5035,287.56433333333337,0.2546489496712946
2025-01-13,002594.SZ,263.0,268.47,262.21,266.0,266.02,-0.02,-0.0075,67213.75,1787448.697,-7.518231711889367e-05,-7.518514345095837e-05,268.924,277.978,286.9926666666667,0.2408629427531529
2025-01-14,002594.SZ,266.34,277.15,266.01,276.3,266.0,10.3,3.8722,125789.73,3438827.617,0.03872180451127827,0.03799092314767185,269.37800000000004,278.04550000000006,286.49016666666665,0.27986201484913464
2025-01-15,002594.SZ,276.2,277.31,274.5,274.69,276.3,-1.61,-0.5827,62335.83,1718769.123,-0.005826999638074648,-0.0058440428398688765,270.48,277.64,285.9891666666666,0.2598765401304323
2025-01-16,002594.SZ,274.7,277.33,270.53,272.76,274.69,-1.93,-0.7026,72571.75,1984685.718,-0.0070261021515163335,-0.0070509014370499995,271.154,277.0455,285.3871666666667,0.2588889299905224
2025-01-17,002594.SZ,273.52,279.2,272.48,276.6,272.76,3.84,1.4078,86141.53,2376770.8,0.014078310602727795,0.013980131578205808,273.27000000000004,276.6055,284.93583333333333,0.26472986859142045
2025-01-20,002594.SZ,279.0,286.43,278.92,284.43,276.6,7.83,2.8308,135797.09,3863727.458,0.02830802603036875,0.0279147583673196,276.956,276.817,284.54066666666665,0.2768392480156026
2025-01-21,002594.SZ,285.0,287.43,283.0,286.05,284.43,1.62,0.5696,76441.44,2184132.797,0.005695601729775346,0.0056794431165603215,278.906,277.08450000000005,284.22316666666666,0.2773538021287123
2025-01-22,002594.SZ,285.0,286.3,279.8,282.5,286.05,-3.55,-1.241,81056.89,2287303.62,-0.012410417759133097,-0.01248807012804221,280.468,276.7885,283.84149999999994,0.26274026215908464
2025-01-23,002594.SZ,284.98,285.0,277.0,277.11,282.5,-5.39,-1.908,96173.92,2690601.164,-0.01907964601769907,-0.0192640113138672,281.338,276.348,283.3675,0.26933610826959464
2025-01-24,002594.SZ,276.51,280.5,276.0,279.08,277.11,1.97,0.7109,68143.67,1898979.251,0.00710909025296802,0.0070839397984073125,281.834,276.05899999999997,283.1323333333333,0.27085385661410727
2025-01-27,002594.SZ,279.09,280.12,274.5,274.5,279.08,-4.58,-1.6411,63407.68,1755529.34,-0.016411064927619234,-0.016547218121450404,279.848,275.46999999999997,282.86883333333327,0.27531390890483093
2025-02-05,002594.SZ,282.73,286.75,281.6,282.8,274.5,8.3,3.0237,145350.9,4128876.836,0.030236794171220494,0.02978867307283246,279.198,275.3605,282.46583333333336,0.2977526599509889
2025-02-06,002594.SZ,282.81,311.08,282.45,311.08,282.8,28.28,10.0,381458.68,11416508.784,0.09999999999999987,0.09531017980432474,284.914,276.7815,282.52549999999997,0.46181104497633096
2025-02-07,002594.SZ,320.0,330.0,314.0,326.9,311.08,15.82,5.0855,487075.26,15691989.048,0.05085508550855078,0.04960419990342231,294.872,279.5715,282.9678333333333,0.45516279720447295
2025-02-10,002594.SZ,326.91,332.0,321.58,330.13,326.9,3.23,0.9881,272711.4,8908518.537,0.00988069746099729,0.00983220255054961,305.082,282.5415,283.4403333333333,0.4532579866897572
2025-02-11,002594.SZ,339.3,340.3,326.01,329.9,330.13,-0.23,-0.0697,280363.56,9315885.53,-0.0006966952412686966,-0.0006969380461788667,316.162,285.47249999999997,283.97366666666665,0.4540240727608032
2025-02-12,002594.SZ,327.5,346.94,322.65,345.05,329.9,15.15,4.5923,279357.22,9451048.634,0.04592300697180973,0.044899755832075186,328.61199999999997,289.0235,284.73633333333333,0.4713924839541612
2025-02-13,002594.SZ,341.2,346.35,339.5,341.3,345.05,-3.75,-1.0868,199839.85,6859997.621,-0.010867990146355644,-0.010927478153949524,334.656,292.62949999999995,285.41116666666665,0.466281898573441
2025-02-14,002594.SZ,341.52,359.6,341.52,356.05,341.3,14.75,4.3217,243644.61,8574633.633,0.04321711104600068,0.0423093145154725,340.486,296.9625,286.33583333333337,0.47655398653680425
2025-02-17,002594.SZ,356.05,358.8,344.5,348.5,356.05,-7.55,-2.1205,232015.09,8111345.839,-0.021204886954079516,-0.021432940227555226,344.16,301.0865,287.2316666666667,0.4840206633598925
2025-02-18,002594.SZ,351.4,363.48,348.84,356.22,348.5,7.72,2.2152,251797.38,8977762.526,0.022152080344332914,0.021910287310060533,349.424,305.59749999999997,288.3353333333333,0.48186060391980884
2025-02-19,002594.SZ,353.52,360.0,353.0,358.5,356.22,2.28,0.6401,161917.82,5784129.67,0.0064005389927572764,0.00638014252903599,352.11400000000003,309.7075,289.49899999999997,0.47447650205538744
2025-02-20,002594.SZ,363.48,367.66,358.2,362.78,358.5,4.28,1.1939,156937.17,5695876.655,0.011938633193863346,0.011867929890148366,356.41,314.11199999999997,290.7455,0.46902976324389095
2025-02-21,002594.SZ,366.0,386.5,365.23,383.0,362.78,20.22,5.5736,239292.45,9089497.618,0.05573625888968525,0.05423839925082265,361.8,319.62399999999997,292.32116666666667,0.4836757655809639
2025-02-24,002594.SZ,385.0,388.66,373.48,376.28,383.0,-6.72,-1.7546,199407.47,7586289.374,-0.0175456919060053,-0.017701442076895384,367.35599999999994,324.608,293.8258333333333,0.49944936037251775
2025-02-25,002594.SZ,370.0,380.0,368.81,372.49,376.28,-3.79,-1.0072,161102.52,6008878.409,-0.010072286595088631,-0.010123355282070817,370.61,329.011,295.39250000000004,0.5054112704151134
2025-02-26,002594.SZ,372.49,375.8,365.0,372.1,372.49,-0.39,-0.1047,138528.96,5125594.765,-0.00104700797336843,-0.0010475564691029397,373.33000000000004,333.3135,296.8775,0.5074508220250351
2025-02-27,002594.SZ,382.0,383.99,371.01,375.5,372.1,3.4,0.9137,168446.14,6350435.99,0.00913732867508732,0.009095835851612598,375.87399999999997,337.96349999999995,298.45233333333334,0.49842660877500883
2025-02-28,002594.SZ,371.1,374.77,359.01,361.82,375.5,-13.68,-3.6431,239304.29,8762214.822,-0.03643142476697736,-0.03711162061107435,371.638,342.199,299.7993333333333,0.5175026894504414
2025-03-03,002594.SZ,369.0,370.0,357.79,360.21,361.82,-1.61,-0.445,152078.22,5524500.397,-0.004449726383284558,-0.004459655882378817,368.424,346.25550000000004,301.2265,0.5211328028836759
2025-03-04,002594.SZ,340.03,348.0,338.03,344.84,360.21,-15.37,-4.267,263453.3,9062924.96,-0.04266955387135285,-0.04360665336901209,362.894,349.7725,302.3933333333333,0.5486240268470406
2025-03-05,002594.SZ,347.0,355.19,347.0,353.96,344.84,9.12,2.6447,139068.86,4885879.812,0.02644704790627528,0.02610337105742508,359.26599999999996,353.3305,303.586,0.5471183163237093
2025-03-06,002594.SZ,360.18,362.17,357.0,358.93,353.96,4.97,1.4041,114600.99,4120637.645,0.014041134591479265,0.013943471004450366,355.952,355.723,304.8573333333333,0.43750182768684354
2025-03-07,002594.SZ,358.9,361.0,355.24,356.4,358.93,-2.53,-0.7049,87584.13,3131517.605,-0.007048728164266049,-0.007073687806945591,354.868,357.198,306.13100000000003,0.40880138352626116
2025-03-10,002594.SZ,355.9,357.39,349.0,351.0,356.4,-5.4,-1.5152,99176.6,3484351.089,-0.015151515151515138,-0.01526747213078842,353.02599999999995,358.2415,307.3933333333333,0.4141682183980318
2025-03-11,002594.SZ,345.0,351.77,344.88,350.38,351.0,-0.62,-0.1766,95369.97,3314689.326,-0.001766381766381775,-0.0017679436581898775,354.134,359.2655,308.56166666666667,0.41432559730684576
2025-03-12,002594.SZ,354.45,359.88,351.0,351.0,350.38,0.62,0.177,129510.56,4593312.533,0.0017695073919743454,0.0017679436581897866,353.54200000000003,359.563,309.7368333333333,0.3825593843406636
2025-03-13,002594.SZ,351.87,357.36,351.13,354.5,351.0,3.5,0.9972,102210.85,3624758.941,0.009971509971509862,0.00992212250631627,352.656,360.223,310.936,0.38104024664682756
2025-03-14,002594.SZ,357.0,377.18,355.62,375.94,354.5,21.44,6.048,224697.18,8292987.454,0.06047954866008465,0.058721210216267174,356.564,361.21750000000003,312.52216666666664,0.40956275911262663
2025-03-17,002594.SZ,382.32,383.0,375.96,380.25,375.94,4.31,1.1465,133068.87,5060211.613,0.011464595414161893,0.011399374950952949,362.41400000000004,362.805,314.1316666666667,0.40022974796125416
2025-03-18,002594.SZ,388.55,390.0,380.01,384.57,380.25,4.32,1.1361,173338.78,6672881.109,0.011360946745562206,0.011296895852750804,369.252,364.22249999999997,315.93266666666665,0.39578560243569266
2025-03-19,002594.SZ,384.53,399.0,382.54,397.07,384.57,12.5,3.2504,188351.5,7404859.765,0.03250383545258351,0.03198676057020302,378.466,366.15099999999995,317.96799999999996,0.4084177452993012
2025-03-20,002594.SZ,400.0,403.4,395.99,399.99,397.07,2.92,0.7354,159412.84,6372989.565,0.007353867076334231,0.007326959233120974,387.56399999999996,368.0115,319.9211666666667,0.407772928511678
2025-03-21,002594.SZ,393.01,393.31,370.0,372.0,399.99,-27.99,-6.9977,282106.76,10685254.371,-0.06997674941873544,-0.07254569252233019,386.776,367.4615,321.377,0.44373033939358036
2025-03-24,002594.SZ,377.0,378.5,367.86,375.36,372.0,3.36,0.9032,147894.05,5522974.12,0.00903225806451613,0.008991711191964086,385.79800000000006,367.4155,322.8763333333334,0.440669471174256
2025-03-25,002594.SZ,377.98,379.6,368.98,369.59,375.36,-5.77,-1.5372,123085.36,4595791.802,-0.015371909633418723,-0.015491282340665631,382.802,367.27049999999997,324.3661666666667,0.4427123265090254
2025-03-26,002594.SZ,369.59,379.0,368.0,376.01,369.59,6.42,1.7371,120204.84,4503762.855,0.01737059985389222,0.017221455656469736,378.59000000000003,367.466,325.95466666666664,0.44695111088973083
2025-03-27,002594.SZ,376.1,391.28,376.09,386.5,376.01,10.49,2.7898,144394.37,5554865.371,0.027898194196962933,0.027516129246561917,375.892,368.016,327.58933333333334,0.4563965740447354
2025-03-28,002594.SZ,386.5,390.8,381.5,382.5,386.5,-4.0,-1.0349,114939.82,4428715.749,-0.010349288486416586,-0.010403214760886152,377.992,369.05,329.19899999999996,0.43633681418953024
2025-03-31,002594.SZ,380.0,383.28,374.0,374.9,382.5,-7.6,-1.9869,115783.91,4370400.299,-0.019869281045751697,-0.02006932952472425,377.9,369.7845,330.69966666666664,0.44327445018794437
2025-04-01,002594.SZ,377.77,377.87,364.36,365.5,374.9,-9.4,-2.5073,154071.99,5663384.88,-0.02507335289410506,-0.02539304455203311,377.082,370.8175,332.02000000000004,0.4235193831694895
2025-04-02,002594.SZ,365.0,365.67,358.88,360.5,365.5,-5.0,-1.368,117100.41,4226638.863,-0.013679890560875485,-0.0137743224648294,373.97999999999996,371.1445,333.27850000000007,0.418294149246093
2025-04-03,002594.SZ,355.5,361.53,354.26,357.51,360.5,-2.99,-0.8294,101023.22,3618676.87,-0.00829403606102641,-0.008328622954179332,368.18199999999996,371.0735,334.526,0.41674458729318226
2025-04-07,002594.SZ,333.34,337.7,321.76,321.76,357.51,-35.75,-9.9997,273498.4,8911483.834,-0.099997202875444,-0.10535740774648253,356.034,369.3415,335.3703333333333,0.5479373942610307
2025-04-08,002594.SZ,321.76,335.88,318.0,327.51,321.76,5.75,1.787,274643.51,8924529.993,0.017870462456489378,0.017712662935945988,346.556,368.16700000000003,336.31666666666666,0.5519593137777417
2025-04-09,002594.SZ,319.8,328.0,313.66,324.6,327.51,-2.91,-0.8885,211938.56,6822376.377,-0.008885224878629527,-0.008924933879796865,338.37600000000003,366.87800000000004,337.20533333333333,0.5523496541134353
2025-04-10,002594.SZ,334.5,347.06,334.0,336.4,324.6,11.8,3.6352,210895.78,7165511.481,0.03635243376463326,0.035707273018302024,333.556,366.148,338.2448333333333,0.5698575498504901
2025-04-11,002594.SZ,337.0,357.55,336.4,354.98,336.4,18.58,5.5232,189944.93,6621821.827,0.05523186682520831,0.053760521761407686,333.05,366.172,339.6748333333333,0.6035823293376062
2025-04-14,002594.SZ,363.2,363.7,355.6,359.0,354.98,4.02,1.1325,142069.17,5115484.103,0.011324581666572797,0.01126093862807844,340.498,365.325,341.1683333333333,0.5629404995160499
2025-04-15,002594.SZ,364.6,365.0,357.33,359.97,359.0,0.97,0.2702,116515.57,4195947.009,0.002701949860724362,0.0026983061561284714,346.99,364.311,342.7341666666667,0.5610816301602178
2025-04-16,002594.SZ,356.62,357.0,348.1,352.15,359.97,-7.82,-2.1724,131827.93,4618462.218,-0.021724032558268935,-0.021963473452988058,352.5,362.69,344.16999999999996,0.5628226735649647
2025-04-17,002594.SZ,349.94,353.45,346.67,349.68,352.15,-2.47,-0.7014,85288.64,2985985.219,-0.007014056510009858,-0.007038770636360188,355.15600000000006,360.3205,345.393,0.5462712551588502
2025-04-18,002594.SZ,347.9,347.9,344.0,346.0,349.68,-3.68,-1.0524,73860.13,2553879.767,-0.01052390757263788,-0.010579675497334868,353.36,357.621,346.5815,0.5442635589224656
2025-04-21,002594.SZ,346.0,349.87,345.24,348.76,346.0,2.76,0.7977,74953.41,2609226.235,0.007976878612716787,0.007945231501890047,351.312,356.45899999999995,347.84816666666666,0.4917714900016787
2025-04-22,002594.SZ,348.76,356.93,346.78,354.84,348.76,6.08,1.7433,112122.06,3956085.869,0.017433191879802745,0.017282977092771896,350.286,355.433,349.1521666666667,0.49533254976887736
2025-04-23,002594.SZ,377.0,378.0,367.23,371.99,354.84,17.15,4.8332,247926.89,9216822.11,0.04833164243039123,0.04719998853901043,354.254,355.553,350.6115,0.5238800482893291
2025-04-24,002594.SZ,372.48,374.6,363.35,366.0,371.99,-5.99,-1.6103,150892.11,5557113.199,-0.016102583402779702,-0.016233638790030334,357.51800000000003,355.05249999999995,351.944,0.5233571152379635
2025-04-25,002594.SZ,370.0,375.3,368.1,370.83,366.0,4.83,1.3197,133869.42,4975314.905,0.013196721311475423,0.013110403166475226,362.48400000000004,354.26899999999995,353.4161666666667,0.5151957962224262
2025-04-28,002594.SZ,367.13,367.13,356.56,360.0,370.83,-10.83,-2.9205,179783.2,6459136.36,-0.02920475689669122,-0.02963970511768579,364.73199999999997,353.14399999999995,354.79766666666666,0.52374148856062
2025-04-29,002594.SZ,359.1,360.63,353.0,355.0,360.0,-5.0,-1.3889,118983.07,4237606.41,-0.01388888888888884,-0.01398624197473984,364.764,352.149,356.06300000000005,0.5215361494888562
2025-04-30,002594.SZ,354.9,354.93,349.3,353.09,355.0,-1.91,-0.538,130479.47,4599074.535,-0.005380281690140931,-0.0053948075311788645,360.984,351.5285,357.3728333333334,0.5147202460845222
2025-05-06,002594.SZ,360.0,362.3,355.92,359.96,353.09,6.87,1.9457,148293.53,5326196.143,0.019456795717805564,0.01926993222151067,359.77599999999995,351.50149999999996,358.6588333333333,0.5175080443727963
2025-05-07,002594.SZ,365.0,365.68,358.14,359.2,359.96,-0.76,-0.2111,108839.9,3937980.382,-0.0021113457050783158,-0.002113577737703219,357.45,351.58599999999996,359.46083333333337,0.5165881316254419
2025-05-08,002594.SZ,356.52,361.98,355.7,359.28,359.2,0.08,0.0223,83381.69,2994908.337,0.0002227171492203972,0.00022269235143797806,357.306,353.46200000000005,360.0005,0.3543716792079604
2025-05-09,002594.SZ,360.75,366.0,359.3,363.22,359.28,3.94,1.0966,143726.16,5218995.471,0.010966377198842192,0.01090668251086995,358.95,355.2475,360.552,0.35208317438857395
2025-05-12,002594.SZ,365.0,370.28,360.58,370.28,363.22,7.06,1.9437,161370.17,5890708.994,0.019437255657728025,0.019250764908657948,362.38800000000003,357.5315,361.225,0.35117506505211055
2025-05-13,002594.SZ,376.0,376.58,366.03,366.5,370.28,-3.78,-1.0208,131771.07,4874657.844,-0.010208490871772669,-0.010260954872304287,363.696,359.03650000000005,361.58250000000004,0.3379082070957391
2025-05-14,002594.SZ,366.5,373.1,363.36,373.1,366.5,6.6,1.8008,135693.07,5012059.707,0.018008185538881394,0.01784795890040606,366.476,359.9425,362.1125,0.28557581418674716
2025-05-15,002594.SZ,373.0,385.0,369.28,376.8,373.1,3.7,0.9917,208801.37,7894571.015,0.009916912355936613,0.009868062475095701,369.98,360.8325,362.4583333333333,0.2850515937956683
2025-05-16,002594.SZ,375.03,390.99,373.58,389.17,376.8,12.37,3.2829,229327.94,8858484.484,0.03282908704883236,0.03230172344654522,375.16999999999996,362.2925,363.1361666666666,0.3046187326009261
2025-05-19,002594.SZ,388.0,388.0,377.0,382.81,389.17,-6.36,-1.6342,161372.81,6159126.224,-0.016342472441349565,-0.016477483609176096,377.67600000000004,363.82550000000003,363.57933333333335,0.2991216421211206
2025-05-20,002594.SZ,383.5,394.8,381.5,394.8,382.81,11.99,3.1321,172099.91,6705400.029,0.03132102087197297,0.030840525019749394,383.336,366.08149999999995,364.18433333333337,0.3105390740398883
2025-05-21,002594.SZ,393.94,404.0,391.01,400.0,394.8,5.2,1.3171,199478.86,7967115.092,0.01317122593718345,0.013085239548655534,388.716,368.78149999999994,364.80466666666666,0.3048856455897092
2025-05-22,002594.SZ,399.98,405.56,398.0,398.8,400.0,-1.2,-0.3,146362.8,5868800.084,-0.0030000000000000027,-0.0030045090202987243,393.11600000000004,371.2835,365.068,0.3071163702684725
2025-05-23,002594.SZ,399.0,416.98,398.13,405.0,398.8,6.2,1.5547,235574.18,9627525.188,0.015546639919759242,0.01542702901885584,396.28200000000004,373.7915,365.5466666666667,0.30633041764138674
2025-05-26,002594.SZ,401.81,403.0,380.0,381.0,405.0,-24.0,-5.9259,309550.63,12014228.946,-0.059259259259259234,-0.06108769197983815,395.91999999999996,374.242,365.6885,0.3481180600063182
2025-05-27,002594.SZ,375.88,381.0,368.88,372.41,381.0,-8.59,-2.2546,230275.44,8594833.865,-0.022545931758530147,-0.022803977237918428,391.442,374.5625,365.6936666666667,0.35313696915603277
2025-05-28,002594.SZ,372.41,372.95,362.07,362.88,372.41,-9.53,-2.559,177753.88,6513230.209,-0.02559007545447234,-0.02592319678945006,384.018,374.165,365.48333333333335,0.3622459902055115
2025-05-29,002594.SZ,359.59,366.0,355.08,361.13,362.88,-1.75,-0.4823,192061.13,6942900.395,-0.004822530864197483,-0.004834196787460665,376.48400000000004,374.2215,365.47183333333334,0.34693313055605524
2025-05-30,002594.SZ,357.02,358.8,351.3,352.3,361.13,-8.83,-2.4451,190559.91,6733498.591,-0.02445102871542104,-0.024754918964679896,365.944,374.0865,365.34000000000003,0.3546375575796282
